Date,Open,High,Low,Close,Volume
1977-03-11,201.60222635626613,204.04383854359475,201.03609199061944,201.60222635626613,352567
1977-03-14,201.60222635626613,201.60222635626613,193.86743143304574,194.78724676519587,507776
1977-03-15,194.78724676519587,196.41315533601863,194.78724676519587,195.15722571297226,457089
1977-03-16,195.15722571297226,201.80996919455586,195.15722571297226,200.5100868657449,449165
1977-03-17,200.5100868657449,203.30962764601463,198.27224555566482,201.2891169915326,446910
1977-03-18,201.2891169915326,201.2891169915326,191.05383791753184,193.32453285456643,462939
1977-03-21,193.32453285456643,194.95010235420528,193.18465859645366,193.54551458249986,446297
1977-03-22,193.54551458249986,207.42825750939383,193.54551458249986,206.22842107078276,338428
1977-03-23,206.22842107078276,206.22842107078276,201.18662632903087,202.145703801149,551550
1977-03-24,202.145703801149,206.44873798479128,202.145703801149,205.6973596644842,557422
1977-03-25,205.6973596644842,205.6973596644842,203.8951034269314,204.47082510372374,451544
1977-03-28,204.47082510372374,204.47082510372374,196.28566434042318,197.95937359085207,471345
1977-03-29,197.95937359085207,208.81304008914614,197.95937359085207,205.83486124574654,646814
1977-03-30,205.83486124574654,205.83486124574654,200.78754949386047,200.9342114285302,335084
1977-03-31,200.9342114285302,200.9342114285302,187.01168337693505,188.44003923545267,343907
1977-04-01,188.44003923545267,188.44003923545267,181.4438346599928,182.12399516440811,510141
1977-04-04,182.12399516440811,182.12399516440811,173.53462561365188,175.84354398815583,431422
1977-04-05,175.84354398815583,178.16563025872773,174.60621857488792,176.8928218235732,384498
1977-04-06,176.8928218235732,176.8928218235732,171.2429918175109,171.420798360011,406791
1977-04-07,171.420798360011,171.420798360011,162.66869221306675,164.37611979630313,490707
1977-04-08,164.37611979630313,164.37611979630313,155.32841787754052,155.94159927315744,450501
1977-04-11,155.94159927315744,160.94377334179973,155.94159927315744,159.57620697225872,459488
1977-04-12,159.57620697225872,164.25193041581372,159.57620697225872,164.15140398952508,381153
1977-04-13,164.15140398952508,164.15140398952508,159.01533510851868,161.2391237428526,582425
1977-04-14,161.2391237428526,175.02588241368485,161.2391237428526,173.91920874747865,481905
1977-04-15,173.91920874747865,191.8728939347007,173.91920874747865,189.44638387136615,503551
1977-04-18,189.44638387136615,194.2245624558243,189.44638387136615,193.6813360049771,520824
1977-04-19,193.6813360049771,193.6813360049771,189.59028065574515,192.17005318901602,662743
1977-04-20,192.17005318901602,192.17005318901602,189.05236034258556,190.26083954029866,574787
1977-04-21,190.26083954029866,190.42522309325273,185.83484711757387,188.48752348826216,498903
1977-04-22,188.48752348826216,190.55324804724236,188.17133496084483,189.1702414404075,435776
1977-04-25,189.1702414404075,191.99275016750855,187.42928619983525,189.37023360873587,552263
1977-04-26,189.37023360873587,189.37023360873587,185.0558204085143,185.40820287626443,556460
1977-04-27,185.40820287626443,197.88439143868464,185.40820287626443,195.98120181618023,555766
1977-04-28,195.98120181618023,195.98120181618023,185.8713446411623,187.01403879490653,572082
1977-04-29,187.01403879490653,189.80867013248192,187.01403879490653,188.73752197639587,607294
1977-05-02,188.73752197639587,188.73752197639587,180.7572085185343,183.13539084397075,469338
1977-05-03,183.13539084397075,185.82802969623287,182.5907270011052,184.30188380976315,354458
1977-05-04,184.30188380976315,184.30188380976315,181.37486468155305,183.22712668597046,336377
1977-05-05,183.22712668597046,190.1617400582318,183.22712668597046,187.75278974624618,487478
1977-05-06,187.75278974624618,187.79472140481712,184.43044337932815,185.35833810513185,541865
1977-05-09,185.35833810513185,185.35833810513185,173.8277855382103,175.89329038304214,495479
1977-05-10,175.89329038304214,180.13497838759008,175.89329038304214,179.1523482706403,322721
1977-05-11,179.1523482706403,182.21051727354308,179.1523482706403,180.95806987537458,512640
1977-05-12,180.95806987537458,180.95806987537458,172.62886368781324,174.97575572328796,492478
1977-05-13,174.97575572328796,176.93286947062347,174.69682989775654,175.12706110989026,439894
1977-05-16,175.12706110989026,176.6853659879497,174.93932669573957,175.4858880584415,489714
1977-05-17,175.4858880584415,179.11885169312862,175.4858880584415,177.32424351402807,636725
1977-05-18,177.32424351402807,177.32424351402807,170.7708271894029,173.32777759629005,605964
1977-05-19,173.32777759629005,173.32777759629005,171.9353730951949,172.28098747379482,486639
1977-05-20,172.28098747379482,176.56372232473058,172.28098747379482,176.05725623896464,635264
1977-05-23,176.05725623896464,176.05725623896464,168.27481460470847,170.17931519046064,608969
1977-05-24,170.17931519046064,170.17931519046064,166.03194325155712,166.05952234851662,567983
1977-05-25,166.05952234851662,166.2084999970185,162.1816761937095,163.97661460006722,429660
1977-05-26,163.97661460006722,163.97661460006722,158.35973535633738,160.0799775193158,535061
1977-05-27,160.0799775193158,160.0799775193158,150.36985105197596,150.37936095765096,512912
1977-05-30,150.37936095765096,151.16618855325194,149.63854557263517,151.08959266612442,426229
1977-05-31,151.08959266612442,151.08959266612442,143.0611865818939,145.209924935526,365017
1977-06-01,145.209924935526,146.74740387446394,143.63737985124214,145.17893253110378,480050
1977-06-02,145.17893253110378,146.82635810536783,144.33010362801656,146.2774800098539,692458
1977-06-03,146.2774800098539,147.61523064486883,144.86992699905042,146.8343867203905,648342
1977-06-06,146.8343867203905,147.50917183430505,145.06957693292307,146.3728575550085,326373
1977-06-07,146.3728575550085,146.3728575550085,143.57705020540038,145.32124497323417,622568
1977-06-08,145.32124497323417,147.4102447718917,143.60298965500016,145.34942068278184,595176
1977-06-09,145.34942068278184,145.34942068278184,143.1579229061907,144.31753370337907,554471
1977-06-10,144.31753370337907,144.31753370337907,138.5379985317989,140.52206385484658,557116
1977-06-13,140.52206385484658,146.31683620203367,140.52206385484658,144.4867463349611,538574
1977-06-14,144.4867463349611,155.11208977792293,144.4867463349611,153.2374021986002,505473
1977-06-15,153.2374021986002,155.2149713143599,153.2374021986002,154.72310413479545,522473
1977-06-16,154.72310413479545,155.6470053692409,152.087057895436,153.62450431180525,490090
1977-06-17,153.62450431180525,153.62450431180525,148.11402693205548,148.87480686577393,441136
1977-06-20,148.87480686577393,148.87480686577393,145.12609852554138,146.45458416022038,581331
1977-06-21,146.45458416022038,148.6297265379082,146.45458416022038,147.63539953114505,555851
1977-06-22,147.63539953114505,149.37704521215798,147.63539953114505,148.3786058420757,366932
1977-06-23,148.3786058420757,153.12120920228426,148.3786058420757,151.93312317720722,433937
1977-06-24,151.93312317720722,151.93312317720722,150.10010893883648,150.73521310869035,599345
1977-06-27,150.73521310869035,150.73521310869035,145.15403082006793,146.41269715816898,443503
1977-06-28,146.41269715816898,146.41269715816898,142.66431569619226,143.01897467093335,639529
1977-06-29,143.01897467093335,143.49539300707733,141.27491315300185,143.1517151437187,522506
1977-06-30,143.1517151437187,143.1517151437187,137.80574569691197,139.34331918589447,521652
1977-07-01,139.34331918589447,144.0608713992721,139.34331918589447,142.30420558005522,422696
1977-07-04,142.30420558005522,142.30420558005522,140.83589972453188,141.21159227396012,770764
1977-07-05,141.21159227396012,144.00359783269803,141.21159227396012,142.0770674399412,659728
1977-07-06,142.0770674399412,142.0770674399412,139.97719396230636,141.86275436834939,502005
1977-07-07,141.86275436834939,143.9966923549419,140.0429319786108,141.89208894730544,417517
1977-07-08,141.89208894730544,143.0013802824198,141.20963693962923,142.46176333925405,430917
1977-07-11,142.46176333925405,142.98996513080075,141.3563663798379,142.5549208284345,649661
1977-07-12,142.5549208284345,142.5549208284345,136.7514509859021,137.73551664521668,518684
1977-07-13,137.73551664521668,137.73551664521668,129.93438072027402,130.89008636491053,537070
1977-07-14,130.89008636491053,130.89008636491053,123.0499923107236,123.92922511567765,504068
1977-07-15,123.92922511567765,123.92922511567765,117.17900670500919,118.16601011613854,412516
1977-07-18,118.16601011613854,119.47207577169259,116.73273944787545,118.01394976681335,508343
1977-07-19,118.01394976681335,121.48485681325887,118.01394976681335,120.22565570567444,483426
1977-07-20,120.22565570567444,120.22565570567444,117.41301769184871,118.91189152095518,391306
1977-07-21,118.91189152095518,126.75038457527644,118.91189152095518,125.50968886093902,500084
1977-07-22,125.50968886093902,127.78943941592462,125.50968886093902,126.00734256983398,515639
1977-07-25,126.00734256983398,130.10386788505562,126.00734256983398,129.3166109293926,566186
1977-07-26,129.3166109293926,129.3166109293926,127.00551321781421,128.86637778570855,541643
1977-07-27,128.86637778570855,128.86637778570855,124.64958054453483,125.88120118302845,449759
1977-07-28,125.88120118302845,125.88120118302845,123.08192778463211,123.14615378811456,448930
1977-07-29,123.14615378811456,123.14678326097872,122.45726726301088,123.10175372030187,491893
1977-08-01,123.10175372030187,128.87984149308932,123.10175372030187,127.42196502722503,491930
1977-08-02,127.42196502722503,128.5693183548768,126.19496620198807,127.61042036112491,452706
1977-08-03,127.61042036112491,127.61042036112491,120.64891577631167,121.49485287772595,557371
1977-08-04,121.49485287772595,125.59610732782954,121.49485287772595,124.3430463241981,563180
1977-08-05,124.3430463241981,127.45132931127789,124.3430463241981,126.00126681398048,655684
1977-08-08,126.00126681398048,126.00126681398048,121.83242321551222,123.67301227651377,473027
1977-08-09,123.67301227651377,123.85965837998216,122.21586864982669,123.45134741912744,427584
1977-08-10,123.45134741912744,124.54370743444757,122.97939889305448,124.1462267876435,620581
1977-08-11,124.1462267876435,124.1462267876435,119.5537607545734,120.38541747919993,589439
1977-08-12,120.38541747919993,120.38541747919993,117.88662588133312,119.30273807295082,551967
1977-08-15,119.30273807295082,119.30273807295082,112.59016038784738,113.6675242754443,473357
1977-08-16,113.6675242754443,115.62639271562793,113.31368322935296,115.02404923354693,617360
1977-08-17,115.02404923354693,116.47198081503133,114.34614457190935,115.34403006804953,578184
1977-08-18,115.34403006804953,115.34403006804953,113.87984702090898,114.75689502571831,546368
1977-08-19,114.75689502571831,114.75689502571831,112.18833701517704,112.48852870245823,527786
1977-08-22,112.48852870245823,112.48852870245823,107.7707498418176,108.26018289943885,324157
1977-08-23,108.26018289943885,109.90451699445696,107.67578908203309,109.07574615039685,473128
1977-08-24,109.07574615039685,111.02029110736845,109.07574615039685,110.55544179196949,588059
1977-08-25,110.55544179196949,111.16695193278449,109.97651962717407,110.46188495879527,637231
1977-08-26,110.46188495879527,111.6853137310432,108.7431332525019,110.07131992195163,451883
1977-08-29,110.07131992195163,110.07131992195163,103.48206760049733,104.7956919841955,466852
1977-08-30,104.7956919841955,106.4644878129801,103.98279823546487,105.18703682184425,446880
1977-08-31,105.18703682184425,106.06445014468486,104.8866992066576,104.91878624867815,451763
1977-09-01,104.91878624867815,104.91878624867815,101.32027994823412,101.90296154814038,570779
1977-09-02,101.90296154814038,102.59264187434468,101.90296154814038,102.2980063968047,442162
1977-09-05,102.2980063968047,109.62095781771322,102.2980063968047,109.06304122148693,328874
1977-09-06,109.06304122148693,111.23805139529021,109.06304122148693,110.33760751293443,458508
1977-09-07,110.33760751293443,110.54753012393338,109.85123151528607,109.94229435694677,506738
1977-09-08,109.94229435694677,109.94229435694677,108.27095204314938,109.26850001781258,478517
1977-09-09,109.26850001781258,113.2594951346384,109.26850001781258,112.6300608510828,486530
1977-09-12,112.6300608510828,112.6300608510828,108.57077161424212,109.99258226548615,605609
1977-09-13,109.99258226548615,109.99258226548615,108.6116356758347,109.0610291829488,534057
1977-09-14,109.0610291829488,113.98027742597954,109.0610291829488,112.61485809750653,410366
1977-09-15,112.61485809750653,116.2977987050962,112.61485809750653,115.67439727544041,466772
1977-09-16,115.67439727544041,123.2099453530043,115.67439727544041,122.05767848864413,510400
1977-09-19,122.05767848864413,122.05767848864413,118.4320972539922,119.36358986890788,430841
1977-09-20,119.36358986890788,119.36358986890788,115.42149660854824,116.4821875547,576757
1977-09-21,116.4821875547,120.0960869964748,116.4821875547,118.9408405104426,656383
1977-09-22,118.9408405104426,118.9408405104426,114.30221710915956,115.85698863377254,439485
1977-09-23,115.85698863377254,117.44401531119203,115.85698863377254,117.13999841998302,443786
1977-09-26,117.13999841998302,119.11569942781773,117.13999841998302,117.90124441880698,307546
1977-09-27,117.90124441880698,120.54700512014885,117.90124441880698,118.79959923955582,463332
1977-09-28,118.79959923955582,118.79959923955582,116.32177154896438,116.63539354497817,527194
1977-09-29,116.63539354497817,118.18111900287434,116.41490498800688,117.0530315686451,453983
1977-09-30,117.0530315686451,119.51790278568171,116.99266348574888,117.91364798135312,692577
1977-10-03,117.91364798135312,123.91306913311162,117.91364798135312,123.20395130975325,556077
1977-10-04,123.20395130975325,123.20395130975325,118.21323122495504,119.54815079646387,503800
1977-10-05,119.54815079646387,119.54815079646387,115.13389799437624,115.29086858634678,604527
1977-10-06,115.29086858634678,115.29086858634678,110.52769574929027,110.59115011023314,489182
1977-10-07,110.59115011023314,110.88162405265372,109.99434438888086,110.1868655437474,505414
1977-10-10,110.1868655437474,110.1868655437474,106.57524221838239,108.02242186134995,376596
1977-10-11,108.02242186134995,112.54375531604872,108.02242186134995,111.56421186671459,465578
1977-10-12,111.56421186671459,116.07860576823126,111.56421186671459,114.94715162671734,495965
1977-10-13,114.94715162671734,114.94715162671734,109.29946329896909,110.00729504520105,643888
1977-10-14,110.00729504520105,112.9746171364876,110.00729504520105,112.31285733638535,677044
1977-10-17,112.31285733638535,112.31285733638535,108.56317773540978,109.13074897139633,639596
1977-10-18,109.13074897139633,110.18509672004396,108.75357626744858,108.79110437371001,450673
1977-10-19,108.79110437371001,111.21785604461705,108.79110437371001,110.30326408334558,509469
1977-10-20,110.30326408334558,110.30326408334558,108.28290579823262,109.1226961242845,556551
1977-10-21,109.1226961242845,110.60606178860519,107.74676132431792,109.10658369937423,583170
1977-10-24,109.10658369937423,109.36722274994703,106.98856416695585,108.12930037372949,487751
1977-10-25,108.12930037372949,108.12930037372949,102.81632760119102,104.30092797413889,465196
1977-10-26,104.30092797413889,109.16723349969605,104.30092797413889,108.7448690357843,304143
1977-10-27,108.7448690357843,110.67472790138083,108.7448690357843,110.56329776015,475205
1977-10-28,110.56329776015,121.06475582963273,110.56329776015,119.5359057992781,446186
1977-10-31,119.5359057992781,121.75430416437713,119.5359057992781,121.13764718296935,427090
1977-11-01,121.13764718296935,121.13764718296935,119.17759110999027,119.94521152798342,365460
1977-11-02,119.94521152798342,119.94521152798342,118.05486988614742,119.21550397375682,573065
1977-11-03,119.21550397375682,119.21550397375682,114.81880424800055,116.54988106514186,655247
1977-11-04,116.54988106514186,116.81666194716308,114.6225231243291,115.97210016082144,512422
1977-11-07,115.97210016082144,116.32372678787185,114.44697551886608,114.87193429797611,263089
1977-11-08,114.87193429797611,117.39131726546023,114.87193429797611,116.79125379785276,400435
1977-11-09,116.79125379785276,116.79125379785276,113.30518393154162,114.71328685745436,333094
1977-11-10,114.71328685745436,121.69918759255245,114.71328685745436,120.48506290988784,557937
1977-11-11,120.48506290988784,120.48506290988784,117.81785531021931,118.58800339908257,578759
1977-11-14,118.58800339908257,118.58800339908257,115.19285734432171,115.25688881036922,437987
1977-11-15,115.25688881036922,116.19580007855869,113.73018994033657,115.1231146748368,403333
1977-11-16,115.1231146748368,118.3845871155782,115.1231146748368,117.40651381085877,523930
1977-11-17,117.40651381085877,117.84213668328502,116.20894817260393,117.01473365425295,435592
1977-11-18,117.01473365425295,117.01473365425295,114.735862439266,114.90499430325946,560296
1977-11-21,114.90499430325946,114.90499430325946,109.52092048117821,109.9687830867955,422810
1977-11-22,109.9687830867955,114.92856517639088,109.9687830867955,113.36050634678288,580514
1977-11-23,113.36050634678288,113.36050634678288,108.15404701753181,108.3617048385148,530750
1977-11-24,108.3617048385148,110.47079467336329,108.3617048385148,110.37545848314464,423528
1977-11-25,110.37545848314464,110.37545848314464,105.75650920620411,106.12822534071822,405575
1977-11-28,106.12822534071822,106.12822534071822,104.04288962629212,104.20992447694579,503957
1977-11-29,104.20992447694579,105.65571779754798,104.20992447694579,104.8379600677976,552447
1977-11-30,104.8379600677976,107.37095924554151,104.8379600677976,106.8655743524342,613384
1977-12-01,106.8655743524342,106.8655743524342,106.31224668522543,106.39504763433784,470735
1977-12-02,106.39504763433784,109.64061148572793,106.39504763433784,109.03380489148722,574290
1977-12-05,109.03380489148722,111.96200613295595,109.03380489148722,110.95873062043206,611946
1977-12-06,110.95873062043206,110.95873062043206,107.61203213971666,108.78675136625726,525436
1977-12-07,108.78675136625726,112.21624189074579,108.78675136625726,110.80281265292959,510318
1977-12-08,110.80281265292959,116.13070587543808,110.80281265292959,115.88115768373831,531461
1977-12-09,115.88115768373831,118.20541908358318,115.88115768373831,117.83742949980598,683819
1977-12-12,117.83742949980598,124.24103989315087,117.83742949980598,123.18279761345698,579771
1977-12-13,123.18279761345698,123.18279761345698,117.86186935794969,119.3213011082884,299351
1977-12-14,119.3213011082884,119.63253711865534,117.60839361094592,119.30307398462006,658144
1977-12-15,119.30307398462006,121.43392329999135,118.12314989264985,119.82774256382743,385236
1977-12-16,119.82774256382743,119.82774256382743,118.00873150912825,118.68340504328923,613520
1977-12-19,118.68340504328923,122.77962223784297,118.68340504328923,121.43619724049297,490870
1977-12-20,121.43619724049297,123.06308864604114,120.26297668219952,121.47471584943688,464810
1977-12-21,121.47471584943688,122.40499163794054,120.74509786064742,121.00698305728862,530868
1977-12-22,121.00698305728862,121.00698305728862,118.59035171544873,119.60331257031635,401032
1977-12-23,119.60331257031635,122.23886676939354,119.60331257031635,121.86875670279228,615592
1977-12-26,121.86875670279228,123.595060728223,120.64731097314824,122.48295230874368,481416
1977-12-27,122.48295230874368,122.76659164764985,120.46632001260504,121.34723526874944,502314
1977-12-28,121.34723526874944,121.83691546152177,118.65851252494163,120.34320169651781,557292
1977-12-29,120.34320169651781,120.34320169651781,119.17846955855232,119.64391161963253,579334
1977-12-30,119.64391161963253,120.73324666918771,118.59305121854995,119.98454680171668,414982
1978-01-02,119.98454680171668,119.98454680171668,114.60843456427538,114.83353184799137,518394
1978-01-03,114.83353184799137,114.83353184799137,112.92381692133847,113.4574924555624,413857
1978-01-04,113.4574924555624,116.92101597614202,113.4574924555624,116.51058591362553,497053
1978-01-05,116.51058591362553,120.06042098412695,116.51058591362553,120.04881098419658,517573
1978-01-06,120.04881098419658,120.04881098419658,114.70225782986769,116.39114158261322,371341
1978-01-09,116.39114158261322,118.3364259636824,116.39114158261322,117.42428273627426,563425
1978-01-10,117.42428273627426,118.23618004116496,116.6477285553646,117.30098905876113,435858
1978-01-11,117.30098905876113,117.30098905876113,114.74196888765242,115.45204060393229,529109
1978-01-12,115.45204060393229,119.71493841351192,115.45204060393229,119.03709946305183,480137
1978-01-13,119.03709946305183,119.03709946305183,114.03030174156333,115.1561609648169,619726
1978-01-16,115.1561609648169,115.1561609648169,111.09844386902431,111.53317325974642,379287
1978-01-17,111.53317325974642,115.52358107253461,111.53317325974642,114.09284239129408,538822
1978-01-18,114.09284239129408,114.09284239129408,110.68085887054605,111.7739823396784,488117
1978-01-19,111.7739823396784,114.05907946111695,111.53141092528115,112.41056570073302,377878
1978-01-20,112.41056570073302,113.83327498390945,110.92833612630382,112.60843639618653,485131
1978-01-23,112.60843639618653,112.60843639618653,103.82616214165854,104.71999888022323,463584
1978-01-24,104.71999888022323,104.71999888022323,96.49910948518112,97.47016032138855,427005
1978-01-25,97.47016032138855,97.74107249190982,96.72599727852696,97.60144584967647,479915
1978-01-26,97.60144584967647,97.60144584967647,94.8118900568806,96.1448511876583,482304
1978-01-27,96.1448511876583,96.71096222694753,96.10877403313997,96.56816312724342,544083
1978-01-30,96.56816312724342,98.84601015425602,96.56816312724342,97.85603171026739,414432
1978-01-31,97.85603171026739,98.71146443816848,97.85603171026739,98.68697954560469,566523
1978-02-01,98.68697954560469,102.53217913109648,98.68697954560469,101.29746589316855,460740
1978-02-02,101.29746589316855,102.49256093684478,100.47857705056956,101.50718834352871,583091
1978-02-03,101.50718834352871,102.01423759630299,101.50718834352871,101.9607994495108,600560
1978-02-06,101.9607994495108,101.9607994495108,98.63383363764369,99.57854432877868,390263
1978-02-07,99.57854432877868,99.57854432877868,96.33720927012948,97.72885841086111,253607
1978-02-08,97.72885841086111,100.55040929469978,97.72885841086111,99.22670735540922,503447
1978-02-09,99.22670735540922,102.50413624494591,99.22670735540922,102.22278960015902,590898
1978-02-10,102.22278960015902,102.22278960015902,96.9178592023481,98.03193952103352,380724
1978-02-13,98.03193952103352,99.94682796855993,98.03193952103352,99.71376939276686,378783
1978-02-14,99.71376939276686,100.70745728585118,99.63212168798546,100.28502590424267,497785
1978-02-15,100.28502590424267,100.28502590424267,97.65586840900015,98.96367087166985,583403
1978-02-16,98.96367087166985,102.53087061458199,98.96367087166985,102.51429694478799,251026
1978-02-17,102.51429694478799,102.51429694478799,99.39177820404352,100.90269078909398,411725
1978-02-20,100.90269078909398,103.27334973163666,100.90269078909398,102.4053882679767,471463
1978-02-21,102.4053882679767,102.4053882679767,97.10210753761454,97.27299586625249,393535
1978-02-22,97.27299586625249,97.27299586625249,95.29488080856517,95.50593314569993,513134
1978-02-23,95.50593314569993,95.50593314569993,93.89995283350576,94.53267518891722,387366
1978-02-24,94.53267518891722,95.31255928730528,94.30472172572628,95.1916418623117,500597
1978-02-27,95.1916418623117,100.02809878770766,95.1916418623117,98.66965698573824,582492
1978-02-28,98.66965698573824,99.14614716869842,97.93042098546951,98.24410862292262,501222
1978-03-01,98.24410862292262,100.92900147833353,98.24410862292262,99.67087519984548,429072
1978-03-02,99.67087519984548,102.68064064445721,99.67087519984548,101.25611134258206,515940
1978-03-03,101.25611134258206,102.80744129346934,101.25611134258206,102.47954171520678,381641
1978-03-06,102.47954171520678,102.47954171520678,96.61391657205291,97.71716521241285,575076
1978-03-07,97.71716521241285,99.1767345666149,96.89576586582125,98.35960930909809,440058
1978-03-08,98.35960930909809,105.59967372010428,98.35960930909809,104.54196597160318,516903
1978-03-09,104.54196597160318,104.54196597160318,98.36726588966668,99.34953893885721,326857
1978-03-10,99.34953893885721,101.42437816950127,99.29711239317834,100.57390471899205,443404
1978-03-13,100.57390471899205,100.57390471899205,98.77103752999638,99.61598550214516,490353
1978-03-14,99.61598550214516,103.48992414482969,99.61598550214516,102.3944156839046,464439
1978-03-15,102.3944156839046,103.26784959824874,101.65728316561828,102.7370440204074,552973
1978-03-16,102.7370440204074,102.7370440204074,96.74254141902237,97.36326709169215,628933
1978-03-17,97.36326709169215,97.36326709169215,93.96954758956207,94.03913473705026,430311
1978-03-20,94.03913473705026,98.75190174265865,94.03913473705026,98.44655457219093,507144
1978-03-21,98.44655457219093,99.31391791184892,97.48942994543776,98.01796799482125,503269
1978-03-22,98.01796799482125,99.81481942735283,98.01796799482125,98.95838966292584,769638
1978-03-23,98.95838966292584,99.2720227030448,97.45563422725813,98.39700319104936,498038
1978-03-24,98.39700319104936,98.97945980414343,98.36166436619902,98.73851067576454,398237
1978-03-27,98.73851067576454,99.81635080402961,97.03608557879929,98.34539842628652,453087
1978-03-28,98.34539842628652,98.34539842628652,95.85065586132697,95.87299242344393,562244
1978-03-29,95.87299242344393,96.30608756150646,94.62329805901425,95.51434644621611,590001
1978-03-30,95.51434644621611,96.3716986979766,95.11759052919169,95.29375917202547,549547
1978-03-31,95.29375917202547,99.66160653044226,95.29375917202547,99.59749775600122,553388
1978-04-03,99.59749775600122,100.1650744937191,98.53795700829546,99.81712386599699,563300
1978-04-04,99.81712386599699,107.34767377258358,99.81712386599699,106.09732930166517,372147
1978-04-05,106.09732930166517,106.09732930166517,102.1005833756229,102.50881399826211,408675
1978-04-06,102.50881399826211,102.50881399826211,100.22797969399184,100.4977576264901,582446
1978-04-07,100.4977576264901,100.4977576264901,91.74115946987989,92.38480593788051,299760
1978-04-10,92.38480593788051,97.32055174792907,92.38480593788051,96.33180473357153,443156
1978-04-11,96.33180473357153,96.33180473357153,92.9636380811066,94.28400633904937,509741
1978-04-12,94.28400633904937,96.27042946951772,94.28400633904937,96.19122543652428,380587
1978-04-13,96.19122543652428,98.69242018509331,96.19122543652428,98.16870654237475,552723
1978-04-14,98.16870654237475,105.84170944534105,98.16870654237475,104.36068801943841,388495
1978-04-17,104.36068801943841,107.54361103217711,104.36068801943841,106.81948026411409,516943
1978-04-18,106.81948026411409,106.81948026411409,105.36127028807515,105.67103484924257,511055
1978-04-19,105.67103484924257,109.38420745196426,105.67103484924257,109.32019066148881,484700
1978-04-20,109.32019066148881,118.5006558005135,109.32019066148881,116.88248984420919,540782
1978-04-21,116.88248984420919,116.88248984420919,111.12209851372965,111.45536301623147,484448
1978-04-24,111.45536301623147,111.45536301623147,107.80072149162453,108.99609328636744,503980
1978-04-25,108.99609328636744,116.06861150092091,108.99609328636744,114.69787027727551,430360
1978-04-26,114.69787027727551,114.69787027727551,111.50258656166922,112.623026071997,471537
1978-04-27,112.623026071997,113.93311558379253,112.20027717368197,113.3044961140222,470201
1978-04-28,113.3044961140222,113.3044961140222,107.05825715707002,108.12241258484592,537604
1978-05-01,108.12241258484592,108.12241258484592,105.54633710541432,105.75185631959576,622264
1978-05-02,105.75185631959576,105.8510478250918,105.38363432679765,105.73854145021033,446076
1978-05-03,105.73854145021033,105.73854145021033,103.08533593617275,103.29276565167916,499389
1978-05-04,103.29276565167916,103.29276565167916,96.29494906401811,96.97846319731337,512706
1978-05-05,96.97846319731337,97.35250135725954,96.06012334390982,97.22644341862407,488494
1978-05-08,97.22644341862407,97.22644341862407,91.19729003339346,92.32834014362527,443672
1978-05-09,92.32834014362527,94.49652065280787,92.32834014362527,93.41234821377037,463275
1978-05-10,93.41234821377037,93.41234821377037,91.62613431048828,92.0981626108723,565247
1978-05-11,92.0981626108723,92.44133088386029,90.19347295369447,91.56448168098166,509067
1978-05-12,91.56448168098166,93.31395134988273,91.56448168098166,93.15374283275254,405322
1978-05-15,93.15374283275254,95.51003424438024,93.15374283275254,94.60151007998849,392114
1978-05-16,94.60151007998849,99.85895791482928,94.60151007998849,98.72377307087312,512880
1978-05-17,98.72377307087312,98.72377307087312,97.44875609061526,98.40335814326156,457612
1978-05-18,98.40335814326156,101.27257166611746,98.40335814326156,101.00760560659916,454340
1978-05-19,101.00760560659916,101.00760560659916,96.46152483140229,97.37721147799684,431783
1978-05-22,97.37721147799684,101.04262442924274,97.37721147799684,100.15313293970122,432484
1978-05-23,100.15313293970122,100.15313293970122,99.0847483057473,99.10971651422398,495470
1978-05-24,99.10971651422398,102.21961076430594,99.10971651422398,101.46174019524398,289082
1978-05-25,101.46174019524398,101.46174019524398,99.04861901040677,100.22271811521692,510474
1978-05-26,100.22271811521692,101.99277284494303,100.22271811521692,100.75683264380999,597668
1978-05-29,100.75683264380999,103.36538571546315,100.75683264380999,102.72335978259431,506177
1978-05-30,102.72335978259431,103.78520801752154,101.89151233825399,103.41617153393909,594998
1978-05-31,103.41617153393909,104.98800153064226,103.41617153393909,104.92889848735227,555897
1978-06-01,104.92889848735227,104.92889848735227,101.94378464264314,103.02632222011002,599945
1978-06-02,103.02632222011002,103.28743935584608,102.72190604909977,102.72633596101389,527915
1978-06-05,102.72633596101389,103.61591380209211,101.2065798469936,102.68506379690999,451833
1978-06-06,102.68506379690999,102.68506379690999,99.80899324346693,100.44021163858433,637167
1978-06-07,100.44021163858433,104.0236547575144,100.44021163858433,103.69714716579925,663034
1978-06-08,103.69714716579925,103.69714716579925,99.12642078931954,100.4191365032039,598885
1978-06-09,100.4191365032039,103.86366896021586,100.4191365032039,102.63753426597701,487189
1978-06-12,102.63753426597701,103.99437841383025,102.63753426597701,103.9270958943151,480081
1978-06-13,103.9270958943151,105.22433588670476,103.74492420117812,104.20689038159308,494899
1978-06-14,104.20689038159308,104.20689038159308,100.56231056492442,101.12167828879294,646973
1978-06-15,101.12167828879294,104.49088342556409,101.12167828879294,104.12690469478811,379994
1978-06-16,104.12690469478811,110.7853314413868,104.12690469478811,109.73398260998623,558191
1978-06-19,109.73398260998623,109.73398260998623,102.47541261105393,103.44749741491164,430361
1978-06-20,103.44749741491164,103.68162210502044,102.22433903037924,103.65433249562729,530880
1978-06-21,103.65433249562729,104.67091508360744,102.49241402695999,103.7243295107126,528975
1978-06-22,103.7243295107126,111.90549979082638,103.7243295107126,110.82761791675263,649842
1978-06-23,110.82761791675263,110.82761791675263,106.4277029837966,107.09104529102147,571571
1978-06-26,107.09104529102147,108.10328695991473,106.32917096412821,107.07519823646665,482662
1978-06-27,107.07519823646665,110.19131538858356,107.07519823646665,109.77065533492271,385642
1978-06-28,109.77065533492271,109.77065533492271,104.55074085165943,105.67615778461543,329674
1978-06-29,105.67615778461543,107.76849854405216,105.67615778461543,106.85345571605234,464687
1978-06-30,106.85345571605234,113.29921775512884,106.85345571605234,112.68611972800433,440476
1978-07-03,112.68611972800433,117.42161040676095,112.68611972800433,116.87531258241974,552880
1978-07-04,116.87531258241974,116.87531258241974,111.70708211817892,113.21395470162565,433568
1978-07-05,113.21395470162565,115.76898721876813,113.21395470162565,115.02131363479367,431548
1978-07-06,115.02131363479367,117.19451895339253,115.02131363479367,116.45437381136968,582116
1978-07-07,116.45437381136968,116.45437381136968,113.88371764108403,115.3304143548067,474360
1978-07-10,115.3304143548067,131.1704697528311,115.3304143548067,129.29247178866058,411934
1978-07-11,129.29247178866058,132.45898702801486,129.29247178866058,130.63897256791248,575913
1978-07-12,130.63897256791248,138.27634133039186,130.63897256791248,138.21195854773154,611648
1978-07-13,138.21195854773154,148.7640075575158,138.21195854773154,147.2283373467748,437923
1978-07-14,147.2283373467748,149.47263521196345,146.95556499902818,148.2091900908451,448927
1978-07-17,148.2091900908451,154.9721515641256,148.2091900908451,153.30471609006094,602974
1978-07-18,153.30471609006094,154.80600132140364,151.69329166801086,153.59358901975705,434288
1978-07-19,153.59358901975705,153.59358901975705,148.79646123840536,150.53456595725027,381032
1978-07-20,150.53456595725027,150.53456595725027,148.00101365015152,149.93315855626622,542071
1978-07-21,149.93315855626622,155.7761026991092,149.93315855626622,154.35710330006017,486141
1978-07-24,154.35710330006017,154.35710330006017,145.071485498932,146.82780958961513,614280
1978-07-25,146.82780958961513,156.19680663538463,146.82780958961513,155.77434373720823,464349
1978-07-26,155.77434373720823,162.78642823846226,155.77434373720823,161.16112132122836,538972
1978-07-27,161.16112132122836,161.16112132122836,151.98481758048743,153.3821581133263,533173
1978-07-28,153.3821581133263,156.3864371960536,153.3821581133263,154.56583869712887,350584
1978-07-31,154.56583869712887,161.67582916474274,154.56583869712887,160.8057939306642,479714
1978-08-01,160.8057939306642,161.56151982845617,159.97299073348574,161.19649962210997,582149
1978-08-02,161.19649962210997,161.19649962210997,148.0561013376016,148.6694690414234,555697
1978-08-03,148.6694690414234,148.6694690414234,139.62216184193957,141.47562045981613,460878
1978-08-04,141.47562045981613,147.10224697422296,141.47562045981613,145.60703026038354,656078
1978-08-07,145.60703026038354,145.60703026038354,141.25247124970443,141.37985119688736,418462
1978-08-08,141.37985119688736,146.50580873380028,141.37985119688736,146.40048982071346,370447
1978-08-09,146.40048982071346,158.0039673413204,146.40048982071346,156.5824368976258,576646
1978-08-10,156.5824368976258,156.5824368976258,154.34830885986258,155.84586126364024,675047
1978-08-11,155.84586126364024,161.0024534817109,155.84586126364024,159.82898917063895,449715
1978-08-14,159.82898917063895,159.82898917063895,152.68333850928408,154.13845474383135,497208
1978-08-15,154.13845474383135,155.51304803385932,152.56675795000467,153.4063349262458,459314
1978-08-16,153.4063349262458,154.45667008122518,153.4063349262458,154.24806341966834,495162
1978-08-17,154.24806341966834,154.24806341966834,151.88800679627568,153.36359325210668,410478
1978-08-18,153.36359325210668,153.36359325210668,144.83153848009871,145.63239500258214,496800
1978-08-21,145.63239500258214,148.50328746841146,145.63239500258214,147.54652074645963,458519
1978-08-22,147.54652074645963,147.54652074645963,144.03900922706157,144.44936129297793,453251
1978-08-23,144.44936129297793,144.44936129297793,138.5121062478027,138.89378056103996,525517
1978-08-24,138.89378056103996,138.89378056103996,132.30202949194467,132.3587093191162,489487
1978-08-25,132.3587093191162,136.94163854798452,132.3587093191162,136.3252775081162,611497
1978-08-28,136.3252775081162,136.4313634658106,134.53017046089423,136.38292579668635,432002
1978-08-29,136.38292579668635,136.38292579668635,130.34186564073212,131.79569059606328,488990
1978-08-30,131.79569059606328,139.04954501304536,131.79569059606328,137.47320998308163,409828
1978-08-31,137.47320998308163,151.00608455254192,137.47320998308163,150.18995334325933,524397
1978-09-01,150.18995334325933,150.18995334325933,145.69381774909598,147.32013063824158,584567
1978-09-04,147.32013063824158,152.6921693124663,147.32013063824158,151.35123000004174,471700
1978-09-05,151.35123000004174,153.8656100012771,151.09869510654917,151.64430905199166,568719
1978-09-06,151.64430905199166,159.6192958060386,151.64430905199166,159.47371968241129,575740
1978-09-07,159.47371968241129,164.43804301203465,159.47371968241129,163.21843635701364,403120
1978-09-08,163.21843635701364,175.80022430785488,163.21843635701364,174.91459280835812,577153
1978-09-11,174.91459280835812,183.26538205665693,174.91459280835812,180.61480581704532,539461
1978-09-12,180.61480581704532,194.0423397643363,180.61480581704532,191.26649695527828,466982
1978-09-13,191.26649695527828,191.77186110086663,190.31829205486665,190.78650168143744,433503
1978-09-14,190.78650168143744,190.78650168143744,186.15639382916603,186.7044801521767,529716
1978-09-15,186.7044801521767,186.7044801521767,181.11864918989824,183.08321630413542,517533
1978-09-18,183.08321630413542,188.7842567562481,183.08321630413542,186.1635155694291,700523
1978-09-19,186.1635155694291,186.1635155694291,181.79184123902883,184.4469808367213,620333
1978-09-20,184.4469808367213,184.4469808367213,172.32385142545027,173.18205858794815,431714
1978-09-21,173.18205858794815,173.18205858794815,167.02594929491917,167.7054652922402,487645
1978-09-22,167.7054652922402,167.7054652922402,163.70994502325604,164.91593384129627,532804
1978-09-25,164.91593384129627,171.19206983005688,164.91593384129627,170.12641354305896,512997
1978-09-26,170.12641354305896,170.12641354305896,165.29347079049333,165.96217735774957,406635
1978-09-27,165.96217735774957,165.96217735774957,159.33235077690514,160.17881116852172,439511
1978-09-28,160.17881116852172,160.17881116852172,155.57916750840982,157.2510418958046,548171
1978-09-29,157.2510418958046,162.50098074536064,157.2510418958046,161.32248526670406,525920
1978-10-02,161.32248526670406,169.32425758757614,161.32248526670406,167.13117249641653,502058
1978-10-03,167.13117249641653,167.13117249641653,158.31363235383253,159.94240158729005,574894
1978-10-04,159.94240158729005,159.94240158729005,157.33263969713437,158.15276392020706,601067
1978-10-05,158.15276392020706,163.17781289416322,158.15276392020706,162.98220298111374,288024
1978-10-06,162.98220298111374,162.98220298111374,156.4855897691036,158.51687660056467,524922
1978-10-09,158.51687660056467,162.0308317536311,158.51687660056467,161.17202450415684,545004
1978-10-10,161.17202450415684,162.40184401984828,158.22701005959223,160.01745394143168,501705
1978-10-11,160.01745394143168,168.60825473363477,160.01745394143168,166.32416584608822,581388
1978-10-12,166.32416584608822,166.32416584608822,154.8224444920071,157.00799082069017,581958
1978-10-13,157.00799082069017,158.08158999525943,156.03992217549103,158.0518086840358,562123
1978-10-16,158.0518086840358,158.99389644141885,155.5472359817125,157.56860063789597,481162
1978-10-17,157.56860063789597,162.84007054429273,157.56860063789597,162.66749683304172,441596
1978-10-18,162.66749683304172,162.66749683304172,154.68512918445666,155.717119758436,601700
1978-10-19,155.717119758436,155.717119758436,149.73495602411802,151.18021475642405,464604
1978-10-20,151.18021475642405,151.18021475642405,147.03790997734563,148.82735181931454,543229
1978-10-23,148.82735181931454,152.0352094459262,148.82735181931454,151.63916403321937,402167
1978-10-24,151.63916403321937,151.63916403321937,147.92549004823513,148.4305622022952,415599
1978-10-25,148.4305622022952,153.23562513781437,148.4305622022952,151.2341651837129,388492
1978-10-26,151.2341651837129,161.1182827549333,151.2341651837129,158.91596833887536,472917
1978-10-27,158.91596833887536,159.50266402517013,154.9658379531547,157.30314502750676,450799
1978-10-30,157.30314502750676,157.30314502750676,152.294335787645,154.54153965978574,346555
1978-10-31,154.54153965978574,154.54153965978574,143.54082597340127,145.62185082513764,572072
1978-11-01,145.62185082513764,145.62185082513764,144.23375390110874,144.2977380418678,522844
1978-11-02,144.2977380418678,146.05026482916546,142.99602639737225,144.41647332166423,712062
1978-11-03,144.41647332166423,144.41647332166423,137.92675521463966,139.3453170728368,512531
1978-11-06,139.3453170728368,139.3453170728368,133.84800055370823,135.52593291577958,422678
1978-11-07,135.52593291577958,135.52593291577958,133.0855689170728,134.84527029981302,532933
1978-11-08,134.84527029981302,137.31956434149575,134.61591108204894,135.5810668523423,385343
1978-11-09,135.5810668523423,135.5810668523423,131.2841298822931,132.07074574898104,444515
1978-11-10,132.07074574898104,132.07074574898104,128.72812213604956,129.2539951803796,673744
1978-11-13,129.2539951803796,130.74253410013915,127.79113020241326,129.64368929918487,523708
1978-11-14,129.64368929918487,129.64368929918487,125.85487903614727,127.22081081025135,528151
1978-11-15,127.22081081025135,132.72389629007384,127.22081081025135,131.9050497327954,610233
1978-11-16,131.9050497327954,133.07591684673253,129.7387139714242,131.4247661706364,571758
1978-11-17,131.4247661706364,131.9984452322247,130.27862349113025,130.80293731225493,454865
1978-11-20,130.80293731225493,133.47150513083972,130.38614789779854,131.62033863053315,601585
1978-11-21,131.62033863053315,135.804626298332,131.62033863053315,134.8846269519366,463363
1978-11-22,134.8846269519366,134.8846269519366,130.37639101205895,131.59282906675787,547799
1978-11-23,131.59282906675787,134.69911805574864,131.59282906675787,132.78453276099611,584855
1978-11-24,132.78453276099611,138.89688211265565,132.78453276099611,137.92746284713363,555765
1978-11-27,137.92746284713363,142.75416155545793,137.92746284713363,141.51578270836734,544530
1978-11-28,141.51578270836734,141.84004649704735,139.78408074679908,141.37419525209222,520987
1978-11-29,141.37419525209222,141.37419525209222,139.07245361620383,139.29979896566712,577754
1978-11-30,139.29979896566712,148.75899469721713,139.29979896566712,147.30486171290605,453998
1978-12-01,147.30486171290605,160.2660391145643,147.30486171290605,159.99908339286105,529978
1978-12-04,159.99908339286105,159.99908339286105,150.91027710869497,151.93270717176773,378822
1978-12-05,151.93270717176773,159.9249263824989,151.93270717176773,158.97419021599825,582376
1978-12-06,158.97419021599825,158.97419021599825,156.29509056217375,156.92295894350264,581890
1978-12-07,156.92295894350264,160.87936110693178,156.92295894350264,160.3319489770713,364539
1978-12-08,160.3319489770713,168.96819925518326,160.3319489770713,168.6304217004168,545625
1978-12-11,168.6304217004168,168.6304217004168,161.4326478583803,162.913311259528,395920
1978-12-12,162.913311259528,167.04601178680676,162.913311259528,166.36492997609935,325618
1978-12-13,166.36492997609935,166.36492997609935,161.94458959852892,163.72206557967723,600685
1978-12-14,163.72206557967723,163.91915103095639,161.52129620569914,162.43483002486246,546750
1978-12-15,162.43483002486246,166.7072980137205,162.43483002486246,165.28132903690252,391112
1978-12-18,165.28132903690252,178.2877392413877,165.28132903690252,176.77022298499372,425024
1978-12-19,176.77022298499372,176.77022298499372,170.83407139780212,171.02129017545064,466825
1978-12-20,171.02129017545064,171.02129017545064,163.85885162664633,164.78659038008084,425031
1978-12-21,164.78659038008084,169.95417194737604,164.78659038008084,169.52315204288513,562135
1978-12-22,169.52315204288513,169.52315204288513,165.75083367339488,166.96927523357718,415509
1978-12-25,166.96927523357718,170.9161894554575,166.96927523357718,168.59080952801867,497449
1978-12-26,168.59080952801867,173.14530967735942,168.59080952801867,172.43915804296714,496526
1978-12-27,172.43915804296714,172.43915804296714,164.839939725811,167.21112217255265,536140
1978-12-28,167.21112217255265,169.28179272014927,167.21112217255265,169.0749211351341,475527
1978-12-29,169.0749211351341,174.30623601634417,169.0749211351341,171.98951510775345,498891
1979-01-01,171.98951510775345,171.98951510775345,169.36928150833788,170.8558838762851,533527
1979-01-02,170.8558838762851,175.58952023596913,170.80653592534915,173.04314984938773,532712
1979-01-03,173.04314984938773,173.04314984938773,169.61214365351012,170.78608733534796,481575
1979-01-04,170.78608733534796,172.868915059215,169.6090051245215,170.3589019939923,532110
1979-01-05,170.3589019939923,171.88548068779536,169.81571743202124,171.39980688425632,433913
1979-01-08,171.39980688425632,176.9285285735057,171.39980688425632,175.83896688105878,649467
1979-01-09,175.83896688105878,181.33983676938607,175.83896688105878,179.56682671753828,571942
1979-01-10,179.56682671753828,179.76798449049352,178.35150055171596,179.5089681977167,428238
1979-01-11,179.5089681977167,179.5089681977167,169.99273116108236,171.25444931939313,587151
1979-01-12,171.25444931939313,173.7463197329566,171.25444931939313,172.53282556358545,452257
1979-01-15,172.53282556358545,175.37206596597133,172.53282556358545,174.51780931693912,465242
1979-01-16,174.51780931693912,174.51780931693912,166.20932567610214,166.36056708000046,327161
1979-01-17,166.36056708000046,166.36056708000046,165.43544750661496,166.03365010132444,425331
1979-01-18,166.03365010132444,168.93736477644248,166.03365010132444,168.19402949120095,448667
1979-01-19,168.19402949120095,170.81804620111896,168.19402949120095,169.5077903659074,546881
1979-01-22,169.5077903659074,179.02417874202945,169.5077903659074,176.94530892433403,516867
1979-01-23,176.94530892433403,176.94530892433403,173.0730391781103,175.20925966806593,385504
1979-01-24,175.20925966806593,175.20925966806593,173.2538666968374,173.86009275584482,362132
1979-01-25,173.86009275584482,181.30012515278864,173.86009275584482,179.944222697323,471246
1979-01-26,179.944222697323,179.944222697323,174.98042187987446,177.28953955928088,436862
1979-01-29,177.28953955928088,177.28953955928088,171.28771324921638,171.7438325976996,457847
1979-01-30,171.7438325976996,179.55667752704443,171.7438325976996,177.08353546804642,541528
1979-01-31,177.08353546804642,177.08353546804642,174.80997287935804,174.83111334599144,476617
1979-02-01,174.83111334599144,174.83111334599144,171.15467092758962,171.67583921768167,530075
1979-02-02,171.67583921768167,174.80890240283603,171.67583921768167,174.65829428431513,631794
1979-02-05,174.65829428431513,174.65829428431513,167.10627682479276,168.6422553075478,600831
1979-02-06,168.6422553075478,168.6422553075478,164.72223670472795,165.2160021934566,557677
1979-02-07,165.2160021934566,165.2160021934566,157.06098465700362,159.2412012077647,520183
1979-02-08,159.2412012077647,170.483889429676,159.2412012077647,168.46736639726618,271407
1979-02-09,168.46736639726618,168.46736639726618,165.28077594337535,165.30348106006397,442441
1979-02-12,165.30348106006397,165.30348106006397,157.03730817646186,157.65069245537813,431244
1979-02-13,157.65069245537813,157.65069245537813,149.59940976347795,150.58472143201263,448313
1979-02-14,150.58472143201263,158.69022248374833,150.58472143201263,156.3600223439907,561938
1979-02-15,156.3600223439907,164.1781089744886,156.3600223439907,161.9633896773862,308197
1979-02-16,161.9633896773862,166.10086813441933,161.9633896773862,164.02595414323937,485017
1979-02-19,164.02595414323937,165.2035661494192,161.961797528163,164.02747820399333,377728
1979-02-20,164.02747820399333,166.5972161831589,162.1493389114317,164.56711615059305,522768
1979-02-21,164.56711615059305,171.4789316577266,164.56711615059305,170.15282886939616,444150
1979-02-22,170.15282886939616,170.15282886939616,165.8381147208967,167.59731379626226,442414
1979-02-23,167.59731379626226,167.59731379626226,161.45870049644964,163.25455305779658,389797
1979-02-26,163.25455305779658,168.05012022184388,163.25455305779658,165.84102639905976,510302
1979-02-27,165.84102639905976,165.84102639905976,157.1041517712263,158.44379884823397,556595
1979-02-28,158.44379884823397,158.44379884823397,153.34322301680248,155.3720964442558,488047
1979-03-01,155.3720964442558,157.57159458300904,155.21627764779464,157.04834200749494,356674
1979-03-02,157.04834200749494,166.62611444525356,157.04834200749494,165.6822213046142,567669
1979-03-05,165.6822213046142,172.159993463951,165.6822213046142,170.27644528147485,455364
1979-03-06,170.27644528147485,183.1076455515691,170.27644528147485,181.63135065527808,565311
1979-03-07,181.63135065527808,181.63135065527808,177.41519708657708,179.7313208644873,540784
1979-03-08,179.7313208644873,189.65841101758227,179.7313208644873,189.63256659874207,478764
1979-03-09,189.63256659874207,189.63256659874207,181.90835947849922,183.39517589339079,494969
1979-03-12,183.39517589339079,189.5167616682296,183.39517589339079,188.3490816460275,539620
1979-03-13,188.3490816460275,188.3490816460275,179.1080927846651,180.70517020595798,451365
1979-03-14,180.70517020595798,190.27797667085127,180.70517020595798,187.78563121790384,569817
1979-03-15,187.78563121790384,187.78563121790384,182.55313440788353,184.6582003472378,656535
1979-03-16,184.6582003472378,190.34594381141392,184.6582003472378,187.59468931297343,550998
1979-03-19,187.59468931297343,187.59468931297343,179.32305705382976,181.51153609563391,580718
1979-03-20,181.51153609563391,189.77441050366454,181.51153609563391,187.70916421195233,493472
1979-03-21,187.70916421195233,187.70916421195233,181.6608379342954,182.21065505020547,516098
1979-03-22,182.21065505020547,182.8933044429884,179.78113866515685,180.23836449456897,438540
1979-03-23,180.23836449456897,180.23836449456897,177.06955401932908,177.94528209882446,606214
1979-03-26,177.94528209882446,177.94528209882446,175.6669859955657,176.08924439915498,450913
1979-03-27,176.08924439915498,183.6599948014253,176.08924439915498,181.6010259491029,470236
1979-03-28,181.6010259491029,181.6010259491029,171.78982571443265,173.97679304988384,429591
1979-03-29,173.97679304988384,173.97679304988384,172.6862603180289,173.16681274644148,543555
1979-03-30,173.16681274644148,175.77728169174594,172.3423757367024,173.37024490851707,502558
1979-04-02,173.37024490851707,173.37024490851707,165.19662699364739,166.10481279813888,506906
1979-04-03,166.10481279813888,166.10481279813888,159.00922763233683,161.41345871648545,479292
1979-04-04,161.41345871648545,165.26984492276966,161.41345871648545,164.45213881956764,513732
1979-04-05,164.45213881956764,164.45213881956764,156.7417848293374,157.524894819855,621915
1979-04-06,157.524894819855,157.524894819855,152.4842344134596,153.92066649171662,494850
1979-04-09,153.92066649171662,153.92066649171662,151.49020835962676,151.636699506721,389527
1979-04-10,151.636699506721,152.62536240542292,149.9501677279704,152.00799462461111,521993
1979-04-11,152.00799462461111,155.2844076350574,151.21393305539502,153.32735225452637,511587
1979-04-12,153.32735225452637,153.32735225452637,150.06028214515916,151.83139991395458,581054
1979-04-13,151.83139991395458,151.83139991395458,142.42401010848639,143.80873856248368,512909
1979-04-16,143.80873856248368,143.80873856248368,137.73733600740528,138.52329721343625,484605
1979-04-17,138.52329721343625,139.54260105533342,136.77567651013055,138.34015942612888,521839
1979-04-18,138.34015942612888,138.34015942612888,137.4074032907054,138.25354906022744,544419
1979-04-19,138.25354906022744,143.52626117267138,138.25354906022744,141.74385507233762,394199
1979-04-20,141.74385507233762,147.75645186850446,141.74385507233762,145.76586930020915,526339
1979-04-23,145.76586930020915,145.76586930020915,140.65722295869355,142.28658681982586,507473
1979-04-24,142.28658681982586,143.0088597267244,140.8583434061469,141.3058059505696,543742
1979-04-25,141.3058059505696,146.51911491125244,141.3058059505696,145.20531424011992,619181
1979-04-26,145.20531424011992,146.84788013823808,145.02592662402162,145.54137621977884,534455
1979-04-27,145.54137621977884,145.54137621977884,139.99956821991046,141.95930151952632,528006
1979-04-30,141.95930151952632,141.95930151952632,138.01864778362665,138.9061206502124,487059
1979-05-01,138.9061206502124,138.9061206502124,134.5082418313274,134.84938444256665,600773
1979-05-02,134.84938444256665,135.472896072884,134.26998590397324,134.66088115042302,451471
1979-05-03,134.66088115042302,137.05672758005568,133.51480398479973,135.04724044011743,558793
1979-05-04,135.04724044011743,137.02923923035655,134.85335539072742,135.7626161491067,479310
1979-05-07,135.7626161491067,135.7626161491067,130.1005352451545,132.00509541944564,531333
1979-05-08,132.00509541944564,134.54807037712885,132.00509541944564,133.7572976577742,569064
1979-05-09,133.7572976577742,133.7572976577742,129.2766266435053,130.04142496730728,386230
1979-05-10,130.04142496730728,132.36912160007904,129.0429514276183,130.5860959522497,490057
1979-05-11,130.5860959522497,134.57586292351047,130.5860959522497,133.40392424620214,567599
1979-05-14,133.40392424620214,133.40392424620214,129.05070919880558,130.24307713185843,539385
1979-05-15,130.24307713185843,130.24307713185843,124.91409192073203,126.29101865400212,565788
1979-05-16,126.29101865400212,129.92483294195816,126.29101865400212,128.17626336667257,510125
1979-05-17,128.17626336667257,133.13830926282913,128.17626336667257,131.74460918746692,547360
1979-05-18,131.74460918746692,133.35097180181802,131.6862159685147,132.31062499574196,524539
1979-05-21,132.31062499574196,142.2204021526824,132.31062499574196,141.2856107235671,494342
1979-05-22,141.2856107235671,142.43856877197115,140.2668363211373,141.71372880960777,464449
1979-05-23,141.71372880960777,146.6603351421032,141.71372880960777,145.97045612617703,463840
1979-05-24,145.97045612617703,146.982959874179,144.51573254658572,145.37102751052032,497116
1979-05-25,145.37102751052032,151.9635516846277,145.37102751052032,150.91215912194156,524651
1979-05-28,150.91215912194156,151.7901271257833,149.63348252100164,150.99685073795206,448045
1979-05-29,150.99685073795206,150.99685073795206,145.80602661179364,146.03697605445316,463319
1979-05-30,146.03697605445316,152.5700435160423,146.03697605445316,150.91973324149018,534729
1979-05-31,150.91973324149018,153.4893282468201,149.41734981999446,151.38885474540845,524275
1979-06-01,151.38885474540845,151.59765462134638,148.45956509523492,149.5480510746805,573186
1979-06-04,149.5480510746805,149.68094032292973,148.42524264140314,148.83191083065492,400077
1979-06-05,148.83191083065492,148.83191083065492,145.1462669872978,147.18455103123745,394629
1979-06-06,147.18455103123745,147.18455103123745,146.0785349663459,146.26421079054415,565730
1979-06-07,146.26421079054415,146.4815063267378,144.12435773753947,145.71034606059172,437161
1979-06-08,145.71034606059172,147.8617885270854,144.69659156531753,145.95736509298717,372210
1979-06-11,145.95736509298717,154.0162078658016,145.95736509298717,152.61606452695904,477139
1979-06-12,152.61606452695904,152.61606452695904,149.2588865730213,149.33482876151226,485038
1979-06-13,149.33482876151226,149.33482876151226,145.367438652476,146.4348952681634,487149
1979-06-14,146.4348952681634,151.17825361812785,146.4348952681634,149.00567860284985,392643
1979-06-15,149.00567860284985,149.00567860284985,146.9512053477829,148.0692638508208,551972
1979-06-18,148.0692638508208,155.27708182430837,148.0692638508208,155.00860403358948,523773
1979-06-19,155.00860403358948,155.92035915875314,154.0681026808386,154.40852443632176,481892
1979-06-20,154.40852443632176,154.73950906214674,153.24244158927266,154.44633876784138,440341
1979-06-21,154.44633876784138,154.5468969843578,151.7570420664712,152.94047202861242,502000
1979-06-22,152.94047202861242,157.63389314102267,152.94047202861242,156.96110561707263,444438
1979-06-25,156.96110561707263,157.8449143477162,154.82954014196284,156.40060909383223,439538
1979-06-26,156.40060909383223,156.40060909383223,154.60713904693307,155.48809405594827,495200
1979-06-27,155.48809405594827,155.48809405594827,152.39739788887826,154.1413075923225,511819
1979-06-28,154.1413075923225,161.26751534664197,154.1413075923225,158.9004005488903,387866
1979-06-29,158.9004005488903,167.59862719831256,158.9004005488903,166.46942033429087,404915
1979-07-02,166.46942033429087,171.30578695875633,166.46942033429087,169.00733243766916,553990
1979-07-03,169.00733243766916,169.00733243766916,163.41605219071366,165.48462581747697,562493
1979-07-04,165.48462581747697,165.75906371642046,164.45123213881317,165.2264646543861,466343
1979-07-05,165.2264646543861,172.65130662643182,165.2264646543861,171.70240010572192,541969
1979-07-06,171.70240010572192,179.98588778445867,171.70240010572192,177.36398755098668,369973
1979-07-09,177.36398755098668,177.36398755098668,173.2497505825469,174.37237752830654,392513
1979-07-10,174.37237752830654,179.91636294186532,174.37237752830654,177.7132665367251,382402
1979-07-11,177.7132665367251,177.7132665367251,174.0371294138506,175.91214901888873,487633
1979-07-12,175.91214901888873,180.1813118742452,175.91214901888873,179.2433818226646,609796
1979-07-13,179.2433818226646,179.2433818226646,173.28848408204522,175.8765601327412,591208
1979-07-16,175.8765601327412,178.9086786721458,175.4038290326496,176.88033552849197,526768
1979-07-17,176.88033552849197,176.88033552849197,173.26975195447477,174.7517049392025,587132
1979-07-18,174.7517049392025,174.7517049392025,169.2172989096522,171.4556853400011,409731
1979-07-19,171.4556853400011,177.31735303906785,171.4556853400011,175.0016692127439,504355
1979-07-20,175.0016692127439,175.0016692127439,168.23767757408118,168.9886871506485,430254
1979-07-23,168.9886871506485,168.9886871506485,161.88919048001736,163.98697788758125,483200
1979-07-24,163.98697788758125,166.10142850834424,163.98697788758125,166.00091575248655,593382
1979-07-25,166.00091575248655,172.7835433390172,166.00091575248655,171.07048062537265,521105
1979-07-26,171.07048062537265,171.07048062537265,169.15530133198905,170.01398891268798,468799
1979-07-27,170.01398891268798,170.01398891268798,164.63916337969357,166.67200052081986,551623
1979-07-30,166.67200052081986,166.67200052081986,162.73834425001016,163.55212367760018,526860
1979-07-31,163.55212367760018,164.12714461423954,160.23137193868888,162.05355933927217,424183
1979-08-01,162.05355933927217,164.80185377735594,162.05355933927217,163.2758321753068,509083
1979-08-02,163.2758321753068,166.12022550648797,163.0196776474039,164.3883123711581,400024
1979-08-03,164.3883123711581,170.33370914401627,164.3883123711581,169.46669517060587,499477
1979-08-06,169.46669517060587,170.9490541694062,167.12854301512826,168.72974720838147,480900
1979-08-07,168.72974720838147,169.04395889197022,165.94151226220467,167.12550934298292,434168
1979-08-08,167.12550934298292,167.12550934298292,161.67131791450996,162.9272533448336,470002
1979-08-09,162.9272533448336,164.70208238300094,162.32745127895407,163.98843704862074,485021
1979-08-10,163.98843704862074,167.96768965004588,163.36880267131286,165.68392776901013,540113
1979-08-13,165.68392776901013,165.68392776901013,158.27553304937197,158.95402500982127,423251
1979-08-14,158.95402500982127,162.0329795761066,158.90471875413874,160.4696146971749,590143
1979-08-15,160.4696146971749,164.62719340088023,160.4696146971749,162.337147001469,501431
1979-08-16,162.337147001469,162.337147001469,160.50538828592627,161.06549704670238,499604
1979-08-17,161.06549704670238,161.06549704670238,159.72093155591952,160.54426203340654,328059
1979-08-20,160.54426203340654,167.67835285031137,160.54426203340654,165.9555108785158,449538
1979-08-21,165.9555108785158,165.9555108785158,162.54748325131882,164.18514389461643,501095
1979-08-22,164.18514389461643,181.75647024564583,164.18514389461643,180.83255071312507,566376
1979-08-23,180.83255071312507,180.83255071312507,173.39163292928765,176.0125631748418,628472
1979-08-24,176.0125631748418,178.22159067214918,176.0125631748418,177.99927635815448,578214
1979-08-27,177.99927635815448,177.99927635815448,170.46023194844238,172.39955091780777,537784
1979-08-28,172.39955091780777,172.39955091780777,168.60794601128293,169.0144873540678,390815
1979-08-29,169.0144873540678,169.0144873540678,164.49265374134495,165.70884141154153,516823
1979-08-30,165.70884141154153,165.70884141154153,159.25215437956237,161.55768889455618,636032
1979-08-31,161.55768889455618,169.2392467516126,161.55768889455618,167.5635211781858,398620
1979-09-03,167.5635211781858,171.41502865011026,167.5635211781858,170.5546011519969,652694
1979-09-04,170.5546011519969,170.5546011519969,164.51903768899868,165.262416688782,415937
1979-09-05,165.262416688782,170.7647671120897,165.262416688782,168.3534643125933,614783
1979-09-06,168.3534643125933,168.3534643125933,165.255916857343,165.84975134336167,586759
1979-09-07,165.84975134336167,168.87136981644292,165.84975134336167,167.30906701265678,472696
1979-09-10,167.30906701265678,168.1514408283151,166.7509692531576,167.34364432659922,363608
1979-09-11,167.34364432659922,167.34364432659922,162.64857266498367,163.43595991604994,467875
1979-09-12,163.43595991604994,163.65039094661137,159.22481577648085,161.26584894717982,606407
1979-09-13,161.26584894717982,161.26584894717982,156.44129059576494,156.776637003976,565402
1979-09-14,156.776637003976,162.6798392781622,156.776637003976,161.95371096199585,508885
1979-09-17,161.95371096199585,165.89156075569585,161.95371096199585,165.3756631484552,399390
1979-09-18,165.3756631484552,172.19877970615877,165.3756631484552,171.667915058401,460320
1979-09-19,171.667915058401,171.667915058401,168.8289652270389,168.89097231355436,366199
1979-09-20,168.89097231355436,169.91043841368625,168.89097231355436,169.3582822754341,516220
1979-09-21,169.3582822754341,172.33196195022748,169.3582822754341,171.7212071168824,515323
1979-09-24,171.7212071168824,172.1674180577451,168.632646984146,170.9994454437909,320732
1979-09-25,170.9994454437909,173.07618079475583,169.11149978958363,170.60194368658176,483699
1979-09-26,170.60194368658176,170.60194368658176,167.01067720709065,167.110016472772,506483
1979-09-27,167.110016472772,169.1803629988916,164.7153717310098,167.10484816925478,533353
1979-09-28,167.10484816925478,167.3974606090787,166.45814740880007,167.00161381563942,535744
1979-10-01,167.00161381563942,167.00161381563942,160.01154780683933,162.38123227177502,587883
1979-10-02,162.38123227177502,167.6919895552114,162.38123227177502,166.2260965891657,555815
1979-10-03,166.2260965891657,167.3185936969831,165.75280473581867,166.59662518564758,633799
1979-10-04,166.59662518564758,171.0378372224592,166.59662518564758,170.67947774993567,527592
1979-10-05,170.67947774993567,171.15650321284556,169.96035911696924,170.708771768793,542705
1979-10-08,170.708771768793,174.27271657017783,170.708771768793,173.31073141808554,559382
1979-10-09,173.31073141808554,178.15757498230255,173.31073141808554,176.68413824193487,327331
1979-10-10,176.68413824193487,176.68413824193487,173.48870510575873,173.85225339610014,487720
1979-10-11,173.85225339610014,177.26364687920915,173.85225339610014,176.85617881836592,466486
1979-10-12,176.85617881836592,180.77740403341616,176.85617881836592,180.0152502175023,518231
1979-10-15,180.0152502175023,186.52264501924734,180.0152502175023,183.90805806759127,391930
1979-10-16,183.90805806759127,184.39989215870477,180.35807061084486,182.50385648919791,620623
1979-10-17,182.50385648919791,187.30476622864202,182.50385648919791,187.13978420291087,432932
1979-10-18,187.13978420291087,187.8203546693241,184.1365982564565,185.74416589886994,427195
1979-10-19,185.74416589886994,185.74416589886994,176.6285745833367,177.9604319557266,609697
1979-10-22,177.9604319557266,178.7841072963944,176.43409539866772,178.5559810588215,453129
1979-10-23,178.5559810588215,178.5559810588215,175.5580046287571,175.9961311977066,481125
1979-10-24,175.9961311977066,178.74353037156965,175.9961311977066,178.5765104818686,627467
1979-10-25,178.5765104818686,178.5765104818686,169.81717485689634,171.66758844131758,432368
1979-10-26,171.66758844131758,173.71784109705274,170.19960271592157,171.62307675320844,481838
1979-10-29,171.62307675320844,171.62307675320844,165.62826957058095,167.03205011262602,527059
1979-10-30,167.03205011262602,167.03205011262602,162.08612152750348,163.34455298793895,620713
1979-10-31,163.34455298793895,166.7076029711598,163.34455298793895,166.62711415903894,447455
1979-11-01,166.62711415903894,166.62711415903894,159.6205227062993,159.9027335709573,591414
1979-11-02,159.9027335709573,163.14501187345374,159.9027335709573,162.15198899910075,309859
1979-11-05,162.15198899910075,165.59274773746696,162.15198899910075,164.65067905634336,470469
1979-11-06,164.65067905634336,168.46012230137424,164.65067905634336,165.99268014314055,411778
1979-11-07,165.99268014314055,167.35655422883488,165.99268014314055,166.31529933198624,505027
1979-11-08,166.31529933198624,174.9611189120729,166.31529933198624,172.51783875176986,465273
1979-11-09,172.51783875176986,172.51783875176986,158.29195877430968,160.3434272142306,413270
1979-11-12,160.3434272142306,162.4440295196403,158.83813851104279,160.16436722371174,509587
1979-11-13,160.16436722371174,172.0730494637248,160.16436722371174,170.8495643278609,532744
1979-11-14,170.8495643278609,175.4976908880129,170.8495643278609,174.35824594831095,418166
1979-11-15,174.35824594831095,174.35824594831095,165.3650066722146,166.6168453437786,435686
1979-11-16,166.6168453437786,169.10987688842135,166.4819197251456,166.6924937482657,426032
1979-11-19,166.6924937482657,171.39662952227775,166.6924937482657,169.8075146767103,463118
1979-11-20,169.8075146767103,172.70679988623075,169.8075146767103,171.57703830091276,489276
1979-11-21,171.57703830091276,177.53901259730478,171.57703830091276,176.2995185870896,577010
1979-11-22,176.2995185870896,176.6539983518315,175.94316751386162,176.37362132352712,528650
1979-11-23,176.37362132352712,177.9842577753811,176.22954478858938,177.06841187166077,441691
1979-11-26,177.06841187166077,177.06841187166077,170.85277918967998,170.94904781036146,429912
1979-11-27,170.94904781036146,174.60090734901766,170.94904781036146,172.08189121370054,383621
1979-11-28,172.08189121370054,178.57677846780513,172.08189121370054,176.58644501658375,511181
1979-11-29,176.58644501658375,176.58644501658375,169.76893769350374,170.47578041284933,432533
1979-11-30,170.47578041284933,170.47578041284933,161.32363567306606,163.4070437550109,431601
1979-12-03,163.4070437550109,163.4070437550109,156.87665481890625,157.66133133878637,539831
1979-12-04,157.66133133878637,162.96330211255787,157.66133133878637,162.81150368714245,476010
1979-12-05,162.81150368714245,162.81150368714245,158.04562658390606,160.21193578657625,522007
1979-12-06,160.21193578657625,160.21193578657625,156.8825051891384,157.46803694798942,447435
1979-12-07,157.46803694798942,157.46803694798942,154.90311137986572,155.21591170140783,539149
1979-12-10,155.21591170140783,161.1373794294881,155.21591170140783,161.05694444912464,456603
1979-12-11,161.05694444912464,163.34071077912776,159.66744035194677,161.68929605396914,497245
1979-12-12,161.68929605396914,162.35364625000645,160.09179474612995,161.14192609752612,514277
1979-12-13,161.14192609752612,164.2254738971807,161.14192609752612,162.11949690624348,527515
1979-12-14,162.11949690624348,162.11949690624348,159.80467418815613,160.576238408797,379191
1979-12-17,160.576238408797,160.576238408797,156.2726127317637,158.0843709830174,532743
1979-12-18,158.0843709830174,160.39988530790512,158.0843709830174,159.9584113378753,542576
1979-12-19,159.9584113378753,166.5729526709262,159.9584113378753,164.61150053226757,560556
1979-12-20,164.61150053226757,164.61150053226757,158.97023997851267,161.00615709566526,461152
1979-12-21,161.00615709566526,163.12062918225902,161.00615709566526,161.64755680267888,549559
1979-12-24,161.64755680267888,165.45988095731752,161.64755680267888,165.02235052883782,625400
1979-12-25,165.02235052883782,165.02235052883782,157.41605552255814,158.86805473140288,543873
1979-12-26,158.86805473140288,161.67793911011017,158.41118868225956,159.62290796631123,477056
1979-12-27,159.62290796631123,159.62290796631123,156.22782556195526,158.14738611446256,559495
1979-12-28,158.14738611446256,158.14738611446256,156.26764064560038,157.03339054439857,261793
1979-12-31,157.03339054439857,159.92776944083118,157.03339054439857,159.70545878569672,374311
1980-01-01,159.70545878569672,163.38489923336866,159.3288773899573,161.15958194447202,568367
1980-01-02,161.15958194447202,175.33167823569957,161.15958194447202,174.77058567832202,553753
1980-01-03,174.77058567832202,174.77058567832202,162.70543940479237,163.28104273369715,471135
1980-01-04,163.28104273369715,165.1562635093269,161.84836151781428,163.12406909749646,482484
1980-01-07,163.12406909749646,164.5584274801285,161.46119078732184,162.60187489506325,445119
1980-01-08,162.60187489506325,164.30779896532434,160.911035458814,162.34720141264623,577306
1980-01-09,162.34720141264623,162.34720141264623,157.00476699196102,158.48540904399317,481432
1980-01-10,158.48540904399317,159.35265482680046,158.19670523826017,158.60957838650273,541845
1980-01-11,158.60957838650273,158.60957838650273,156.49216422114483,158.11289870620254,399942
1980-01-14,158.11289870620254,160.77786055927615,158.11289870620254,160.31664173136306,460784
1980-01-15,160.31664173136306,161.98416394406254,158.6035684409452,160.70997378053306,384415
1980-01-16,160.70997378053306,160.70997378053306,156.42014436098827,157.33514526167733,576823
1980-01-17,157.33514526167733,157.33514526167733,154.40180359998143,156.49451799260117,506688
1980-01-18,156.49451799260117,156.49451799260117,152.24129712343853,154.5419388224417,416332
1980-01-21,154.5419388224417,154.80786036013737,151.1752764807812,152.61757338427333,515688
1980-01-22,152.61757338427333,152.61789254418264,151.29176062921442,151.75143263592443,524861
1980-01-23,151.75143263592443,164.78938502207353,151.75143263592443,163.01544674553858,419657
1980-01-24,163.01544674553858,171.06469502174298,163.01544674553858,169.77564437307083,583571
1980-01-25,169.77564437307083,170.78731781813894,169.77564437307083,170.24394293336346,522405
1980-01-28,170.24394293336346,179.43965951109107,170.24394293336346,176.9136801932748,505371
1980-01-29,176.9136801932748,176.9136801932748,170.99201176796663,171.1730644909168,475235
1980-01-30,171.1730644909168,172.81090068641365,171.14137710279442,171.31649721033142,560863
1980-01-31,171.31649721033142,171.31649721033142,160.99617457004638,162.7206994932116,603170
1980-02-01,162.7206994932116,162.7206994932116,152.76152370603,154.9700189133369,738866
1980-02-04,154.9700189133369,155.98695733372068,153.03424486084216,153.76254811676333,447263
1980-02-05,153.76254811676333,159.07809806675925,153.76254811676333,156.8808489329486,554238
1980-02-06,156.8808489329486,159.92360229258796,155.95926264354628,157.60663481711774,388712
1980-02-07,157.60663481711774,158.1493567143044,155.86530098700197,156.1713458144341,537309
1980-02-08,156.1713458144341,157.13101962816944,153.7800618686037,156.12023913102408,452039
1980-02-11,156.12023913102408,161.3169486325535,156.12023913102408,160.5827126344307,487147
1980-02-12,160.5827126344307,169.62412859819017,160.5827126344307,167.88111545427523,551787
1980-02-13,167.88111545427523,176.1337080875889,167.88111545427523,173.76222710320403,593248
1980-02-14,173.76222710320403,176.07075677601026,173.76222710320403,174.34871885402018,407341
1980-02-15,174.34871885402018,174.34871885402018,168.29487970685682,169.73442286247843,630711
1980-02-18,169.73442286247843,169.73442286247843,166.4432244949967,167.20167196116776,360613
1980-02-19,167.20167196116776,167.20167196116776,162.32548625144005,162.98532439654102,520297
1980-02-20,162.98532439654102,162.98532439654102,152.53707263408847,152.5455203894289,451124
1980-02-21,152.5455203894289,153.8737597247574,151.63075369751317,152.4245339761117,541960
1980-02-22,152.4245339761117,162.01311203603763,152.4245339761117,161.17658409684043,672015
1980-02-25,161.17658409684043,165.47450207689695,161.17658409684043,163.4575075904824,670731
1980-02-26,163.4575075904824,163.4575075904824,155.53259492721173,157.5218248416661,459490
1980-02-27,157.5218248416661,157.5218248416661,151.82658693490131,154.00942935542508,608793
1980-02-28,154.00942935542508,161.18388758148183,154.00942935542508,160.6869177021106,503394
1980-02-29,160.6869177021106,164.29012427021857,160.6869177021106,162.15413257013157,441014
1980-03-03,162.15413257013157,164.16377469534123,160.00789606569407,161.76432041272366,530065
1980-03-04,161.76432041272366,170.95674227663204,161.76432041272366,169.23685255113725,510164
1980-03-05,169.23685255113725,169.23685255113725,167.65003710813485,168.81660392437684,528154
1980-03-06,168.81660392437684,168.81660392437684,165.24624222150277,166.78670102879383,512562
1980-03-07,166.78670102879383,166.78670102879383,157.01079875839207,159.39808837855722,471326
1980-03-10,159.39808837855722,162.6976517353144,159.39808837855722,161.39036583902416,574707
1980-03-11,161.39036583902416,161.39036583902416,155.78669079395766,158.04467901174962,488954
1980-03-12,158.04467901174962,158.04467901174962,153.34489992453314,153.44702467143046,470240
1980-03-13,153.44702467143046,154.70319860448035,153.44702467143046,154.07890681076506,549843
1980-03-14,154.07890681076506,156.9940097271893,153.91020613757286,155.41126104182263,533759
1980-03-17,155.41126104182263,157.27307015821685,155.41126104182263,156.39231675311075,449249
1980-03-18,156.39231675311075,156.39231675311075,150.058400976954,151.30379931746984,504256
1980-03-19,151.30379931746984,154.06850672054452,150.55775218916745,152.25484628831927,469150
1980-03-20,152.25484628831927,153.3388191387914,150.49767152643727,152.0215872536229,421675
1980-03-21,152.0215872536229,160.95452953451556,152.0215872536229,159.27263988331842,335558
1980-03-24,159.27263988331842,165.38716917266999,159.27263988331842,164.20676880842274,579092
1980-03-25,164.20676880842274,164.20676880842274,160.61967505058868,160.8481365279527,494771
1980-03-26,160.8481365279527,160.8481365279527,155.98080042517213,156.48717543827024,420009
1980-03-27,156.48717543827024,159.69244988440167,155.56048271676946,157.5853755531829,523396
1980-03-28,157.5853755531829,157.78098353456357,155.17120864034035,155.45662534331723,649379
1980-03-31,155.45662534331723,161.0834126741477,155.45662534331723,161.07860129821418,520633
1980-04-01,161.07860129821418,165.87324765561596,161.07860129821418,163.9305364032367,397281
1980-04-02,163.9305364032367,163.9305364032367,155.15035232967665,155.679788780635,516366
1980-04-03,155.679788780635,155.679788780635,151.764346959247,153.57881292670703,308036
1980-04-04,153.57881292670703,153.57881292670703,151.1699744800519,151.3746525244131,473038
1980-04-07,151.3746525244131,151.3746525244131,147.79850633789079,148.76937671024328,561261
1980-04-08,148.76937671024328,148.76937671024328,144.80453233256287,146.9263238456424,591129
1980-04-09,146.9263238456424,149.13256547312926,145.49496127761108,147.00529227410695,458377
1980-04-10,147.00529227410695,155.30814405777824,147.00529227410695,154.33881718669699,559462
1980-04-11,154.33881718669699,159.31710410351084,154.33881718669699,157.5854870450742,494879
1980-04-14,157.5854870450742,157.5854870450742,151.57222926039162,153.50028844110224,461474
1980-04-15,153.50028844110224,153.50028844110224,148.58957033986624,150.5281756308659,528754
1980-04-16,150.5281756308659,152.01920075643235,148.87054634749933,150.18042915612676,541848
1980-04-17,150.18042915612676,152.83711246430997,149.93516344376766,152.02236068723485,538521
1980-04-18,152.02236068723485,156.60667302338868,152.02236068723485,155.84621044103903,444193
1980-04-21,155.84621044103903,160.39190767029635,155.84621044103903,160.1786135486103,391269
1980-04-22,160.1786135486103,160.29538683076723,157.89029197537002,159.41515400326014,590519
1980-04-23,159.41515400326014,159.41515400326014,152.3881416842113,153.620367989043,566598
1980-04-24,153.620367989043,153.620367989043,150.83697243771226,151.11699922045713,454362
1980-04-25,151.11699922045713,156.82090390958328,151.11699922045713,156.00343837450365,402100
1980-04-28,156.00343837450365,156.00343837450365,152.38925425766146,153.84080604968992,519139
1980-04-29,153.84080604968992,153.84080604968992,150.36063660252375,151.3985996828283,501107
1980-04-30,151.3985996828283,153.1267023599107,149.46772326684018,151.30396748031384,466104
1980-05-01,151.30396748031384,151.30396748031384,145.3837786222914,145.54776257539814,668816
1980-05-02,145.54776257539814,145.54776257539814,141.51368756104063,143.24754659887637,561054
1980-05-05,143.24754659887637,143.24754659887637,135.7732150549624,137.30946627879524,475192
1980-05-06,137.30946627879524,141.50069552159033,137.30946627879524,140.46108678739458,558492
1980-05-07,140.46108678739458,140.46108678739458,132.56604789782952,134.44468852641074,494283
1980-05-08,134.44468852641074,134.44468852641074,130.08428908469423,130.49341546936745,469942
1980-05-09,130.49341546936745,131.2963066080838,128.96807999397691,129.57669283638882,580688
1980-05-12,129.57669283638882,129.57669283638882,124.46806529348642,126.33333401616328,487108
1980-05-13,126.33333401616328,140.3941659882701,126.33333401616328,138.66484786590024,505720
1980-05-14,138.66484786590024,141.99777040570905,138.66484786590024,141.16506918071306,499481
1980-05-15,141.16506918071306,141.16506918071306,137.33138165077534,137.77871994852077,510433
1980-05-16,137.77871994852077,139.7767025218212,137.77871994852077,139.75561685255758,599571
1980-05-19,139.75561685255758,144.89408135419797,139.75561685255758,144.53555784143856,539336
1980-05-20,144.53555784143856,144.53555784143856,138.97302380417582,139.85530633678877,442128
1980-05-21,139.85530633678877,139.85530633678877,136.4666000989497,137.16670086583602,477951
1980-05-22,137.16670086583602,141.49754698274037,137.16670086583602,140.75041056944244,444871
1980-05-23,140.75041056944244,142.97909185118885,140.75041056944244,142.36688504537227,436086
1980-05-26,142.36688504537227,142.36688504537227,134.27193362098282,134.49506029793469,561978
1980-05-27,134.49506029793469,136.02019910355872,134.49506029793469,135.59630101164103,439285
1980-05-28,135.59630101164103,135.59630101164103,129.85482236608132,130.9425037223637,522757
1980-05-29,130.9425037223637,132.1181193360774,130.03977316337827,131.88949083170976,494087
1980-05-30,131.88949083170976,134.5363447917201,131.1080846013262,132.71390097161031,428547
1980-06-02,132.71390097161031,134.2088170581578,132.71390097161031,133.4900791492529,491114
1980-06-03,133.4900791492529,133.4900791492529,130.27690715597328,130.93712188485543,543410
1980-06-04,130.93712188485543,136.29251077076745,130.93712188485543,134.9399210143987,470064
1980-06-05,134.9399210143987,138.319519300532,134.9399210143987,137.5201712848423,439976
1980-06-06,137.5201712848423,138.79051336011742,136.5828697502525,137.081951240815,372108
1980-06-09,137.081951240815,137.081951240815,131.9200226129765,133.09085187086092,330750
1980-06-10,133.09085187086092,134.73603660514868,132.43271062491633,133.96232531359863,504792
1980-06-11,133.96232531359863,139.55115000289496,133.96232531359863,138.480714068323,409732
1980-06-12,138.480714068323,138.480714068323,134.75591231925304,136.6737364983893,509440
1980-06-13,136.6737364983893,136.6737364983893,133.48605883095786,134.92459856766885,583831
1980-06-16,134.92459856766885,140.05871999881512,134.92459856766885,138.30897545158987,617892
1980-06-17,138.30897545158987,138.30897545158987,132.93813507161013,134.14976495073526,505556
1980-06-18,134.14976495073526,136.67105974002317,133.21170610952385,135.16842902962506,459355
1980-06-19,135.16842902962506,135.16842902962506,132.61776035326557,132.77331519025884,432500
1980-06-20,132.77331519025884,133.970064803619,130.74892884156324,132.49372503036903,466162
1980-06-23,132.49372503036903,132.49372503036903,130.31850216197353,130.97652278817645,335305
1980-06-24,130.97652278817645,132.42274133361096,130.11066423614747,131.8944895973874,446624
1980-06-25,131.8944895973874,131.8944895973874,127.89134133168756,127.96059908349753,495518
1980-06-26,127.96059908349753,129.9115813820381,126.34306115746911,128.18034821644582,554006
1980-06-27,128.18034821644582,131.97718537506515,128.18034821644582,131.79061935700008,520283
1980-06-30,131.79061935700008,131.79061935700008,123.47692486635437,124.7647098696933,397847
1980-07-01,124.7647098696933,125.11821042076814,123.94372394081032,124.1257376482537,399116
1980-07-02,124.1257376482537,124.1257376482537,121.80681650354455,121.88730885411024,462048
1980-07-03,121.88730885411024,121.88730885411024,118.5808828742572,118.925738635117,506378
1980-07-04,118.925738635117,119.20971497090724,118.454867301793,118.47347995169564,549933
1980-07-07,118.47347995169564,118.47347995169564,115.43860470947345,117.0948010300989,643480
1980-07-08,117.0948010300989,118.99840005746871,117.0948010300989,118.24122972905371,667435
1980-07-09,118.24122972905371,118.32628433990736,116.90343121244467,117.99196012928576,552774
1980-07-10,117.99196012928576,118.35708199860528,116.90501280937886,117.40300227443589,496480
1980-07-11,117.40300227443589,119.79662381748624,117.40300227443589,119.24010392871281,410406
1980-07-14,119.24010392871281,119.24010392871281,116.61424656420996,117.2144186507554,522606
1980-07-15,117.2144186507554,117.2144186507554,110.39373101319373,111.9145377015237,505321
1980-07-16,111.9145377015237,111.9145377015237,106.85272351400606,108.40107525805327,524372
1980-07-17,108.40107525805327,108.5147712515928,108.2953753044151,108.32700749629691,619916
1980-07-18,108.32700749629691,110.00828779370904,108.32700749629691,109.71744358308864,556362
1980-07-21,109.71744358308864,110.29558265674008,108.1663052412694,109.11561513076116,607179
1980-07-22,109.11561513076116,109.11561513076116,107.07240839232439,108.61454084631006,493859
1980-07-23,108.61454084631006,109.2866571157114,108.5225913693073,109.18537361871778,444950
1980-07-24,109.18537361871778,112.04389779547705,109.18537361871778,111.16917438664031,426123
1980-07-25,111.16917438664031,113.59673967412931,111.16917438664031,113.40267520872383,477434
1980-07-28,113.40267520872383,117.15804582805467,113.40267520872383,116.18927847088152,373423
1980-07-29,116.18927847088152,120.2786089825596,116.18927847088152,119.84085527835238,588592
1980-07-30,119.84085527835238,119.84085527835238,114.09436407587431,115.77022043269501,506882
1980-07-31,115.77022043269501,119.28711301155641,115.77022043269501,118.52290171802406,514589
1980-08-01,118.52290171802406,119.94408555987785,117.56896591524375,118.93289779282038,513046
1980-08-04,118.93289779282038,122.62749099775469,118.93289779282038,121.13631809970201,492185
1980-08-05,121.13631809970201,121.13631809970201,115.64499238378816,117.28825825828892,661809
1980-08-06,117.28825825828892,117.28825825828892,112.9787756569756,114.54334173305631,497054
1980-08-07,114.54334173305631,115.93437108578219,114.54334173305631,115.52021782611547,513770
1980-08-08,115.52021782611547,115.52021782611547,111.5185859619844,111.85199463639441,503262
1980-08-11,111.85199463639441,112.61163203205108,111.70128880557482,112.61122417372447,548136
1980-08-12,112.61122417372447,113.5278579700371,111.00456072069663,112.13036676113335,508041
1980-08-13,112.13036676113335,114.24408586765793,111.78511639839878,112.91410580357082,480017
1980-08-14,112.91410580357082,112.91410580357082,109.69285653664684,109.98127127913145,513428
1980-08-15,109.98127127913145,110.30247881630939,108.99516226012403,110.18596603654487,438455
1980-08-18,110.18596603654487,110.32070034580063,107.28699862504908,108.83865552710952,455015
1980-08-19,108.83865552710952,109.46615717781688,108.74937945086701,109.43699228655254,469057
1980-08-20,109.43699228655254,112.83815250622243,109.43699228655254,112.06192517273995,500525
1980-08-21,112.06192517273995,114.00264896075899,111.30583064626681,112.5990423499943,658079
1980-08-22,112.5990423499943,118.3560800527709,112.5990423499943,118.34991864180793,402044
1980-08-25,118.34991864180793,120.47758748245451,118.34991864180793,118.85213525726338,403331
1980-08-26,118.85213525726338,123.9173472492613,118.85213525726338,122.70662673415282,614596
1980-08-27,122.70662673415282,125.53010790353943,122.70662673415282,125.14050703416304,512799
1980-08-28,125.14050703416304,125.14050703416304,115.84400815708167,117.24746338366943,639929
1980-08-29,117.24746338366943,121.63121270648301,117.24746338366943,121.57355489939513,495784
1980-09-01,121.57355489939513,123.15486985743821,120.33917480185492,121.81232733283251,524995
1980-09-02,121.81232733283251,122.1224175047104,120.2458336996744,121.73383183735551,570936
1980-09-03,121.73383183735551,121.73383183735551,117.5883328625557,119.35879594235489,656861
1980-09-04,119.35879594235489,124.62888591556124,119.35879594235489,124.48885256494,397975
1980-09-05,124.48885256494,124.48885256494,120.19510682751408,120.98873331195169,456899
1980-09-08,120.98873331195169,121.76978814692534,120.04728422147147,121.00291198881665,391384
1980-09-09,121.00291198881665,123.56433713165221,121.00291198881665,123.01040173002805,509899
1980-09-10,123.01040173002805,123.77242256445537,122.16571178483345,123.0969826119995,352879
1980-09-11,123.0969826119995,129.22136406640408,123.0969826119995,128.04507258292256,435784
1980-09-12,128.04507258292256,129.93859189039884,128.04507258292256,128.90066182820206,454686
1980-09-15,128.90066182820206,130.73571789722973,128.17454287078533,130.0554588438716,638042
1980-09-16,130.0554588438716,136.08715243677602,130.0554588438716,134.09216681263416,422167
1980-09-17,134.09216681263416,139.99016492376768,134.09216681263416,138.97952331344803,586284
1980-09-18,138.97952331344803,138.97952331344803,127.83254709374634,128.25189197975124,475941
1980-09-19,128.25189197975124,128.25189197975124,125.81621921215608,126.00894461401013,486004
1980-09-22,126.00894461401013,126.00894461401013,123.08086432036374,123.1113906069713,453330
1980-09-23,123.1113906069713,125.23044932173029,123.1113906069713,123.70083888330987,593681
1980-09-24,123.70083888330987,123.70083888330987,118.5437271051077,120.23352524860412,541437
1980-09-25,120.23352524860412,120.61097970156081,118.97666492499953,120.40112941068551,457887
1980-09-26,120.40112941068551,125.29040179977315,120.40112941068551,123.87291648613716,498753
1980-09-29,123.87291648613716,123.87291648613716,118.49878832316215,119.3845284558839,513299
1980-09-30,119.3845284558839,119.3845284558839,115.34127082060539,116.48910238659636,493699
1980-10-01,116.48910238659636,117.34364731331851,115.81794071572972,117.17999307788524,351455
1980-10-02,117.17999307788524,117.17999307788524,114.69947659134976,115.37615039496383,543985
1980-10-03,115.37615039496383,115.37615039496383,108.95230103165284,110.31459906364175,567601
1980-10-06,110.31459906364175,110.31459906364175,106.48623561760184,108.03518147232147,403073
1980-10-07,108.03518147232147,114.79515556566554,108.03518147232147,114.40014396169084,563957
1980-10-08,114.40014396169084,115.36535369923355,112.76086519769862,114.42590537731887,361830
1980-10-09,114.42590537731887,117.13668130140124,114.42590537731887,115.64912720372597,407259
1980-10-10,115.64912720372597,121.3666004658593,115.64912720372597,119.63477417053905,534539
1980-10-13,119.63477417053905,119.63477417053905,114.91712524089786,115.85185974677485,496594
1980-10-14,115.85185974677485,115.85185974677485,113.15014315555183,113.33671780352317,408379
1980-10-15,113.33671780352317,113.33671780352317,110.81155405192247,110.83865639921312,411013
1980-10-16,110.83865639921312,115.50554380949691,110.83865639921312,115.15418497753475,538588
1980-10-17,115.15418497753475,115.15418497753475,110.81129905936679,112.01445628651079,445971
1980-10-20,112.01445628651079,112.01445628651079,105.94846933799383,107.41060818849652,433056
1980-10-21,107.41060818849652,111.7556668381397,107.41060818849652,110.225654873501,374337
1980-10-22,110.225654873501,112.2708771885033,110.225654873501,112.1565499082758,563736
1980-10-23,112.1565499082758,112.1565499082758,108.77155725967224,109.64913060885831,564439
1980-10-24,109.64913060885831,109.64913060885831,107.23499982347025,108.35589883774898,557442
1980-10-27,108.35589883774898,108.35589883774898,105.71546793973765,106.36135603340291,583725
1980-10-28,106.36135603340291,106.36135603340291,99.4817039508946,100.6927616187903,426511
1980-10-29,100.6927616187903,100.94272873420607,100.44827779870357,100.45867484576848,569205
1980-10-30,100.45867484576848,100.45867484576848,95.8845812361736,95.95925949577811,513200
1980-10-31,95.95925949577811,96.69016420280956,95.95925949577811,96.66495760265244,411588
1980-11-03,96.66495760265244,103.03719633743351,96.66495760265244,102.09107433543181,449209
1980-11-04,102.09107433543181,102.09107433543181,94.41973830886573,94.91331197628384,501062
1980-11-05,94.91331197628384,94.91331197628384,93.22847556021745,93.80384016105825,579560
1980-11-06,93.80384016105825,94.55717245823679,92.58461251765758,93.2190595178036,474209
1980-11-07,93.2190595178036,94.00757702692881,91.7379232755434,93.13167055281109,440930
1980-11-10,93.13167055281109,95.88593389159233,93.13167055281109,95.09787127438632,374731
1980-11-11,95.09787127438632,98.91874249237776,95.09787127438632,98.73872717756603,448669
1980-11-12,98.73872717756603,98.73872717756603,93.45354586098391,93.63506603417676,536869
1980-11-13,93.63506603417676,93.63506603417676,89.03128994295386,89.04797432001982,463232
1980-11-14,89.04797432001982,97.12350356243142,89.04797432001982,95.90905877614593,395254
1980-11-17,95.90905877614593,98.62512453156418,95.90905877614593,97.64675102712387,428804
1980-11-18,97.64675102712387,99.02344019418837,97.49814196343286,97.79773987203835,470845
1980-11-19,97.79773987203835,97.79773987203835,95.40848723221771,95.86158327542891,509242
1980-11-20,95.86158327542891,96.49799724029936,94.87301189213314,95.96007031232482,432724
1980-11-21,95.96007031232482,99.29329283843573,95.96007031232482,98.28871328164229,564488
1980-11-24,98.28871328164229,105.04891108507313,98.28871328164229,103.72297396136537,533104
1980-11-25,103.72297396136537,103.75831410170993,101.84456238873742,103.1425733421827,589094
1980-11-26,103.1425733421827,103.1425733421827,97.5647644897084,97.97223477061507,450573
1980-11-27,97.97223477061507,97.97223477061507,94.4706476045757,94.92183737561663,414955
1980-11-28,94.92183737561663,95.23593866589857,93.81615296683005,93.88299393080177,518806
1980-12-01,93.88299393080177,93.88299393080177,91.25376416756546,91.38257313935357,415457
1980-12-02,91.38257313935357,94.06572029514582,91.38257313935357,92.85810457098852,467682
1980-12-03,92.85810457098852,95.58934941488832,92.85810457098852,94.36253390134623,478294
1980-12-04,94.36253390134623,96.02793553905084,94.36253390134623,95.63987392223802,464675
1980-12-05,95.63987392223802,95.63987392223802,92.61452722346566,93.64313568072741,518486
1980-12-08,93.64313568072741,102.19400550784651,93.64313568072741,101.02022615317851,494171
1980-12-09,101.02022615317851,103.86653050033547,101.02022615317851,103.01456608490847,356165
1980-12-10,103.01456608490847,105.77612876819052,103.01456608490847,104.73396736264445,536002
1980-12-11,104.73396736264445,105.1575913834937,103.15801319953692,104.30248877683977,495298
1980-12-12,104.30248877683977,107.65528153028335,104.30248877683977,107.15543933740805,519245
1980-12-15,107.15543933740805,108.60399776277181,107.15543933740805,107.50170262965649,456588
1980-12-16,107.50170262965649,109.51777218755038,106.91875557847719,108.52267369633292,443837
1980-12-17,108.52267369633292,108.52267369633292,106.5709181003653,107.88391315114595,587716
1980-12-18,107.88391315114595,112.3644696150087,107.88391315114595,111.03059040198221,580529
1980-12-19,111.03059040198221,114.33743536393298,111.03059040198221,113.56553901946828,392554
1980-12-22,113.56553901946828,113.56553901946828,112.17130870436445,112.33487969930525,511483
1980-12-23,112.33487969930525,112.33487969930525,107.52746869456143,108.69262683396671,580163
1980-12-24,108.69262683396671,108.69262683396671,105.04755994341774,105.3226331824405,440905
1980-12-25,105.3226331824405,113.21109644614043,105.3226331824405,112.98752029653942,567547
1980-12-26,112.98752029653942,112.98752029653942,109.38950051485341,109.6009486293209,363450
1980-12-29,109.6009486293209,111.09219597651935,109.6009486293209,110.11497769324919,496816
1980-12-30,110.11497769324919,112.79960700661981,110.11497769324919,112.10936450048534,493048
1980-12-31,112.10936450048534,114.68436660732694,112.10936450048534,114.26094838224505,489983
1981-01-01,114.26094838224505,116.65962052433645,114.26094838224505,115.01655281655324,602623
1981-01-02,115.01655281655324,116.3229564088794,114.49400783844186,115.40972507758195,600029
1981-01-05,115.40972507758195,115.40972507758195,110.61107539996563,111.22706499982573,485357
1981-01-06,111.22706499982573,111.22706499982573,105.36552393588453,105.76088468192351,550946
1981-01-07,105.76088468192351,107.35001398098655,105.7445412882365,106.68443351911637,457440
1981-01-08,106.68443351911637,108.147207715066,106.68443351911637,107.33322886429873,386056
1981-01-09,107.33322886429873,107.33322886429873,106.7293457995767,106.9864759118907,578204
1981-01-12,106.9864759118907,109.45116555106198,106.9864759118907,109.20336660093606,400429
1981-01-13,109.20336660093606,112.05774084307131,109.20336660093606,111.60864252647124,462045
1981-01-14,111.60864252647124,111.60864252647124,108.82371132568343,110.28279864829888,628370
1981-01-15,110.28279864829888,110.28279864829888,106.26589596553175,107.77051144801992,451742
1981-01-16,107.77051144801992,111.3524086668357,107.77051144801992,110.38839728456432,528145
1981-01-19,110.38839728456432,110.38839728456432,106.53911221314554,107.49739766308669,514140
1981-01-20,107.49739766308669,110.66031995135398,107.49739766308669,110.48291697152301,517673
1981-01-21,110.48291697152301,111.06681366027888,109.24633071539387,110.69638618074086,578139
1981-01-22,110.69638618074086,110.69638618074086,106.4494840091341,107.28124919900411,535829
1981-01-23,107.28124919900411,107.28124919900411,104.29733931523513,105.7500305310139,412286
1981-01-26,105.7500305310139,105.7500305310139,103.23378948080223,104.35156681634557,555289
1981-01-27,104.35156681634557,110.7144117091184,104.35156681634557,110.64852286968828,595086
1981-01-28,110.64852286968828,110.64852286968828,108.60942564781563,110.24424649017291,447454
1981-01-29,110.24424649017291,112.52587581015106,110.24424649017291,111.78117255061919,452901
1981-01-30,111.78117255061919,114.49165813789226,111.78117255061919,113.99668605981586,544704
1981-02-02,113.99668605981586,113.99668605981586,109.73935200980046,111.3123072532724,536304
1981-02-03,111.3123072532724,112.65528458510724,110.0720355663919,111.4255539854235,479054
1981-02-04,111.4255539854235,111.4255539854235,107.23972199282126,108.06511464463907,526050
1981-02-05,108.06511464463907,113.2364384327052,108.06511464463907,112.95200502326512,446652
1981-02-06,112.95200502326512,113.21198044820179,111.94169917194266,112.26157382088863,513791
1981-02-09,112.26157382088863,112.26157382088863,109.68876644513128,110.82700335538426,540155
1981-02-10,110.82700335538426,110.9625611531453,109.25593861397749,109.92691532412421,554722
1981-02-11,109.92691532412421,109.92691532412421,107.48205144755373,108.57439354038024,592320
1981-02-12,108.57439354038024,111.38330512559915,108.57439354038024,110.75792462662861,586660
1981-02-13,110.75792462662861,115.90123491091273,110.75792462662861,115.18792729503205,543483
1981-02-16,115.18792729503205,119.50321624353793,115.18792729503205,119.24084113574004,572196
1981-02-17,119.24084113574004,123.55681852018255,119.24084113574004,122.21464353576881,436095
1981-02-18,122.21464353576881,127.49350557816862,122.21464353576881,125.94079384649443,434177
1981-02-19,125.94079384649443,125.94079384649443,122.76324935728319,124.23997588125924,526540
1981-02-20,124.23997588125924,124.44830464316881,123.68493574555654,124.19551332097015,488345
1981-02-23,124.19551332097015,124.19551332097015,119.69791691045559,120.18532445272083,557724
1981-02-24,120.18532445272083,122.57666957501007,119.79951265976489,121.55284947447527,599292
1981-02-25,121.55284947447527,121.55284947447527,118.81669013635458,119.23266738368257,504208
1981-02-26,119.23266738368257,119.23266738368257,116.18772090602359,117.87041548822614,387027
1981-02-27,117.87041548822614,117.87041548822614,115.19150106396398,115.2015702898851,504745
1981-03-02,115.2015702898851,119.71230380753796,115.2015702898851,118.33403979127918,585001
1981-03-03,118.33403979127918,131.16940963727674,118.33403979127918,130.99540358665516,523784
1981-03-04,130.99540358665516,130.99540358665516,125.54650340607635,126.0155190749955,406044
1981-03-05,126.0155190749955,126.3542300217466,124.33775030926348,125.34203737452478,516078
1981-03-06,125.34203737452478,125.81336113686832,124.39674630716424,125.26737431083622,421575
1981-03-09,125.26737431083622,125.26737431083622,122.598711384906,123.55787432919068,473705
1981-03-10,123.55787432919068,127.87655032461515,123.55787432919068,127.22443590736746,513288
1981-03-11,127.22443590736746,129.03030169849393,126.56404214860872,127.88078922438112,635417
1981-03-12,127.88078922438112,129.5733780099195,127.51178190551492,128.64389800718897,426993
1981-03-13,128.64389800718897,133.24747779605306,128.64389800718897,132.03633837072223,359811
1981-03-16,132.03633837072223,132.03633837072223,127.86852401506872,129.23493968379904,461334
1981-03-17,129.23493968379904,130.02087869199477,127.83500393200688,129.08557290488508,468525
1981-03-18,129.08557290488508,133.10838563872488,129.08557290488508,132.1399338127081,504677
1981-03-19,132.1399338127081,132.15716425875834,131.32336490955,131.9163242116468,459859
1981-03-20,131.9163242116468,136.95984750958397,131.9163242116468,136.15256895898816,560939
1981-03-23,136.15256895898816,136.7306620414757,134.2520093344475,136.27760423469852,494538
1981-03-24,136.27760423469852,142.91260312333995,136.27760423469852,140.9414233610194,567238
1981-03-25,140.9414233610194,143.1058104687005,140.2039425994647,141.11444019518086,533379
1981-03-26,141.11444019518086,147.94874726856136,141.11444019518086,145.82896050442955,483998
1981-03-27,145.82896050442955,145.82896050442955,141.49978481443083,143.47973171730612,570514
1981-03-30,143.47973171730612,148.45977151867464,143.47973171730612,147.9245652431154,396203
1981-03-31,147.9245652431154,153.9595138807952,147.9245652431154,152.18756542731722,526828
1981-04-01,152.18756542731722,152.18756542731722,148.01721152681205,149.7206230184427,452766
1981-04-02,149.7206230184427,152.45948212434877,149.7206230184427,151.00104796404452,413109
1981-04-03,151.00104796404452,158.1122026198402,151.00104796404452,156.1027502062057,463479
1981-04-06,156.1027502062057,160.44095502300087,156.1027502062057,158.73174811320985,419736
1981-04-07,158.73174811320985,159.41162361567288,158.33794895182055,158.7745863007246,494351
1981-04-08,158.7745863007246,158.7745863007246,155.36744732994646,156.79543931004892,484803
1981-04-09,156.79543931004892,158.4280358746345,156.79543931004892,157.7916586214264,420427
1981-04-10,157.7916586214264,163.14603609418103,157.7916586214264,160.85360660671918,435074
1981-04-13,160.85360660671918,168.45883862676288,160.85360660671918,166.7627500405765,366291
1981-04-14,166.7627500405765,174.71574428282358,166.7627500405765,173.03017605269116,453644
1981-04-15,173.03017605269116,176.1749470600597,173.03017605269116,174.16355109714112,506140
1981-04-16,174.16355109714112,178.02162262228165,174.16355109714112,177.41949891951649,698112
1981-04-17,177.41949891951649,177.41949891951649,167.88065095483682,170.1092844189763,610243
1981-04-20,170.1092844189763,171.71205590100325,168.86318287237668,169.9173859825813,420214
1981-04-21,169.9173859825813,175.0054668746616,169.9173859825813,173.37169376631027,433294
1981-04-22,173.37169376631027,173.37169376631027,165.21167527003007,165.93676215551204,574967
1981-04-23,165.93676215551204,165.93676215551204,161.29508105130864,161.51324847019515,438028
1981-04-24,161.51324847019515,168.2538053297918,161.51324847019515,167.38432706609825,505109
1981-04-27,167.38432706609825,172.07638520148072,167.38432706609825,169.5799203709727,481472
1981-04-28,169.5799203709727,180.4447412089376,169.5799203709727,178.61946684325918,538754
1981-04-29,178.61946684325918,180.15925661535715,177.75776062439562,179.12666182629818,398788
1981-04-30,179.12666182629818,180.26937876146346,177.64934347821153,179.73916764390597,486888
1981-05-01,179.73916764390597,179.73916764390597,168.39499536302964,170.82570871555305,495032
1981-05-04,170.82570871555305,170.82570871555305,163.95374955647844,165.74271170791792,569433
1981-05-05,165.74271170791792,166.5428647767523,163.96083827497097,165.65019478559034,552565
1981-05-06,165.65019478559034,168.5969337770018,165.65019478559034,167.80515453621777,471417
1981-05-07,167.80515453621777,174.8223938948212,167.80515453621777,174.72531879016722,621245
1981-05-08,174.72531879016722,187.52041161318397,174.72531879016722,185.18469243606293,545896
1981-05-11,185.18469243606293,185.96687251467418,182.6747655139919,184.35269590389106,485364
1981-05-12,184.35269590389106,184.35269590389106,181.29399452448126,182.33046137837258,416815
1981-05-13,182.33046137837258,182.33046137837258,177.9825498149918,180.5221241213349,483613
1981-05-14,180.5221241213349,180.5221241213349,173.9963813032353,175.7952261039437,620854
1981-05-15,175.7952261039437,175.7952261039437,174.19539753135277,175.76532001771034,537894
1981-05-18,175.76532001771034,175.76532001771034,173.4579252575489,173.75054148974763,532455
1981-05-19,173.75054148974763,185.1420097706401,173.75054148974763,182.99685775224387,555343
1981-05-20,182.99685775224387,185.03163373313518,181.65271481021762,182.85516508260324,653308
1981-05-21,182.85516508260324,182.85516508260324,172.67160850870485,174.49294866026986,399687
1981-05-22,174.49294866026986,176.33868987153326,174.49294866026986,175.22630412480456,611441
1981-05-25,175.22630412480456,178.66230062497323,174.60058534146575,177.03135957970207,522458
1981-05-26,177.03135957970207,177.90185029222337,176.33629781343947,176.36963024430474,526216
1981-05-27,176.36963024430474,177.92217921668532,175.07291969792237,176.54616107845848,494161
1981-05-28,176.54616107845848,184.60819016778592,176.54616107845848,184.08698778619103,549666
1981-05-29,184.08698778619103,184.08698778619103,178.642143276605,181.2795201662467,610676
1981-06-01,181.2795201662467,181.2795201662467,170.1850758577249,170.93401645885857,236986
1981-06-02,170.93401645885857,170.93401645885857,162.3751173483307,163.36527311384722,485015
1981-06-03,163.36527311384722,163.36527311384722,160.43696392155746,161.6988092681954,511570
1981-06-04,161.6988092681954,167.21510973587834,161.6988092681954,165.09813463583015,528032
1981-06-05,165.09813463583015,165.28254267442657,163.3092393243438,164.44814271737195,341749
1981-06-08,164.44814271737195,164.8733796820353,161.96378918033375,162.85872693613732,462696
1981-06-09,162.85872693613732,162.85872693613732,158.18146769967376,158.4583539395596,568575
1981-06-10,158.4583539395596,159.5871775793269,158.4583539395596,159.24419718050333,529364
1981-06-11,159.24419718050333,159.24419718050333,156.01512474464585,156.51553863436706,592200
1981-06-12,156.51553863436706,156.712448175444,152.77357152782932,154.7718560309813,380708
1981-06-15,154.7718560309813,161.94297449767265,154.7718560309813,159.72992034703145,465282
1981-06-16,159.72992034703145,159.72992034703145,154.99891799717443,156.41940057107408,626588
1981-06-17,156.41940057107408,161.32546638676095,156.41940057107408,159.4149518214341,591608
1981-06-18,159.4149518214341,164.22448105017762,159.4149518214341,164.06628629706483,527020
1981-06-19,164.06628629706483,165.7678079916073,162.17308211515405,164.48342184487873,484784
1981-06-22,164.48342184487873,165.10640968341443,164.05873088327078,165.0004256386975,384961
1981-06-23,165.0004256386975,165.0004256386975,158.0700920365012,160.15142269133332,520789
1981-06-24,160.15142269133332,160.29282752286167,156.57943130585465,158.62229950837346,515432
1981-06-25,158.62229950837346,158.62229950837346,155.55706692074972,155.65505684881117,533823
1981-06-26,155.65505684881117,155.65505684881117,147.30031166389563,149.1761300857783,685509
1981-06-29,149.1761300857783,150.1748242281899,146.92710359479395,148.14465815615932,559404
1981-06-30,148.14465815615932,148.14465815615932,143.27915450361908,143.57434529113428,500236
1981-07-01,143.57434529113428,151.4789053882576,143.57434529113428,149.97605336124005,378594
1981-07-02,149.97605336124005,151.02822066508833,148.67094246800366,149.92537998787665,617979
1981-07-03,149.92537998787665,158.5857347386154,149.92537998787665,156.78255493874136,577224
1981-07-06,156.78255493874136,159.91657600138103,156.78255493874136,158.89639650479643,700614
1981-07-07,158.89639650479643,167.18486434713006,158.89639650479643,166.96414084650883,571877
1981-07-08,166.96414084650883,166.96414084650883,163.53283888792976,163.6232617425142,423971
1981-07-09,163.6232617425142,165.36743912591243,163.6232617425142,164.82526069975094,583680
1981-07-10,164.82526069975094,165.8464449058381,161.93370125168104,164.09787183211483,378799
1981-07-13,164.09787183211483,164.09787183211483,160.83679843610196,162.3119693724682,528758
1981-07-14,162.3119693724682,164.87779084768982,162.3119693724682,164.83779961886322,500920
1981-07-15,164.83779961886322,164.83779961886322,159.20557675222332,159.47245536990616,516160
1981-07-16,159.47245536990616,166.07662730222728,159.47245536990616,165.92241513682387,537294
1981-07-17,165.92241513682387,165.92241513682387,156.49247239126464,157.03047789237684,518937
1981-07-20,157.03047789237684,157.03047789237684,153.94907333839615,154.78942346621005,547529
1981-07-21,154.78942346621005,161.27857868255805,154.78942346621005,160.5218142022898,403051
1981-07-22,160.5218142022898,168.25797624920378,160.5218142022898,165.99996718698563,613306
1981-07-23,165.99996718698563,165.99996718698563,158.18539075070595,160.27874907834973,482583
1981-07-24,160.27874907834973,170.2133098981022,160.27874907834973,167.7285754588607,557654
1981-07-27,167.7285754588607,178.60075392213275,167.7285754588607,178.0260384188875,532626
1981-07-28,178.0260384188875,178.0260384188875,173.21321732007289,173.85376239704675,355629
1981-07-29,173.85376239704675,179.49557635913172,173.85376239704675,179.4922199837543,542837
1981-07-30,179.4922199837543,182.11504746422085,178.45770446826262,180.29134334105558,557217
1981-07-31,180.29134334105558,193.20716092757874,180.29134334105558,190.49693640871877,540190
1981-08-03,190.49693640871877,190.49693640871877,185.8734419009054,187.1107038069181,572168
1981-08-04,187.1107038069181,195.39653304889546,187.1107038069181,193.79805718261616,563447
1981-08-05,193.79805718261616,208.88861884043575,193.79805718261616,207.81476401469357,444977
1981-08-06,207.81476401469357,214.32669787453324,207.81476401469357,213.88265383294606,477042
1981-08-07,213.88265383294606,213.88265383294606,208.81394807006828,210.957745152792,533706
1981-08-10,210.957745152792,224.75859005594378,210.957745152792,223.46015410410615,577419
1981-08-11,223.46015410410615,223.46015410410615,219.40269170810993,220.89256251934466,472194
1981-08-12,220.89256251934466,223.895676306445,220.51002159586977,222.77655156816266,600827
1981-08-13,222.77655156816266,228.6412455633588,222.77655156816266,225.95863774404734,447703
1981-08-14,225.95863774404734,225.95863774404734,221.93638305337944,223.97449566094625,326676
1981-08-17,223.97449566094625,229.3751244285051,223.97449566094625,227.2217273821292,487242
1981-08-18,227.2217273821292,227.2217273821292,215.00569258394654,215.98569459595532,584895
1981-08-19,215.98569459595532,215.98569459595532,211.5155953925143,211.9833453458045,431016
1981-08-20,211.9833453458045,227.53099924047075,211.9833453458045,226.76091000020773,518233
1981-08-21,226.76091000020773,234.7253351906578,226.76091000020773,231.9138472197364,591984
1981-08-24,231.9138472197364,232.038457848046,228.20087311206643,230.9400383078728,356081
1981-08-25,230.9400383078728,230.9400383078728,221.64179214989693,223.04446812312105,602744
1981-08-26,223.04446812312105,223.04446812312105,217.84128443567522,220.38703261893744,469674
1981-08-27,220.38703261893744,220.38703261893744,212.8021877838775,215.5178994062789,322805
1981-08-28,215.5178994062789,215.5178994062789,195.97656396254098,197.90153307633548,612613
1981-08-31,197.90153307633548,197.90153307633548,192.26739694095014,193.5642690655476,600791
1981-09-01,193.5642690655476,194.25629927296225,190.84180670684475,192.28723159470275,517615
1981-09-02,192.28723159470275,192.28723159470275,186.25827749964807,188.8699682211133,515002
1981-09-03,188.8699682211133,188.8699682211133,176.43334536314944,176.78778522625134,475023
1981-09-04,176.78778522625134,184.7248364506609,176.78778522625134,182.41280557760135,505334
1981-09-07,182.41280557760135,182.41280557760135,175.01741191333483,177.32445654795228,521287
1981-09-08,177.32445654795228,179.3336339812174,177.32445654795228,179.00898164146167,508790
1981-09-09,179.00898164146167,179.00898164146167,172.56661373673714,173.0051123738965,608874
1981-09-10,173.0051123738965,173.0051123738965,167.37113817144734,167.82910949566917,550046
1981-09-11,167.82910949566917,167.82910949566917,164.4717112165081,164.805338563946,450359
1981-09-14,164.805338563946,164.805338563946,156.58307257025422,157.88251909315355,396562
1981-09-15,157.88251909315355,157.88251909315355,146.93091781540124,148.34043868996764,555024
1981-09-16,148.34043868996764,151.38553314616203,148.34043868996764,150.52352942796233,508233
1981-09-17,150.52352942796233,153.53414438785714,150.5087398227207,151.34539921398556,398614
1981-09-18,151.34539921398556,151.34539921398556,145.72491323495643,146.87843048184232,460032
1981-09-21,146.87843048184232,146.87843048184232,142.58366071396173,144.5869887674347,721696
1981-09-22,144.5869887674347,144.5869887674347,139.62442511193402,141.68706629964146,512554
1981-09-23,141.68706629964146,142.3526767513724,138.33560182763773,140.26122634892852,370302
1981-09-24,140.26122634892852,142.34151718156969,139.0225163474562,141.13137444996784,451003
1981-09-25,141.13137444996784,141.13137444996784,135.3034452081646,136.0836342050428,494906
1981-09-28,136.0836342050428,136.0836342050428,131.9886198887483,133.27236794741108,613140
1981-09-29,133.27236794741108,139.46656851744387,133.27236794741108,138.84353926082818,420864
1981-09-30,138.84353926082818,154.97847653827617,138.84353926082818,152.72962918922252,446094
1981-10-01,152.72962918922252,157.0014626312449,152.72962918922252,155.14083441697133,539539
1981-10-02,155.14083441697133,158.13382153349653,155.14083441697133,156.6748723125719,486012
1981-10-05,156.6748723125719,163.1206108545727,156.6748723125719,161.40558591166376,601656
1981-10-06,161.40558591166376,161.40558591166376,155.95550138222316,157.32851908987755,507124
1981-10-07,157.32851908987755,157.32851908987755,152.30294662835175,154.04031332403508,413608
1981-10-08,154.04031332403508,157.66243061000907,154.04031332403508,156.24223087846084,314960
1981-10-09,156.24223087846084,156.35045416315918,154.2699938486466,155.74678290826947,473797
1981-10-12,155.74678290826947,159.13598159666745,155.74678290826947,158.3706036756184,467280
1981-10-13,158.3706036756184,159.7700360851059,156.36565372762294,157.78634758411098,504611
1981-10-14,157.78634758411098,157.78634758411098,146.7220598770003,148.8738351903373,541092
1981-10-15,148.8738351903373,152.62899899972544,148.8738351903373,151.31436196957424,401684
1981-10-16,151.31436196957424,151.31436196957424,147.7772177173343,149.87143635264417,475463
1981-10-19,149.87143635264417,149.87143635264417,142.52527688423737,143.1250984316068,313229
1981-10-20,143.1250984316068,144.80119194307093,142.7380989083504,143.45283441910564,489496
1981-10-21,143.45283441910564,147.3823752059146,143.45283441910564,146.09116965545454,453547
1981-10-22,146.09116965545454,148.85997953965474,145.36249305004532,147.2355467949451,452298
1981-10-23,147.2355467949451,150.6496001133633,146.88814732975453,149.01117408516396,408020
1981-10-26,149.01117408516396,149.01117408516396,148.11856989207897,148.1439344331804,516308
1981-10-27,148.1439344331804,148.1439344331804,138.85405435007792,139.4350175054385,508657
1981-10-28,139.4350175054385,142.04987044279062,139.4350175054385,141.94102877095077,554409
1981-10-29,141.94102877095077,146.2093890274892,141.94102877095077,145.86252159223906,459377
1981-10-30,145.86252159223906,145.86252159223906,142.01295138449623,143.73741233008207,479516
1981-11-02,143.73741233008207,148.74990903594903,143.73741233008207,147.00886759809038,333957
1981-11-03,147.00886759809038,147.30498783130324,145.42251408714202,145.82576032890827,611448
1981-11-04,145.82576032890827,145.82576032890827,140.94649693420786,141.37989573290534,526935
1981-11-05,141.37989573290534,141.79928577372192,140.7804285463415,140.81016421669239,424870
1981-11-06,140.81016421669239,150.70188917255825,140.81016421669239,149.95302985792202,505231
1981-11-09,149.95302985792202,153.88687721100396,149.95302985792202,153.03450009643194,613862
1981-11-10,153.03450009643194,153.03450009643194,151.2064759259794,151.23765987149014,494799
1981-11-11,151.23765987149014,151.23765987149014,147.4740905274587,149.58148760930894,438980
1981-11-12,149.58148760930894,149.88690530853302,148.65513876613193,149.7243120055284,436869
1981-11-13,149.7243120055284,159.00827790277557,149.7243120055284,157.78098887585278,685176
1981-11-16,157.78098887585278,164.1168123791039,157.78098887585278,164.08425763714814,505969
1981-11-17,164.08425763714814,164.08425763714814,159.76405261015023,160.8686163984801,524607
1981-11-18,160.8686163984801,165.26312942322494,160.8686163984801,163.00978288101086,557854
1981-11-19,163.00978288101086,163.00978288101086,158.795645616177,160.05786829523115,627523
1981-11-20,160.05786829523115,160.05786829523115,155.2323257828753,156.07239954479377,394222
1981-11-23,156.07239954479377,156.07239954479377,151.70929058058792,153.37057635589989,576924
1981-11-24,153.37057635589989,155.31975875867536,153.37057635589989,154.93842658461986,585806
1981-11-25,154.93842658461986,155.43390497656355,152.95826850259317,155.21711922918223,542758
1981-11-26,155.21711922918223,155.21711922918223,150.9597763987296,151.05288458888347,387190
1981-11-27,151.05288458888347,151.05288458888347,145.03780781016744,146.59277309103373,598888
1981-11-30,146.59277309103373,149.80084824120624,146.59277309103373,148.46400257235723,564366
1981-12-01,148.46400257235723,148.46400257235723,145.76803863843912,146.22234019601382,481857
1981-12-02,146.22234019601382,146.22234019601382,134.4743821105199,136.26673150861507,483721
1981-12-03,136.26673150861507,139.76400622471576,136.26673150861507,139.07357557314987,596888
1981-12-04,139.07357557314987,139.07357557314987,131.13666085748352,132.20206994877293,374492
1981-12-07,132.20206994877293,132.20206994877293,126.8982484487533,127.94813704429701,545871
1981-12-08,127.94813704429701,127.94813704429701,123.16838701143188,124.54600164838762,575459
1981-12-09,124.54600164838762,124.54600164838762,120.7745990013639,122.18635156478867,631602
1981-12-10,122.18635156478867,123.72929407989551,122.18635156478867,123.15201257774133,340647
1981-12-11,123.15201257774133,130.69186666825948,123.15201257774133,129.98918336106894,448829
1981-12-14,129.98918336106894,132.02487922128228,129.84187049429514,131.40970936183018,453543
1981-12-15,131.40970936183018,134.99352842463176,131.18578661183898,133.0091011315492,481455
1981-12-16,133.0091011315492,133.86139575652393,132.51495549967623,133.20527707461292,527145
1981-12-17,133.20527707461292,136.44850927472888,133.20527707461292,134.54997100150564,567560
1981-12-18,134.54997100150564,141.6775700281983,134.54997100150564,139.7687265762741,635517
1981-12-21,139.7687265762741,144.1729608962892,139.7687265762741,142.3028858216729,523795
1981-12-22,142.3028858216729,142.3028858216729,132.27315733833737,134.26658962395652,393597
1981-12-23,134.26658962395652,134.26658962395652,125.19272133211828,126.30036009687956,634835
1981-12-24,126.30036009687956,126.30036009687956,121.90206593101412,123.43987981608743,442634
1981-12-25,123.43987981608743,131.49818124581242,123.43987981608743,131.1999244209977,443154
1981-12-28,131.1999244209977,131.1999244209977,128.5850782918541,129.31734923806965,568055
1981-12-29,129.31734923806965,134.28458002172098,129.31734923806965,133.12586291860535,482878
1981-12-30,133.12586291860535,133.12586291860535,132.46759647555163,132.5021820634902,562522
1981-12-31,132.5021820634902,132.5021820634902,126.16990172690919,126.24955654746186,590379
1982-01-01,126.24955654746186,128.2927738144022,126.19416181537383,126.98688551527987,450356
1982-01-04,126.98688551527987,126.98688551527987,125.58824943050746,125.75625461473564,552682
1982-01-05,125.75625461473564,129.01427330943076,125.75625461473564,127.75071816036935,394896
1982-01-06,127.75071816036935,130.96010503262627,127.75071816036935,130.32641081347785,641459
1982-01-07,130.32641081347785,130.32641081347785,127.10945595803666,127.6469568911929,565943
1982-01-08,127.6469568911929,129.17795941069065,126.99952546300368,128.52755140112208,471007
1982-01-11,128.52755140112208,128.52755140112208,123.22145475707313,124.63376500683049,555773
1982-01-12,124.63376500683049,126.41807721396646,124.63376500683049,125.791190948153,421999
1982-01-13,125.791190948153,132.166316249416,125.791190948153,130.41823974295295,444087
1982-01-14,130.41823974295295,134.23043836232756,130.41823974295295,134.09734776494253,576431
1982-01-15,134.09734776494253,134.09734776494253,130.78876682696685,131.93734239420127,506540
1982-01-18,131.93734239420127,133.15994139134395,130.2237023992801,131.61345265561266,380352
1982-01-19,131.61345265561266,138.63390883594693,131.61345265561266,137.94892908461293,531038
1982-01-20,137.94892908461293,137.94892908461293,135.33966004354113,135.58670022681488,555412
1982-01-21,135.58670022681488,135.58670022681488,130.14892302166342,131.00142305841146,460079
1982-01-22,131.00142305841146,131.00142305841146,127.63699769341677,128.77328741610086,429508
1982-01-25,128.77328741610086,129.79391312111468,126.66647551062594,128.0499915871524,524362
1982-01-26,128.0499915871524,133.11304469806066,128.0499915871524,131.7321712379614,473407
1982-01-27,131.7321712379614,137.6497522492588,131.7321712379614,136.4620489210541,548246
1982-01-28,136.4620489210541,141.0269479312236,136.4620489210541,140.2023508890341,494473
1982-01-29,140.2023508890341,149.22791017223977,140.2023508890341,147.72260633197573,531146
1982-02-01,147.72260633197573,152.08950867533505,147.72260633197573,151.2461214140135,577923
1982-02-02,151.2461214140135,151.2461214140135,145.97757277264927,146.51290406986664,586222
1982-02-03,146.51290406986664,152.0976022470444,146.51290406986664,150.0549082220455,592825
1982-02-04,150.0549082220455,152.00202207202506,149.00215667225905,150.345814738235,419450
1982-02-05,150.345814738235,150.345814738235,143.61854243977518,144.52037453644132,598908
1982-02-08,144.52037453644132,146.0596369501221,144.24361061890392,144.75778929570396,523046
1982-02-09,144.75778929570396,144.75778929570396,132.75546207271717,133.99575805637184,528182
1982-02-10,133.99575805637184,133.99575805637184,131.98697160305815,132.8067762901981,338180
1982-02-11,132.8067762901981,137.69941643635582,132.8067762901981,136.68643265099004,469088
1982-02-12,136.68643265099004,136.68643265099004,132.9117655012259,134.31820271263103,394289
1982-02-15,134.31820271263103,138.12901664587838,134.31820271263103,136.54507176799743,500302
1982-02-16,136.54507176799743,137.19266809042747,134.02165171065053,135.65884833323125,488293
1982-02-17,135.65884833323125,135.92373095841992,133.5223366526372,135.51191756919593,385374
1982-02-18,135.51191756919593,137.18518164392157,135.51191756919593,136.14173403130314,665119
1982-02-19,136.14173403130314,142.94973341713816,136.14173403130314,142.35330316734928,599070
1982-02-22,142.35330316734928,142.35330316734928,138.322492930144,138.5655616330195,485569
1982-02-23,138.5655616330195,143.34668664849198,138.5655616330195,141.24775037834752,651799
1982-02-24,141.24775037834752,141.24775037834752,134.92120425992903,136.24327180625318,627283
1982-02-25,136.24327180625318,139.07955022654446,136.24327180625318,137.9004038266348,415538
1982-02-26,137.9004038266348,137.9004038266348,135.07166597658343,135.8813082927054,668832
1982-03-01,135.8813082927054,136.60998942937726,134.56649108795202,134.62760806443123,486591
1982-03-02,134.62760806443123,141.40452231206123,134.62760806443123,140.05889926362897,501874
1982-03-03,140.05889926362897,144.78954878736266,140.05889926362897,144.70794501495106,554831
1982-03-04,144.70794501495106,144.78204993257043,140.73541391210617,142.65976918908197,514161
1982-03-05,142.65976918908197,142.65976918908197,140.040130515249,141.55150808468153,588823
1982-03-08,141.55150808468153,143.09139842682876,141.00749742849175,142.84411247022803,526466
1982-03-09,142.84411247022803,147.92798814277896,142.84411247022803,147.05662316061265,507031
1982-03-10,147.05662316061265,154.7900231260551,147.05662316061265,153.14688948079356,358362
1982-03-11,153.14688948079356,153.14688948079356,148.15192963352104,149.53932971913818,573443
1982-03-12,149.53932971913818,154.207513735146,149.53932971913818,152.76868075337103,569784
1982-03-15,152.76868075337103,158.4595088360605,152.76868075337103,157.82739279280386,564891
1982-03-16,157.82739279280386,160.49390417538035,157.82739279280386,158.60629990197856,656414
1982-03-17,158.60629990197856,164.84383248755663,158.60629990197856,164.03408413205833,510865
1982-03-18,164.03408413205833,166.0200185879806,164.03408413205833,165.24344394621124,485982
1982-03-19,165.24344394621124,165.24344394621124,162.4232716460197,162.76517874407037,658287
1982-03-22,162.76517874407037,164.948733355024,162.32700784615483,162.66866561582083,551789
1982-03-23,162.66866561582083,162.66866561582083,152.26978638499128,154.38455200561492,533261
1982-03-24,154.38455200561492,154.38455200561492,149.3654650253841,150.83735368181817,466351
1982-03-25,150.83735368181817,153.59484519036837,150.05415921730153,152.29588369278952,633857
1982-03-26,152.29588369278952,152.50765052395724,149.42926700271613,150.8073676329374,347066
1982-03-29,150.8073676329374,151.95219822443002,149.55859223989097,149.97589103479032,516073
1982-03-30,149.97589103479032,149.97589103479032,144.52363325282292,145.53562357273375,386394
1982-03-31,145.53562357273375,145.91068405816492,142.89831818663,143.77324649774147,525843
1982-04-01,143.77324649774147,143.77324649774147,140.51343208260067,141.63086658494166,483782
1982-04-02,141.63086658494166,149.6556870882992,141.63086658494166,148.96206296777532,482746
1982-04-05,148.96206296777532,149.4294696346535,146.34137172132543,147.5676535946155,429196
1982-04-06,147.5676535946155,156.63004097473822,147.5676535946155,155.33503742341256,559856
1982-04-07,155.33503742341256,163.362576234354,155.33503742341256,161.37858222597458,373574
1982-04-08,161.37858222597458,163.7925643747088,161.37858222597458,162.30319884098543,340616
1982-04-09,162.30319884098543,162.30319884098543,160.4725236010232,160.90955707371958,443499
1982-04-12,160.90955707371958,160.90955707371958,154.7692292926154,155.08092199618793,423341
1982-04-13,155.08092199618793,155.08092199618793,149.4460849577953,149.7155830038885,645405
1982-04-14,149.7155830038885,149.7155830038885,145.05005137064376,145.59602657312655,556985
1982-04-15,145.59602657312655,147.31102830093337,143.90235545654298,145.8654113378245,566133
1982-04-16,145.8654113378245,157.38321500378626,145.8654113378245,157.17059370806615,333456
1982-04-19,157.17059370806615,173.62172896217965,157.17059370806615,171.75538484844162,515829
1982-04-20,171.75538484844162,171.75538484844162,167.99828450551027,169.34963819781518,578876
1982-04-21,169.34963819781518,169.34963819781518,158.82901286682952,161.16695906465776,442954
1982-04-22,161.16695906465776,161.16695906465776,158.24591946501272,158.89535416548648,640755
1982-04-23,158.89535416548648,165.38814548325607,158.89535416548648,163.71862050629542,393874
1982-04-26,163.71862050629542,170.71293959687594,163.71862050629542,170.66805220557387,515595
1982-04-27,170.66805220557387,170.66805220557387,162.26397612600934,164.2360267782448,407824
1982-04-28,164.2360267782448,172.73539412408167,164.2360267782448,170.87325842579102,422910
1982-04-29,170.87325842579102,173.5628088530305,170.46701865531892,171.92681092491097,476532
1982-04-30,171.92681092491097,177.14220563464227,171.92681092491097,176.88650513387904,679492
1982-05-03,176.88650513387904,178.18901781649518,175.25385393956725,175.94813301456722,499675
1982-05-04,175.94813301456722,180.51932108299744,175.94813301456722,178.60281215565945,472651
1982-05-05,178.60281215565945,178.60281215565945,172.66295666223309,175.1460796009713,503804
1982-05-06,175.1460796009713,175.6713903946061,173.7372576671259,175.51278294274437,525500
1982-05-07,175.51278294274437,179.7703352162482,175.51278294274437,179.05931833167884,401452
1982-05-10,179.05931833167884,179.92240651405513,177.53732126440576,179.528973090096,519093
1982-05-11,179.528973090096,188.1722854247218,179.528973090096,186.50678442307262,717692
1982-05-12,186.50678442307262,193.21809043379892,186.50678442307262,191.2656573969831,474953
1982-05-13,191.2656573969831,192.3682987149836,188.63922978919703,191.128579662726,383677
1982-05-14,191.128579662726,195.4616191146559,191.128579662726,194.29258200056128,632768
1982-05-17,194.29258200056128,200.4365178405041,194.29258200056128,198.0795666409521,446895
1982-05-18,198.0795666409521,198.0795666409521,190.53639607628085,192.2301927012882,388906
1982-05-19,192.2301927012882,193.94083766579544,190.8877616561558,192.6500548685904,478560
1982-05-20,192.6500548685904,197.44906322513563,192.6500548685904,196.3097540126704,470665
1982-05-21,196.3097540126704,198.7490255157897,196.3097540126704,196.76885815437842,564823
1982-05-24,196.76885815437842,202.82076099685491,196.76885815437842,200.75471574696564,564831
1982-05-25,200.75471574696564,206.6562413485652,200.75471574696564,205.3892915033033,544668
1982-05-26,205.3892915033033,205.3892915033033,190.3408974176758,192.3235597860026,493110
1982-05-27,192.3235597860026,196.5898569275748,191.4888911484642,193.8312859849655,526833
1982-05-28,193.8312859849655,202.5161406381081,193.8312859849655,201.62942105910557,421383
1982-05-31,201.62942105910557,205.8838052047325,201.62942105910557,204.98194086330287,403483
1982-06-01,204.98194086330287,204.98194086330287,194.18303441699427,194.2096933580254,379831
1982-06-02,194.2096933580254,197.63952268572035,193.7788914166724,195.4553062306355,529037
1982-06-03,195.4553062306355,202.23722567161275,195.4553062306355,199.27134289876787,487804
1982-06-04,199.27134289876787,202.06990443346947,199.27134289876787,201.68533969320075,389725
1982-06-07,201.68533969320075,201.68533969320075,196.89326519177166,199.43098225358452,507390
1982-06-08,199.43098225358452,211.74069821183946,199.43098225358452,210.34456555965522,622173
1982-06-09,210.34456555965522,211.25401673723363,208.22298000847647,209.56999346782405,602360
1982-06-10,209.56999346782405,209.56999346782405,205.064927225289,205.7940199358325,327948
1982-06-11,205.7940199358325,205.92331008905538,205.7940199358325,205.8902439762836,592113
1982-06-14,205.8902439762836,208.98619832659332,205.11066332249743,207.1944796717045,561739
1982-06-15,207.1944796717045,218.56396259162918,207.1944796717045,217.08013398450754,510382
1982-06-16,217.08013398450754,224.10767406845315,217.08013398450754,222.83632191233772,676910
1982-06-17,222.83632191233772,222.83632191233772,217.55446091516205,220.6956701436687,508198
1982-06-18,220.6956701436687,220.6956701436687,216.63454910768223,219.13401821536485,518813
1982-06-21,219.13401821536485,228.26549215345642,219.13401821536485,225.91761024905045,620553
1982-06-22,225.91761024905045,237.23249449982038,225.91761024905045,235.94858347816833,438498
1982-06-23,235.94858347816833,237.6126613614253,233.06814336958314,234.89171515297298,484352
1982-06-24,234.89171515297298,242.948431864237,234.89171515297298,241.17021010302983,477098
1982-06-25,241.17021010302983,252.3299915567043,241.17021010302983,249.64631053840628,367277
1982-06-28,249.64631053840628,253.4981400945638,249.64631053840628,252.48820062412986,605047
1982-06-29,252.48820062412986,258.2218877680689,252.48820062412986,256.8049444058024,513783
1982-06-30,256.8049444058024,262.70762739474554,255.81909683716586,259.56571072346173,478745
1982-07-01,259.56571072346173,262.33612819242194,259.5136633147074,260.6752982656864,633075
1982-07-02,260.6752982656864,300.3625962281487,260.6752982656864,297.9917271804183,525052
1982-07-05,297.9917271804183,297.9917271804183,289.82318386133943,293.31986815766567,505857
1982-07-06,293.31986815766567,293.31986815766567,278.6530546027269,282.2216266549025,631920
1982-07-07,282.2216266549025,289.3061270846134,282.2216266549025,285.75579167467333,489895
1982-07-08,285.75579167467333,287.1837569149151,282.7637974924735,283.2938057203622,410583
1982-07-09,283.2938057203622,284.7983508247187,277.49299163387536,281.0288547673503,504753
1982-07-12,281.0288547673503,284.6244267405248,281.0288547673503,284.1187779625379,463687
1982-07-13,284.1187779625379,300.3944791127311,284.1187779625379,296.90245924516296,510554
1982-07-14,296.90245924516296,296.90245924516296,279.787978584579,283.32236748880075,533890
1982-07-15,283.32236748880075,283.32236748880075,273.4029699346029,277.45291617093807,460931
1982-07-16,277.45291617093807,281.6192642827437,277.45291617093807,278.2709826505162,608391
1982-07-19,278.2709826505162,278.9225957484479,274.1018959747281,275.66939362044263,453863
1982-07-20,275.66939362044263,275.66939362044263,268.71400121398864,271.7897925926818,505329
1982-07-21,271.7897925926818,275.2327316214744,268.95010796165445,272.3090605282443,565819
1982-07-22,272.3090605282443,272.3090605282443,269.2211086125393,270.0768367792433,562502
1982-07-23,270.0768367792433,276.9827430265397,270.0768367792433,275.3561773229866,480697
1982-07-26,275.3561773229866,275.3561773229866,267.4869824894804,270.9007103158409,490237
1982-07-27,270.9007103158409,275.8374257464617,270.9007103158409,274.3991959428881,445577
1982-07-28,274.3991959428881,278.74323892886014,272.3245405228263,275.97122035468715,535046
1982-07-29,275.97122035468715,279.95608227470734,274.266005388938,278.33620384234183,568219
1982-07-30,278.33620384234183,279.6898629874264,277.5551962929144,278.6450887769802,434709
1982-08-02,278.6450887769802,283.26189558479047,278.6450887769802,282.1535909424986,416548
1982-08-03,282.1535909424986,291.3349847166061,282.1535909424986,290.06487233676654,583225
1982-08-04,290.06487233676654,290.06487233676654,285.5424469443914,287.7578579695499,435606
1982-08-05,287.7578579695499,287.7578579695499,275.2551422482593,278.2917124831918,548584
1982-08-06,278.2917124831918,278.2917124831918,270.2156542084345,272.31467654842606,522719
1982-08-09,272.31467654842606,291.05070473597885,272.31467654842606,290.7736711375556,498336
1982-08-10,290.7736711375556,290.7736711375556,278.7372479664421,279.0816794576905,497799
1982-08-11,279.0816794576905,279.0816794576905,271.05509050248344,273.0015961421915,496470
1982-08-12,273.0015961421915,277.2136507432926,273.0015961421915,273.95910062126296,336699
1982-08-13,273.95910062126296,287.511541535936,273.95910062126296,284.6979294909154,391147
1982-08-16,284.6979294909154,298.05561357594326,284.6979294909154,296.0362312132684,579632
1982-08-17,296.0362312132684,296.0362312132684,285.84192833562,288.70526059743275,557040
1982-08-18,288.70526059743275,288.70526059743275,283.2685868859116,283.6705426426428,609753
1982-08-19,283.6705426426428,283.6705426426428,272.832952771019,275.859904573396,566487
1982-08-20,275.859904573396,275.859904573396,264.5366052230766,267.181900208631,512909
1982-08-23,267.181900208631,270.7127769560223,264.8330266721686,268.6196867341326,378608
1982-08-24,268.6196867341326,272.5192863540889,268.6196867341326,271.22478611901414,407127
1982-08-25,271.22478611901414,273.0454586874828,267.7325534593613,270.24235499660165,524639
1982-08-26,270.24235499660165,275.78484057563145,269.09845725748426,272.7782414007605,485362
1982-08-27,272.7782414007605,277.48808743855113,271.100902011502,274.29602930701225,464306
1982-08-30,274.29602930701225,278.5168502542361,272.6096485263265,275.7147997300983,527404
1982-08-31,275.7147997300983,284.0472966089715,275.7147997300983,283.72504127570215,467976
1982-09-01,283.72504127570215,283.72504127570215,276.44306033020473,276.5720592322335,352977
1982-09-02,276.5720592322335,297.161342071606,276.5720592322335,297.0649554816299,436894
1982-09-03,297.0649554816299,297.64433039223377,293.3802047781466,293.415657343986,299340
1982-09-06,293.415657343986,298.7707701499643,293.415657343986,294.8376427116934,529505
1982-09-07,294.8376427116934,299.97023900771944,294.6955460669581,298.27930541913435,461215
1982-09-08,298.27930541913435,298.27930541913435,291.5897679796496,293.7797231662331,637604
1982-09-09,293.7797231662331,293.7797231662331,280.4025078634242,283.001035595174,534492
1982-09-10,283.001035595174,290.20152952396717,283.001035595174,288.28710697592516,385138
1982-09-13,288.28710697592516,288.28710697592516,271.57146230419124,274.4952642980747,474805
1982-09-14,274.4952642980747,286.77478263376344,274.4952642980747,283.73829774401065,573759
1982-09-15,283.73829774401065,287.5241552439151,283.73829774401065,287.13994225081154,444101
1982-09-16,287.13994225081154,287.13994225081154,278.4041319919449,281.9147922353666,380921
1982-09-17,281.9147922353666,282.45604298223236,276.2491072089061,279.49172792593953,404532
1982-09-20,279.49172792593953,279.49172792593953,267.1617122881711,270.38281968951844,366775
1982-09-21,270.38281968951844,276.8606668729192,270.38281968951844,274.964904165043,617380
1982-09-22,274.964904165043,282.9611656627865,274.964904165043,279.84787429098475,461380
1982-09-23,279.84787429098475,283.41976199021366,278.2049198218363,280.52219959406006,446539
1982-09-24,280.52219959406006,287.3100958509402,280.52219959406006,284.6227066091705,524038
1982-09-27,284.6227066091705,284.6227066091705,278.9987909262374,279.10881407339997,546398
1982-09-28,279.10881407339997,284.63659123488196,279.10881407339997,282.8567312652881,462246
1982-09-29,282.8567312652881,282.8567312652881,279.708129817516,279.78754668255635,625357
1982-09-30,279.78754668255635,288.40762827158085,279.78754668255635,287.39575532186484,580848
1982-10-01,287.39575532186484,303.54035944821965,287.39575532186484,302.1226869967028,391710
1982-10-04,302.1226869967028,309.1472320892853,302.1226869967028,307.11748642415785,285117
1982-10-05,307.11748642415785,316.2126347762776,307.11748642415785,314.8270402864153,521256
1982-10-06,314.8270402864153,319.6881238037922,311.3659568438216,315.7211392569109,659929
1982-10-07,315.7211392569109,320.21613170411933,314.7789575448693,318.6418990399697,525264
1982-10-08,318.6418990399697,321.911895665692,316.1445233846812,317.8398402350148,607983
1982-10-11,317.8398402350148,317.8398402350148,314.3401805253206,316.6105324674402,602634
1982-10-12,316.6105324674402,319.3476155770095,313.4356608847705,316.9924652302011,551703
1982-10-13,316.9924652302011,316.9924652302011,313.57380087199687,314.14418381340056,437065
1982-10-14,314.14418381340056,314.14418381340056,309.13765317447127,309.8741634898134,593089
1982-10-15,309.8741634898134,330.2368109576105,309.8741634898134,325.52374814743155,492036
1982-10-18,325.52374814743155,326.21664998236486,321.4872103668403,321.9740211406779,555164
1982-10-19,321.9740211406779,321.9740211406779,315.30590116030066,315.60373626752875,460160
1982-10-20,315.60373626752875,325.41874810756786,315.60373626752875,321.54592907590444,535351
1982-10-21,321.54592907590444,339.60479343199614,321.54592907590444,339.28559490081705,524566
1982-10-22,339.28559490081705,341.4384545935785,339.28559490081705,340.5948160899915,414046
1982-10-25,340.5948160899915,344.498856617743,338.925087167139,341.21246888816256,516862
1982-10-26,341.21246888816256,345.0751702553755,338.66584829883305,342.48528004710215,487534
1982-10-27,342.48528004710215,354.6206782605441,342.48528004710215,349.7835138240703,657789
1982-10-28,349.7835138240703,349.90733379460636,347.1870123724008,349.3278010406696,593128
1982-10-29,349.3278010406696,362.93036393254414,349.3278010406696,362.2429012130934,667926
1982-11-01,362.2429012130934,375.0717200798537,362.2429012130934,372.3362198310973,502907
1982-11-02,372.3362198310973,374.7830204541677,367.1824335992816,372.0069308556681,519153
1982-11-03,372.0069308556681,372.4636083790977,363.16047979641485,368.17659582583207,535652
1982-11-04,368.17659582583207,368.17659582583207,355.294618451136,359.98381931601654,402565
1982-11-05,359.98381931601654,359.98381931601654,352.6623114940587,357.6865684500703,571438
1982-11-08,357.6865684500703,357.6865684500703,343.4222241495599,344.3856160475378,629962
1982-11-09,344.3856160475378,344.3856160475378,331.4250335509219,334.3576733828272,597004
1982-11-10,334.3576733828272,334.3576733828272,315.0089475346458,318.563180555727,440778
1982-11-11,318.563180555727,319.9064768374424,314.8709445536282,318.4878518589646,522582
1982-11-12,318.4878518589646,318.4878518589646,296.6496952128837,301.05587852694924,545388
1982-11-15,301.05587852694924,301.05587852694924,285.77840687000736,289.2475313391849,518568
1982-11-16,289.2475313391849,293.7635642725094,289.2475313391849,293.34344124627376,575361
1982-11-17,293.34344124627376,319.9571598599795,293.34344124627376,318.3079009108836,564030
1982-11-18,318.3079009108836,320.50948889232234,318.3079009108836,320.1563981139427,378998
1982-11-19,320.1563981139427,329.79378336487355,320.1563981139427,329.3899128028631,443789
1982-11-22,329.3899128028631,329.7774976883177,324.8024000307615,329.5442934531068,593713
1982-11-23,329.5442934531068,329.5442934531068,316.48042103953406,319.070247413127,473831
1982-11-24,319.070247413127,319.070247413127,309.5342440568159,312.4365299143362,439059
1982-11-25,312.4365299143362,314.08122105529145,306.52087785553243,309.54148737418933,545540
1982-11-26,309.54148737418933,318.51236655954835,309.54148737418933,315.9179299458801,432230
1982-11-29,315.9179299458801,318.8989602557629,313.247335430761,316.4364590162128,484065
1982-11-30,316.4364590162128,329.85483587134433,316.4364590162128,325.7686780718773,461445
1982-12-01,325.7686780718773,325.7686780718773,308.77321408578774,312.9152997562457,511751
1982-12-02,312.9152997562457,312.9152997562457,294.7053119752285,298.9296939212502,392761
1982-12-03,298.9296939212502,307.37389712301774,298.9296939212502,306.8616230991163,411833
1982-12-06,306.8616230991163,319.69898069156795,306.8616230991163,319.6006392187882,542361
1982-12-07,319.6006392187882,319.7922625165498,315.3576938479091,317.2042297083498,527756
1982-12-08,317.2042297083498,327.55678294778244,317.2042297083498,324.61152812822746,547471
1982-12-09,324.61152812822746,324.61152812822746,314.1926865410054,318.10597501669537,405772
1982-12-10,318.10597501669537,318.10597501669537,313.0056496970271,315.11175395824756,624078
1982-12-13,315.11175395824756,315.11175395824756,307.764056122608,310.28441722267894,639798
1982-12-14,310.28441722267894,313.9948015604348,309.3030573924499,311.39052121615686,423558
1982-12-15,311.39052121615686,311.39052121615686,307.04989597932763,309.9778264584373,438613
1982-12-16,309.9778264584373,311.8081503094591,306.11983231034907,309.1087443383066,518528
1982-12-17,309.1087443383066,309.1087443383066,301.3436536801079,305.12483152281067,474369
1982-12-20,305.12483152281067,312.25239301155386,305.12483152281067,308.8913446652586,453384
1982-12-21,308.8913446652586,309.0387580159172,306.7073931490274,308.6440204145438,486349
1982-12-22,308.6440204145438,314.85196831044397,308.6440204145438,310.90171686048836,332827
1982-12-23,310.90171686048836,310.90171686048836,304.7903438393712,304.9869150457494,551818
1982-12-24,304.9869150457494,304.9869150457494,299.02802013697413,300.30655526864564,556830
1982-12-27,300.30655526864564,301.75812168863416,294.1156257493523,298.2436545750649,494775
1982-12-28,298.2436545750649,304.3814157457742,296.983051652681,301.18746327049837,545844
1982-12-29,301.18746327049837,319.595887686823,301.18746327049837,315.4525620516982,444104
1982-12-30,315.4525620516982,315.4525620516982,309.8352670120499,312.80040813028626,442385
1982-12-31,312.80040813028626,312.80040813028626,307.99742390903936,310.0560856355217,611068
1983-01-03,310.0560856355217,310.13376777264455,306.62922142244963,308.1162015809529,608463
1983-01-04,308.1162015809529,323.24079850185143,308.1162015809529,318.7211832923463,535415
1983-01-05,318.7211832923463,324.923588467205,318.7211832923463,324.85398385139575,461207
1983-01-06,324.85398385139575,329.29128173814104,324.85398385139575,327.8989885935584,458403
1983-01-07,327.8989885935584,327.8989885935584,318.95352854366973,322.491200353726,588363
1983-01-10,322.491200353726,332.44464158994555,322.491200353726,330.2587858833907,437122
1983-01-11,330.2587858833907,330.2587858833907,326.4711285914532,327.57338153862406,343222
1983-01-12,327.57338153862406,333.8005711449252,326.2475920332903,329.0873978591636,467240
1983-01-13,329.0873978591636,335.30459160347624,329.0873978591636,331.21760400342356,571899
1983-01-14,331.21760400342356,344.6050093038192,331.21760400342356,340.7296707763015,577623
1983-01-17,340.7296707763015,340.7296707763015,332.1163315174665,335.91565807716773,520783
1983-01-18,335.91565807716773,335.91565807716773,315.5696033451518,318.65971665795104,662812
1983-01-19,318.65971665795104,330.51278817095107,318.65971665795104,329.20974089740565,408141
1983-01-20,329.20974089740565,329.20974089740565,323.70638775852274,324.08000599001457,492910
1983-01-21,324.08000599001457,335.1698307638989,324.08000599001457,333.3885480713443,476160
1983-01-24,333.3885480713443,333.3885480713443,321.19562713766965,323.8986869739307,615646
1983-01-25,323.8986869739307,323.8986869739307,315.11975741420787,318.217752867594,409520
1983-01-26,318.217752867594,318.217752867594,303.2049689944584,304.9967924890594,522583
1983-01-27,304.9967924890594,314.7194549241478,304.9967924890594,312.4093277367127,526995
1983-01-28,312.4093277367127,312.4093277367127,296.60452360752805,300.9938516757021,516612
1983-01-31,300.9938516757021,300.9938516757021,292.30775388759116,295.04869827560935,412663
1983-02-01,295.04869827560935,304.92324475233005,295.04869827560935,303.1178053827578,411183
1983-02-02,303.1178053827578,303.1178053827578,297.5833260896249,300.40038305209134,423337
1983-02-03,300.40038305209134,303.7451279641725,300.40038305209134,302.07079468901094,467215
1983-02-04,302.07079468901094,310.92525100810496,302.07079468901094,309.3666477677347,357197
1983-02-07,309.3666477677347,309.3666477677347,298.6704530834471,301.65898286205675,528002
1983-02-08,301.65898286205675,310.3970128362646,301.65898286205675,310.35501475207667,469626
1983-02-09,310.35501475207667,312.6348261754193,304.8451439792552,309.13128350183473,473612
1983-02-10,309.13128350183473,312.09320962361,309.13128350183473,311.31215812083514,383091
1983-02-11,311.31215812083514,311.31215812083514,304.75455896651084,308.7985915843858,509214
1983-02-14,308.7985915843858,308.7985915843858,292.37460214596814,296.3089895046012,541436
1983-02-15,296.3089895046012,302.53220404990236,296.3089895046012,302.3136989282926,425353
1983-02-16,302.3136989282926,316.9778882178451,302.3136989282926,314.8331155704672,505332
1983-02-17,314.8331155704672,320.0459574407327,314.6810302406866,317.3284837605012,604569
1983-02-18,317.3284837605012,319.942894075199,317.3284837605012,319.6586667645505,326544
1983-02-21,319.6586667645505,319.6586667645505,314.5541750071394,315.9849008417593,437031
1983-02-22,315.9849008417593,327.7841989911281,315.9849008417593,323.2075482239828,596958
1983-02-23,323.2075482239828,348.7751642135009,323.2075482239828,345.7761013038948,515207
1983-02-24,345.7761013038948,349.8913053298892,343.9640903219188,345.2084296525547,548519
1983-02-25,345.2084296525547,350.3129501606714,342.36085671825424,347.3482166049775,403867
1983-02-28,347.3482166049775,348.56917575983516,345.40152631517697,346.9977177820205,458177
1983-03-01,346.9977177820205,350.879089142068,346.5228494438837,349.1375680362384,387847
1983-03-02,349.1375680362384,369.85663601283494,349.1375680362384,369.0424996292419,571783
1983-03-03,369.0424996292419,369.0424996292419,359.46355744946385,364.3931001411775,511649
1983-03-04,364.3931001411775,364.3931001411775,354.8482486151756,358.46187513429516,477772
1983-03-07,358.46187513429516,367.9846902904335,358.46187513429516,365.5732058646317,576596
1983-03-08,365.5732058646317,370.1959663561923,365.5732058646317,369.3952589408113,350096
1983-03-09,369.3952589408113,369.3952589408113,356.9925453417511,358.3869791734202,438990
1983-03-10,358.3869791734202,390.78377228680756,358.3869791734202,387.11240319350617,570683
1983-03-11,387.11240319350617,387.11240319350617,369.33397194806366,372.37317584896954,500610
1983-03-14,372.37317584896954,372.37317584896954,368.6664865376612,369.07778794913156,478617
1983-03-15,369.07778794913156,386.23732057031475,369.07778794913156,380.56604153881864,460610
1983-03-16,380.56604153881864,403.8494986279125,380.56604153881864,398.5499216759976,592711
1983-03-17,398.5499216759976,410.68774985209984,398.5499216759976,406.1546897252296,523306
1983-03-18,406.1546897252296,429.3867196491098,406.1546897252296,426.87880161488346,560785
1983-03-21,426.87880161488346,426.87880161488346,410.89794531657583,415.6237491560166,556107
1983-03-22,415.6237491560166,418.7309834749897,411.1333551301994,416.1908643963908,521441
1983-03-23,416.1908643963908,420.93973577803587,414.9513275135412,419.90562073988264,520351
1983-03-24,419.90562073988264,433.99638812098266,419.90562073988264,431.3907304048724,658444
1983-03-25,431.3907304048724,453.70079103048863,431.3907304048724,447.47100983602036,446827
1983-03-28,447.47100983602036,459.81236839631174,447.47100983602036,457.28791041811036,466518
1983-03-29,457.28791041811036,485.6869008562502,457.28791041811036,480.74268577316366,406825
1983-03-30,480.74268577316366,480.74268577316366,475.4268405811509,476.6575430528044,483908
1983-03-31,476.6575430528044,495.08859781024864,476.6575430528044,493.84357626813596,384074
1983-04-01,493.84357626813596,493.84357626813596,481.61404123159343,487.4270321440722,415220
1983-04-04,487.4270321440722,487.71614498064474,485.14953709777575,487.17864891759433,334666
1983-04-05,487.17864891759433,492.61802634710665,480.1869216956409,485.887143581997,400362
1983-04-06,485.887143581997,485.887143581997,474.31985193768713,478.61362126321984,528790
1983-04-07,478.61362126321984,506.33741274202725,478.61362126321984,505.01392359384664,447506
1983-04-08,505.01392359384664,510.0448726379567,501.5299674075635,508.4479921011129,541939
1983-04-11,508.4479921011129,536.5604691322931,508.4479921011129,532.4479444279647,553660
1983-04-12,532.4479444279647,532.4479444279647,503.8895926941416,509.1116485695396,524759
1983-04-13,509.1116485695396,509.1116485695396,467.08347149943904,473.32779821328404,442117
1983-04-14,473.32779821328404,473.32779821328404,464.1648220606354,468.2560632607427,525258
1983-04-15,468.2560632607427,503.39018548723107,468.2560632607427,495.963352367573,580344
1983-04-18,495.963352367573,495.963352367573,482.00920163248617,486.98318336039114,428989
1983-04-19,486.98318336039114,486.98318336039114,466.85225386180343,470.86613417557555,549623
1983-04-20,470.86613417557555,470.86613417557555,449.4853239363348,451.2026410795149,530277
1983-04-21,451.2026410795149,451.2026410795149,430.1624117042936,434.7948245061703,572510
1983-04-22,434.7948245061703,434.7948245061703,426.40845509394603,428.6814060365234,586489
1983-04-25,428.6814060365234,446.8987722295645,428.6814060365234,444.0588744945089,529507
1983-04-26,444.0588744945089,451.8943740993044,443.49606286003353,446.4411533024196,507873
1983-04-27,446.4411533024196,458.83295316107484,446.4411533024196,455.5602067471084,463836
1983-04-28,455.5602067471084,471.9895642927261,455.5602067471084,467.767634237162,475632
1983-04-29,467.767634237162,467.88830964445583,456.40013280550403,462.52517521613055,431111
1983-05-02,462.52517521613055,462.52517521613055,455.210757994482,457.41891252596145,522967
1983-05-03,457.41891252596145,470.69075877788293,457.41891252596145,465.5447397244752,540801
1983-05-04,465.5447397244752,465.5447397244752,449.4395460575425,456.14765314072713,545669
1983-05-05,456.14765314072713,456.14765314072713,448.67880361585077,451.03571449599343,434265
1983-05-06,451.03571449599343,482.1686811188854,451.03571449599343,476.61079231165115,423610
1983-05-09,476.61079231165115,488.09420478127294,475.8640968885712,482.84791044086273,489494
1983-05-10,482.84791044086273,482.84791044086273,471.1762223078904,471.6374895861552,604094
1983-05-11,471.6374895861552,471.6374895861552,456.96625865067097,463.05400493825437,468744
1983-05-12,463.05400493825437,484.45114258729967,463.05400493825437,483.41147451890663,362455
1983-05-13,483.41147451890663,483.41147451890663,479.54132545355384,479.6408059930761,496166
1983-05-16,479.6408059930761,479.6408059930761,466.4047541477921,473.20414212200905,285224
1983-05-17,473.20414212200905,497.7050532822014,473.20414212200905,491.62148396382344,435618
1983-05-18,491.62148396382344,519.0373217556621,491.62148396382344,516.4537606505453,558342
1983-05-19,516.4537606505453,516.6714005604725,509.4607853501777,514.5671993046602,528733
1983-05-20,514.5671993046602,524.1368444259563,514.5671993046602,521.5639595711548,555489
1983-05-23,521.5639595711548,525.8799017215513,516.7960895683825,523.0137075025084,575064
1983-05-24,523.0137075025084,526.3964019214745,513.8722627958063,520.2031290263722,500183
1983-05-25,520.2031290263722,532.0165971880801,520.2031290263722,525.006651680496,596508
1983-05-26,525.006651680496,662.5182694347989,525.006651680496,655.0588673588576,490773
1983-05-27,655.0588673588576,655.0588673588576,632.1113449788883,635.5526679895572,540675
1983-05-30,635.5526679895572,651.7261339382462,635.5526679895572,643.8251095806132,536652
1983-05-31,643.8251095806132,643.8251095806132,611.7984094859194,620.8379515548243,500290
1983-06-01,620.8379515548243,620.8379515548243,609.1976705060108,616.236193759813,493947
1983-06-02,616.236193759813,624.3109946370772,616.236193759813,622.2507876431093,457675
1983-06-03,622.2507876431093,643.5716031423103,622.2507876431093,638.4430127216335,596309
1983-06-06,638.4430127216335,643.1436129989285,637.3808771098289,641.8047521647227,627020
1983-06-07,641.8047521647227,641.8047521647227,595.1109337889067,600.311169659817,469559
1983-06-08,600.311169659817,638.3099953385373,600.311169659817,630.7812864175146,540619
1983-06-09,630.7812864175146,630.7812864175146,594.7764045724361,600.8708940886625,560224
1983-06-10,600.8708940886625,603.493341338314,592.4705873199616,595.7818976850566,480085
1983-06-13,595.7818976850566,623.2503275053698,595.7818976850566,617.9577517149108,444688
1983-06-14,617.9577517149108,617.9577517149108,573.9430926036104,580.9922237872761,502464
1983-06-15,580.9922237872761,580.9922237872761,559.5969858074683,562.5237323370798,437527
1983-06-16,562.5237323370798,569.4386205443177,560.8805444688852,568.1903394241924,475670
1983-06-17,568.1903394241924,568.1903394241924,550.8973209786468,554.6565260745475,564603
1983-06-20,554.6565260745475,554.6565260745475,544.7487525067606,550.7727541685309,383625
1983-06-21,550.7727541685309,574.7472314838169,550.7727541685309,570.401821878004,444757
1983-06-22,570.401821878004,600.7428950342273,570.401821878004,598.5613918400304,520998
1983-06-23,598.5613918400304,598.5613918400304,570.3433585332159,577.7469299685288,457042
1983-06-24,577.7469299685288,581.5384277560827,567.5966690636419,576.0377660998106,425804
1983-06-27,576.0377660998106,599.7803519105473,576.0377660998106,598.6879635770931,362564
1983-06-28,598.6879635770931,599.9871451536718,588.6884634595787,592.4844430779569,595682
1983-06-29,592.4844430779569,633.8119544099303,592.4844430779569,630.8947125685245,452157
1983-06-30,630.8947125685245,638.2450689711662,630.8947125685245,638.0524520490006,453304
1983-07-01,638.0524520490006,653.2295067652091,638.0524520490006,644.3265309220491,531109
1983-07-04,644.3265309220491,644.3265309220491,618.2094717911962,620.7122746439977,527170
1983-07-05,620.7122746439977,620.7122746439977,565.1809713791736,572.1333091101021,540811
1983-07-06,572.1333091101021,586.2029151966019,572.1333091101021,583.7197304273529,398423
1983-07-07,583.7197304273529,589.5352138910981,581.0868537616841,582.3637688592695,501543
1983-07-08,582.3637688592695,582.3637688592695,571.7374687437325,576.0826592728106,422195
1983-07-11,576.0826592728106,578.9719949039984,568.1132538579444,571.8575260401182,439209
1983-07-12,571.8575260401182,575.6810795274598,562.6384877685283,567.3716545736329,440049
1983-07-13,567.3716545736329,567.3716545736329,562.1727524797957,564.3377621666614,644757
1983-07-14,564.3377621666614,619.1634147774332,564.3377621666614,615.8633654752242,485637
1983-07-15,615.8633654752242,627.295738598054,615.8633654752242,623.6563531698351,478688
1983-07-18,623.6563531698351,623.6563531698351,593.6357338037673,596.3089432801416,598003
1983-07-19,596.3089432801416,596.3089432801416,554.8966995651507,556.7893861936126,561132
1983-07-20,556.7893861936126,556.7893861936126,545.4675224748784,549.0828214704344,583447
1983-07-21,549.0828214704344,566.8223414168652,549.0828214704344,565.030631759926,433118
1983-07-22,565.030631759926,565.030631759926,525.1225045529657,525.5962533533346,541528
1983-07-25,525.5962533533346,531.8666994140559,522.8288694017981,529.7487200654537,472250
1983-07-26,529.7487200654537,542.3199199520494,529.7487200654537,534.445002542104,541365
1983-07-27,534.445002542104,553.9129142985965,534.445002542104,551.2611702627775,508776
1983-07-28,551.2611702627775,551.2611702627775,528.3380970758258,535.4782772300807,528397
1983-07-29,535.4782772300807,557.4729440705653,535.4782772300807,556.2370322267766,536506
1983-08-01,556.2370322267766,565.9111831276816,556.2370322267766,561.4005971146548,546154
1983-08-02,561.4005971146548,589.2497191667253,561.4005971146548,585.7898030767982,471296
1983-08-03,585.7898030767982,600.1076888078036,585.7898030767982,591.5240209091932,447126
1983-08-04,591.5240209091932,591.5240209091932,581.374160926111,586.762173548228,564489
1983-08-05,586.762173548228,586.762173548228,574.7428020126202,577.4468174373658,537263
1983-08-08,577.4468174373658,604.9831230310654,577.4468174373658,597.4751725562184,552361
1983-08-09,597.4751725562184,608.5117415445777,597.4751725562184,606.3485915162661,370778
1983-08-10,606.3485915162661,633.1089217679686,606.3485915162661,629.4498235496503,389700
1983-08-11,629.4498235496503,629.4498235496503,615.9512108846407,622.5077238188642,473719
1983-08-12,622.5077238188642,634.1984287941052,622.5077238188642,629.0402160705929,439064
1983-08-15,629.0402160705929,629.0402160705929,595.3640657594399,599.8506570939238,430072
1983-08-16,599.8506570939238,616.3230319488965,599.8506570939238,610.1357576849421,613526
1983-08-17,610.1357576849421,610.1357576849421,583.7696177343207,587.317660371765,568407
1983-08-18,587.317660371765,587.317660371765,533.1399477428222,538.321067131345,505468
1983-08-19,538.321067131345,554.7322726401804,538.321067131345,550.2184219409363,460271
1983-08-22,550.2184219409363,564.3320955451846,550.2184219409363,558.8677048016596,586535
1983-08-23,558.8677048016596,558.8677048016596,550.967238404788,551.9758514273502,551657
1983-08-24,551.9758514273502,565.4956782385689,551.9758514273502,557.1692888971628,447447
1983-08-25,557.1692888971628,559.3712120865167,553.6994433402909,556.2336307658848,571397
1983-08-26,556.2336307658848,593.5518019828402,556.2336307658848,586.5201242469889,485647
1983-08-29,586.5201242469889,612.9603687306322,586.5201242469889,605.7445050711664,407601
1983-08-30,605.7445050711664,626.0031064307403,605.7445050711664,622.7779065180515,628369
1983-08-31,622.7779065180515,622.7779065180515,581.8316954264584,590.635990765042,501401
1983-09-01,590.635990765042,616.3915655390932,590.635990765042,608.4129598468483,573220
1983-09-02,608.4129598468483,625.2716648951897,608.4129598468483,623.7928226669369,461003
1983-09-05,623.7928226669369,623.7928226669369,614.248626633385,615.7203464959089,575169
1983-09-06,615.7203464959089,677.3749124971359,615.7203464959089,676.4193939091325,510196
1983-09-07,676.4193939091325,703.9927660880285,676.4193939091325,703.2997161070706,502435
1983-09-08,703.2997161070706,703.2997161070706,654.3675980863644,663.8308229674925,541600
1983-09-09,663.8308229674925,708.6892027573082,663.8308229674925,707.3302030708098,518652
1983-09-12,707.3302030708098,711.8701921919532,702.0787398947344,703.006025642421,496677
1983-09-13,703.006025642421,716.9228071802389,703.006025642421,714.8833051213809,466427
1983-09-14,714.8833051213809,714.8833051213809,693.1635025178244,698.0403492281941,542423
1983-09-15,698.0403492281941,711.3880632967891,698.0403492281941,703.1898544771922,465032
1983-09-16,703.1898544771922,703.1898544771922,664.614549248596,670.7589491563247,358205
1983-09-19,670.7589491563247,685.696463687045,668.2206415472634,675.6148933586411,468254
1983-09-20,675.6148933586411,688.2855724822484,675.6148933586411,682.9382866282535,537710
1983-09-21,682.9382866282535,682.9382866282535,669.8342402145993,673.7700003178398,447941
1983-09-22,673.7700003178398,704.3692843068677,673.7700003178398,702.8189347877814,422208
1983-09-23,702.8189347877814,711.2476199670009,698.4156529331569,706.2289209595978,424542
1983-09-26,706.2289209595978,719.3822490536329,706.2289209595978,717.7661549006338,472031
1983-09-27,717.7661549006338,750.8400335485074,717.7661549006338,741.0408919127872,539709
1983-09-28,741.0408919127872,755.7841093411183,739.9029480924485,749.6736282863998,454243
1983-09-29,749.6736282863998,749.6736282863998,671.4184884301231,674.1587500459457,510384
1983-09-30,674.1587500459457,674.1587500459457,661.8541412917805,670.2764343301933,432456
1983-10-03,670.2764343301933,670.2764343301933,625.7767201270334,629.2624974655264,676990
1983-10-04,629.2624974655264,657.7706479046561,629.2624974655264,650.115670173625,660344
1983-10-05,650.115670173625,670.2872828645322,650.115670173625,664.6418490950274,478497
1983-10-06,664.6418490950274,664.6418490950274,651.5555837034902,655.269764179695,544581
1983-10-07,655.269764179695,665.1269466114977,651.2137458627144,657.2379663871632,442154
1983-10-10,657.2379663871632,665.509172688108,653.0025610034195,658.2391382611737,531123
1983-10-11,658.2391382611737,693.0226205905481,658.2391382611737,690.5521819913705,639819
1983-10-12,690.5521819913705,692.6333803903261,684.6799733706869,690.24617447484,482430
1983-10-13,690.24617447484,726.5370457441197,690.24617447484,726.1925213189551,604339
1983-10-14,726.1925213189551,726.1925213189551,692.1128207791506,698.1537313840332,525552
1983-10-17,698.1537313840332,698.1537313840332,669.4911997294547,672.7812980275322,535907
1983-10-18,672.7812980275322,679.4622816417781,669.4928066479523,675.1086073213924,617152
1983-10-19,675.1086073213924,675.1086073213924,656.8529260266746,660.0462462780624,534286
1983-10-20,660.0462462780624,660.0462462780624,602.960638935767,607.529139370741,620500
1983-10-21,607.529139370741,607.529139370741,600.7225318639172,606.2731303236886,490721
1983-10-24,606.2731303236886,642.2944042727584,606.2731303236886,635.5109770292149,348620
1983-10-25,635.5109770292149,648.7440548443136,635.5109770292149,643.5006140959621,562845
1983-10-26,643.5006140959621,658.7402582748739,643.5006140959621,652.2104400153551,248372
1983-10-27,652.2104400153551,662.4314366616663,652.2104400153551,656.6760522103306,666711
1983-10-28,656.6760522103306,673.2787340335519,656.6760522103306,670.4224268537141,468026
1983-10-31,670.4224268537141,675.2358542039209,663.3838005380567,667.3415857259859,565583
1983-11-01,667.3415857259859,667.3415857259859,651.7533788494437,655.6844245626339,409091
1983-11-02,655.6844245626339,687.7422287410446,655.6844245626339,687.0399851682365,442774
1983-11-03,687.0399851682365,688.9735311466569,678.7759473051557,679.6717857630749,617644
1983-11-04,679.6717857630749,679.6717857630749,659.6432684194441,664.2662476823095,591938
1983-11-07,664.2662476823095,681.2240411479246,664.2662476823095,676.1485446332048,637530
1983-11-08,676.1485446332048,676.1485446332048,649.8158170538181,651.4551074766813,433695
1983-11-09,651.4551074766813,651.4551074766813,596.8666906666344,599.5204021820254,638557
1983-11-10,599.5204021820254,616.1703181268654,599.5204021820254,610.1477744580163,611631
1983-11-11,610.1477744580163,633.5365170269764,610.1477744580163,625.1593056799009,475006
1983-11-14,625.1593056799009,625.1593056799009,607.4543476185128,611.5493513038053,394125
1983-11-15,611.5493513038053,611.5493513038053,582.6958585690672,585.3823824006583,515989
1983-11-16,585.3823824006583,593.6154287591872,585.3823824006583,588.2946301643233,591583
1983-11-17,588.2946301643233,592.4045548981288,576.6790865679202,585.230930339552,503807
1983-11-18,585.230930339552,591.7465330412515,580.2507087568601,588.7233779643744,600106
1983-11-21,588.7233779643744,601.3204799568549,588.7233779643744,600.2675323497705,546497
1983-11-22,600.2675323497705,600.2675323497705,584.6461602845844,591.3973457044827,453023
1983-11-23,591.3973457044827,601.8860614152388,588.3010379030771,595.0750153076568,565688
1983-11-24,595.0750153076568,605.9803912859434,595.0750153076568,600.0503541724938,354589
1983-11-25,600.0503541724938,600.0503541724938,575.1153242238294,582.690366039145,523851
1983-11-28,582.690366039145,592.0762916346666,582.4613316771465,590.631604479714,520936
1983-11-29,590.631604479714,607.9998160309715,590.631604479714,604.9827412121555,472996
1983-11-30,604.9827412121555,624.0898910677306,604.9827412121555,623.5556679839617,485391
1983-12-01,623.5556679839617,623.5556679839617,597.5478240314972,606.3224793682733,434887
1983-12-02,606.3224793682733,617.1600685078289,606.3224793682733,613.2439915203919,417810
1983-12-05,613.2439915203919,650.7696162688205,613.2439915203919,642.1074382526695,616807
1983-12-06,642.1074382526695,642.1074382526695,630.985258770688,636.8339470796841,437488
1983-12-07,636.8339470796841,636.8339470796841,613.2739683166261,618.0397652303789,485158
1983-12-08,618.0397652303789,628.0340348525566,612.1061215051277,619.9775502449195,419793
1983-12-09,619.9775502449195,619.9775502449195,605.2362177782111,613.8163050489661,363198
1983-12-12,613.8163050489661,613.8163050489661,595.5283561008207,603.8960430371186,478469
1983-12-13,603.8960430371186,606.4242261106042,601.9520773073868,604.1691492154152,469160
1983-12-14,604.1691492154152,604.1691492154152,591.8674195575085,595.2598842009638,538416
1983-12-15,595.2598842009638,595.2598842009638,582.5611637182258,584.615248579355,550164
1983-12-16,584.615248579355,584.615248579355,554.9028439266193,558.0973863666936,491075
1983-12-19,558.0973863666936,558.0973863666936,544.5392720600122,547.5097272927042,507591
1983-12-20,547.5097272927042,559.8087128050221,547.5097272927042,554.1853780125828,523459
1983-12-21,554.1853780125828,568.8130045904435,554.1853780125828,562.6251608009209,411174
1983-12-22,562.6251608009209,576.847216186491,562.6251608009209,576.6477450615637,462127
1983-12-23,576.6477450615637,584.4329389959578,576.6477450615637,579.7047754272332,629555
1983-12-26,579.7047754272332,601.3078208538305,579.7047754272332,597.1744750665338,611772
1983-12-27,597.1744750665338,636.5355781099687,597.1744750665338,627.9304506923592,447544
1983-12-28,627.9304506923592,650.0274582518318,627.9304506923592,647.97333818411,528254
1983-12-29,647.97333818411,651.6315573548776,646.0257184723542,647.2601900556064,396895
1983-12-30,647.2601900556064,647.2601900556064,606.7475002228408,607.8040604221746,632563
1984-01-02,607.8040604221746,607.8040604221746,583.4406589022179,590.5448781439048,506042
1984-01-03,590.5448781439048,590.5448781439048,554.8572193098464,560.0873795815768,447000
1984-01-04,560.0873795815768,566.6722886754683,560.0873795815768,565.99690127624,568400
1984-01-05,565.99690127624,585.6714825252324,565.99690127624,584.0568889181022,577375
1984-01-06,584.0568889181022,615.885104390371,584.0568889181022,612.7663839817479,351999
1984-01-09,612.7663839817479,612.8407389552447,602.3150247764062,605.6452020586987,459735
1984-01-10,605.6452020586987,625.5310436791829,605.6452020586987,625.1397127565039,623635
1984-01-11,625.1397127565039,655.2380666893959,625.1397127565039,650.8423303611557,427519
1984-01-12,650.8423303611557,657.2790902311633,649.2077781824548,653.3669675257684,589589
1984-01-13,653.3669675257684,658.6047004657063,653.3669675257684,657.1442432226602,459240
1984-01-16,657.1442432226602,657.1442432226602,629.8714476050487,638.1838095783136,570483
1984-01-17,638.1838095783136,638.1838095783136,611.1702909667979,614.1760195075982,502139
1984-01-18,614.1760195075982,624.5787049111289,614.1760195075982,621.6454092315021,496746
1984-01-19,621.6454092315021,653.5715834009654,621.6454092315021,644.7109627316519,457143
1984-01-20,644.7109627316519,668.0669934953795,644.7109627316519,664.6635344347935,566569
1984-01-23,664.6635344347935,664.6635344347935,643.3448743936336,650.1704477264522,408327
1984-01-24,650.1704477264522,662.1523544662326,650.1704477264522,660.2376416484728,520394
1984-01-25,660.2376416484728,660.2376416484728,641.9009718084491,647.4242335039229,427519
1984-01-26,647.4242335039229,647.4242335039229,627.9171566192523,632.1625004349256,572495
1984-01-27,632.1625004349256,633.5669917242553,632.1625004349256,633.3324244471912,549341
1984-01-30,633.3324244471912,641.1421679260876,623.9049408278102,633.3472773674443,520179
1984-01-31,633.3472773674443,633.3472773674443,617.9350720562496,627.2103502632035,479593
1984-02-01,627.2103502632035,627.2103502632035,613.5318799572877,620.1107088256219,527900
1984-02-02,620.1107088256219,620.1107088256219,610.8533436119109,610.9242931761702,428044
1984-02-03,610.9242931761702,610.9242931761702,590.1460372496443,593.281455077378,582748
1984-02-06,593.281455077378,622.0520402001015,593.281455077378,620.7357604177841,430529
1984-02-07,620.7357604177841,620.7357604177841,600.7759545141505,603.9754522664969,478884
1984-02-08,603.9754522664969,614.4243668133922,599.3995164153924,605.8521240422158,558773
1984-02-09,605.8521240422158,605.8521240422158,572.5221863222116,578.8614685538035,525899
1984-02-10,578.8614685538035,588.0155747083461,578.8614685538035,586.7236327332677,654621
1984-02-13,586.7236327332677,615.0943058973667,586.7236327332677,607.6088442981684,511402
1984-02-14,607.6088442981684,633.7152108246221,607.6088442981684,631.7049380915378,412892
1984-02-15,631.7049380915378,635.9314599339679,624.6500555611372,630.2494736156142,487833
1984-02-16,630.2494736156142,630.2494736156142,609.823294058749,616.065184605279,522726
1984-02-17,616.065184605279,616.065184605279,591.1277258134927,599.819598261906,474529
1984-02-20,599.819598261906,612.6636408587639,599.819598261906,603.6428986999513,537059
1984-02-21,603.6428986999513,634.7509618542769,603.6428986999513,628.6953124601965,603779
1984-02-22,628.6953124601965,628.6953124601965,615.7037140826174,616.0054648748594,426118
1984-02-23,616.0054648748594,616.0054648748594,608.446862608218,611.2910711429231,466386
1984-02-24,611.2910711429231,611.2910711429231,580.9498318598197,582.8191524646224,508825
1984-02-27,582.8191524646224,616.5427617054432,582.8191524646224,615.0594670809991,420808
1984-02-28,615.0594670809991,615.0594670809991,608.5088452803174,609.3844647886938,574858
1984-02-29,609.3844647886938,609.3844647886938,603.3569903780027,606.7438617153824,486376
1984-03-01,606.7438617153824,606.7438617153824,584.9451759747714,589.1042310100597,466643
1984-03-02,589.1042310100597,589.1042310100597,577.6931427397117,580.1890768199781,425707
1984-03-05,580.1890768199781,580.1890768199781,548.9185832536059,556.9147900943144,563371
1984-03-06,556.9147900943144,556.9147900943144,545.8233687970701,547.4120118642021,412848
1984-03-07,547.4120118642021,547.4120118642021,525.9271386767201,532.3448095430011,516408
1984-03-08,532.3448095430011,537.3624322360631,525.6201771083354,533.0519221162506,412622
1984-03-09,533.0519221162506,533.0519221162506,520.9247134155817,525.0819435048628,442714
1984-03-12,525.0819435048628,543.7318316763975,525.0819435048628,538.3726656361234,495836
1984-03-13,538.3726656361234,549.5981449172135,538.3726656361234,541.8433290135184,506408
1984-03-14,541.8433290135184,541.8433290135184,523.5308343161338,524.6146663565777,444677
1984-03-15,524.6146663565777,547.5686235464606,524.6146663565777,546.573130002068,564805
1984-03-16,546.573130002068,546.573130002068,515.2604585251279,522.677820935143,499664
1984-03-19,522.677820935143,524.8158894167597,513.549450354594,518.0055399618099,497470
1984-03-20,518.0055399618099,543.5588699655129,518.0055399618099,540.061129285113,667717
1984-03-21,540.061129285113,549.3891921918531,540.061129285113,549.0451640111044,444600
1984-03-22,549.0451640111044,550.0392227660748,537.8160425864048,543.0191957467712,421733
1984-03-23,543.0191957467712,543.0191957467712,513.7434315919645,519.2925748956807,537468
1984-03-26,519.2925748956807,519.2925748956807,488.41554157581305,490.0908387425143,462726
1984-03-27,490.0908387425143,492.2129101019317,483.0460598065241,485.9902104139086,585895
1984-03-28,485.9902104139086,485.9902104139086,459.76599548908996,460.9697173878541,497631
1984-03-29,460.9697173878541,461.21454951997015,455.65483724981715,458.4343887092164,491948
1984-03-30,458.4343887092164,465.0316059225499,458.4343887092164,463.43327829565783,392407
1984-04-02,463.43327829565783,478.4254576591713,463.43327829565783,478.3565914776504,586661
1984-04-03,478.3565914776504,478.3565914776504,457.6403474489194,463.3863375944085,471918
1984-04-04,463.3863375944085,478.17289067961957,463.3863375944085,472.7177161532745,702633
1984-04-05,472.7177161532745,472.7177161532745,448.9847529396911,453.6772729514304,417920
1984-04-06,453.6772729514304,464.74189180902556,453.6772729514304,460.8010310292568,574068
1984-04-09,460.8010310292568,471.43939716399666,460.8010310292568,470.0731131811167,477861
1984-04-10,470.0731131811167,470.0731131811167,461.80278522526504,465.0237857045757,551849
1984-04-11,465.0237857045757,491.5345897204132,465.0237857045757,486.09149118094587,400117
1984-04-12,486.09149118094587,486.09149118094587,463.9734621632969,467.1624230662287,575467
1984-04-13,467.1624230662287,467.1624230662287,435.26235830914135,440.71877970827467,692517
1984-04-16,440.71877970827467,448.10941071067225,438.1232739217699,443.0384414505107,489846
1984-04-17,443.0384414505107,443.0384414505107,439.73696796344865,439.82736952687765,522087
1984-04-18,439.82736952687765,439.82736952687765,428.2183049387509,430.49472193890534,488290
1984-04-19,430.49472193890534,430.49472193890534,418.4943264059643,420.50688940149865,432239
1984-04-20,420.50688940149865,424.03938054729826,417.4409244636594,421.8269186876732,433893
1984-04-23,421.8269186876732,431.3242114000299,421.8269186876732,430.5663197271689,495395
1984-04-24,430.5663197271689,430.5663197271689,416.25211795509875,422.3674634945974,574438
1984-04-25,422.3674634945974,422.3674634945974,411.11555159738464,414.0127711524278,443888
1984-04-26,414.0127711524278,417.58553767047783,414.0127711524278,416.8242970029709,435787
1984-04-27,416.8242970029709,416.8242970029709,408.2156359585558,411.99076116407906,453947
1984-04-30,411.99076116407906,426.10271048586634,411.99076116407906,422.62861016221797,377057
1984-05-01,422.62861016221797,433.7113748387006,421.9996986091423,427.75359015751144,577571
1984-05-02,427.75359015751144,427.75359015751144,412.4147286900972,414.57306111899015,438576
1984-05-03,414.57306111899015,418.95960244297686,409.3683017042893,414.79249824436295,537450
1984-05-04,414.79249824436295,415.52365709280286,414.4615665618974,415.16005073821646,514465
1984-05-07,415.16005073821646,415.16005073821646,399.46160964558374,404.36040796079027,491794
1984-05-08,404.36040796079027,416.3937634865986,404.36040796079027,410.5769877933295,433892
1984-05-09,410.5769877933295,410.5769877933295,400.27232475662265,402.155038426448,423347
1984-05-10,402.155038426448,406.8570352790643,397.41305538691375,403.21305986203157,424416
1984-05-11,403.21305986203157,406.3145829114599,403.21305986203157,405.79643623244834,585469
1984-05-14,405.79643623244834,412.96678358829485,405.79643623244834,409.33021168539074,506789
1984-05-15,409.33021168539074,421.13938318485634,409.33021168539074,417.8713550633461,534053
1984-05-16,417.8713550633461,419.82328644694377,411.8442950061567,415.76833891088427,649448
1984-05-17,415.76833891088427,417.9797926909516,415.76833891088427,417.09594158801144,391532
1984-05-18,417.09594158801144,417.09594158801144,406.2112988847157,410.488109675125,428223
1984-05-21,410.488109675125,441.8388624315075,410.488109675125,440.4980402073068,448477
1984-05-22,440.4980402073068,449.714369531507,440.4980402073068,447.93641986366725,364654
1984-05-23,447.93641986366725,461.1445259528049,447.93641986366725,455.17104952137635,588308
1984-05-24,455.17104952137635,479.29130565758027,455.17104952137635,476.66582032701706,682275
1984-05-25,476.66582032701706,488.27356223141635,476.66582032701706,483.77530887128745,501335
1984-05-28,483.77530887128745,483.77530887128745,467.10119644903335,469.1911028833916,494360
1984-05-29,469.1911028833916,469.1911028833916,435.52889261564843,438.74527247697097,521349
1984-05-30,438.74527247697097,438.74527247697097,427.4376312341312,431.82085810117553,685185
1984-05-31,431.82085810117553,431.82085810117553,419.68932300435796,422.5979851642511,438828
1984-06-01,422.5979851642511,422.5979851642511,400.2119977143969,403.4849306909042,607974
1984-06-04,403.4849306909042,403.4849306909042,390.6611824242713,396.0765376205741,517779
1984-06-05,396.0765376205741,399.1434292596743,395.2879503497693,397.4786601717702,536347
1984-06-06,397.4786601717702,419.3013932173007,397.4786601717702,413.87180900874245,540147
1984-06-07,413.87180900874245,424.6122843914409,413.7140271684898,419.26521824279007,350067
1984-06-08,419.26521824279007,445.8931965645477,419.26521824279007,445.5168451886858,539979
1984-06-11,445.5168451886858,452.52080524294934,445.5168451886858,450.8267688731463,573176
1984-06-12,450.8267688731463,474.2902330425383,450.8267688731463,472.19364566832877,311485
1984-06-13,472.19364566832877,472.47189974640884,463.4489604871474,469.9585290048638,409962
1984-06-14,469.9585290048638,487.57497881761907,469.9585290048638,482.8595709584389,442319
1984-06-15,482.8595709584389,499.9203389303091,482.8595709584389,494.82436413406487,572589
1984-06-18,494.82436413406487,518.7600882580309,494.82436413406487,511.7340515303022,675420
1984-06-19,511.7340515303022,528.017846597592,511.7340515303022,520.3101596951223,614788
1984-06-20,520.3101596951223,533.1737125582922,520.3101596951223,530.7642847986632,484602
1984-06-21,530.7642847986632,549.5860883065462,530.7642847986632,544.7496488984128,541721
1984-06-22,544.7496488984128,544.7496488984128,534.156614977544,537.9926527458982,439053
1984-06-25,537.9926527458982,540.320460489502,528.8267820761232,536.7978464451523,482194
1984-06-26,536.7978464451523,551.8785610421711,536.7978464451523,549.9777074334777,512750
1984-06-27,549.9777074334777,549.9777074334777,528.9539018806129,533.4358731454266,585370
1984-06-28,533.4358731454266,548.7971771281708,533.4358731454266,545.6006921751426,571300
1984-06-29,545.6006921751426,545.6006921751426,530.4538362151247,535.4396927382082,361550
1984-07-02,535.4396927382082,554.3601458994586,535.4396927382082,546.8978758444811,435590
1984-07-03,546.8978758444811,568.2433335160292,546.8978758444811,560.5313888329696,488104
1984-07-04,560.5313888329696,583.8369464404191,560.5313888329696,582.284270074361,473028
1984-07-05,582.284270074361,615.5208982572119,582.284270074361,609.05081113005,495540
1984-07-06,609.05081113005,634.525152248949,609.05081113005,628.4202764371329,533070
1984-07-09,628.4202764371329,628.4202764371329,606.7494091452643,614.4073440139771,467753
1984-07-10,614.4073440139771,634.7619006434144,614.4073440139771,628.0947193776053,587095
1984-07-11,628.0947193776053,643.6601363168644,628.0947193776053,642.0844869712846,569542
1984-07-12,642.0844869712846,642.0844869712846,633.1974044278487,635.2091281454441,565151
1984-07-13,635.2091281454441,655.9931389590836,635.2091281454441,650.0859759066141,575368
1984-07-16,650.0859759066141,663.81734800683,650.0859759066141,659.907715401292,436987
1984-07-17,659.907715401292,684.1861274385554,659.907715401292,675.6222003322732,520254
1984-07-18,675.6222003322732,699.9637351706539,675.6222003322732,699.4489878918787,556167
1984-07-19,699.4489878918787,736.3428009150693,699.4489878918787,732.3275615535292,603384
1984-07-20,732.3275615535292,732.3275615535292,721.5455262081172,726.8218939240362,522636
1984-07-23,726.8218939240362,726.8218939240362,693.3903216259038,702.5488216930147,509587
1984-07-24,702.5488216930147,729.0768293032053,702.5488216930147,719.5360124584811,468811
1984-07-25,719.5360124584811,719.8437837958186,709.4616114779164,709.9914217003768,585514
1984-07-26,709.9914217003768,709.9914217003768,690.3165471235317,698.0927228176965,499010
1984-07-27,698.0927228176965,726.9763908324389,698.0927228176965,724.0199558077796,405808
1984-07-30,724.0199558077796,734.2457314838497,719.5105539989514,729.0773757220611,538543
1984-07-31,729.0773757220611,729.0773757220611,696.0893285455137,706.1943966132077,423188
1984-08-01,706.1943966132077,706.1943966132077,686.7363312098202,686.7893669672751,698737
1984-08-02,686.7893669672751,686.7893669672751,658.5757379998382,663.6639937666147,581520
1984-08-03,663.6639937666147,663.6639937666147,633.2115624710345,642.6641156489588,380200
1984-08-06,642.6641156489588,662.4365435369579,642.6641156489588,655.134900502546,592161
1984-08-07,655.134900502546,655.134900502546,629.2065243010541,635.7204101105145,521397
1984-08-08,635.7204101105145,653.337631966989,635.7204101105145,648.6448188785193,696681
1984-08-09,648.6448188785193,648.6448188785193,614.7217785453497,618.9253635356145,432068
1984-08-10,618.9253635356145,618.9253635356145,592.2088157063762,600.4462938794711,424311
1984-08-13,600.4462938794711,600.4462938794711,593.9857963848865,597.4787782273318,390975
1984-08-14,597.4787782273318,622.9193299700785,597.4787782273318,616.5885256152554,511285
1984-08-15,616.5885256152554,617.5354878171026,606.4275738815599,613.8155482246663,335109
1984-08-16,613.8155482246663,628.9675808170257,613.8155482246663,624.8100464777449,574547
1984-08-17,624.8100464777449,624.8100464777449,588.4316116310922,592.1563981502467,444261
1984-08-20,592.1563981502467,598.2678798538426,586.800217135495,592.7294714344025,310961
1984-08-21,592.7294714344025,592.7294714344025,570.4474847008449,575.6242175235379,396776
1984-08-22,575.6242175235379,579.7346797443818,564.6483039148058,572.1337880252045,524662
1984-08-23,572.1337880252045,576.1739972329459,569.2574430385291,571.8328603970724,581724
1984-08-24,571.8328603970724,571.8328603970724,555.1350186365939,561.1806747434487,412370
1984-08-27,561.1806747434487,561.1806747434487,547.7461702025388,550.4275950312204,543885
1984-08-28,550.4275950312204,550.4275950312204,536.2720420639282,538.7926736491281,431087
1984-08-29,538.7926736491281,538.7926736491281,526.4030491423564,532.3983129174279,554829
1984-08-30,532.3983129174279,532.3983129174279,506.7161110886597,511.7702816531483,397099
1984-08-31,511.7702816531483,519.8203234138455,508.57929578676965,515.6729488700222,543606
1984-09-03,515.6729488700222,520.3835775890425,509.22827481982523,515.5808593771139,429810
1984-09-04,515.5808593771139,515.5808593771139,493.0642348556217,493.0664299992941,240795
1984-09-05,493.0664299992941,493.0664299992941,481.553321223541,488.1127519814177,573917
1984-09-06,488.1127519814177,488.1127519814177,480.39520786761557,486.70912579551054,610964
1984-09-07,486.70912579551054,486.70912579551054,468.5687774445779,472.65998888237925,380243
1984-09-10,472.65998888237925,483.0703510440625,472.65998888237925,477.77501242851577,638567
1984-09-11,477.77501242851577,484.94295557924846,475.8774346602918,479.6610998611059,461037
1984-09-12,479.6610998611059,480.2810402255139,473.62462374505174,477.02049477300375,543198
1984-09-13,477.02049477300375,484.0017062737533,475.7830764728334,478.25742670972534,544927
1984-09-14,478.25742670972534,478.25742670972534,470.7604976730587,471.6853560626286,368926
1984-09-17,471.6853560626286,471.6853560626286,463.82423076656704,464.5416041636569,402218
1984-09-18,464.5416041636569,486.42283667429064,464.5416041636569,480.81648687904453,447173
1984-09-19,480.81648687904453,493.7971592301727,480.81648687904453,488.7992198939338,543217
1984-09-20,488.7992198939338,496.82912677474303,488.7992198939338,489.6262447672528,538146
1984-09-21,489.6262447672528,512.2561156137228,489.6262447672528,505.34874017738787,632914
1984-09-24,505.34874017738787,509.1374745267941,501.8377132463783,508.09350064620617,489006
1984-09-25,508.09350064620617,508.09350064620617,495.59009140142956,498.2300506402112,526657
1984-09-26,498.2300506402112,498.2300506402112,482.8041614133195,489.8509489847418,654628
1984-09-27,489.8509489847418,489.8509489847418,480.0838189208972,480.13681991851524,486861
1984-09-28,480.13681991851524,489.72190541524424,480.13681991851524,484.07050356316165,527470
1984-10-01,484.07050356316165,493.2696164171799,484.07050356316165,488.00273396254573,662404
1984-10-02,488.00273396254573,506.6768292603681,488.00273396254573,502.71662405845944,484254
1984-10-03,502.71662405845944,507.3692548674976,496.96449059819054,504.29816988683245,441176
1984-10-04,504.29816988683245,517.9161023095228,504.29816988683245,510.9359406700586,490255
1984-10-05,510.9359406700586,510.9359406700586,490.488246467161,496.9018355946393,619558
1984-10-08,496.9018355946393,496.9018355946393,486.1273330434985,487.99835591617557,367487
1984-10-09,487.99835591617557,487.99835591617557,477.42290995205616,478.011512075178,504509
1984-10-10,478.011512075178,490.2804741889862,478.011512075178,486.138920412351,535613
1984-10-11,486.138920412351,489.1868207777341,482.93215337665066,483.2677310910401,503511
1984-10-12,483.2677310910401,483.2677310910401,466.26024204998873,470.2066911442502,598224
1984-10-15,470.2066911442502,470.2066911442502,459.9866412015207,462.02255837648164,329984
1984-10-16,462.02255837648164,478.45376087423693,462.02255837648164,474.0379920385153,505395
1984-10-17,474.0379920385153,476.9770069314883,468.63255566086866,470.99602127266667,477804
1984-10-18,470.99602127266667,470.99602127266667,454.0785834629849,456.29272543080674,541059
1984-10-19,456.29272543080674,467.1372120335754,456.29272543080674,463.5657948343898,579952
1984-10-22,463.5657948343898,470.8522123943193,463.1935749050172,465.4258325161688,679447
1984-10-23,465.4258325161688,465.4258325161688,459.06668713219835,462.7543777769453,478688
1984-10-24,462.7543777769453,469.2193967164805,462.7543777769453,464.5548741163731,628795
1984-10-25,464.5548741163731,476.1295432038423,464.5548741163731,473.01724685983885,469552
1984-10-26,473.01724685983885,486.0028113351426,473.01724685983885,484.37725493648986,431191
1984-10-29,484.37725493648986,494.3762182250013,482.21664163898555,488.22129654493733,514597
1984-10-30,488.22129654493733,488.22129654493733,477.9990051093251,478.8922914737549,429568
1984-10-31,478.8922914737549,485.2413744883883,474.09195071974244,480.0235198526437,529796
1984-11-01,480.0235198526437,480.0235198526437,472.08970669559386,476.2820709342334,334627
1984-11-02,476.2820709342334,476.2820709342334,471.87367485731005,472.888090146289,471094
1984-11-05,472.888090146289,472.888090146289,463.9842827741331,470.8471056194251,497872
1984-11-06,470.8471056194251,478.73683765520315,470.8471056194251,476.78308277571625,425855
1984-11-07,476.78308277571625,476.78308277571625,466.0275850722057,469.98081836473006,448040
1984-11-08,469.98081836473006,469.98081836473006,444.1225742488662,447.7362166151517,408668
1984-11-09,447.7362166151517,463.30936636053445,447.7362166151517,458.71811554279276,520136
1984-11-12,458.71811554279276,458.71811554279276,450.52669296828986,455.1668500669789,676082
1984-11-13,455.1668500669789,460.98652724922067,455.1668500669789,458.0339767488056,513400
1984-11-14,458.0339767488056,462.7611170433452,456.27439284580277,460.3432706628618,420383
1984-11-15,460.3432706628618,479.6446661602457,460.3432706628618,477.11906948380914,433222
1984-11-16,477.11906948380914,477.11906948380914,467.7890303842621,470.4432610242528,530955
1984-11-19,470.4432610242528,478.1800266339815,469.2725848215449,475.34448135892353,535989
1984-11-20,475.34448135892353,475.60462632817496,474.0381360646736,475.02251295117844,526466
1984-11-21,475.02251295117844,475.02251295117844,457.9995129726622,460.1882558100423,560841
1984-11-22,460.1882558100423,460.1882558100423,430.6262155119794,437.14086285468096,457172
1984-11-23,437.14086285468096,454.3707062621593,437.14086285468096,450.36073449922213,472897
1984-11-26,450.36073449922213,452.5026200642465,443.5823998341172,449.1462218244221,467299
1984-11-27,449.1462218244221,450.8175960316028,439.8380024072101,444.62148138565874,576490
1984-11-28,444.62148138565874,453.9507812017253,444.62148138565874,449.36287459221006,480001
1984-11-29,449.36287459221006,449.36287459221006,438.3932255561146,439.33304021122086,460275
1984-11-30,439.33304021122086,441.15941438311165,434.88389795344943,440.5587932865193,441376
1984-12-03,440.5587932865193,440.5587932865193,427.20397249906773,427.2063261393479,368921
1984-12-04,427.2063261393479,435.12966162872755,427.2063261393479,430.69342581598,294255
1984-12-05,430.69342581598,430.69342581598,420.6561202264681,424.22142182480115,434892
1984-12-06,424.22142182480115,424.22142182480115,413.72205961821254,419.664638586298,588926
1984-12-07,419.664638586298,419.664638586298,408.86221508236594,414.6479882115958,469747
1984-12-10,414.6479882115958,414.6479882115958,402.00341544571756,406.6524663837115,460768
1984-12-11,406.6524663837115,406.6524663837115,387.03643300103863,392.3248175717516,472179
1984-12-12,392.3248175717516,392.3248175717516,381.0447546764167,384.63633497388065,508214
1984-12-13,384.63633497388065,386.3023189452176,379.19362155957543,381.99206366182125,532067
1984-12-14,381.99206366182125,387.92585601857405,381.99206366182125,384.7920310236634,474997
1984-12-17,384.7920310236634,395.9560482812156,384.7920310236634,391.7499713536282,523567
1984-12-18,391.7499713536282,406.79449360300964,391.7499713536282,401.95315689639824,493402
1984-12-19,401.95315689639824,436.02763607830536,401.95315689639824,430.64828281626274,486710
1984-12-20,430.64828281626274,439.9032686990323,430.64828281626274,437.66646093928506,452003
1984-12-21,437.66646093928506,437.66646093928506,423.90080731187123,426.9614011335729,478818
1984-12-24,426.9614011335729,431.41774514401783,422.30016375355723,425.4784517671895,518597
1984-12-25,425.4784517671895,425.4784517671895,413.62387861611074,416.74043906379956,493670
1984-12-26,416.74043906379956,416.74043906379956,401.86675113736,407.29355039202557,427937
1984-12-27,407.29355039202557,407.29355039202557,394.7359934875408,396.34693457541607,473752
1984-12-28,396.34693457541607,396.34693457541607,377.2608442542762,382.8161797819759,532585
1984-12-31,382.8161797819759,396.262943306604,382.8161797819759,390.6918308062278,471836
1985-01-01,390.6918308062278,408.47619066190936,390.6918308062278,403.525816709602,457751
1985-01-02,403.525816709602,403.75030240293694,399.1737823300469,400.42484730762277,531821
1985-01-03,400.42484730762277,403.52560200239265,398.80331652921717,402.47721410649973,566929
1985-01-04,402.47721410649973,426.3680787302451,402.47721410649973,422.4978616595608,491478
1985-01-07,422.4978616595608,422.4978616595608,410.0213720908199,411.3231801656657,490009
1985-01-08,411.3231801656657,425.7091305711398,411.3231801656657,422.4708081878064,444730
1985-01-09,422.4708081878064,442.40268796947635,422.4708081878064,435.86635196664196,442899
1985-01-10,435.86635196664196,435.86635196664196,426.12345112217014,431.57398002801324,390598
1985-01-11,431.57398002801324,431.57398002801324,412.96629271441606,417.385725563101,397854
1985-01-14,417.385725563101,417.385725563101,402.3988446764853,408.3263391260939,413232
1985-01-15,408.3263391260939,408.3263391260939,389.1918130687079,390.4612057078605,470395
1985-01-16,390.4612057078605,390.4612057078605,385.73690872359856,389.3720088402633,405676
1985-01-17,389.3720088402633,389.3720088402633,369.93949540765306,371.007833804426,478358
1985-01-18,371.007833804426,373.11023241842673,365.7413422196412,370.62538318703463,582420
1985-01-21,370.62538318703463,373.9645367677924,369.60266725936367,372.0423901234287,421254
1985-01-22,372.0423901234287,372.0423901234287,350.44244274294925,355.22294592132386,447254
1985-01-23,355.22294592132386,361.8074317327639,355.22294592132386,357.8369080453477,543308
1985-01-24,357.8369080453477,368.7608493725748,357.8369080453477,364.4179361468513,420798
1985-01-25,364.4179361468513,373.00823983064237,364.4179361468513,371.2044476579524,540141
1985-01-28,371.2044476579524,374.7098713818299,369.65188069461925,369.6588256715373,314197
1985-01-29,369.6588256715373,381.1395761369645,369.6588256715373,380.3386433487713,494870
1985-01-30,380.3386433487713,383.48715605343796,377.7946123306352,379.35037600118534,506450
1985-01-31,379.35037600118534,381.18214416383955,376.14029620374106,376.9708686247303,570459
1985-02-01,376.9708686247303,376.9708686247303,366.1571875880717,369.2604967599859,512027
1985-02-04,369.2604967599859,369.52187447998114,365.420145278578,367.2954032600721,454892
1985-02-05,367.2954032600721,369.5247376298341,363.7023540669761,364.29565038433765,483181
1985-02-06,364.29565038433765,373.9283938831415,364.29565038433765,369.12117736933203,569848
1985-02-07,369.12117736933203,371.0106394395103,361.48026248515976,366.1208519400768,415152
1985-02-08,366.1208519400768,386.8482013862249,366.1208519400768,385.27092865727775,371053
1985-02-11,385.27092865727775,385.27092865727775,379.02798045661245,382.04906223198253,431649
1985-02-12,382.04906223198253,382.04906223198253,372.93891222379517,375.53626766480744,439190
1985-02-13,375.53626766480744,375.53626766480744,353.85155070492675,357.73650717302934,518292
1985-02-14,357.73650717302934,357.73650717302934,339.6204462467384,342.03353924938324,525132
1985-02-15,342.03353924938324,343.55171509038865,338.30394670156284,342.01202304098905,455076
1985-02-18,342.01202304098905,348.2710611787856,342.01202304098905,346.2215902249065,373941
1985-02-19,346.2215902249065,347.7199845834672,345.9452106649601,346.5910760763009,489159
1985-02-20,346.5910760763009,353.4080465415583,346.5910760763009,348.5121820016881,554172
1985-02-21,348.5121820016881,348.5121820016881,340.37696500883305,340.523279548394,432027
1985-02-22,340.523279548394,341.33321260118976,337.4870037873561,339.7047592960245,503127
1985-02-25,339.7047592960245,352.72130082316005,339.7047592960245,347.77046744167296,502607
1985-02-26,347.77046744167296,351.49575493894656,344.7491754717512,347.5039646150073,467566
1985-02-27,347.5039646150073,358.9076920655614,347.5039646150073,353.7168924239873,572149
1985-02-28,353.7168924239873,358.5339954115553,353.7168924239873,356.9898541758211,534892
1985-03-01,356.9898541758211,356.9898541758211,343.16993852059073,347.66790516906036,515887
1985-03-04,347.66790516906036,347.66790516906036,338.821510796671,339.2779997513835,501755
1985-03-05,339.2779997513835,339.2779997513835,324.0604466544812,327.85589345583173,505198
1985-03-06,327.85589345583173,330.4007404767869,325.5993624248184,329.69975031996466,511172
1985-03-07,329.69975031996466,329.69975031996466,315.36687019510026,318.6780530848241,476728
1985-03-08,318.6780530848241,332.0040689356961,318.6780530848241,328.38273336224745,527255
1985-03-11,328.38273336224745,329.12319731558347,324.0617306944601,327.6470110032015,475792
1985-03-12,327.6470110032015,338.94392811577256,327.6470110032015,334.44178923930275,501714
1985-03-13,334.44178923930275,337.75245166366454,331.3794499228447,334.25029613572303,516920
1985-03-14,334.25029613572303,334.25029613572303,328.2938589765513,328.6376764490165,525888
1985-03-15,328.6376764490165,333.4652739192429,328.6376764490165,332.71239031144006,460795
1985-03-18,332.71239031144006,335.19952406598645,331.4783042529953,333.34446143120283,524615
1985-03-19,333.34446143120283,334.8477657729059,328.3154311577923,332.4376339891225,501227
1985-03-20,332.4376339891225,343.0189875010325,332.4376339891225,342.4795451504034,479488
1985-03-21,342.4795451504034,351.7205490718086,342.4795451504034,347.17064786370213,397324
1985-03-22,347.17064786370213,353.35795374237694,344.9323179119189,348.27313149846907,457080
1985-03-25,348.27313149846907,359.9056032245433,348.27313149846907,355.03423305195287,703281
1985-03-26,355.03423305195287,355.03423305195287,345.76676953193834,350.7333696814727,496312
1985-03-27,350.7333696814727,350.7333696814727,330.3464190067327,333.1407578964603,476099
1985-03-28,333.1407578964603,334.2133509159423,330.9644219047339,331.54324036860436,564330
1985-03-29,331.54324036860436,337.3216859866727,330.4928849799719,335.29577138251744,452750
1985-04-01,335.29577138251744,345.84018205252244,335.29577138251744,342.149631801923,552331
1985-04-02,342.149631801923,347.1217846068491,341.37838063686297,345.72432163610193,391245
1985-04-03,345.72432163610193,368.49300307795096,345.72432163610193,367.537430006476,418448
1985-04-04,367.537430006476,375.05790467431154,367.537430006476,371.3739757733334,373583
1985-04-05,371.3739757733334,371.3739757733334,362.56570281300935,363.2909301162992,618072
1985-04-08,363.2909301162992,364.17177399921536,361.8922724111677,363.84396427319064,500677
1985-04-09,363.84396427319064,378.3508201565797,363.84396427319064,375.42403101736346,423791
1985-04-10,375.42403101736346,375.42403101736346,369.11631550637907,374.4142045015922,473199
1985-04-11,374.4142045015922,374.4142045015922,369.5639591735925,371.8013692428888,611948
1985-04-12,371.8013692428888,371.8013692428888,360.1738647133545,362.24372531420045,515094
1985-04-15,362.24372531420045,364.7950211421318,359.6666255813327,364.43984094337856,445476
1985-04-16,364.43984094337856,365.72014927182374,359.3841437916836,360.6276344243751,596246
1985-04-17,360.6276344243751,370.5693303377617,360.6276344243751,369.017698074551,397977
1985-04-18,369.017698074551,372.28673528888373,369.017698074551,370.8203712050505,410879
1985-04-19,370.8203712050505,370.8203712050505,360.18516945311364,365.16285108951354,405914
1985-04-22,365.16285108951354,378.4582557969247,365.16285108951354,374.8586916126256,613582
1985-04-23,374.8586916126256,374.8586916126256,370.6336160507282,373.50929729821144,538682
1985-04-24,373.50929729821144,379.53545938994404,372.2668201564091,374.1254208637924,502258
1985-04-25,374.1254208637924,382.2387017191481,374.1254208637924,380.1510590038157,446369
1985-04-26,380.1510590038157,384.37380424107846,375.90532744921006,379.77454565634906,475211
1985-04-29,379.77454565634906,379.77454565634906,374.58941273745904,377.73360562744494,518648
1985-04-30,377.73360562744494,378.84909610771206,371.67502933473116,377.32660872770384,458314
1985-05-01,377.32660872770384,380.01616797716673,377.32660872770384,379.91458714051515,592536
1985-05-02,379.91458714051515,399.6043435618654,379.91458714051515,394.70786174514757,455615
1985-05-03,394.70786174514757,398.41492486551715,390.47773526852137,392.8337566647082,416218
1985-05-06,392.8337566647082,392.8337566647082,387.9615713803279,388.94057258869117,425254
1985-05-07,388.94057258869117,395.4065348787114,388.94057258869117,392.8594991775888,565486
1985-05-08,392.8594991775888,392.8594991775888,373.3508035850445,376.4201420987661,532398
1985-05-09,376.4201420987661,382.99212971112973,376.4201420987661,382.36711183166454,518955
1985-05-10,382.36711183166454,385.2463552154692,377.09228886485914,382.1698989769729,453353
1985-05-13,382.1698989769729,382.1698989769729,372.18493787844375,372.49017981993154,455740
1985-05-14,372.49017981993154,372.49017981993154,363.59569342285596,364.25895793644145,526022
1985-05-15,364.25895793644145,365.5198722942536,360.2633956757252,361.0632193213809,556606
1985-05-16,361.0632193213809,365.7897226698431,361.0632193213809,365.4983063075931,434951
1985-05-17,365.4983063075931,365.4983063075931,357.8892380660501,360.9709900668308,459094
1985-05-20,360.9709900668308,360.9709900668308,342.5325417283752,346.8964481977857,441523
1985-05-21,346.8964481977857,346.8964481977857,336.90838576106233,341.62947793944755,499363
1985-05-22,341.62947793944755,341.62947793944755,330.8352330359426,332.59077074848847,429782
1985-05-23,332.59077074848847,332.59077074848847,323.07358173416384,327.5136062381123,503891
1985-05-24,327.5136062381123,332.15964996503635,327.19818752360726,327.4805158060447,290489
1985-05-27,327.4805158060447,327.4805158060447,318.5444994243704,318.9299644098066,560639
1985-05-28,318.9299644098066,318.9299644098066,314.32910443358685,317.3249868327166,291357
1985-05-29,317.3249868327166,317.3249868327166,304.2926048952046,305.4113418860939,345612
1985-05-30,305.4113418860939,305.4113418860939,294.12589983747307,298.0138500416899,573067
1985-05-31,298.0138500416899,311.7767862644154,298.0138500416899,308.5406760716191,395631
1985-06-03,308.5406760716191,318.8502828921022,308.5406760716191,315.6055610918819,523913
1985-06-04,315.6055610918819,315.6055610918819,304.94230809730743,308.2392803000948,474786
1985-06-05,308.2392803000948,313.8213803309756,308.2392803000948,311.5137116778895,642509
1985-06-06,311.5137116778895,311.5137116778895,304.7496710621988,304.7834695680926,450818
1985-06-07,304.7834695680926,316.1301625829992,304.7834695680926,311.46529645018563,431866
1985-06-10,311.46529645018563,317.30911997543336,308.59923246498875,313.0216713399363,425102
1985-06-11,313.0216713399363,313.0216713399363,293.98557564346356,297.7780375985708,542166
1985-06-12,297.7780375985708,303.33674740662264,297.7780375985708,300.3015748411704,564292
1985-06-13,300.3015748411704,300.3015748411704,288.4930228992824,290.4010329349214,574704
1985-06-14,290.4010329349214,290.4010329349214,286.04377643782897,287.5324733389434,516553
1985-06-17,287.5324733389434,293.6108847276788,287.5324733389434,293.58432337580246,359161
1985-06-18,293.58432337580246,309.8103686753812,293.58432337580246,305.90409909787127,511681
1985-06-19,305.90409909787127,307.99494816959964,303.4854793084608,304.8476281171593,548127
1985-06-20,304.8476281171593,315.7328685982948,304.8476281171593,311.8447295467762,505334
1985-06-21,311.8447295467762,322.36776245321676,311.8447295467762,319.8640363658449,509779
1985-06-24,319.8640363658449,320.5985567679979,314.76622722945484,316.4696832399167,412318
1985-06-25,316.4696832399167,322.3899184649764,316.4696832399167,320.34622249654035,560359
1985-06-26,320.34622249654035,320.34622249654035,311.1734238566976,311.48834949656793,482115
1985-06-27,311.48834949656793,311.48834949656793,297.56971689978513,301.01898993303064,368612
1985-06-28,301.01898993303064,313.7408761819197,301.01898993303064,313.19820955450865,438997
1985-07-01,313.19820955450865,316.77896704293136,310.85705138126076,313.1931876561625,475532
1985-07-02,313.1931876561625,330.9763660550043,313.1931876561625,328.58302869534907,482267
1985-07-03,328.58302869534907,348.4737495370222,328.58302869534907,343.8071066731383,626942
1985-07-04,343.8071066731383,349.5538159273969,343.8071066731383,349.25667482072976,521825
1985-07-05,349.25667482072976,349.25667482072976,336.2557334804502,340.08767803947336,514457
1985-07-08,340.08767803947336,343.79785654033367,340.08767803947336,343.37630115372895,445015
1985-07-09,343.37630115372895,350.9673988491183,343.37630115372895,348.9500883894349,406171
1985-07-10,348.9500883894349,350.7050263357603,344.41413503296906,349.14849242088354,500498
1985-07-11,349.14849242088354,359.3173464206328,349.14849242088354,358.97024410494623,532233
1985-07-12,358.97024410494623,364.36900740372397,358.97024410494623,361.9565004959545,554578
1985-07-15,361.9565004959545,375.4469500653974,361.9565004959545,371.72791277201003,412383
1985-07-16,371.72791277201003,371.72791277201003,353.04066785902387,358.2049913204555,656765
1985-07-17,358.2049913204555,358.2049913204555,353.05555108743846,355.5196208147874,368410
1985-07-18,355.5196208147874,373.47206140837454,355.5196208147874,371.92662364660026,505945
1985-07-19,371.92662364660026,379.3795566732295,371.92662364660026,379.05962646964,423208
1985-07-22,379.05962646964,387.2635883968955,379.05962646964,385.25754646077485,617633
1985-07-23,385.25754646077485,385.25754646077485,373.5804532402554,375.0992771739525,492771
1985-07-24,375.0992771739525,375.0992771739525,359.69101612949197,363.62375881172824,577051
1985-07-25,363.62375881172824,365.5495785091073,363.62375881172824,364.80665044913286,573844
1985-07-26,364.80665044913286,374.42332549124166,364.80665044913286,374.17151843757307,576265
1985-07-29,374.17151843757307,374.17151843757307,353.7444930533018,358.70342393225224,518684
1985-07-30,358.70342393225224,382.8631420571833,358.70342393225224,382.5141886561754,557575
1985-07-31,382.5141886561754,382.5141886561754,369.8000253309398,372.1901037814344,542663
1985-08-01,372.1901037814344,386.12970516445574,372.1901037814344,381.2194578850019,453343
1985-08-02,381.2194578850019,412.8419426148846,381.2194578850019,411.714266195304,441303
1985-08-05,411.714266195304,432.69619879453916,411.714266195304,432.0283968124564,604606
1985-08-06,432.0283968124564,434.1554040126559,422.8451585097643,427.8383213787679,381006
1985-08-07,427.8383213787679,427.8383213787679,395.4163654273019,399.3961444972747,442899
1985-08-08,399.3961444972747,399.3961444972747,389.05529127986523,394.84207131539523,549066
1985-08-09,394.84207131539523,394.84207131539523,385.73695875884397,390.1800983738036,516138
1985-08-12,390.1800983738036,400.72557627792446,390.1800983738036,397.0806245076901,500088
1985-08-13,397.0806245076901,397.0806245076901,391.33977120430114,394.82257299796913,400260
1985-08-14,394.82257299796913,396.4162931533638,392.4456853246227,393.5774255863979,585197
1985-08-15,393.5774255863979,395.91750530295286,389.2455095380177,390.51092530258666,608525
1985-08-16,390.51092530258666,396.0623215782343,388.73888233342905,394.04690975465917,517864
1985-08-19,394.04690975465917,394.04690975465917,385.75563224139097,387.40908557117496,575954
1985-08-20,387.40908557117496,387.40908557117496,370.2724388747077,373.5744787160853,527068
1985-08-21,373.5744787160853,393.9605112417092,373.5744787160853,392.8804081220641,578680
1985-08-22,392.8804081220641,413.12070304071665,392.8804081220641,410.2140626363709,412613
1985-08-23,410.2140626363709,433.13701996414676,410.2140626363709,427.1891217489644,528968
1985-08-26,427.1891217489644,428.70800065868957,422.5759252412363,424.54383452554436,537617
1985-08-27,424.54383452554436,457.78809446125337,424.54383452554436,451.87016433600786,548424
1985-08-28,451.87016433600786,468.72620011478176,451.87016433600786,464.85447699569386,480743
1985-08-29,464.85447699569386,464.85447699569386,429.07799141450533,434.88734990342925,317662
1985-08-30,434.88734990342925,454.0163600314214,434.88734990342925,448.39671446996664,586945
1985-09-02,448.39671446996664,458.02782247947187,448.39671446996664,456.12875196198576,483580
1985-09-03,456.12875196198576,456.12875196198576,443.8861815156908,449.4653590145552,530083
1985-09-04,449.4653590145552,455.58029759025715,449.4653590145552,455.1153913556878,394563
1985-09-05,455.1153913556878,455.1153913556878,427.7187514952407,429.0947599123757,469073
1985-09-06,429.0947599123757,429.0947599123757,408.8169308041667,413.9535568913526,356269
1985-09-09,413.9535568913526,415.07561727058356,406.78794058554826,411.14924129595175,405359
1985-09-10,411.14924129595175,415.11672954856107,406.2261492223515,410.1101277059844,537127
1985-09-11,410.1101277059844,410.1101277059844,399.66782586072634,404.0500960770513,392009
1985-09-12,404.0500960770513,427.29226413613554,404.0500960770513,421.04522819834915,531539
1985-09-13,421.04522819834915,422.100214079853,413.2512586201729,418.09457237086457,568577
1985-09-16,418.09457237086457,427.6245303723395,418.09457237086457,422.4008448096605,425513
1985-09-17,422.4008448096605,423.9014905269234,416.27983031688086,422.4963301774661,596163
1985-09-18,422.4963301774661,437.00301771052955,422.4963301774661,431.1389754513705,468118
1985-09-19,431.1389754513705,431.1389754513705,421.2050878468049,423.9067659867766,419913
1985-09-20,423.9067659867766,425.52148636185734,420.7908921604108,421.22264987360546,521442
1985-09-23,421.22264987360546,423.0257402861185,413.0756554987168,418.7874053944193,428337
1985-09-24,418.7874053944193,437.1236542612805,418.7874053944193,432.264936251205,574807
1985-09-25,432.264936251205,439.81497092987536,432.264936251205,438.4530791021773,478133
1985-09-26,438.4530791021773,440.75860527019967,435.5344161401818,440.09224114022794,477176
1985-09-27,440.09224114022794,444.3877096751487,436.0884771939709,439.9837134822209,529650
1985-09-30,439.9837134822209,458.5688968218725,439.9837134822209,454.3616683881546,550552
1985-10-01,454.3616683881546,489.5110741411786,454.3616683881546,483.2662003535571,697367
1985-10-02,483.2662003535571,503.6201671827301,483.2662003535571,500.9621830619018,421614
1985-10-03,500.9621830619018,559.8455509100687,500.9621830619018,553.1311283878593,503004
1985-10-04,553.1311283878593,564.2940022204331,553.1311283878593,563.6476962569618,658345
1985-10-07,563.6476962569618,581.6076745974353,563.6476962569618,578.8466097892082,469671
1985-10-08,578.8466097892082,578.8466097892082,553.0542921543135,553.7206871826347,561266
1985-10-09,553.7206871826347,553.7206871826347,534.5164258830472,535.2486358965238,473763
1985-10-10,535.2486358965238,552.954938698672,535.2486358965238,550.7242218687887,456967
1985-10-11,550.7242218687887,570.3153443782094,550.7242218687887,563.1404968612006,584376
1985-10-14,563.1404968612006,563.6322915884444,559.0206023267793,559.4976647349905,676536
1985-10-15,559.4976647349905,583.795653090416,559.4976647349905,580.7727642915277,560394
1985-10-16,580.7727642915277,588.205655509905,576.1103337333856,582.3904741696731,479211
1985-10-17,582.3904741696731,596.0793333947361,582.3904741696731,587.5169487812504,478844
1985-10-18,587.5169487812504,587.5169487812504,566.7358118521208,574.2045830607432,541304
1985-10-21,574.2045830607432,579.6910642144571,574.2045830607432,578.4435901365783,479217
1985-10-22,578.4435901365783,578.4435901365783,550.7600106817007,556.3128000370765,482571
1985-10-23,556.3128000370765,559.9944751682716,550.3646354553857,554.5161957734224,478114
1985-10-24,554.5161957734224,576.6436401264244,554.5161957734224,571.005917919178,567480
1985-10-25,571.005917919178,586.7281586109847,571.005917919178,583.6074256702669,599768
1985-10-28,583.6074256702669,603.2620167893527,583.6074256702669,597.2380118049185,478135
1985-10-29,597.2380118049185,632.9154336903265,597.2380118049185,628.3127568030999,431808
1985-10-30,628.3127568030999,628.3127568030999,607.7360758167816,611.3231254155231,470618
1985-10-31,611.3231254155231,611.3231254155231,589.5086837911243,597.6216531217924,571908
1985-11-01,597.6216531217924,597.6216531217924,538.9304901100461,539.1940251689108,556334
1985-11-04,539.1940251689108,556.5237673358275,539.1940251689108,549.7372020186847,366550
1985-11-05,549.7372020186847,557.4828055504887,546.5124937638005,550.3998286913986,586320
1985-11-06,550.3998286913986,550.3998286913986,536.1634361108465,539.1610174975744,421586
1985-11-07,539.1610174975744,565.4647956170016,539.1610174975744,557.974597776922,501855
1985-11-08,557.974597776922,575.3484925682629,557.974597776922,573.8292970161536,629464
1985-11-11,573.8292970161536,573.8292970161536,562.0512618952234,570.4866923258235,605119
1985-11-12,570.4866923258235,581.8809908079502,570.4866923258235,575.8272690554535,467071
1985-11-13,575.8272690554535,590.4321695290199,575.8272690554535,586.9106365477707,514065
1985-11-14,586.9106365477707,609.2728915768877,586.9106365477707,601.6640009656414,452702
1985-11-15,601.6640009656414,601.6640009656414,573.0590343152198,577.3377604416304,498515
1985-11-18,577.3377604416304,577.3377604416304,557.5325334030591,564.3461707998183,481046
1985-11-19,564.3461707998183,593.9771862583495,564.3461707998183,589.1267858276042,580542
1985-11-20,589.1267858276042,616.8390901303947,589.1267858276042,614.9165649396117,398894
1985-11-21,614.9165649396117,628.786558429187,614.9165649396117,623.276391407058,456548
1985-11-22,623.276391407058,623.276391407058,599.916715242775,606.4276839344296,501778
1985-11-25,606.4276839344296,609.5076300441037,601.9792819407135,605.9439487255895,295098
1985-11-26,605.9439487255895,641.8923079851849,605.9439487255895,640.736815564232,338696
1985-11-27,640.736815564232,649.726948222877,640.2288064873242,647.3470864823662,321964
1985-11-28,647.3470864823662,721.559206632424,647.3470864823662,713.4509546977106,476176
1985-11-29,713.4509546977106,713.4509546977106,679.9948034229328,684.4587132168343,503871
1985-12-02,684.4587132168343,693.9250482591654,682.339882462875,690.8600950228708,453707
1985-12-03,690.8600950228708,711.0354088971669,690.8600950228708,705.3024006791134,342329
1985-12-04,705.3024006791134,705.3024006791134,669.9494401297455,677.3465643340211,470066
1985-12-05,677.3465643340211,692.8669144622717,677.3465643340211,682.9832641149931,439714
1985-12-06,682.9832641149931,682.9832641149931,670.6163279352606,677.1632396388595,539777
1985-12-09,677.1632396388595,677.1632396388595,665.0313406840853,665.4250405529449,468061
1985-12-10,665.4250405529449,690.1814136004025,665.4250405529449,687.4544800436099,517118
1985-12-11,687.4544800436099,713.6262023021343,687.4544800436099,706.8888042755916,547756
1985-12-12,706.8888042755916,710.1135347692178,690.4155359766575,700.8450220739699,338634
1985-12-13,700.8450220739699,700.8450220739699,652.3309062182483,655.5920835652149,547488
1985-12-16,655.5920835652149,655.5920835652149,609.2950472100885,610.7113112085603,395319
1985-12-17,610.7113112085603,616.8901049772976,600.4969610171889,609.0372059827182,546021
1985-12-18,609.0372059827182,632.4221878696949,609.0372059827182,631.9176504006437,514672
1985-12-19,631.9176504006437,643.5820485832104,628.3983377149575,637.1499402554501,407696
1985-12-20,637.1499402554501,637.1499402554501,608.68225779899,609.9540966143659,513195
1985-12-23,609.9540966143659,627.0093270997713,609.9540966143659,623.5434073276036,485833
1985-12-24,623.5434073276036,623.5434073276036,619.7520732343136,621.8623050731608,561415
1985-12-25,621.8623050731608,655.0551914805368,621.8623050731608,648.3430574185126,508252
1985-12-26,648.3430574185126,648.3430574185126,635.9901790032692,638.5088178248769,501619
1985-12-27,638.5088178248769,638.5088178248769,618.7616562282727,622.9761942125483,458471
1985-12-30,622.9761942125483,622.9761942125483,586.0119099314179,588.9892690969033,593815
1985-12-31,588.9892690969033,597.1068439691443,581.6824654196658,588.3451922886596,484918
1986-01-01,588.3451922886596,599.9908057137062,588.3451922886596,595.9179536066487,552621
1986-01-02,595.9179536066487,629.8130712605671,595.9179536066487,622.5566025154741,402607
1986-01-03,622.5566025154741,622.5566025154741,599.7185825311598,604.931952039466,464061
1986-01-06,604.931952039466,627.6499854412431,604.931952039466,621.9284442611446,607508
1986-01-07,621.9284442611446,621.9284442611446,605.4822760235147,611.6314362702658,458431
1986-01-08,611.6314362702658,611.6314362702658,601.3551878461373,602.0396134625175,337038
1986-01-09,602.0396134625175,602.0396134625175,593.6045548280695,597.360048193788,498371
1986-01-10,597.360048193788,625.2131911041129,597.360048193788,620.6131209406733,514234
1986-01-13,620.6131209406733,620.6131209406733,608.4438150367362,610.8068899748207,449195
1986-01-14,610.8068899748207,617.3699369531432,603.6223731602125,608.4519027809979,429585
1986-01-15,608.4519027809979,627.9515833445809,608.4519027809979,620.7588234907275,455535
1986-01-16,620.7588234907275,620.7588234907275,589.3530194202523,595.5447239125365,491606
1986-01-17,595.5447239125365,618.904364876986,595.5447239125365,615.5739660173059,488676
1986-01-20,615.5739660173059,628.3441510218001,615.5739660173059,627.9053154436859,429863
1986-01-21,627.9053154436859,627.9053154436859,617.4974596757033,619.4306099616173,541244
1986-01-22,619.4306099616173,632.1591874975715,619.4306099616173,630.6769980827545,370453
1986-01-23,630.6769980827545,666.4366717988086,630.6769980827545,661.4270806005115,481691
1986-01-24,661.4270806005115,671.239894199784,658.5054908842999,665.5819080021826,506458
1986-01-27,665.5819080021826,689.0583905245084,665.5819080021826,684.790332189437,335829
1986-01-28,684.790332189437,708.2915004876355,684.790332189437,702.4003565140373,477270
1986-01-29,702.4003565140373,708.3197149701002,699.4221552490993,704.9634361568604,585455
1986-01-30,704.9634361568604,704.9634361568604,688.7464401594835,694.10634471703,482441
1986-01-31,694.10634471703,694.10634471703,683.9243091969478,687.0134964878148,423887
1986-02-03,687.0134964878148,710.5213375632352,687.0134964878148,704.7685708887017,489302
1986-02-04,704.7685708887017,704.7685708887017,680.8908706335478,688.4322679309837,463133
1986-02-05,688.4322679309837,690.7130284438681,678.6626348972221,681.0327119513933,411766
1986-02-06,681.0327119513933,695.7689217337531,681.0327119513933,693.4598904871754,447925
1986-02-07,693.4598904871754,693.4598904871754,671.0354195729313,671.7322836566589,451527
1986-02-10,671.7322836566589,671.7322836566589,655.9183227435466,659.2011761123522,500553
1986-02-11,659.2011761123522,674.1459437611738,659.2011761123522,672.2252514784171,483753
1986-02-12,672.2252514784171,709.9187308939075,672.2252514784171,703.3873388156676,529986
1986-02-13,703.3873388156676,703.3873388156676,688.410691504627,698.415571946724,436351
1986-02-14,698.415571946724,709.5026964543728,698.415571946724,708.7662264499885,463437
1986-02-17,708.7662264499885,708.7662264499885,686.4354545761662,689.0995038956545,551631
1986-02-18,689.0995038956545,692.7032257391418,680.3628582719883,684.584746695201,497017
1986-02-19,684.584746695201,684.584746695201,645.3129597084618,648.8360638504455,621868
1986-02-20,648.8360638504455,652.5241902938794,641.6807372903811,646.3953779878693,402674
1986-02-21,646.3953779878693,666.0597861999127,646.3953779878693,661.4855734415315,625560
1986-02-24,661.4855734415315,661.4855734415315,635.3773289222511,639.1715589431149,538130
1986-02-25,639.1715589431149,639.1715589431149,609.4902020918912,616.5563740597775,415566
1986-02-26,616.5563740597775,616.5563740597775,595.6323688120101,603.4028105941937,420691
1986-02-27,603.4028105941937,608.757412913998,598.1489214458502,606.0521193833334,648906
1986-02-28,606.0521193833334,616.1345002919284,605.0157533655401,614.1582821199786,587875
1986-03-03,614.1582821199786,614.1582821199786,589.7486314479615,595.8172807137464,494871
1986-03-04,595.8172807137464,595.8172807137464,587.5577295403931,591.3871433466142,567446
1986-03-05,591.3871433466142,601.9345732030475,590.3209587068419,598.498291953562,529451
1986-03-06,598.498291953562,598.498291953562,585.9942863938581,593.6652142312258,607448
1986-03-07,593.6652142312258,593.6652142312258,571.7756338357748,577.6601628615462,397195
1986-03-10,577.6601628615462,589.7312470677705,577.6601628615462,587.3211580404643,466138
1986-03-11,587.3211580404643,588.0833720458326,572.0265278686121,580.2814510813887,589014
1986-03-12,580.2814510813887,594.8474388093792,580.2814510813887,594.6525717453322,487085
1986-03-13,594.6525717453322,594.7201879939992,581.726254611827,588.3442917797602,576887
1986-03-14,588.3442917797602,588.3442917797602,574.2238127117927,574.3553703829119,526923
1986-03-17,574.3553703829119,595.7569131173309,574.3553703829119,593.7602232548506,731442
1986-03-18,593.7602232548506,593.7602232548506,559.126271282005,562.658993762145,544085
1986-03-19,562.658993762145,566.6131239006188,553.7736126103268,562.0911773180273,535388
1986-03-20,562.0911773180273,562.0911773180273,546.7389824181867,550.3657048586024,433846
1986-03-21,550.3657048586024,550.3657048586024,521.0709640481011,525.9773232377762,565611
1986-03-24,525.9773232377762,531.1447580456982,518.9579612893356,524.7769803705258,551303
1986-03-25,524.7769803705258,539.115884251765,524.7769803705258,535.4627146220645,470582
1986-03-26,535.4627146220645,538.3272271981871,532.1534172108326,537.7172150788743,581357
1986-03-27,537.7172150788743,537.7172150788743,527.8094999694431,529.8057642912026,437471
1986-03-28,529.8057642912026,529.8057642912026,516.6263195902244,522.3490699339845,463119
1986-03-31,522.3490699339845,527.1530718140359,519.454122260672,526.3440118541574,534005
1986-04-01,526.3440118541574,526.3440118541574,506.7737796630519,512.4613582269228,493155
1986-04-02,512.4613582269228,512.4613582269228,486.16803263187717,490.89967930460654,448350
1986-04-03,490.89967930460654,490.89967930460654,470.8984987338495,476.21726356866105,441997
1986-04-04,476.21726356866105,476.21726356866105,447.5292499507111,452.1845915585182,576300
1986-04-07,452.1845915585182,452.1845915585182,436.88975074896086,440.13583405579993,487485
1986-04-08,440.13583405579993,440.13583405579993,421.60095591997634,422.4410986802226,500772
1986-04-09,422.4410986802226,422.4410986802226,415.90894982492483,416.1606811165887,429867
1986-04-10,416.1606811165887,416.1606811165887,401.317213909119,402.2562556681907,502112
1986-04-11,402.2562556681907,402.2562556681907,390.5218379556368,392.63218158371694,442194
1986-04-14,392.63218158371694,393.47743760223636,392.25458817933395,393.0422313669653,602091
1986-04-15,393.0422313669653,393.5773380884605,388.0983476936417,389.92669950154436,446533
1986-04-16,389.92669950154436,389.92669950154436,381.55477608293864,382.5494677162694,444633
1986-04-17,382.5494677162694,399.07803877172773,382.5494677162694,397.6016302175967,634644
1986-04-18,397.6016302175967,399.56024380558733,393.9533434462798,397.17506726106274,398538
1986-04-21,397.17506726106274,411.70137419826005,397.17506726106274,406.22244268342223,582692
1986-04-22,406.22244268342223,432.41228405287455,406.22244268342223,426.43658133914806,542768
1986-04-23,426.43658133914806,426.43658133914806,416.7721322092491,419.6571647319764,515462
1986-04-24,419.6571647319764,426.18426985074177,419.6571647319764,422.86195474621053,452828
1986-04-25,422.86195474621053,422.86195474621053,414.8085360692314,418.7448711866342,388870
1986-04-28,418.7448711866342,448.5155848394242,418.7448711866342,442.5812998140857,501433
1986-04-29,442.5812998140857,442.5812998140857,406.38354705913446,412.1287305038606,447870
1986-04-30,412.1287305038606,418.1602189178405,412.1287305038606,416.2314249961343,539007
1986-05-01,416.2314249961343,416.2314249961343,411.10505361081823,413.27812689051206,429464
1986-05-02,413.27812689051206,413.27812689051206,402.15914276403424,406.60058803789894,569770
1986-05-05,406.60058803789894,412.11734822641256,405.69202150074256,409.95002695922443,554523
1986-05-06,409.95002695922443,412.4198971828739,409.0901349034022,409.81395897725315,522565
1986-05-07,409.81395897725315,430.1067239746042,409.81395897725315,428.4931741095087,533635
1986-05-08,428.4931741095087,428.4931741095087,421.49436213080185,423.89483766306415,489256
1986-05-09,423.89483766306415,423.89483766306415,412.77380161729764,413.37986236770837,564831
1986-05-12,413.37986236770837,423.1822862995811,412.88551575627775,418.9353110501276,575512
1986-05-13,418.9353110501276,418.9353110501276,400.51643772884154,401.56466198016227,524428
1986-05-14,401.56466198016227,409.3649099303194,401.56466198016227,406.77995953423925,424162
1986-05-15,406.77995953423925,428.35078820276976,406.77995953423925,426.0553139122323,500167
1986-05-16,426.0553139122323,439.82328099451036,426.0553139122323,437.2078978556699,561410
1986-05-19,437.2078978556699,463.64515607079534,437.2078978556699,458.48406096688456,501305
1986-05-20,458.48406096688456,458.48406096688456,441.7828221409713,445.11151388717735,537789
1986-05-21,445.11151388717735,445.11151388717735,440.19567843678084,442.12286997574404,509353
1986-05-22,442.12286997574404,468.6393529178389,442.12286997574404,463.67114613334195,474911
1986-05-23,463.67114613334195,463.67114613334195,452.87357650559164,455.83486093309324,534853
1986-05-26,455.83486093309324,475.95653206629834,455.83486093309324,469.0115097392505,420798
1986-05-27,469.0115097392505,469.0115097392505,453.76811553017274,460.05035920583344,458493
1986-05-28,460.05035920583344,467.39673416755784,456.9473658446019,460.851138820756,552725
1986-05-29,460.851138820756,460.851138820756,435.52627385428815,435.67644965236553,441838
1986-05-30,435.67644965236553,436.69676639961745,430.45247292017206,436.1948370848814,566837
1986-06-02,436.1948370848814,441.4322109688009,436.1948370848814,438.4038086249478,602433
1986-06-03,438.4038086249478,439.25673394077967,432.57546541549533,433.4951183409635,330441
1986-06-04,433.4951183409635,456.6258995335715,433.4951183409635,451.36350884581844,465780
1986-06-05,451.36350884581844,453.7389321546746,449.8833463779256,453.70906559785783,440432
1986-06-06,453.70906559785783,458.1167476769895,451.86059019862626,452.52234906128126,485637
1986-06-09,452.52234906128126,482.72418900994506,452.52234906128126,478.36155710637934,459834
1986-06-10,478.36155710637934,481.63232884002633,474.56262575901684,476.5822499843254,401630
1986-06-11,476.5822499843254,500.51958731709414,476.5822499843254,496.15144298055554,489799
1986-06-12,496.15144298055554,507.78641239193524,493.49801899587084,500.8921487942871,551047
1986-06-13,500.8921487942871,500.8921487942871,493.7186325097304,497.44447657040325,585131
1986-06-16,497.44447657040325,503.9061523744898,490.89379949864013,497.41552231637553,631807
1986-06-17,497.41552231637553,497.41552231637553,473.7452035712935,474.05935842742144,516088
1986-06-18,474.05935842742144,508.28973110202196,474.05935842742144,507.50034314297875,607532
1986-06-19,507.50034314297875,507.50034314297875,482.02507312342635,487.5525803688171,580904
1986-06-20,487.5525803688171,487.5525803688171,470.8782172039394,472.076284853634,481888
1986-06-23,472.076284853634,482.74503992909615,472.076284853634,479.7502413892494,487966
1986-06-24,479.7502413892494,485.9063155792893,479.7502413892494,482.64069649039146,531150
1986-06-25,482.64069649039146,482.64069649039146,451.2409632621273,457.64346662443234,503276
1986-06-26,457.64346662443234,470.3241517335104,457.64346662443234,466.3193987637747,452220
1986-06-27,466.3193987637747,474.61329429361626,466.3193987637747,469.73412781684914,463967
1986-06-30,469.73412781684914,476.94773668801724,469.587209685157,471.7859914189444,536491
1986-07-01,471.7859914189444,478.64524839659174,468.67512305499076,473.9096776119234,525525
1986-07-02,473.9096776119234,486.9661860204946,473.9096776119234,482.42942272145046,425359
1986-07-03,482.42942272145046,482.42942272145046,462.4339904879622,467.8608267061184,449590
1986-07-04,467.8608267061184,476.8782100314983,467.8608267061184,470.0870431933396,404668
1986-07-07,470.0870431933396,470.0870431933396,441.16453138637513,446.72859779478574,505311
1986-07-08,446.72859779478574,448.5088385850418,441.8386840503374,446.78001122474814,465781
1986-07-09,446.78001122474814,446.78001122474814,400.41888739351117,401.20641020921994,475815
1986-07-10,401.20641020921994,401.20641020921994,389.09960398031063,391.1765943178757,529961
1986-07-11,391.1765943178757,391.1765943178757,385.44174231900774,386.9948823855821,546343
1986-07-14,386.9948823855821,386.9948823855821,376.666710831194,377.1625557614425,436165
1986-07-15,377.1625557614425,377.1625557614425,358.60477075955697,358.7420624447692,399031
1986-07-16,358.7420624447692,362.77851549278665,356.779280107219,359.68039167661965,458294
1986-07-17,359.68039167661965,359.68039167661965,338.85197771385754,342.0353953486256,631798
1986-07-18,342.0353953486256,359.2149615208771,342.0353953486256,354.8495374354533,470834
1986-07-21,354.8495374354533,354.8495374354533,347.7188763620988,349.05033835246593,435368
1986-07-22,349.05033835246593,349.05033835246593,337.1515626482102,338.9558756455356,543565
1986-07-23,338.9558756455356,342.7096174250801,338.9558756455356,340.95167872228353,580074
1986-07-24,340.95167872228353,340.95167872228353,329.15283732033254,330.7427551714722,446824
1986-07-25,330.7427551714722,346.0607533569134,330.7427551714722,341.15127609974377,444736
1986-07-28,341.15127609974377,341.15127609974377,334.5864495043818,336.84199735563556,627841
1986-07-29,336.84199735563556,336.84199735563556,328.9876399563639,330.3874325082162,597809
1986-07-30,330.3874325082162,335.138656890018,330.3874325082162,333.4553909408065,446139
1986-07-31,333.4553909408065,333.4553909408065,322.2120491615216,324.7138098633547,491143
1986-08-01,324.7138098633547,340.6028117718813,324.7138098633547,337.9615557102043,441718
1986-08-04,337.9615557102043,337.9615557102043,327.6818109984328,329.64064095713854,436927
1986-08-05,329.64064095713854,329.64064095713854,325.42224690924786,329.2205358962894,594026
1986-08-06,329.2205358962894,334.3926706622775,328.79854448995036,330.82202502343887,508915
1986-08-07,330.82202502343887,339.6179330420832,330.82202502343887,334.9245099446061,449075
1986-08-08,334.9245099446061,335.2576097220481,333.5983390372019,334.2749231582721,395436
1986-08-11,334.2749231582721,334.2749231582721,318.92979454167147,322.2382129585144,346229
1986-08-12,322.2382129585144,359.9460105856196,322.2382129585144,355.09013713697664,468800
1986-08-13,355.09013713697664,373.6798329343648,355.09013713697664,369.61893347090285,662839
1986-08-14,369.61893347090285,395.53413480144707,369.61893347090285,394.52978487876715,532822
1986-08-15,394.52978487876715,404.0458552909913,394.52978487876715,403.98654954114323,543571
1986-08-18,403.98654954114323,404.63071032334426,398.4220496767397,399.53784544239414,512487
1986-08-19,399.53784544239414,434.23921908579416,399.53784544239414,428.3525169571301,405212
1986-08-20,428.3525169571301,428.3525169571301,412.7968078821781,414.40843603885895,554595
1986-08-21,414.40843603885895,434.4622922811822,414.40843603885895,433.0771124536396,525475
1986-08-22,433.0771124536396,443.5125851080967,433.0771124536396,440.52100694976,446162
1986-08-25,440.52100694976,450.35765896233374,440.52100694976,446.9069702245722,611195
1986-08-26,446.9069702245722,451.6765120604143,446.2783775843559,446.55642994165385,440163
1986-08-27,446.55642994165385,452.49132831847703,443.2125164918768,446.47310899916704,588003
1986-08-28,446.47310899916704,446.47310899916704,439.92166994847383,442.80889487629275,605469
1986-08-29,442.80889487629275,442.80889487629275,432.79536047012,435.9415675567095,465368
1986-09-01,435.9415675567095,435.9415675567095,428.07505871941,431.9480061882268,425619
1986-09-02,431.9480061882268,431.9480061882268,417.9829102181985,418.98181229180375,547089
1986-09-03,418.98181229180375,418.98181229180375,407.0908961021114,412.73674955280956,428287
1986-09-04,412.73674955280956,414.5183897322064,407.87659869781646,411.9880255872195,622137
1986-09-05,411.9880255872195,412.0558529347485,403.7564054550551,408.59239856463967,551775
1986-09-08,408.59239856463967,414.4359995944305,408.59239856463967,410.1365916519158,654875
1986-09-09,410.1365916519158,410.1365916519158,398.8873582664402,404.2193384548256,466090
1986-09-10,404.2193384548256,409.56121998530546,400.27612964600047,406.1973552649871,500155
1986-09-11,406.1973552649871,406.1973552649871,401.82381013686364,401.94363777294575,430312
1986-09-12,401.94363777294575,409.78153703793316,400.593183854302,405.76133571135256,489893
1986-09-15,405.76133571135256,419.1738948907906,405.76133571135256,413.7327351113699,415156
1986-09-16,413.7327351113699,423.74385362482747,413.7327351113699,420.57288004543256,537136
1986-09-17,420.57288004543256,429.56249468753833,420.57288004543256,426.5987978764552,412631
1986-09-18,426.5987978764552,426.5987978764552,418.47831296506536,421.56560166767923,452614
1986-09-19,421.56560166767923,431.75258909843484,421.56560166767923,430.16325884969206,427211
1986-09-22,430.16325884969206,452.3640962567535,430.16325884969206,448.27139358728823,453232
1986-09-23,448.27139358728823,448.27139358728823,432.28958155880224,437.3742212541022,566712
1986-09-24,437.3742212541022,468.1209940657075,437.3742212541022,465.3425234346576,395092
1986-09-25,465.3425234346576,481.8352158743581,465.3425234346576,475.9053568793486,456682
1986-09-26,475.9053568793486,475.9053568793486,459.70164442916916,464.5186275119354,485487
1986-09-29,464.5186275119354,469.0310825186142,461.0517286225612,464.26824755164085,340450
1986-09-30,464.26824755164085,494.2125076132856,464.26824755164085,491.717806530981,570417
1986-10-01,491.717806530981,491.717806530981,483.10592094728906,486.9237311803189,593885
1986-10-02,486.9237311803189,487.08718227215905,480.6369653574659,485.9353608311927,537376
1986-10-03,485.9353608311927,500.7472474016645,485.9353608311927,499.63172032386996,399041
1986-10-06,499.63172032386996,500.5290503263654,499.1131869299992,499.68538463167494,522073
1986-10-07,499.68538463167494,499.68538463167494,479.5492970616225,484.056923264282,543204
1986-10-08,484.056923264282,484.39680957198874,476.2553563043712,477.9187377105392,537348
1986-10-09,477.9187377105392,495.2504896598836,477.9187377105392,493.7127001169732,619253
1986-10-10,493.7127001169732,493.7127001169732,469.69830791763474,472.1529674376448,346206
1986-10-13,472.1529674376448,503.264213094257,472.1529674376448,495.8927931207928,570564
1986-10-14,495.8927931207928,518.8887009233994,495.8927931207928,512.7250736848991,438341
1986-10-15,512.7250736848991,512.7250736848991,502.029557953179,504.1965787009268,573449
1986-10-16,504.1965787009268,510.1868273070726,499.514979380367,503.08142559122524,577066
1986-10-17,503.08142559122524,528.7998054536184,503.08142559122524,521.4547749856204,487666
1986-10-20,521.4547749856204,536.5054762159183,521.4547749856204,533.1580129374427,491604
1986-10-21,533.1580129374427,533.1580129374427,516.702690974306,524.4810108627161,447631
1986-10-22,524.4810108627161,524.4810108627161,509.16027003964166,515.9874345998039,398447
1986-10-23,515.9874345998039,520.2040132035626,509.5263154321954,512.5788162187796,373832
1986-10-24,512.5788162187796,512.5788162187796,492.79938440982244,496.9029063789735,513282
1986-10-27,496.9029063789735,510.1856324856969,496.9029063789735,507.68537750626376,638504
1986-10-28,507.68537750626376,518.2096414241436,507.68537750626376,517.0411356920549,457621
1986-10-29,517.0411356920549,517.0411356920549,508.3741330835837,511.4130440284927,579191
1986-10-30,511.4130440284927,511.4130440284927,487.94757286619216,492.24043758406515,452639
1986-10-31,492.24043758406515,500.23850922209004,492.24043758406515,496.9262166002209,568050
1986-11-03,496.9262166002209,503.73590722006116,496.61570202566713,496.6655003987454,411979
1986-11-04,496.6655003987454,541.5598365005478,496.6655003987454,533.6230938850341,566288
1986-11-05,533.6230938850341,577.4086705882058,533.6230938850341,570.197054767588,507298
1986-11-06,570.197054767588,570.197054767588,550.8327671849154,554.6932352572059,430690
1986-11-07,554.6932352572059,554.6932352572059,544.5708401495144,545.1693047686904,549788
1986-11-10,545.1693047686904,545.1693047686904,529.6119492375108,531.9252960425944,537172
1986-11-11,531.9252960425944,531.9252960425944,520.0872187937413,521.5225168041137,450693
1986-11-12,521.5225168041137,521.5225168041137,513.9553049110145,517.6633426357711,538407
1986-11-13,517.6633426357711,517.6633426357711,506.4742243746519,512.0782779679978,399387
1986-11-14,512.0782779679978,517.4512184777365,511.0751121717506,516.5103208421484,638571
1986-11-17,516.5103208421484,535.0034341950476,516.5103208421484,533.4559628922967,598899
1986-11-18,533.4559628922967,541.113730117747,533.4559628922967,540.5156860822069,446077
1986-11-19,540.5156860822069,559.0276255647879,540.5156860822069,553.9248704437413,386503
1986-11-20,553.9248704437413,582.5882916112771,553.9248704437413,575.21623655959,435282
1986-11-21,575.21623655959,575.21623655959,553.5241559781068,561.7301141977454,566717
1986-11-24,561.7301141977454,587.4507657878677,561.7301141977454,582.0272743975814,550209
1986-11-25,582.0272743975814,589.6248304683058,579.8335911946712,588.6553635364953,543633
1986-11-26,588.6553635364953,588.6553635364953,578.440917220616,581.8245447836654,503341
1986-11-27,581.8245447836654,607.5517933337725,581.8245447836654,598.7327042625446,325033
1986-11-28,598.7327042625446,598.7327042625446,577.5857329915184,578.1356062668006,607750
1986-12-01,578.1356062668006,619.0813855758818,578.1356062668006,610.8644254034882,537376
1986-12-02,610.8644254034882,616.0617609563991,598.4788575811081,607.2045015285256,556806
1986-12-03,607.2045015285256,607.2045015285256,579.1893476706076,587.9157994300011,486696
1986-12-04,587.9157994300011,594.3910454915821,586.4197314083196,588.3319687470771,495628
1986-12-05,588.3319687470771,611.6089032176604,588.3319687470771,609.6809014646431,466336
1986-12-08,609.6809014646431,609.6809014646431,592.7934091913921,594.2659786004015,543553
1986-12-09,594.2659786004015,615.805232045686,594.2659786004015,609.6508855358787,508483
1986-12-10,609.6508855358787,615.9189263580803,609.6508855358787,610.0978901709211,448162
1986-12-11,610.0978901709211,610.0978901709211,581.3799428473208,582.658923513449,486468
1986-12-12,582.658923513449,585.0931049902061,568.664066737137,577.293308912596,643418
1986-12-15,577.293308912596,577.293308912596,560.5774717320705,567.6445774818109,567362
1986-12-16,567.6445774818109,571.4287523420961,558.4624461065018,565.7157531769994,532048
1986-12-17,565.7157531769994,565.7157531769994,537.3064997120161,543.5456340857397,578500
1986-12-18,543.5456340857397,546.9433381416358,537.8522566621956,540.7179278772049,419566
1986-12-19,540.7179278772049,540.7179278772049,525.0057928716788,531.3855878539343,495729
1986-12-22,531.3855878539343,531.3855878539343,517.9114777183146,524.7726862731643,717463
1986-12-23,524.7726862731643,524.7726862731643,497.07496544544205,503.67678345524916,435267
1986-12-24,503.67678345524916,506.7761260593555,500.1380852498913,502.16735446552076,406588
1986-12-25,502.16735446552076,502.16735446552076,490.1876795960537,496.1466202296791,607014
1986-12-26,496.1466202296791,509.1829058912875,495.23276047909644,501.7197486991647,443221
1986-12-29,501.7197486991647,502.83898837858413,499.95865740389115,500.116840745341,485043
1986-12-30,500.116840745341,513.826856405489,500.116840745341,506.3566624895153,495265
1986-12-31,506.3566624895153,506.3566624895153,496.9796121806727,498.185369830015,497804
1987-01-01,498.185369830015,506.0115972619357,496.2872178006637,502.3222072094918,298864
1987-01-02,502.3222072094918,502.3222072094918,493.58226383913234,498.5534216691613,497344
1987-01-05,498.5534216691613,501.67358693929185,498.5534216691613,500.6884048527288,554442
1987-01-06,500.6884048527288,500.6884048527288,486.55074818102463,487.30559754618383,407058
1987-01-07,487.30559754618383,495.6948160255295,487.30559754618383,495.64178379765946,432036
1987-01-08,495.64178379765946,512.8093690615019,495.64178379765946,506.3092306561113,416375
1987-01-09,506.3092306561113,506.3092306561113,487.4913408263802,487.9483669883721,559760
1987-01-12,487.9483669883721,487.9483669883721,475.1110994638764,478.2025268723736,406305
1987-01-13,478.2025268723736,478.2025268723736,464.8224647656165,467.9097541971265,497097
1987-01-14,467.9097541971265,467.9097541971265,462.4290409648328,462.76700204701126,696983
1987-01-15,462.76700204701126,504.61063229288317,462.76700204701126,502.78294435358856,428456
1987-01-16,502.78294435358856,518.8627284347947,502.78294435358856,515.0603157561422,371752
1987-01-19,515.0603157561422,515.0603157561422,501.72366106188076,506.3014689293538,441730
1987-01-20,506.3014689293538,520.1924186470956,506.3014689293538,519.8152155321153,579734
1987-01-21,519.8152155321153,519.8152155321153,499.3008001966614,506.2016945171746,480601
1987-01-22,506.2016945171746,534.2559968469357,506.2016945171746,526.5551821841606,460548
1987-01-23,526.5551821841606,526.5551821841606,507.622606054064,511.18299830691893,499809
1987-01-26,511.18299830691893,511.18299830691893,489.6663721234025,493.5312977788363,488230
1987-01-27,493.5312977788363,512.1972197808744,493.5312977788363,510.46765334653526,619899
1987-01-28,510.46765334653526,510.46765334653526,480.74382897595325,480.8673458227974,496453
1987-01-29,480.8673458227974,495.4330249576602,480.8673458227974,492.20334614137477,451013
1987-01-30,492.20334614137477,492.20334614137477,485.20433906390787,491.25466349413875,640081
1987-02-02,491.25466349413875,491.25466349413875,464.37770487158883,471.10318779442485,363380
1987-02-03,471.10318779442485,471.10318779442485,457.7558719534109,464.20914937357674,518363
1987-02-04,464.20914937357674,486.98386942969034,464.20914937357674,481.02275571336673,500833
1987-02-05,481.02275571336673,481.02275571336673,471.43529774353755,478.29298249210535,378741
1987-02-06,478.29298249210535,496.79159938638304,478.29298249210535,494.12138861597157,511046
1987-02-09,494.12138861597157,514.540920071247,494.12138861597157,512.1550965071312,516998
1987-02-10,512.1550965071312,521.5345165461225,512.1550965071312,517.548154843108,465700
1987-02-11,517.548154843108,517.548154843108,495.27704058512523,500.84127312429354,561705
1987-02-12,500.84127312429354,527.081353096753,500.84127312429354,520.6605657424669,382411
1987-02-13,520.6605657424669,520.6605657424669,495.94349502342016,503.08886947339937,391827
1987-02-16,503.08886947339937,505.6348035622901,503.08886947339937,505.62642146741894,558656
1987-02-17,505.62642146741894,511.6277816300923,497.19127168974705,504.5763461407334,512466
1987-02-18,504.5763461407334,538.6263025362144,504.5763461407334,534.9700007243077,366875
1987-02-19,534.9700007243077,562.4760771348789,534.9700007243077,557.7916018215566,576852
1987-02-20,557.7916018215566,591.278977422305,557.7916018215566,590.4735977995703,366760
1987-02-23,590.4735977995703,600.2603393212937,590.4735977995703,598.7077364821039,597475
1987-02-24,598.7077364821039,605.1503977607762,598.1924797321414,599.0046974467159,494903
1987-02-25,599.0046974467159,620.8774041406194,599.0046974467159,618.8051178580514,446623
1987-02-26,618.8051178580514,621.3005222271951,609.110776176941,614.810467953213,531655
1987-02-27,614.810467953213,616.5653094803516,610.0018268691463,614.1833418657828,506108
1987-03-02,614.1833418657828,614.1833418657828,600.5609262729378,600.6333906017967,518820
1987-03-03,600.6333906017967,638.7214201419894,600.6333906017967,634.5577790239497,374664
1987-03-04,634.5577790239497,634.5577790239497,586.5699966850042,594.8637922730643,471053
1987-03-05,594.8637922730643,594.8637922730643,571.8458377877234,579.3153885910165,434411
1987-03-06,579.3153885910165,579.3153885910165,556.3225913674942,562.1771365043048,612777
1987-03-09,562.1771365043048,562.1771365043048,543.7042868927373,547.1338175863938,652546
1987-03-10,547.1338175863938,547.1338175863938,542.641233346164,543.6157908928742,525208
1987-03-11,543.6157908928742,559.7255128538551,543.6157908928742,554.9821411254798,497263
1987-03-12,554.9821411254798,595.3688357116627,554.9821411254798,593.1449946326915,477461
1987-03-13,593.1449946326915,607.8985618521486,593.1449946326915,599.0636292949317,535715
1987-03-16,599.0636292949317,646.6319002364855,599.0636292949317,644.0308192967387,625821
1987-03-17,644.0308192967387,678.6799090973999,644.0308192967387,671.5601298861549,466044
1987-03-18,671.5601298861549,691.8554649006153,671.5601298861549,684.4877313560949,380204
1987-03-19,684.4877313560949,687.1155232393345,679.6055650194128,680.8049927333481,449274
1987-03-20,680.8049927333481,699.8736728359149,680.8049927333481,696.4644942384292,548326
1987-03-23,696.4644942384292,709.7359743426229,696.4644942384292,706.1243367869148,620757
1987-03-24,706.1243367869148,706.1243367869148,692.3779270406129,697.6784329561641,467939
1987-03-25,697.6784329561641,697.6784329561641,670.6441838892976,680.741730247221,395620
1987-03-26,680.741730247221,682.5086732743979,673.1781905319986,681.7543843472849,553956
1987-03-27,681.7543843472849,681.7543843472849,668.561901589616,677.8177778132398,413385
1987-03-30,677.8177778132398,699.5149850866483,677.8177778132398,693.3422546313745,427264
1987-03-31,693.3422546313745,708.748320361716,693.3422546313745,706.8942057202534,388567
1987-04-01,706.8942057202534,737.6004612794312,706.8942057202534,730.1756892928993,481111
1987-04-02,730.1756892928993,740.1703733834028,729.6227711491176,730.8084205347204,553370
1987-04-03,730.8084205347204,743.411422685281,730.8084205347204,735.2334256773316,423179
1987-04-06,735.2334256773316,756.0157589538057,735.2334256773316,752.1381348150724,592100
1987-04-07,752.1381348150724,756.5967308560353,736.8259818984483,747.7779109890065,396690
1987-04-08,747.7779109890065,750.3593586050846,740.342629107781,741.0397332801311,609002
1987-04-09,741.0397332801311,741.0397332801311,716.6444515167511,719.2849103146383,506049
1987-04-10,719.2849103146383,729.5664350892346,719.2849103146383,729.2003448762621,485732
1987-04-13,729.2003448762621,751.2620502549837,729.2003448762621,750.9293768588196,419301
1987-04-14,750.9293768588196,750.9293768588196,740.1761805279383,743.3011313948069,651778
1987-04-15,743.3011313948069,770.5748340572555,743.3011313948069,764.28285654414,474558
1987-04-16,764.28285654414,774.3319175974709,755.1291036440897,765.7663373422097,486218
1987-04-17,765.7663373422097,765.7663373422097,719.2015157929637,728.1927505914315,324523
1987-04-20,728.1927505914315,775.974151336124,728.1927505914315,775.4231768244779,558991
1987-04-21,775.4231768244779,800.6514754887035,775.4231768244779,798.7226698933702,471663
1987-04-22,798.7226698933702,798.7226698933702,774.6886698876325,777.3472180785019,511062
1987-04-23,777.3472180785019,777.3472180785019,742.573802448306,743.7148241248461,617518
1987-04-24,743.7148241248461,743.7148241248461,735.9856630115263,739.7585159635539,535425
1987-04-27,739.7585159635539,739.7585159635539,713.9079058382525,720.0328488331642,459093
1987-04-28,720.0328488331642,720.0328488331642,683.8482422274178,694.0450583596,526731
1987-04-29,694.0450583596,698.202796197925,691.4795086349003,698.0651030356065,448970
1987-04-30,698.0651030356065,698.0651030356065,678.7977700690907,685.990275290141,587049
1987-05-01,685.990275290141,705.3734720549079,685.990275290141,700.0454658121289,519704
1987-05-04,700.0454658121289,700.0454658121289,678.2139595544552,686.1493361425768,326252
1987-05-05,686.1493361425768,742.1853071230237,686.1493361425768,733.5290670462432,580699
1987-05-06,733.5290670462432,778.9383193049324,733.5290670462432,770.4696220491193,560929
1987-05-07,770.4696220491193,797.7431036997536,770.4696220491193,790.0848097650895,577978
1987-05-08,790.0848097650895,806.1360247908001,790.0848097650895,805.8368573674169,431352
1987-05-11,805.8368573674169,809.3995533082243,791.4215122372727,802.9260271399248,525521
1987-05-12,802.9260271399248,805.953784657692,790.0535054782184,795.6880132943413,547254
1987-05-13,795.6880132943413,795.6880132943413,779.1108566563447,781.5820778167888,494214
1987-05-14,781.5820778167888,803.0026997135641,781.5820778167888,793.1390853767941,433672
1987-05-15,793.1390853767941,793.1390853767941,784.975953485164,788.0965383018911,464140
1987-05-18,788.0965383018911,810.82035967091,788.0965383018911,800.8411621553804,511699
1987-05-19,800.8411621553804,800.8411621553804,782.875460301043,787.1528016098853,482564
1987-05-20,787.1528016098853,789.6089648473159,768.854502229191,778.7485775753113,528920
1987-05-21,778.7485775753113,778.7485775753113,763.8233249388217,771.7752871177598,455026
1987-05-22,771.7752871177598,777.9594440503205,765.8207849292112,767.4044806736654,569530
1987-05-25,767.4044806736654,767.4044806736654,750.0415269476326,758.9427688603197,423112
1987-05-26,758.9427688603197,758.9427688603197,738.8650357982955,749.1786583125163,428330
1987-05-27,749.1786583125163,749.1786583125163,681.9168476976391,689.4160679297042,555154
1987-05-28,689.4160679297042,689.4160679297042,667.2192077856591,671.5253880042794,548277
1987-05-29,671.5253880042794,671.5253880042794,659.1679601876506,660.4316483762634,430577
1987-06-01,660.4316483762634,662.4222589730629,657.2977414102064,661.4988618713679,675510
1987-06-02,661.4988618713679,661.4988618713679,651.1884120320883,655.2971943943254,462114
1987-06-03,655.2971943943254,665.9082147430292,655.2971943943254,664.5072712238409,475779
1987-06-04,664.5072712238409,664.5072712238409,648.0175387965664,648.2906446885679,405924
1987-06-05,648.2906446885679,652.0313949642043,645.3138929474947,647.7157761793724,369197
1987-06-08,647.7157761793724,676.2103970876287,647.7157761793724,674.5937599201445,616763
1987-06-09,674.5937599201445,674.5937599201445,644.3205329604818,652.3896215966203,436686
1987-06-10,652.3896215966203,689.8137946669007,652.3896215966203,682.7358767540107,523122
1987-06-11,682.7358767540107,692.9681460933239,682.7358767540107,691.6766813791361,273729
1987-06-12,691.6766813791361,691.6766813791361,680.2904724246565,683.5569657403785,528129
1987-06-15,683.5569657403785,686.9267888681533,673.9956227548836,682.1080421150378,504910
1987-06-16,682.1080421150378,682.1080421150378,646.1024271217439,654.3441605749236,487920
1987-06-17,654.3441605749236,667.492000358379,654.3441605749236,657.7059563324809,539870
1987-06-18,657.7059563324809,657.7059563324809,625.1801829470052,629.1683892359623,544779
1987-06-19,629.1683892359623,629.1683892359623,607.6407141146399,608.2701328853942,537286
1987-06-22,608.2701328853942,608.2701328853942,580.9302349381595,582.6070025717205,338661
1987-06-23,582.6070025717205,582.6070025717205,566.9397112036588,572.9274275468573,349656
1987-06-24,572.9274275468573,622.966853136587,572.9274275468573,618.1257136510601,530480
1987-06-25,618.1257136510601,618.1257136510601,591.9970230851129,600.2455064070177,560016
1987-06-26,600.2455064070177,603.7337255813641,594.6504663567837,597.1021951543324,514094
1987-06-29,597.1021951543324,620.4115877716976,597.1021951543324,615.8682282734485,453067
1987-06-30,615.8682282734485,654.2815827551425,615.8682282734485,648.8218644704308,417100
1987-07-01,648.8218644704308,659.8071128288899,646.4919332417365,654.928097152818,668123
1987-07-02,654.928097152818,670.6242068805176,654.928097152818,662.2192464110192,493758
1987-07-03,662.2192464110192,662.2192464110192,641.9337921722308,642.3112909915124,358159
1987-07-06,642.3112909915124,654.5407590550592,642.3112909915124,651.1293668680374,514263
1987-07-07,651.1293668680374,665.2249112180302,651.1293668680374,660.9706639495591,438909
1987-07-08,660.9706639495591,660.9706639495591,643.9657795177133,645.1438496372766,373717
1987-07-09,645.1438496372766,645.1438496372766,633.0058907556554,635.8367740351895,357735
1987-07-10,635.8367740351895,639.0923021243422,625.5667407075402,633.9546563427438,477272
1987-07-13,633.9546563427438,666.4743383102535,633.9546563427438,660.4672711170901,478378
1987-07-14,660.4672711170901,660.4672711170901,614.8420763665492,619.9037442979973,591751
1987-07-15,619.9037442979973,619.9037442979973,598.7146856263136,602.9541503047069,532772
1987-07-16,602.9541503047069,602.9541503047069,592.639834601048,596.9766962656607,464646
1987-07-17,596.9766962656607,596.9766962656607,564.6361438421485,569.5019541634896,461319
1987-07-20,569.5019541634896,569.5019541634896,550.3252844127965,557.7192999809757,235720
1987-07-21,557.7192999809757,569.4192567963959,557.7192999809757,564.5518786405765,622244
1987-07-22,564.5518786405765,564.5518786405765,535.5880890032422,539.4200341189469,479722
1987-07-23,539.4200341189469,561.563112862372,539.4200341189469,561.3417560371805,540518
1987-07-24,561.3417560371805,563.4669257755241,556.8862001004143,558.3547663841177,353598
1987-07-27,558.3547663841177,574.0826341811936,558.3547663841177,566.937194775523,281495
1987-07-28,566.937194775523,602.0888448843468,566.937194775523,595.3907921238757,610783
1987-07-29,595.3907921238757,595.3907921238757,581.6745333557076,589.0615205339791,513612
1987-07-30,589.0615205339791,609.7470020906402,589.0615205339791,602.1257016098803,604136
1987-07-31,602.1257016098803,627.3722695745721,602.1257016098803,622.0435578905644,541784
1987-08-03,622.0435578905644,628.0641525535491,612.7763651370276,620.6043532966095,488237
1987-08-04,620.6043532966095,620.6043532966095,612.8939857980228,615.9029537030033,445485
1987-08-05,615.9029537030033,615.9029537030033,606.1279527837168,607.6359579721818,551292
1987-08-06,607.6359579721818,618.3778349298649,606.3186481183047,612.8136146772964,568927
1987-08-07,612.8136146772964,612.8136146772964,598.4025411076127,606.3913417888718,568020
1987-08-10,606.3913417888718,639.4088521483318,606.3913417888718,630.6571585779099,452882
1987-08-11,630.6571585779099,672.8592896796914,630.6571585779099,670.9149991817351,422979
1987-08-12,670.9149991817351,692.7071863476004,670.9149991817351,690.8278092774065,652624
1987-08-13,690.8278092774065,690.8278092774065,667.7066718839812,674.106657455544,417052
1987-08-14,674.106657455544,701.1687751647421,674.106657455544,699.0724280376289,443197
1987-08-17,699.0724280376289,702.0799287076376,687.2049560525207,694.1427267844231,512817
1987-08-18,694.1427267844231,694.1427267844231,687.1083879019691,690.9184890621075,562501
1987-08-19,690.9184890621075,722.1642011324707,690.9184890621075,714.8216324811199,483619
1987-08-20,714.8216324811199,714.8216324811199,704.4508239385506,711.2483827370629,467840
1987-08-21,711.2483827370629,711.2483827370629,692.7880189903335,696.7215670308133,501935
1987-08-24,696.7215670308133,706.9230246956253,696.7215670308133,700.274502652685,567325
1987-08-25,700.274502652685,700.274502652685,661.5864666447769,664.1344731863878,443100
1987-08-26,664.1344731863878,668.1472729925592,652.6614905929457,660.5633759245537,500876
1987-08-27,660.5633759245537,719.5317367901504,660.5633759245537,715.9757314493039,680050
1987-08-28,715.9757314493039,723.5411530190012,713.4437818228056,715.4744363785485,601470
1987-08-31,715.4744363785485,715.4744363785485,677.8309173105895,684.0463954968002,453897
1987-09-01,684.0463954968002,685.1550161114933,677.6863946526207,684.6368977427402,375923
1987-09-02,684.6368977427402,692.0315948604263,681.1308089946276,688.2421167784099,495474
1987-09-03,688.2421167784099,699.8641846291657,688.2421167784099,697.8033069370455,457904
1987-09-04,697.8033069370455,697.8033069370455,665.5166391036066,670.6765870615492,575608
1987-09-07,670.6765870615492,672.121373722278,665.7320500750964,666.3949167828703,477190
1987-09-08,666.3949167828703,696.6463288217731,666.3949167828703,690.4288944831336,523326
1987-09-09,690.4288944831336,690.4288944831336,661.2390378524958,670.135198837067,575784
1987-09-10,670.135198837067,670.135198837067,658.2343126515036,664.1582757469675,545744
1987-09-11,664.1582757469675,686.7549358304609,664.1582757469675,677.0222425163964,451469
1987-09-14,677.0222425163964,712.2570847117604,677.0222425163964,705.6079811083404,449145
1987-09-15,705.6079811083404,705.6079811083404,674.6779629580365,680.9873046034584,449291
1987-09-16,680.9873046034584,699.3687817003308,680.9873046034584,694.9780322456222,544174
1987-09-17,694.9780322456222,694.9780322456222,683.6078488858738,689.1217419886368,588951
1987-09-18,689.1217419886368,692.1597275403831,674.2699980460568,682.3370456306614,491802
1987-09-21,682.3370456306614,704.948557286978,682.3370456306614,695.2692761100776,504328
1987-09-22,695.2692761100776,699.0101892629233,684.9772020105861,694.4610525922872,655942
1987-09-23,694.4610525922872,694.4610525922872,671.0969120608739,673.3793399781781,472264
1987-09-24,673.3793399781781,679.192984974338,665.2615840005409,671.529119176309,432942
1987-09-25,671.529119176309,690.4183755316393,671.529119176309,684.4289268624843,488564
1987-09-28,684.4289268624843,684.4289268624843,659.1660191402993,663.6925089779451,537609
1987-09-29,663.6925089779451,663.6925089779451,651.067213399944,658.7383810283841,508143
1987-09-30,658.7383810283841,660.4331058307735,645.6659345245853,654.8063006595115,581875
1987-10-01,654.8063006595115,662.8316388008975,651.0327255155877,660.7543809896339,507925
1987-10-02,660.7543809896339,666.8656443359139,660.7543809896339,665.4583253627574,343501
1987-10-05,665.4583253627574,668.3110089087934,661.874704218406,666.6293543170398,466101
1987-10-06,666.6293543170398,675.3872543837498,661.9696543436262,666.4437046888524,439401
1987-10-07,666.4437046888524,666.4437046888524,637.3294538613748,641.3499797047187,371753
1987-10-08,641.3499797047187,651.7674258097601,641.3499797047187,649.0264835455371,574862
1987-10-09,649.0264835455371,657.4182048059473,648.2452298943961,649.7970985117665,502989
1987-10-12,649.7970985117665,649.7970985117665,630.8073457323943,632.3160251760693,588572
1987-10-13,632.3160251760693,632.3160251760693,617.7804510003712,622.1713261105723,463577
1987-10-14,622.1713261105723,623.8561716607605,615.2983274136757,620.8530440211088,508634
1987-10-15,620.8530440211088,620.8530440211088,603.4236206134354,608.4367813733334,499265
1987-10-16,608.4367813733334,633.4678284713272,608.4367813733334,624.6477411474215,514052
1987-10-19,624.6477411474215,624.6477411474215,616.6020760858842,617.6197055127398,609439
1987-10-20,617.6197055127398,625.9758949551316,617.6197055127398,623.1292812137405,413534
1987-10-21,623.1292812137405,623.1292812137405,605.0460346189527,609.1369951400084,493813
1987-10-22,609.1369951400084,609.1369951400084,596.5701828434926,601.2620924322432,397524
1987-10-23,601.2620924322432,612.1861745006797,599.3156347312266,603.7542694667524,559739
1987-10-26,603.7542694667524,614.6942291262712,599.1751977703879,607.6210090711478,488460
1987-10-27,607.6210090711478,607.8251673393219,596.9335345007499,601.1670004808939,487562
1987-10-28,601.1670004808939,601.1670004808939,587.5478389894905,588.4330770493624,440012
1987-10-29,588.4330770493624,593.7564634721243,587.722603467846,588.2437680712476,532588
1987-10-30,588.2437680712476,615.2717027969451,588.2437680712476,613.1577781386038,463684
1987-11-02,613.1577781386038,613.1577781386038,596.0967698922639,601.3982999775071,494084
1987-11-03,601.3982999775071,601.3982999775071,578.0780585504123,581.0808704171063,428696
1987-11-04,581.0808704171063,596.5523969829048,581.0808704171063,591.5908417026282,593174
1987-11-05,591.5908417026282,595.9829486646737,588.2940774179839,592.099456454203,472703
1987-11-06,592.099456454203,630.316343692364,592.099456454203,623.8215456554445,448273
1987-11-09,623.8215456554445,623.8215456554445,613.2595473546031,617.2730924050121,389657
1987-11-10,617.2730924050121,617.2730924050121,612.7695217151634,615.0679039073909,435454
1987-11-11,615.0679039073909,627.6091410155062,615.0679039073909,623.0082244451886,481992
1987-11-12,623.0082244451886,626.494170887558,619.4764619959702,626.2045464031908,446111
1987-11-13,626.2045464031908,633.4887875631971,625.679106059097,629.7874904719189,569936
1987-11-16,629.7874904719189,654.2720203558266,629.7874904719189,647.5744136064741,499439
1987-11-17,647.5744136064741,647.5744136064741,632.2760401595912,633.84346851724,544485
1987-11-18,633.84346851724,633.84346851724,617.223781020321,617.7180919145703,388873
1987-11-19,617.7180919145703,617.7180919145703,578.4662000334625,585.7300532766294,294903
1987-11-20,585.7300532766294,615.2826690527385,585.7300532766294,606.8375884746296,534757
1987-11-23,606.8375884746296,652.7261949057353,606.8375884746296,649.6968137316046,580987
1987-11-24,649.6968137316046,675.9364239681333,649.6968137316046,666.7842341280581,513995
1987-11-25,666.7842341280581,688.1818257811506,666.7842341280581,678.2736001322041,604882
1987-11-26,678.2736001322041,691.2835693793944,678.2736001322041,688.1918219145437,395128
1987-11-27,688.1918219145437,688.1918219145437,667.400971911006,671.9865102886369,546980
1987-11-30,671.9865102886369,676.9203505739381,663.7208251920747,673.0596367462597,388030
1987-12-01,673.0596367462597,697.629772891866,673.0596367462597,691.8492268630092,475848
1987-12-02,691.8492268630092,691.8492268630092,676.1226614025541,676.3115888223098,548187
1987-12-03,676.3115888223098,676.3115888223098,653.8151478586594,660.8851443433333,473708
1987-12-04,660.8851443433333,660.8851443433333,641.05318509919,641.5873334882916,589783
1987-12-07,641.5873334882916,641.5873334882916,630.2421319693532,632.670056541227,622296
1987-12-08,632.670056541227,660.4605740463795,632.670056541227,651.0513760591165,516970
1987-12-09,651.0513760591165,668.6877933349856,651.0513760591165,665.2634559274685,531315
1987-12-10,665.2634559274685,696.601170326779,665.2634559274685,689.1603713534738,482723
1987-12-11,689.1603713534738,699.1098688336327,688.0736150171706,695.07235579497,516205
1987-12-14,695.07235579497,706.8649865511278,695.07235579497,700.1462109539968,540339
1987-12-15,700.1462109539968,700.3309585516131,684.2975062930915,693.845955496954,608792
1987-12-16,693.845955496954,728.7635338752922,693.845955496954,724.8699091754695,576234
1987-12-17,724.8699091754695,724.8699091754695,702.5844251147576,711.6204128124504,545188
1987-12-18,711.6204128124504,711.6204128124504,703.3475049049254,706.4722734145556,505463
1987-12-21,706.4722734145556,726.409764788066,706.4722734145556,724.1545445668061,504526
1987-12-22,724.1545445668061,732.6328233081011,724.1545445668061,729.812778847227,471051
1987-12-23,729.812778847227,750.9772565012081,729.812778847227,740.1260833132308,344053
1987-12-24,740.1260833132308,754.1025340192307,735.4109163043094,743.5788655662317,484590
1987-12-25,743.5788655662317,788.7942578253826,743.5788655662317,781.9781201104572,447406
1987-12-28,781.9781201104572,781.9781201104572,768.1616230029563,768.5037988358646,576671
1987-12-29,768.5037988358646,768.5037988358646,734.5996658794628,738.747051160372,517991
1987-12-30,738.747051160372,738.747051160372,708.5495864898297,709.7677672265532,561803
1987-12-31,709.7677672265532,709.7677672265532,690.0645240245692,697.2143930959633,344587
1988-01-01,697.2143930959633,699.8216909248468,694.9833729922269,696.6455807688378,456300
1988-01-04,696.6455807688378,717.9391730530308,696.6455807688378,711.7079883546562,483694
1988-01-05,711.7079883546562,711.7079883546562,695.3858174403808,704.1657730375906,552487
1988-01-06,704.1657730375906,704.1657730375906,690.8475395131212,694.9614125429055,397946
1988-01-07,694.9614125429055,705.335455618013,694.9614125429055,700.471593312142,490456
1988-01-08,700.471593312142,707.4622356939786,700.471593312142,704.5616969006048,438372
1988-01-11,704.5616969006048,704.5616969006048,682.6249767079586,692.7983783502043,470034
1988-01-12,692.7983783502043,692.7983783502043,670.343405404938,680.4069089041401,470052
1988-01-13,680.4069089041401,680.4069089041401,664.8191002378459,670.6097289536269,473538
1988-01-14,670.6097289536269,676.696813786477,668.1220369157616,669.475836209321,409502
1988-01-15,669.475836209321,695.8133151445348,669.475836209321,686.8575263800969,604043
1988-01-18,686.8575263800969,695.7424590489488,683.4704842300802,691.4076527790372,400510
1988-01-19,691.4076527790372,722.783272908784,691.4076527790372,713.7672495121483,519668
1988-01-20,713.7672495121483,713.7672495121483,700.8351431166355,705.8900495844543,590123
1988-01-21,705.8900495844543,705.8900495844543,692.6762734879114,696.027192992,498856
1988-01-22,696.027192992,703.8824640089487,690.392538874704,700.5244538723938,471964
1988-01-25,700.5244538723938,725.7631829263324,700.5244538723938,715.9542243054915,515400
1988-01-26,715.9542243054915,715.9542243054915,684.8427905434288,692.9062700240904,448117
1988-01-27,692.9062700240904,692.9062700240904,686.1416673695873,687.1313374750723,346406
1988-01-28,687.1313374750723,687.1313374750723,645.6589396132673,652.5919531648162,591058
1988-01-29,652.5919531648162,677.4166356536483,652.5919531648162,675.9824887929807,526630
1988-02-01,675.9824887929807,675.9824887929807,653.0447234261633,653.3228592435962,502052
1988-02-02,653.3228592435962,710.2834720835357,653.3228592435962,699.9120386578113,382080
1988-02-03,699.9120386578113,752.736275373489,699.9120386578113,747.4249910850307,262138
1988-02-04,747.4249910850307,751.6662896263325,746.7607416994234,751.425973358615,347977
1988-02-05,751.425973358615,764.3333768158633,751.425973358615,755.8786758003821,498305
1988-02-08,755.8786758003821,791.8250243219791,755.8786758003821,782.9857770377913,462784
1988-02-09,782.9857770377913,805.5895115264201,782.9857770377913,793.9392708161436,479518
1988-02-10,793.9392708161436,793.9392708161436,764.2267813723015,775.628590234706,376838
1988-02-11,775.628590234706,780.2049433374917,772.1035797023009,775.2964033783883,535185
1988-02-12,775.2964033783883,775.2964033783883,751.2510946848245,757.2734690004348,430609
1988-02-15,757.2734690004348,769.7589215755436,757.2734690004348,769.6938375840322,523794
1988-02-16,769.6938375840322,793.4569900307002,769.6938375840322,782.1985230267843,584109
1988-02-17,782.1985230267843,812.1055916065993,782.1985230267843,804.5805641053987,451543
1988-02-18,804.5805641053987,810.0026318826585,795.0931061258892,807.1359627656801,534086
1988-02-19,807.1359627656801,807.1359627656801,776.7902058874334,784.9693654840444,571410
1988-02-22,784.9693654840444,787.4722382976142,774.4044358858674,785.385602549333,399423
1988-02-23,785.385602549333,793.313084721207,779.2421679614524,789.9694597628755,499592
1988-02-24,789.9694597628755,818.3195911003403,789.9694597628755,817.3557302679516,590963
1988-02-25,817.3557302679516,817.3557302679516,790.3275372539972,802.0271796402163,540207
1988-02-26,802.0271796402163,811.6377388123377,791.8800336394069,803.3759285865473,374681
1988-02-29,803.3759285865473,803.3759285865473,766.9205507986522,767.163452085001,558111
1988-03-01,767.163452085001,767.163452085001,760.1688239702138,765.7311128595046,485150
1988-03-02,765.7311128595046,765.7311128595046,761.1003917003063,763.1459827775031,376123
1988-03-03,763.1459827775031,763.1459827775031,718.9908625365085,725.0490476715595,574199
1988-03-04,725.0490476715595,767.8664989798367,725.0490476715595,764.80153270189,334473
1988-03-07,764.80153270189,765.4009551047418,754.9086893544616,763.8066023389589,522327
1988-03-08,763.8066023389589,786.4465255517924,763.8066023389589,785.5216362073064,602424
1988-03-09,785.5216362073064,816.5502730239563,785.5216362073064,806.3108839399965,482537
1988-03-10,806.3108839399965,806.3108839399965,778.0382366816306,789.6493084567528,511194
1988-03-11,789.6493084567528,791.6101168129707,779.2184694079452,791.023344539925,376549
1988-03-14,791.023344539925,813.8967453922708,791.023344539925,802.5730172652562,554462
1988-03-15,802.5730172652562,806.4341481565324,789.909159339908,801.7959517976593,641812
1988-03-16,801.7959517976593,801.7959517976593,787.1514976477912,787.8086049978516,537031
1988-03-17,787.8086049978516,787.8086049978516,770.4099339236881,771.9485296376678,423171
1988-03-18,771.9485296376678,771.9485296376678,747.5851494755101,757.3419341807638,499791
1988-03-21,757.3419341807638,757.3419341807638,736.1501489746202,738.1129181132538,554774
1988-03-22,738.1129181132538,738.1129181132538,694.404923065299,695.2685098046595,476688
1988-03-23,695.2685098046595,695.2685098046595,674.46164902764,674.8355146540692,500297
1988-03-24,674.8355146540692,684.8187938797113,672.0990541564997,679.7076713063839,539900
1988-03-25,679.7076713063839,679.7076713063839,663.1053475351011,671.3262119287199,495162
1988-03-28,671.3262119287199,671.3262119287199,661.0514757542454,668.9049102043331,456393
1988-03-29,668.9049102043331,668.9049102043331,649.9514006843884,658.6697284363695,504299
1988-03-30,658.6697284363695,671.7726269680186,658.6697284363695,669.4002534841569,483367
1988-03-31,669.4002534841569,696.0066975838364,669.4002534841569,687.8827533302167,537326
1988-04-01,687.8827533302167,727.1149494225141,687.8827533302167,716.8695918085338,579270
1988-04-04,716.8695918085338,716.8695918085338,690.7819463912723,696.8624201795618,573412
1988-04-05,696.8624201795618,696.8624201795618,685.0476943387863,689.1207452202187,394684
1988-04-06,689.1207452202187,701.9994273159393,689.1207452202187,698.7082551434871,424693
1988-04-07,698.7082551434871,698.7082551434871,677.1134541351137,684.275108473433,657059
1988-04-08,684.275108473433,684.275108473433,672.5367361007948,678.7497532473918,606655
1988-04-11,678.7497532473918,719.7016892967895,678.7497532473918,712.9154799851907,535458
1988-04-12,712.9154799851907,712.9154799851907,698.5058713022298,703.5044082393305,519896
1988-04-13,703.5044082393305,707.7068813816511,690.3591318760369,699.8553755775213,501046
1988-04-14,699.8553755775213,709.8972979303257,699.8553755775213,708.1935247425992,389635
1988-04-15,708.1935247425992,732.5193146523706,708.1935247425992,726.3988358245156,424704
1988-04-18,726.3988358245156,746.8018439554411,726.3988358245156,746.5392549834751,398216
1988-04-19,746.5392549834751,760.5096914688481,746.5392549834751,753.8613427956732,371216
1988-04-20,753.8613427956732,786.7854547702216,753.8613427956732,779.2758166527509,445512
1988-04-21,779.2758166527509,779.2758166527509,738.3704434116651,742.779239132381,530214
1988-04-22,742.779239132381,742.779239132381,708.7352757076105,711.4875341701822,405100
1988-04-25,711.4875341701822,721.8006506392329,711.4875341701822,718.9485325390624,549415
1988-04-26,718.9485325390624,723.8096719899968,718.9485325390624,723.4119847176777,518738
1988-04-27,723.4119847176777,731.8490224563707,719.4101039938106,721.2464463351139,446187
1988-04-28,721.2464463351139,755.6005439650997,721.2464463351139,754.9819154953209,364771
1988-04-29,754.9819154953209,754.9819154953209,726.777553354155,734.0040673044246,469619
1988-05-02,734.0040673044246,734.0040673044246,719.1034213526273,723.9589318436903,434449
1988-05-03,723.9589318436903,728.1565366367836,715.9040504795162,719.5844503012752,594789
1988-05-04,719.5844503012752,735.4752474782124,716.874219044427,725.80161171127,518361
1988-05-05,725.80161171127,756.5517943384054,725.80161171127,753.7667952121167,589189
1988-05-06,753.7667952121167,753.7667952121167,729.2409247949396,732.4184761259786,410105
1988-05-09,732.4184761259786,740.7531640373744,731.4310277225051,737.1466640433947,455505
1988-05-10,737.1466640433947,737.1466640433947,721.3925234272332,723.6994226741028,626478
1988-05-11,723.6994226741028,746.0409555179855,723.6994226741028,739.3690969362495,531888
1988-05-12,739.3690969362495,797.92030270519,739.3690969362495,797.1135030214938,422713
1988-05-13,797.1135030214938,797.1135030214938,779.6364950837368,786.7088216550958,568656
1988-05-16,786.7088216550958,786.7088216550958,773.5687136406531,776.3732428428636,411977
1988-05-17,776.3732428428636,796.3321207239982,776.3732428428636,790.7342276441999,499500
1988-05-18,790.7342276441999,790.7342276441999,760.1959610163448,769.4882013357608,639657
1988-05-19,769.4882013357608,769.4882013357608,739.1664934098285,744.9456331641628,681071
1988-05-20,744.9456331641628,744.9456331641628,733.2475740740125,733.3207353122384,497015
1988-05-23,733.3207353122384,773.0219058967086,733.3207353122384,763.9198916818598,338017
1988-05-24,763.9198916818598,763.9198916818598,748.0114717151451,753.9820779648023,513007
1988-05-25,753.9820779648023,779.5953489506956,753.9820779648023,771.6057563856625,539838
1988-05-26,771.6057563856625,805.4550871616793,771.6057563856625,801.8346498567839,567486
1988-05-27,801.8346498567839,839.010683026504,801.8346498567839,838.7747429995366,518142
1988-05-30,838.7747429995366,841.545696859469,829.6825035346428,831.2580172480206,451807
1988-05-31,831.2580172480206,831.2580172480206,812.0036359392545,823.5782268213719,349657
1988-06-01,823.5782268213719,841.1221694674362,823.5782268213719,839.4019029318429,430983
1988-06-02,839.4019029318429,879.5625318082215,839.4019029318429,875.1980268645851,459721
1988-06-03,875.1980268645851,875.1980268645851,809.8229006048597,819.5871169287262,482347
1988-06-06,819.5871169287262,851.9524351718851,819.5871169287262,846.5257658208692,662451
1988-06-07,846.5257658208692,902.642318766739,846.5257658208692,892.2132053897076,416804
1988-06-08,892.2132053897076,894.924777274965,885.9815003168605,889.7434781988296,566227
1988-06-09,889.7434781988296,889.7434781988296,845.9320512797934,850.7518788164542,544118
1988-06-10,850.7518788164542,850.7518788164542,808.6198996104539,815.8392151202594,477783
1988-06-13,815.8392151202594,816.7857346707054,809.1267852310807,816.0248761434938,565190
1988-06-14,816.0248761434938,866.1057495447187,816.0248761434938,853.6806517004162,402192
1988-06-15,853.6806517004162,935.304078081644,853.6806517004162,930.795811710718,377755
1988-06-16,930.795811710718,930.795811710718,915.5057048675246,920.4887417434963,540997
1988-06-17,920.4887417434963,971.1990772576033,920.4887417434963,961.6284128815348,501267
1988-06-20,961.6284128815348,961.6284128815348,935.9549945309634,937.2856493710786,381113
1988-06-21,937.2856493710786,937.2856493710786,913.8706815719014,926.6415060342497,568841
1988-06-22,926.6415060342497,926.6415060342497,884.581887779966,891.841635924804,549769
1988-06-23,891.841635924804,919.5677924710473,891.841635924804,910.2745169797586,423858
1988-06-24,910.2745169797586,913.2800403354912,894.835114407986,907.4646566493867,503117
1988-06-27,907.4646566493867,949.7592549846245,907.4646566493867,949.5999259823867,414404
1988-06-28,949.5999259823867,977.9166292100269,949.5999259823867,964.0558630017298,455483
1988-06-29,964.0558630017298,1005.8086405500904,964.0558630017298,991.3903364257104,566942
1988-06-30,991.3903364257104,999.9862463332108,986.4690335011278,997.8533020063603,544240
1988-07-01,997.8533020063603,997.8533020063603,964.8737086978356,973.5485831932709,355503
1988-07-04,973.5485831932709,973.5485831932709,927.1563585648599,928.0668059096944,382090
1988-07-05,928.0668059096944,954.0907889155732,928.0668059096944,942.7346161905306,681704
1988-07-06,942.7346161905306,958.0531582619018,942.7346161905306,952.2235282328855,335848
1988-07-07,952.2235282328855,1036.3948858314416,952.2235282328855,1028.3152438121404,357550
1988-07-08,1028.3152438121404,1072.3567682550934,1028.3152438121404,1071.554944645662,654740
1988-07-11,1071.554944645662,1111.4389505145866,1071.554944645662,1096.4233957773629,452856
1988-07-12,1096.4233957773629,1102.1786650887993,1084.996395892595,1087.1464446900548,524525
1988-07-13,1087.1464446900548,1133.1753552931812,1087.1464446900548,1117.6417450913557,615756
1988-07-14,1117.6417450913557,1117.6417450913557,1037.7240492544074,1041.2315599467606,437580
1988-07-15,1041.2315599467606,1090.076175339286,1041.2315599467606,1076.497583791484,498549
1988-07-18,1076.497583791484,1076.497583791484,1047.764078982682,1061.7351027106736,567818
1988-07-19,1061.7351027106736,1085.9347686865249,1061.7351027106736,1076.5723228504633,447612
1988-07-20,1076.5723228504633,1076.5723228504633,1033.315070705024,1048.381402734033,446427
1988-07-21,1048.381402734033,1051.442777701369,1032.1143505088542,1036.6515141868492,499617
1988-07-22,1036.6515141868492,1066.5762059161436,1036.6515141868492,1062.3257245541422,505632
1988-07-25,1062.3257245541422,1062.3257245541422,1033.656176125439,1040.6101340553548,507832
1988-07-26,1040.6101340553548,1067.527803300898,1040.6101340553548,1057.5613519952415,533577
1988-07-27,1057.5613519952415,1124.0613282430306,1057.5613519952415,1120.958708046798,514312
1988-07-28,1120.958708046798,1139.3539041994227,1119.8988438691156,1123.4012661251213,418572
1988-07-29,1123.4012661251213,1206.000785606286,1123.4012661251213,1193.5650715797876,608876
1988-08-01,1193.5650715797876,1193.5650715797876,1093.477577087886,1106.1741991860977,536920
1988-08-02,1106.1741991860977,1106.1741991860977,1093.8179610243437,1100.3934437078958,483983
1988-08-03,1100.3934437078958,1128.3882872014956,1100.3934437078958,1124.1260075387906,428708
1988-08-04,1124.1260075387906,1141.6789534796362,1118.16617540414,1126.873525802489,472592
1988-08-05,1126.873525802489,1129.3249710068858,1105.317127018256,1115.2550350721601,452233
1988-08-08,1115.2550350721601,1162.0573858450744,1115.2550350721601,1161.84603216319,380775
1988-08-09,1161.84603216319,1161.84603216319,1141.4801378714524,1148.9597012710906,488284
1988-08-10,1148.9597012710906,1204.1603245133763,1148.9597012710906,1190.530852674361,431814
1988-08-11,1190.530852674361,1229.6411886998487,1190.530852674361,1215.8852823922014,488401
1988-08-12,1215.8852823922014,1297.8839172725814,1215.8852823922014,1292.0457559228755,485449
1988-08-15,1292.0457559228755,1380.4581503450156,1292.0457559228755,1363.3928860635228,580699
1988-08-16,1363.3928860635228,1403.3720100956637,1363.3928860635228,1396.0828003633037,545222
1988-08-17,1396.0828003633037,1438.2389477525435,1396.0828003633037,1417.6965270285764,463397
1988-08-18,1417.6965270285764,1417.6965270285764,1377.999837314703,1394.2982503334415,429454
1988-08-19,1394.2982503334415,1394.2982503334415,1290.1471150730931,1309.5803613861342,504081
1988-08-22,1309.5803613861342,1370.443074766737,1309.5803613861342,1366.588252387589,495845
1988-08-23,1366.588252387589,1438.8399258473842,1366.588252387589,1436.4800475317045,494302
1988-08-24,1436.4800475317045,1547.263863716026,1436.4800475317045,1537.4685799687402,508030
1988-08-25,1537.4685799687402,1537.4685799687402,1507.303243737467,1515.7440060148833,555294
1988-08-26,1515.7440060148833,1520.534010292004,1510.3927857502867,1510.94210601358,378539
1988-08-29,1510.94210601358,1510.94210601358,1478.2016006753781,1485.9493852141313,604848
1988-08-30,1485.9493852141313,1575.9616854013223,1485.9493852141313,1552.9596528490608,593438
1988-08-31,1552.9596528490608,1566.726612340812,1539.6517168543683,1547.718263576329,525581
1988-09-01,1547.718263576329,1547.718263576329,1386.989701917914,1405.5817877293202,522342
1988-09-02,1405.5817877293202,1507.084050087719,1405.5817877293202,1488.8722432792956,612670
1988-09-05,1488.8722432792956,1488.8722432792956,1459.8675698462253,1476.829776187419,472583
1988-09-06,1476.829776187419,1479.351906685638,1467.9409763401784,1470.2906270278083,518872
1988-09-07,1470.2906270278083,1559.1190485494515,1470.2906270278083,1546.183014318691,375348
1988-09-08,1546.183014318691,1684.2383645733084,1546.183014318691,1683.220831082823,492925
1988-09-09,1683.220831082823,1739.1301913167683,1683.220831082823,1722.0853913613244,512280
1988-09-12,1722.0853913613244,1748.726402374548,1722.0853913613244,1744.7606392854661,509962
1988-09-13,1744.7606392854661,1744.7606392854661,1659.9295321014122,1669.0857260372065,312351
1988-09-14,1669.0857260372065,1669.0857260372065,1592.7335243483142,1594.9454723274487,585684
1988-09-15,1594.9454723274487,1715.7768880139686,1594.9454723274487,1702.7560402600936,536000
1988-09-16,1702.7560402600936,1771.2668255246379,1702.7560402600936,1747.336517055903,469805
1988-09-19,1747.336517055903,1876.1091015257773,1747.336517055903,1850.4261938662166,595662
1988-09-20,1850.4261938662166,1874.9793098490677,1847.636587017004,1860.7843428463552,553935
1988-09-21,1860.7843428463552,1872.9353021313204,1850.6099955146585,1870.232735887297,385031
1988-09-22,1870.232735887297,1874.9794273680327,1870.232735887297,1874.595270197543,383438
1988-09-23,1874.595270197543,1966.3223827161808,1874.595270197543,1939.285070453045,595605
1988-09-26,1939.285070453045,1974.5636873915703,1939.285070453045,1970.7066846411115,431447
1988-09-27,1970.7066846411115,1987.3782109628253,1966.8022479544786,1978.5889111045697,564019
1988-09-28,1978.5889111045697,1978.5889111045697,1869.585491550273,1886.7816050097701,501911
1988-09-29,1886.7816050097701,1993.410385878108,1886.7816050097701,1976.1680157016153,355208
1988-09-30,1976.1680157016153,1976.1680157016153,1798.1945020275998,1812.8171978843586,617158
1988-10-03,1812.8171978843586,2047.2702689385235,1812.8171978843586,2037.22091096264,585421
1988-10-04,2037.22091096264,2037.22091096264,1926.9438249824666,1951.7719137664492,529253
1988-10-05,1951.7719137664492,1998.452051293399,1951.7719137664492,1983.2079412758233,421792
1988-10-06,1983.2079412758233,1983.2079412758233,1783.0480463206095,1784.0611927376297,499006
1988-10-07,1784.0611927376297,1906.8260288407857,1784.0611927376297,1887.9747522524015,374827
1988-10-10,1887.9747522524015,1887.9747522524015,1745.3352802860493,1765.8411310495692,501336
1988-10-11,1765.8411310495692,1765.8411310495692,1679.172368644491,1693.4945259058263,491542
1988-10-12,1693.4945259058263,1693.4945259058263,1603.4248664064298,1603.5405420746501,497313
1988-10-13,1603.5405420746501,1603.5405420746501,1455.351200020979,1460.0199078943253,577665
1988-10-14,1460.0199078943253,1460.0199078943253,1415.0152760933142,1423.1824883971713,420566
1988-10-17,1423.1824883971713,1453.415656103428,1423.1824883971713,1448.2246794956752,477251
1988-10-18,1448.2246794956752,1448.2246794956752,1402.5745068066094,1405.125845715631,455546
1988-10-19,1405.125845715631,1405.125845715631,1321.2959963564645,1335.73299638273,526713
1988-10-20,1335.73299638273,1419.7203162690712,1335.73299638273,1406.9729239184496,570910
1988-10-21,1406.9729239184496,1501.0509266231275,1406.9729239184496,1490.61724907842,628432
1988-10-24,1490.61724907842,1644.195056281739,1490.61724907842,1639.4334857598428,494636
1988-10-25,1639.4334857598428,1639.4334857598428,1589.9057078281805,1591.0200534008322,392702
1988-10-26,1591.0200534008322,1606.8283374675912,1587.470160048309,1588.8620551221961,402290
1988-10-27,1588.8620551221961,1588.8620551221961,1507.9151645275772,1519.7913802333596,526603
1988-10-28,1519.7913802333596,1643.3874036257894,1519.7913802333596,1626.5854202402993,388661
1988-10-31,1626.5854202402993,1713.6198849492928,1626.5854202402993,1711.5358463797113,478870
1988-11-01,1711.5358463797113,1711.5358463797113,1622.071666117606,1641.1370328154112,415487
1988-11-02,1641.1370328154112,1686.2128140657828,1641.1370328154112,1664.1281397406283,607225
1988-11-03,1664.1281397406283,1736.5143464758962,1664.1281397406283,1735.0758252804887,443378
1988-11-04,1735.0758252804887,1788.153105659906,1735.0758252804887,1774.7115479022925,459890
1988-11-07,1774.7115479022925,1802.1805697083519,1768.535365789509,1791.3427952892275,622985
1988-11-08,1791.3427952892275,1791.3427952892275,1696.1026778679316,1712.2988262128108,401439
1988-11-09,1712.2988262128108,1733.3348618003688,1712.2988262128108,1723.7378368643847,500199
1988-11-10,1723.7378368643847,1723.7378368643847,1661.6811757071612,1676.9009923585352,458942
1988-11-11,1676.9009923585352,1676.9009923585352,1616.5437588629939,1629.0869330086307,444884
1988-11-14,1629.0869330086307,1629.0869330086307,1588.9401573482937,1598.153648527315,421295
1988-11-15,1598.153648527315,1758.3114990525644,1598.153648527315,1742.2320961371265,577388
1988-11-16,1742.2320961371265,1742.2320961371265,1606.3723219505157,1625.2833307835244,519562
1988-11-17,1625.2833307835244,1625.2833307835244,1587.7449576341003,1597.006543638372,654667
1988-11-18,1597.006543638372,1646.4812177821732,1597.006543638372,1639.2640672227615,600093
1988-11-21,1639.2640672227615,1639.2640672227615,1552.554583139137,1573.4182119287627,569099
1988-11-22,1573.4182119287627,1599.4362042786345,1573.4182119287627,1583.6080217313065,676588
1988-11-23,1583.6080217313065,1634.8210461387664,1583.6080217313065,1617.5327394234153,517495
1988-11-24,1617.5327394234153,1652.269393364996,1617.5327394234153,1639.1069568021444,487714
1988-11-25,1639.1069568021444,1639.1069568021444,1518.020314036083,1539.351926023818,485387
1988-11-28,1539.351926023818,1621.6854082225445,1539.351926023818,1607.6712573162356,643597
1988-11-29,1607.6712573162356,1719.6938794047137,1607.6712573162356,1707.6197017442412,479880
1988-11-30,1707.6197017442412,1747.1179860103157,1707.6197017442412,1730.8567070029599,413423
1988-12-01,1730.8567070029599,1730.8567070029599,1606.4871954172504,1612.829346551342,439590
1988-12-02,1612.829346551342,1612.829346551342,1566.2141319518657,1582.5624082700908,490627
1988-12-05,1582.5624082700908,1625.5868982311783,1582.5624082700908,1604.4066709833405,450627
1988-12-06,1604.4066709833405,1648.5103106411625,1604.4066709833405,1635.191034687439,438627
1988-12-07,1635.191034687439,1635.191034687439,1498.5512191701453,1506.0722410548049,475983
1988-12-08,1506.0722410548049,1574.646515604699,1506.0722410548049,1555.498938997344,523120
1988-12-09,1555.498938997344,1555.498938997344,1467.8755328400136,1472.4785914488107,455027
1988-12-12,1472.4785914488107,1527.0617818058781,1472.4785914488107,1509.3014027897855,621293
1988-12-13,1509.3014027897855,1600.1589074655824,1509.3014027897855,1590.4530968336012,458139
1988-12-14,1590.4530968336012,1630.3067176284626,1590.4530968336012,1616.449506702916,573762
1988-12-15,1616.449506702916,1647.23219988067,1602.43365491445,1624.3072971759875,498136
1988-12-16,1624.3072971759875,1624.3072971759875,1555.280548084867,1566.2542031708101,568427
1988-12-19,1566.2542031708101,1569.1955918903288,1531.6806386340932,1550.7854829403702,588029
1988-12-20,1550.7854829403702,1550.7854829403702,1481.0517781453993,1494.2249809476266,589054
1988-12-21,1494.2249809476266,1517.3499745043835,1494.2249809476266,1505.8760679534432,585417
1988-12-22,1505.8760679534432,1505.8760679534432,1447.4745195552514,1453.8105656236864,633472
1988-12-23,1453.8105656236864,1527.6883809951953,1453.8105656236864,1509.9090321308004,602999
1988-12-26,1509.9090321308004,1509.9090321308004,1439.2086788054987,1458.8846543883424,442098
1988-12-27,1458.8846543883424,1458.8846543883424,1429.7470446222308,1431.9778939685418,464918
1988-12-28,1431.9778939685418,1452.7448135823145,1428.7080031238793,1444.4820719650681,517175
1988-12-29,1444.4820719650681,1448.2809929971907,1417.7864979377512,1438.3581763261013,317675
1988-12-30,1438.3581763261013,1438.3581763261013,1403.2673608034747,1419.6664144175472,474790
1989-01-02,1419.6664144175472,1480.891322147294,1419.6664144175472,1476.6191208908772,503722
1989-01-03,1476.6191208908772,1546.241878350181,1476.6191208908772,1525.0540117379003,695021
1989-01-04,1525.0540117379003,1605.4489855993934,1525.0540117379003,1603.7828924356263,486486
1989-01-05,1603.7828924356263,1603.7828924356263,1536.4543267653817,1538.669371884021,523429
1989-01-06,1538.669371884021,1634.2113047701764,1538.669371884021,1614.160259840466,521274
1989-01-09,1614.160259840466,1683.814196167609,1614.160259840466,1673.4957208005458,421795
1989-01-10,1673.4957208005458,1673.4957208005458,1643.8240168539626,1651.5594341884187,545935
1989-01-11,1651.5594341884187,1651.5594341884187,1603.3052234683564,1605.1186218046555,530564
1989-01-12,1605.1186218046555,1605.1186218046555,1497.7444548616363,1519.4431409324764,710854
1989-01-13,1519.4431409324764,1558.47055162625,1519.4431409324764,1546.6635247659801,450605
1989-01-16,1546.6635247659801,1577.4150146359996,1546.6635247659801,1572.8165552229627,534329
1989-01-17,1572.8165552229627,1572.8165552229627,1525.692800868503,1538.8646750949597,439922
1989-01-18,1538.8646750949597,1538.8646750949597,1509.2079751224237,1509.2622786207348,575376
1989-01-19,1509.2622786207348,1565.5844076016483,1509.2622786207348,1546.2844429900356,379919
1989-01-20,1546.2844429900356,1546.2844429900356,1498.396544845567,1512.98058131476,373772
1989-01-23,1512.98058131476,1554.9922817173522,1512.98058131476,1535.2484240757253,620405
1989-01-24,1535.2484240757253,1535.2484240757253,1466.7897605922474,1475.6371721213745,440069
1989-01-25,1475.6371721213745,1475.6371721213745,1426.200310938776,1436.1290095542004,355401
1989-01-26,1436.1290095542004,1528.2838915459383,1436.1290095542004,1510.6333198298378,383668
1989-01-27,1510.6333198298378,1523.8155139470255,1510.6333198298378,1523.724565553575,507041
1989-01-30,1523.724565553575,1547.2351022504786,1505.864765389856,1528.4021523256977,447662
1989-01-31,1528.4021523256977,1528.4021523256977,1483.6607974403928,1502.2458572481114,420867
1989-02-01,1502.2458572481114,1502.2458572481114,1429.457720283071,1431.074126229076,414834
1989-02-02,1431.074126229076,1568.3832633318193,1431.074126229076,1553.0337969814802,439795
1989-02-03,1553.0337969814802,1681.4319207871217,1553.0337969814802,1673.3524687970191,541219
1989-02-06,1673.3524687970191,1673.3524687970191,1615.4079372695126,1635.1402960442028,637223
1989-02-07,1635.1402960442028,1635.1402960442028,1594.3283495953845,1608.389835833159,506972
1989-02-08,1608.389835833159,1608.389835833159,1584.6014931606564,1590.025789195686,476099
1989-02-09,1590.025789195686,1720.847107802589,1590.025789195686,1700.7951249436715,392098
1989-02-10,1700.7951249436715,1700.7951249436715,1572.0407869574638,1575.070188906381,597712
1989-02-13,1575.070188906381,1640.3710611951055,1575.070188906381,1622.0939572071338,426694
1989-02-14,1622.0939572071338,1622.0939572071338,1525.4288110943419,1529.6486326053175,538464
1989-02-15,1529.6486326053175,1529.6486326053175,1485.5566043383715,1489.855390151414,545368
1989-02-16,1489.855390151414,1499.6848938032695,1464.7733151561417,1482.8400030166226,436593
1989-02-17,1482.8400030166226,1482.8400030166226,1429.061876709712,1438.9885521759204,502153
1989-02-20,1438.9885521759204,1438.9885521759204,1364.8892344402916,1381.4605983213073,635578
1989-02-21,1381.4605983213073,1381.4605983213073,1344.9694564550632,1347.5723491410208,353379
1989-02-22,1347.5723491410208,1347.5723491410208,1268.9982293071982,1279.8663178478064,451216
1989-02-23,1279.8663178478064,1279.8663178478064,1232.9846351694803,1250.4829783344592,635727
1989-02-24,1250.4829783344592,1278.021875335875,1250.4829783344592,1268.140583696645,522994
1989-02-27,1268.140583696645,1268.140583696645,1208.6415240765436,1213.440230500374,409305
1989-02-28,1213.440230500374,1213.440230500374,1137.6215374319015,1138.775060829481,501745
1989-03-01,1138.775060829481,1184.7527907170602,1138.775060829481,1168.9499382942677,465822
1989-03-02,1168.9499382942677,1168.9499382942677,1136.5871409359731,1152.4063128017458,475632
1989-03-03,1152.4063128017458,1191.900680433321,1152.4063128017458,1183.3848837457438,420065
1989-03-06,1183.3848837457438,1242.6236111053686,1183.3848837457438,1229.4659663137502,418064
1989-03-07,1229.4659663137502,1229.4659663137502,1166.711535488801,1177.0418791053678,567959
1989-03-08,1177.0418791053678,1255.3285055339597,1177.0418791053678,1243.8531108112377,525798
1989-03-09,1243.8531108112377,1243.8531108112377,1226.7598337399183,1230.7423878538434,605075
1989-03-10,1230.7423878538434,1273.4860092097192,1230.7423878538434,1265.5991916821326,616444
1989-03-13,1265.5991916821326,1291.7485007652176,1265.5991916821326,1276.4937142123554,457565
1989-03-14,1276.4937142123554,1331.432857850862,1276.4937142123554,1329.440523509039,530660
1989-03-15,1329.440523509039,1428.817245615997,1329.440523509039,1423.3881590337592,554812
1989-03-16,1423.3881590337592,1423.3881590337592,1369.144421453271,1383.1248829467893,463248
1989-03-17,1383.1248829467893,1413.3325909846394,1381.7330364285397,1401.0240426488717,451843
1989-03-20,1401.0240426488717,1471.8308090448966,1401.0240426488717,1450.3118283468332,458600
1989-03-21,1450.3118283468332,1450.3118283468332,1392.7113136830603,1405.579974379838,469715
1989-03-22,1405.579974379838,1415.9456234489826,1386.3062642736504,1403.328670979004,580717
1989-03-23,1403.328670979004,1403.328670979004,1343.564753368913,1360.3960301951433,456541
1989-03-24,1360.3960301951433,1419.0469119978204,1360.3960301951433,1404.1678866842394,449282
1989-03-27,1404.1678866842394,1404.1678866842394,1365.259843270529,1365.8046266211768,493742
1989-03-28,1365.8046266211768,1445.6610607341036,1365.8046266211768,1432.9491091895675,488816
1989-03-29,1432.9491091895675,1455.6901094479267,1432.9491091895675,1453.9726817324736,398891
1989-03-30,1453.9726817324736,1453.9726817324736,1415.7719907049832,1431.5101978080638,394208
1989-03-31,1431.5101978080638,1446.3191366830183,1410.1668057013203,1427.2208305970164,602865
1989-04-03,1427.2208305970164,1443.2333915003799,1414.9558473816737,1423.8055433026848,555687
1989-04-04,1423.8055433026848,1423.8055433026848,1365.1965075074866,1381.422638677709,547687
1989-04-05,1381.422638677709,1381.422638677709,1341.7903563351526,1351.351302857231,482459
1989-04-06,1351.351302857231,1351.351302857231,1322.4103317790332,1323.8843560755204,469170
1989-04-07,1323.8843560755204,1323.8843560755204,1296.0397919728364,1296.8169596646296,527739
1989-04-10,1296.8169596646296,1327.8954461457706,1296.8169596646296,1311.5813119305676,605290
1989-04-11,1311.5813119305676,1338.0649409782818,1311.5813119305676,1325.4611757191349,558742
1989-04-12,1325.4611757191349,1379.5460467269088,1325.4611757191349,1372.6015224119842,427503
1989-04-13,1372.6015224119842,1376.1416928514984,1358.5974236467334,1363.0277796234627,430409
1989-04-14,1363.0277796234627,1425.4294045943475,1363.0277796234627,1405.3361471573,375834
1989-04-17,1405.3361471573,1532.8195392025266,1405.3361471573,1516.8402898098025,457096
1989-04-18,1516.8402898098025,1557.45684151616,1516.8402898098025,1547.403416738826,427097
1989-04-19,1547.403416738826,1547.403416738826,1476.6962935961942,1494.93231978956,326195
1989-04-20,1494.93231978956,1514.593990511821,1477.4092876501363,1495.6127909257466,532816
1989-04-21,1495.6127909257466,1495.6127909257466,1434.2856628075417,1445.1197568738799,476239
1989-04-24,1445.1197568738799,1447.3867151992213,1442.4699414519955,1442.5052170146716,580467
1989-04-25,1442.5052170146716,1515.3387959948568,1442.5052170146716,1500.148803467338,430978
1989-04-26,1500.148803467338,1509.7324945066525,1498.523561127657,1505.858294349004,602042
1989-04-27,1505.858294349004,1516.8727333809004,1500.2787676406197,1502.9950481264561,570321
1989-04-28,1502.9950481264561,1506.10129644155,1477.2526385004533,1492.5952808502725,442850
1989-05-01,1492.5952808502725,1499.6661241994852,1484.7303959521635,1496.6194928564403,507877
1989-05-02,1496.6194928564403,1551.9010257269729,1496.6194928564403,1531.5290897162354,539226
1989-05-03,1531.5290897162354,1651.6917916134835,1531.5290897162354,1636.2241455651701,462006
1989-05-04,1636.2241455651701,1663.0892233970617,1624.6049503316938,1648.144031229587,468754
1989-05-05,1648.144031229587,1693.6827815928716,1648.144031229587,1677.603201908734,466080
1989-05-08,1677.603201908734,1677.603201908734,1617.7262983261778,1631.321526570851,496391
1989-05-09,1631.321526570851,1631.321526570851,1523.4136543956376,1532.9331828491443,500104
1989-05-10,1532.9331828491443,1532.9331828491443,1521.5292680594275,1528.1236936630403,534595
1989-05-11,1528.1236936630403,1550.6499962801088,1527.4203160996285,1529.0720517070251,514747
1989-05-12,1529.0720517070251,1553.3152344195655,1529.0720517070251,1535.132547486221,524480
1989-05-15,1535.132547486221,1541.170531899924,1508.8266226898422,1531.644286253585,506990
1989-05-16,1531.644286253585,1531.644286253585,1502.267153309623,1511.5329505188863,536636
1989-05-17,1511.5329505188863,1511.5329505188863,1451.2821190188115,1454.9226720963197,417537
1989-05-18,1454.9226720963197,1455.6347291675975,1445.1417322930556,1447.9213755779015,538162
1989-05-19,1447.9213755779015,1541.735233223324,1447.9213755779015,1526.862781566849,421498
1989-05-22,1526.862781566849,1526.862781566849,1469.0057673543683,1489.0659932266876,650779
1989-05-23,1489.0659932266876,1489.0659932266876,1435.1606101992918,1456.065184702477,469058
1989-05-24,1456.065184702477,1456.065184702477,1428.7621170522648,1434.3008955875143,598126
1989-05-25,1434.3008955875143,1453.9088396160596,1419.5937280883609,1440.7542220252458,515890
1989-05-26,1440.7542220252458,1443.440495881678,1417.5255498749843,1424.3708845061276,496225
1989-05-29,1424.3708845061276,1424.3708845061276,1378.7864497781447,1398.3327917989054,627520
1989-05-30,1398.3327917989054,1484.5237900349875,1398.3327917989054,1469.1077207052163,423667
1989-05-31,1469.1077207052163,1493.7101442383412,1463.6089093316962,1485.7929858386697,510145
1989-06-01,1485.7929858386697,1491.5320552862195,1466.8748635308882,1488.0406812073247,466245
1989-06-02,1488.0406812073247,1488.0406812073247,1431.6774299231756,1442.271130371649,488751
1989-06-05,1442.271130371649,1491.6749589209892,1442.271130371649,1478.8774706523873,353433
1989-06-06,1478.8774706523873,1478.8774706523873,1443.674151085489,1449.390972479222,571165
1989-06-07,1449.390972479222,1449.390972479222,1374.9307113362004,1394.6002272232556,469550
1989-06-08,1394.6002272232556,1470.927073898062,1394.6002272232556,1452.4502371115927,569942
1989-06-09,1452.4502371115927,1470.7721844450605,1434.0750917091318,1449.7941044553263,461861
1989-06-12,1449.7941044553263,1449.7941044553263,1389.7076775434862,1409.6877462094174,415326
1989-06-13,1409.6877462094174,1409.6877462094174,1326.9840052252089,1343.562121402222,530746
1989-06-14,1343.562121402222,1366.935536219203,1343.562121402222,1365.130830611503,662880
1989-06-15,1365.130830611503,1406.3896179240128,1365.130830611503,1402.1942311042649,602997
1989-06-16,1402.1942311042649,1427.8231580557708,1402.1942311042649,1417.0913625526196,563169
1989-06-19,1417.0913625526196,1426.2499108228787,1408.5788052720095,1413.6413012410326,560250
1989-06-20,1413.6413012410326,1452.4247463774911,1413.6413012410326,1449.424502310287,512488
1989-06-21,1449.424502310287,1476.8091135757977,1449.424502310287,1471.0267359738932,517548
1989-06-22,1471.0267359738932,1471.0267359738932,1389.9054661469393,1409.834967366666,467313
1989-06-23,1409.834967366666,1469.8553051602942,1409.834967366666,1455.0752470376856,506712
1989-06-26,1455.0752470376856,1455.0752470376856,1426.0214174073458,1447.291199280485,422763
1989-06-27,1447.291199280485,1447.291199280485,1414.6007312781398,1432.6261726724279,469453
1989-06-28,1432.6261726724279,1432.6261726724279,1400.6913677693835,1411.8695051854208,429330
1989-06-29,1411.8695051854208,1483.7250641494147,1411.8695051854208,1463.3351630710088,455136
1989-06-30,1463.3351630710088,1463.3351630710088,1409.240886595748,1428.797708681266,551232
1989-07-03,1428.797708681266,1428.797708681266,1352.0094002086694,1357.8081350287046,454909
1989-07-04,1357.8081350287046,1357.8081350287046,1287.4211644154825,1294.1323257003412,359755
1989-07-05,1294.1323257003412,1332.506777674995,1294.1323257003412,1331.8751792763776,436780
1989-07-06,1331.8751792763776,1331.8751792763776,1270.6745891346798,1285.8664188549935,495884
1989-07-07,1285.8664188549935,1327.8231083092737,1285.8664188549935,1313.3438363172695,424539
1989-07-10,1313.3438363172695,1381.2673322329933,1313.3438363172695,1366.2926672181275,515869
1989-07-11,1366.2926672181275,1432.3444919143776,1366.2926672181275,1414.2468955292607,387467
1989-07-12,1414.2468955292607,1471.4527924833544,1414.2468955292607,1449.8368959760448,498666
1989-07-13,1449.8368959760448,1449.8368959760448,1360.0821905943078,1373.7461272625844,456499
1989-07-14,1373.7461272625844,1374.9723956001922,1354.3172106323318,1365.9755429690313,533280
1989-07-17,1365.9755429690313,1386.134554122549,1365.9755429690313,1373.0676675194125,538069
1989-07-18,1373.0676675194125,1373.0676675194125,1360.3060605271232,1362.6428475844127,505181
1989-07-19,1362.6428475844127,1362.6428475844127,1291.5004874578435,1300.211142240837,675548
1989-07-20,1300.211142240837,1300.211142240837,1229.5878362509286,1241.9824251880138,530962
1989-07-21,1241.9824251880138,1242.5330058527943,1224.0736089390662,1229.420650382796,404883
1989-07-24,1229.420650382796,1242.263330812995,1229.420650382796,1233.697333844282,378059
1989-07-25,1233.697333844282,1233.697333844282,1182.746207279698,1188.9140718279825,436061
1989-07-26,1188.9140718279825,1201.8307566352169,1185.1661703967657,1187.1088793410736,462404
1989-07-27,1187.1088793410736,1187.1088793410736,1155.617181179937,1162.9469726009252,589112
1989-07-28,1162.9469726009252,1200.3374528752265,1162.9469726009252,1186.017276294713,448369
1989-07-31,1186.017276294713,1186.017276294713,1140.2966451007892,1151.2092682239418,556238
1989-08-01,1151.2092682239418,1151.2092682239418,1136.813824344666,1145.8824658023955,400301
1989-08-02,1145.8824658023955,1145.8824658023955,1116.5831839556013,1128.2774268840517,369597
1989-08-03,1128.2774268840517,1128.2774268840517,1092.0600935846335,1106.8145214636302,606235
1989-08-04,1106.8145214636302,1106.8145214636302,1076.9515609623884,1081.8917697527725,434326
1989-08-07,1081.8917697527725,1081.8917697527725,1041.1729892203318,1044.2186334739044,669633
1989-08-08,1044.2186334739044,1044.2186334739044,1019.8799574079447,1022.4175327384905,481565
1989-08-09,1022.4175327384905,1059.724662966448,1022.4175327384905,1058.8826608978977,574435
1989-08-10,1058.8826608978977,1058.8826608978977,1043.440665022251,1048.2768017308158,580923
1989-08-11,1048.2768017308158,1048.2768017308158,1027.6707812187456,1034.0182397216274,352334
1989-08-14,1034.0182397216274,1034.0182397216274,995.3911486027382,1004.5141010447121,449792
1989-08-15,1004.5141010447121,1004.5141010447121,956.2966797161648,960.9306032517363,488184
1989-08-16,960.9306032517363,965.8263396880945,938.5651231956772,952.3400145636891,528817
1989-08-17,952.3400145636891,952.3400145636891,937.4638342702624,946.9121371142082,555124
1989-08-18,946.9121371142082,968.2062069294842,946.9121371142082,968.0058830975408,492318
1989-08-21,968.0058830975408,1041.227871283083,968.0058830975408,1031.0789564175436,241120
1989-08-22,1031.0789564175436,1062.1816252699182,1031.0789564175436,1053.1155300051391,524356
1989-08-23,1053.1155300051391,1053.1155300051391,1030.5016337720344,1033.3739918880124,608323
1989-08-24,1033.3739918880124,1046.226734344423,1033.3739918880124,1043.478565701648,453832
1989-08-25,1043.478565701648,1127.7333881127734,1043.478565701648,1111.8878702258453,484178
1989-08-28,1111.8878702258453,1111.8878702258453,1089.570552765712,1103.6395081156263,610160
1989-08-29,1103.6395081156263,1113.7378063354013,1103.6395081156263,1110.5988994513768,694876
1989-08-30,1110.5988994513768,1133.9319582252242,1110.5988994513768,1120.225835683729,598086
1989-08-31,1120.225835683729,1120.225835683729,1059.566191412948,1064.1858280808158,584732
1989-09-01,1064.1858280808158,1083.3794058142012,1060.276554590713,1074.8546961116413,759232
1989-09-04,1074.8546961116413,1101.5851591513838,1074.8546961116413,1100.228340266421,533448
1989-09-05,1100.228340266421,1134.221033100293,1100.228340266421,1121.474202970947,380487
1989-09-06,1121.474202970947,1139.3419905309227,1118.1001859980734,1130.8225628993011,509423
1989-09-07,1130.8225628993011,1135.6987014275626,1123.4014775412013,1132.2114392625847,465780
1989-09-08,1132.2114392625847,1169.6249494256097,1132.2114392625847,1153.5681956812555,536469
1989-09-11,1153.5681956812555,1199.7246989478097,1153.5681956812555,1195.0064099502931,480582
1989-09-12,1195.0064099502931,1195.0064099502931,1173.6949284385562,1176.6854566706093,516893
1989-09-13,1176.6854566706093,1178.674301797979,1159.080001488744,1162.0322185231996,412628
1989-09-14,1162.0322185231996,1162.0322185231996,1110.9226870975338,1124.1206456152108,497372
1989-09-15,1124.1206456152108,1154.4775963430127,1124.1206456152108,1147.6996863827183,331334
1989-09-18,1147.6996863827183,1147.6996863827183,1126.1263528807176,1133.6504914882987,410749
1989-09-19,1133.6504914882987,1133.6504914882987,1117.8684648453852,1121.1933976831504,534533
1989-09-20,1121.1933976831504,1141.4472819788443,1121.1933976831504,1137.497190986327,535179
1989-09-21,1137.497190986327,1151.3799003448662,1129.784383371547,1144.2864168866301,560572
1989-09-22,1144.2864168866301,1241.7157610327126,1144.2864168866301,1241.2499150185572,467271
1989-09-25,1241.2499150185572,1241.2499150185572,1206.9733355392812,1211.5410363506548,452977
1989-09-26,1211.5410363506548,1221.1403697822286,1204.70865693796,1212.1110643685136,436460
1989-09-27,1212.1110643685136,1216.3139364427052,1198.9229823801127,1210.6575351575966,535147
1989-09-28,1210.6575351575966,1223.2901086151314,1199.7262519229191,1212.5899057651734,539593
1989-09-29,1212.5899057651734,1212.5899057651734,1184.867735985572,1202.3540320242555,490833
1989-10-02,1202.3540320242555,1256.561796521871,1202.3540320242555,1243.429072104473,489395
1989-10-03,1243.429072104473,1245.8954053440339,1215.1599312279943,1232.418479792331,555948
1989-10-04,1232.418479792331,1232.418479792331,1180.421640368716,1184.4597578615758,540183
1989-10-05,1184.4597578615758,1245.610998433093,1184.4597578615758,1235.5171370915102,540937
1989-10-06,1235.5171370915102,1267.8890319570974,1235.5171370915102,1265.12874405101,522227
1989-10-09,1265.12874405101,1297.8967172499001,1264.7304066123008,1283.0533337408592,617480
1989-10-10,1283.0533337408592,1283.0533337408592,1248.484697716799,1264.0873411102746,425095
1989-10-11,1264.0873411102746,1298.0198523337694,1264.0873411102746,1287.6991575913169,468780
1989-10-12,1287.6991575913169,1291.1607382524587,1265.9820166320187,1281.6007853079648,531483
1989-10-13,1281.6007853079648,1314.8253624846582,1281.6007853079648,1297.304874910186,549138
1989-10-16,1297.304874910186,1353.0312101427385,1297.304874910186,1340.8136335415488,473870
1989-10-17,1340.8136335415488,1363.007069229359,1340.8136335415488,1359.3519604954565,612228
1989-10-18,1359.3519604954565,1409.6971137594219,1359.3519604954565,1409.129624895834,455726
1989-10-19,1409.129624895834,1411.996731732924,1400.9728502610162,1402.3278469259599,479784
1989-10-20,1402.3278469259599,1402.3278469259599,1333.4395256509792,1345.1757613993202,591429
1989-10-23,1345.1757613993202,1368.6235813533453,1345.1757613993202,1362.2989763397243,615982
1989-10-24,1362.2989763397243,1438.8990906986655,1362.2989763397243,1435.749120749848,451265
1989-10-25,1435.749120749848,1440.5654827648978,1417.5086075176262,1438.9962466858403,450774
1989-10-26,1438.9962466858403,1453.9710136890694,1424.2074133536591,1437.8087429985164,412864
1989-10-27,1437.8087429985164,1520.5301857455026,1437.8087429985164,1508.3720665908843,575916
1989-10-30,1508.3720665908843,1508.3720665908843,1453.039602364919,1458.7094621321505,434001
1989-10-31,1458.7094621321505,1489.0229342101525,1458.7094621321505,1487.193709177803,428710
1989-11-01,1487.193709177803,1520.0746838089146,1487.193709177803,1518.4526260109403,499213
1989-11-02,1518.4526260109403,1570.8522817444184,1518.4526260109403,1561.810319961991,525766
1989-11-03,1561.810319961991,1585.4088701400112,1555.3169807235743,1565.9828076971148,482928
1989-11-06,1565.9828076971148,1622.3290471946761,1565.9828076971148,1601.991516957692,483172
1989-11-07,1601.991516957692,1601.991516957692,1542.497633807811,1547.0926532302733,528719
1989-11-08,1547.0926532302733,1547.0926532302733,1485.9957326540066,1496.0305925901878,582595
1989-11-09,1496.0305925901878,1496.0305925901878,1456.3653986340576,1458.8400496197607,544245
1989-11-10,1458.8400496197607,1458.8400496197607,1414.0109392991867,1427.837391670447,480175
1989-11-13,1427.837391670447,1427.837391670447,1387.2646066078198,1399.3826340931112,381177
1989-11-14,1399.3826340931112,1399.3826340931112,1348.6482474668016,1360.9377728650566,461386
1989-11-15,1360.9377728650566,1360.9377728650566,1283.832141629543,1303.0443752899714,452564
1989-11-16,1303.0443752899714,1332.5213061772192,1303.0443752899714,1326.8377088933903,582723
1989-11-17,1326.8377088933903,1326.8377088933903,1257.6217979651656,1266.745605176997,609328
1989-11-20,1266.745605176997,1304.5753748712839,1266.745605176997,1293.538491945958,543307
1989-11-21,1293.538491945958,1293.538491945958,1254.2819005715746,1270.445410487634,476323
1989-11-22,1270.445410487634,1339.7239057360318,1270.445410487634,1327.6263084413047,527572
1989-11-23,1327.6263084413047,1360.031896467253,1327.6263084413047,1345.1718584054202,494267
1989-11-24,1345.1718584054202,1385.9396218262436,1345.1718584054202,1382.8424870477427,482253
1989-11-27,1382.8424870477427,1413.0926627820677,1382.8424870477427,1403.6145213445286,606573
1989-11-28,1403.6145213445286,1403.6145213445286,1348.333816325023,1360.2367784267303,590076
1989-11-29,1360.2367784267303,1413.3918722231367,1360.2367784267303,1401.9787618508894,443034
1989-11-30,1401.9787618508894,1404.840555097751,1382.2572845023922,1388.837602527273,484135
1989-12-01,1388.837602527273,1388.837602527273,1343.1180619759893,1353.1215844327264,312665
1989-12-04,1353.1215844327264,1360.2173673148638,1341.0823855792423,1355.312306063405,524887
1989-12-05,1355.312306063405,1355.312306063405,1265.0533262384006,1270.4097297135418,637918
1989-12-06,1270.4097297135418,1321.4042129573277,1270.4097297135418,1315.9936241089927,629560
1989-12-07,1315.9936241089927,1453.18220526301,1315.9936241089927,1450.7576231452053,463497
1989-12-08,1450.7576231452053,1504.6462896871392,1450.7576231452053,1496.3983400466573,485964
1989-12-11,1496.3983400466573,1584.4477810787832,1496.3983400466573,1582.2238499298603,332041
1989-12-12,1582.2238499298603,1598.4935146523935,1578.9758167257771,1588.751064701215,450278
1989-12-13,1588.751064701215,1588.751064701215,1497.864691583157,1504.1378379918726,345416
1989-12-14,1504.1378379918726,1584.9347198895546,1504.1378379918726,1570.6211273678666,495320
1989-12-15,1570.6211273678666,1617.3381967016592,1570.6211273678666,1612.2106576516187,521625
1989-12-18,1612.2106576516187,1653.1269924119933,1612.2106576516187,1629.6641270376422,472167
1989-12-19,1629.6641270376422,1700.1625287079319,1629.6641270376422,1690.8801773442647,673818
1989-12-20,1690.8801773442647,1690.8801773442647,1669.196178689712,1669.8799979237533,577319
1989-12-21,1669.8799979237533,1669.8799979237533,1607.13635329347,1609.7631597853767,519670
1989-12-22,1609.7631597853767,1636.3402127428024,1598.8926466686282,1618.5033942145108,293907
1989-12-25,1618.5033942145108,1618.5033942145108,1529.800987813707,1551.4805710912472,537380
1989-12-26,1551.4805710912472,1560.7332611091845,1532.797121552824,1548.2842803240803,542480
1989-12-27,1548.2842803240803,1600.3795825736343,1548.2842803240803,1578.4771973672912,647920
1989-12-28,1578.4771973672912,1578.4771973672912,1544.8274690417913,1563.3575408655672,502763
1989-12-29,1563.3575408655672,1563.3575408655672,1467.2446239362312,1483.345971427214,440799
1990-01-01,1483.345971427214,1530.6474032172287,1483.345971427214,1526.0722811369703,430019
1990-01-02,1526.0722811369703,1526.0722811369703,1429.6283725226442,1435.9017296829577,759546
1990-01-03,1435.9017296829577,1530.1194165950333,1435.9017296829577,1514.9318645070784,487118
1990-01-04,1514.9318645070784,1525.5461406726133,1497.3525978679452,1514.3100581203632,542493
1990-01-05,1514.3100581203632,1630.971271486721,1514.3100581203632,1621.378569571609,463053
1990-01-08,1621.378569571609,1621.378569571609,1553.9386505107695,1569.2475381772256,597267
1990-01-09,1569.2475381772256,1585.5496962900922,1566.9884420045532,1582.4480960540425,573273
1990-01-10,1582.4480960540425,1674.2258353424295,1582.4480960540425,1651.4434597835243,410868
1990-01-11,1651.4434597835243,1651.4434597835243,1548.893348979418,1557.3474631196252,602870
1990-01-12,1557.3474631196252,1684.1406364018967,1557.3474631196252,1671.0153486732722,623845
1990-01-15,1671.0153486732722,1671.0153486732722,1603.299161755558,1619.1109736412075,591405
1990-01-16,1619.1109736412075,1619.1109736412075,1561.1998139479517,1577.3829362077706,578433
1990-01-17,1577.3829362077706,1665.4488052328522,1577.3829362077706,1644.740012343884,609648
1990-01-18,1644.740012343884,1644.740012343884,1582.9748545106256,1587.293013569151,343735
1990-01-19,1587.293013569151,1620.964374238265,1587.293013569151,1606.0531831002168,613243
1990-01-22,1606.0531831002168,1668.8897921526425,1606.0531831002168,1651.2726921677784,492089
1990-01-23,1651.2726921677784,1651.2726921677784,1556.5197457886416,1568.539068738953,514962
1990-01-24,1568.539068738953,1613.4520378198629,1568.539068738953,1593.8321778254322,461962
1990-01-25,1593.8321778254322,1599.7739613653998,1593.8321778254322,1595.885213299521,425353
1990-01-26,1595.885213299521,1595.885213299521,1486.6150012744322,1506.739251000675,515401
1990-01-29,1506.739251000675,1506.739251000675,1446.0006028596915,1457.9409264211258,402195
1990-01-30,1457.9409264211258,1457.9409264211258,1435.5847781107477,1438.5944087261437,619048
1990-01-31,1438.5944087261437,1438.5944087261437,1404.5465192616407,1421.5760375000355,588238
1990-02-01,1421.5760375000355,1442.5693006250401,1421.5760375000355,1441.1122372533903,538400
1990-02-02,1441.1122372533903,1460.7322986129598,1435.1554367841823,1454.126211070557,388259
1990-02-05,1454.126211070557,1455.6862860799806,1433.9165577945125,1450.77839219923,494430
1990-02-06,1450.77839219923,1453.9547652314325,1423.4453243014677,1437.2794907487635,627060
1990-02-07,1437.2794907487635,1478.2701692379194,1437.2794907487635,1458.2847674233808,421707
1990-02-08,1458.2847674233808,1458.2847674233808,1433.7595684590608,1437.3242077049608,604159
1990-02-09,1437.3242077049608,1578.2937556708857,1437.3242077049608,1565.0012408851458,497933
1990-02-12,1565.0012408851458,1664.006245835553,1565.0012408851458,1642.204275322942,551225
1990-02-13,1642.204275322942,1654.2577366463613,1639.7432186314768,1644.4172145815091,339432
1990-02-14,1644.4172145815091,1644.4172145815091,1539.857048745912,1552.2670456905403,611454
1990-02-15,1552.2670456905403,1552.2670456905403,1482.9486442519449,1495.5207071615985,571807
1990-02-16,1495.5207071615985,1517.8663150567993,1492.658930966908,1504.0555955636673,510367
1990-02-19,1504.0555955636673,1517.5592278073213,1498.6303007168,1516.7458374527814,555911
1990-02-20,1516.7458374527814,1541.0509661397361,1514.9652844919049,1532.2335272279279,399323
1990-02-21,1532.2335272279279,1655.4994104468685,1532.2335272279279,1652.4424294275912,507421
1990-02-22,1652.4424294275912,1695.2346352965433,1652.4424294275912,1670.2374458535198,471997
1990-02-23,1670.2374458535198,1670.2374458535198,1600.427757178628,1610.6666553358775,453652
1990-02-26,1610.6666553358775,1610.6666553358775,1583.4259487157503,1587.4256064849144,370124
1990-02-27,1587.4256064849144,1620.4035450599622,1587.4256064849144,1609.0132064359439,577346
1990-02-28,1609.0132064359439,1646.5178590344428,1609.0132064359439,1641.3370379139221,535873
1990-03-01,1641.3370379139221,1733.666579489095,1641.3370379139221,1718.4474805287764,629047
1990-03-02,1718.4474805287764,1736.9456297727206,1718.4474805287764,1735.577275845996,433157
1990-03-05,1735.577275845996,1735.577275845996,1631.910130201913,1652.7282271166553,361046
1990-03-06,1652.7282271166553,1652.7282271166553,1583.5193862435995,1597.454769452793,560677
1990-03-07,1597.454769452793,1619.9326433645083,1588.4588948467683,1603.7361611474983,558247
1990-03-08,1603.7361611474983,1603.7361611474983,1583.6846261594537,1585.3746999286934,418255
1990-03-09,1585.3746999286934,1585.3746999286934,1536.910135804101,1539.056952053776,599788
1990-03-12,1539.056952053776,1618.9607653647056,1539.056952053776,1612.5861047470885,368600
1990-03-13,1612.5861047470885,1633.5112243188416,1598.025822075053,1612.294289367477,506437
1990-03-14,1612.294289367477,1612.294289367477,1576.3278181269181,1596.7393480186036,475018
1990-03-15,1596.7393480186036,1596.7393480186036,1551.0176518956494,1560.3504432599361,380385
1990-03-16,1560.3504432599361,1601.8948761177135,1560.3504432599361,1588.9992837029324,487106
1990-03-19,1588.9992837029324,1588.9992837029324,1545.1032648225205,1567.5720441041212,522911
1990-03-20,1567.5720441041212,1577.5849229768426,1548.793456035862,1568.4340969189318,517896
1990-03-21,1568.4340969189318,1568.4340969189318,1506.2228433005778,1520.0865474824586,453968
1990-03-22,1520.0865474824586,1564.4979014186354,1520.0865474824586,1563.1055328629839,449583
1990-03-23,1563.1055328629839,1563.1055328629839,1531.6828423677493,1533.5428161771326,483643
1990-03-26,1533.5428161771326,1633.1622757657128,1533.5428161771326,1609.8138440820826,443592
1990-03-27,1609.8138440820826,1620.0373722377465,1599.628782763973,1617.8647821090062,521606
1990-03-28,1617.8647821090062,1617.8647821090062,1517.9228808508765,1527.423537215556,370191
1990-03-29,1527.423537215556,1527.423537215556,1491.774870216936,1503.3222893449047,525830
1990-03-30,1503.3222893449047,1550.9079950650892,1503.3222893449047,1530.993493016583,463489
1990-04-02,1530.993493016583,1530.993493016583,1456.2570824075697,1461.6894739644092,508419
1990-04-03,1461.6894739644092,1509.7496848561188,1461.6894739644092,1503.889679676187,322656
1990-04-04,1503.889679676187,1553.8824203633312,1503.889679676187,1534.864614840287,458582
1990-04-05,1534.864614840287,1548.2686852876832,1520.9384358319971,1532.552250892315,655851
1990-04-06,1532.552250892315,1562.7300651896455,1532.552250892315,1548.7861372657385,507820
1990-04-09,1548.7861372657385,1555.8557541725547,1541.2732624532998,1549.9969916847697,442109
1990-04-10,1549.9969916847697,1556.6633974477215,1525.7284483303513,1538.883968014795,449688
1990-04-11,1538.883968014795,1538.883968014795,1475.5244703681587,1478.54456489158,498633
1990-04-12,1478.54456489158,1495.8061974268428,1478.54456489158,1493.5459436134004,546312
1990-04-13,1493.5459436134004,1570.6818425162103,1493.5459436134004,1563.8810943959527,481287
1990-04-16,1563.8810943959527,1611.427349075383,1563.8810943959527,1606.4735567872635,447992
1990-04-17,1606.4735567872635,1658.3164168989395,1606.4735567872635,1641.2424006315787,477747
1990-04-18,1641.2424006315787,1776.4549800385582,1641.2424006315787,1754.6063548063337,512684
1990-04-19,1754.6063548063337,1754.6063548063337,1621.3934238615213,1625.4837972282587,551281
1990-04-20,1625.4837972282587,1626.6768664456404,1611.678355474987,1612.8404167602196,511547
1990-04-23,1612.8404167602196,1667.6276950639199,1612.8404167602196,1659.2979586825752,495436
1990-04-24,1659.2979586825752,1721.836731863501,1659.2979586825752,1718.9604009918592,531965
1990-04-25,1718.9604009918592,1718.9604009918592,1666.1784448037595,1688.007274343646,549159
1990-04-26,1688.007274343646,1765.142017388354,1688.007274343646,1746.8974340312661,441921
1990-04-27,1746.8974340312661,1841.206298269044,1746.8974340312661,1819.1577827646609,612589
1990-04-30,1819.1577827646609,1876.6888363649857,1819.1577827646609,1849.785338979506,357488
1990-05-01,1849.785338979506,1869.3315083967877,1832.6030453258145,1856.4249639350214,387341
1990-05-02,1856.4249639350214,1878.0315039218121,1838.5926129872682,1853.613970539885,486232
1990-05-03,1853.613970539885,1880.9525893569037,1853.613970539885,1864.1875212311736,524623
1990-05-04,1864.1875212311736,1885.588382445864,1854.7491685088298,1863.4536832171266,578808
1990-05-07,1863.4536832171266,1906.2313901304715,1863.4536832171266,1900.229159792073,451005
1990-05-08,1900.229159792073,1900.229159792073,1861.9556636309962,1865.0143579522755,663198
1990-05-09,1865.0143579522755,1929.5991155836002,1865.0143579522755,1917.5787050809497,420928
1990-05-10,1917.5787050809497,1917.5787050809497,1870.5852835149449,1885.5540359338295,563523
1990-05-11,1885.5540359338295,1966.891638413253,1885.5540359338295,1938.9065393813976,445850
1990-05-14,1938.9065393813976,1940.4691078456233,1910.6093542922702,1914.1501853554562,560281
1990-05-15,1914.1501853554562,1914.1501853554562,1847.632530722947,1872.1671115220731,471331
1990-05-16,1872.1671115220731,1872.1671115220731,1844.4957894040053,1859.9310886954308,502812
1990-05-17,1859.9310886954308,1859.9310886954308,1833.2074020484222,1835.2858663242996,511093
1990-05-18,1835.2858663242996,1835.2858663242996,1777.6263530239028,1793.6776611790874,597938
1990-05-21,1793.6776611790874,1870.7900254170272,1793.6776611790874,1861.2723117648304,410651
1990-05-22,1861.2723117648304,1875.3609956620062,1851.317046637068,1871.5844026973023,627634
1990-05-23,1871.5844026973023,1871.5844026973023,1808.014076226408,1834.0991975738737,572177
1990-05-24,1834.0991975738737,1853.2188356081213,1824.4926099651186,1851.7561083283745,327835
1990-05-25,1851.7561083283745,1924.5378749809977,1851.7561083283745,1913.5139141722343,480603
1990-05-28,1913.5139141722343,1990.9264352165355,1913.5139141722343,1979.4960670502692,447911
1990-05-29,1979.4960670502692,1979.4960670502692,1944.9303728543914,1948.0499146621469,556183
1990-05-30,1948.0499146621469,1992.996021852638,1939.9621354285975,1965.157338385348,602889
1990-05-31,1965.157338385348,2054.358669250271,1965.157338385348,2041.07360888254,730464
1990-06-01,2041.07360888254,2092.257539387195,2041.07360888254,2086.6704059263093,405532
1990-06-04,2086.6704059263093,2086.6704059263093,2032.5730348268967,2042.4494612546607,542495
1990-06-05,2042.4494612546607,2042.4494612546607,1976.4967464226468,2004.4245871777762,509528
1990-06-06,2004.4245871777762,2004.4245871777762,1953.1880425033864,1955.5811201429278,489850
1990-06-07,1955.5811201429278,1973.1045805206666,1955.5811201429278,1960.6533103920322,533353
1990-06-08,1960.6533103920322,2056.9308657690744,1960.6533103920322,2033.0781953547037,672165
1990-06-11,2033.0781953547037,2146.2488149969085,2033.0781953547037,2114.611635836769,600253
1990-06-12,2114.611635836769,2140.2157942421277,2104.0164163982568,2134.6273005190465,433789
1990-06-13,2134.6273005190465,2134.6273005190465,2074.2950622462963,2082.1443117517865,482546
1990-06-14,2082.1443117517865,2082.1443117517865,2022.0328558021315,2027.5617968698996,485964
1990-06-15,2027.5617968698996,2093.870255927245,2027.5617968698996,2084.7201271811564,428952
1990-06-18,2084.7201271811564,2148.5522361209305,2084.7201271811564,2147.1691163917485,463541
1990-06-19,2147.1691163917485,2191.0590386959007,2147.1691163917485,2181.4289495254798,533222
1990-06-20,2181.4289495254798,2231.8712208067113,2181.4289495254798,2225.5868391522044,472452
1990-06-21,2225.5868391522044,2271.657851255452,2225.5868391522044,2271.2841446952916,665206
1990-06-22,2271.2841446952916,2374.043315639084,2271.2841446952916,2342.6202503099385,356696
1990-06-25,2342.6202503099385,2353.6877521738197,2327.756825353808,2338.9175043976666,662951
1990-06-26,2338.9175043976666,2359.978404317526,2326.38298047369,2353.310136277479,538663
1990-06-27,2353.310136277479,2353.310136277479,2328.8030149236606,2332.58822872037,412808
1990-06-28,2332.58822872037,2350.7545441416396,2332.58822872037,2348.27847021978,499825
1990-06-29,2348.27847021978,2362.568764403279,2344.6971416587107,2360.142997976053,509063
1990-07-02,2360.142997976053,2482.0342227185747,2360.142997976053,2453.4542611032625,517339
1990-07-03,2453.4542611032625,2541.831177646921,2453.4542611032625,2505.7014801411237,500842
1990-07-04,2505.7014801411237,2571.8207382757114,2505.7014801411237,2539.6094421412417,482400
1990-07-05,2539.6094421412417,2546.9873297163385,2520.8297712696703,2530.610187446782,630270
1990-07-06,2530.610187446782,2611.0282761338785,2530.610187446782,2610.6553820178347,501448
1990-07-09,2610.6553820178347,2687.9285553137497,2610.6553820178347,2672.103417186665,482144
1990-07-10,2672.103417186665,2768.933944890431,2672.103417186665,2743.0872238361767,580915
1990-07-11,2743.0872238361767,2743.0872238361767,2598.557998723072,2630.6873126432706,626544
1990-07-12,2630.6873126432706,2699.66381809042,2630.6873126432706,2683.2208273832125,590940
1990-07-13,2683.2208273832125,2736.8011225677683,2670.659661694619,2697.071058865658,470664
1990-07-16,2697.071058865658,2749.921758739571,2697.071058865658,2723.601340022524,448749
1990-07-17,2723.601340022524,2723.601340022524,2604.7939429483613,2608.8337698005766,414571
1990-07-18,2608.8337698005766,2709.453579721207,2608.8337698005766,2680.991753254026,510387
1990-07-19,2680.991753254026,2680.991753254026,2602.3039605246563,2637.828474202036,395751
1990-07-20,2637.828474202036,2644.400236275087,2630.5030469378657,2634.992875201131,551877
1990-07-23,2634.992875201131,2634.992875201131,2536.294653893211,2565.8012447225137,457491
1990-07-24,2565.8012447225137,2565.8012447225137,2526.0327403759266,2530.715609308371,481464
1990-07-25,2530.715609308371,2582.3945508060733,2530.715609308371,2555.5474369842063,501035
1990-07-26,2555.5474369842063,2740.8337913461332,2555.5474369842063,2737.552247779714,572695
1990-07-27,2737.552247779714,2737.552247779714,2687.517791085226,2714.7230166544828,498300
1990-07-30,2714.7230166544828,2714.7230166544828,2617.700987316251,2657.300257734952,506868
1990-07-31,2657.300257734952,2737.5834540894316,2657.300257734952,2700.6906604446417,509808
1990-08-01,2700.6906604446417,2764.0383703979787,2700.6906604446417,2751.1853297676826,377387
1990-08-02,2751.1853297676826,2751.1853297676826,2726.9444072694214,2730.320621403733,489332
1990-08-03,2730.320621403733,2730.320621403733,2580.2691374391243,2588.615069142509,511021
1990-08-06,2588.615069142509,2588.615069142509,2502.868626624974,2514.199176620386,492883
1990-08-07,2514.199176620386,2529.993365456916,2477.6152122230246,2507.352261014637,444700
1990-08-08,2507.352261014637,2525.6405999839235,2484.183401182211,2502.211630916951,470407
1990-08-09,2502.211630916951,2584.817435473443,2502.211630916951,2576.120158834327,461247
1990-08-10,2576.120158834327,2632.763289645474,2576.120158834327,2613.951345041046,576499
1990-08-13,2613.951345041046,2635.318532089041,2593.242587366846,2626.560590648003,490664
1990-08-14,2626.560590648003,2692.2588264445494,2626.560590648003,2670.3101054964204,523304
1990-08-15,2670.3101054964204,2711.5258416413344,2670.3101054964204,2708.1089227790467,498390
1990-08-16,2708.1089227790467,2817.64614907945,2708.1089227790467,2806.946948133732,476875
1990-08-17,2806.946948133732,2861.847347234741,2787.2568863035026,2822.77558660828,393917
1990-08-20,2822.77558660828,2867.7344500310332,2822.77558660828,2857.1394258896385,462329
1990-08-21,2857.1394258896385,2875.3723882883824,2802.23142620765,2838.6769412785034,463278
1990-08-22,2838.6769412785034,2897.6558713055465,2838.6769412785034,2886.638619268608,539872
1990-08-23,2886.638619268608,2886.638619268608,2764.0999017016497,2791.763257942951,503352
1990-08-24,2791.763257942951,3031.0842742114387,2791.763257942951,3021.867114639858,418150
1990-08-27,3021.867114639858,3021.867114639858,2895.888231512436,2932.656900132162,408181
1990-08-28,2932.656900132162,2950.1609777705225,2910.679467273664,2912.9395459139505,503719
1990-08-29,2912.9395459139505,2999.038213105251,2912.9395459139505,2979.1320884024326,411270
1990-08-30,2979.1320884024326,2979.1320884024326,2886.7203490676334,2926.6693457730676,447489
1990-08-31,2926.6693457730676,2941.060435755444,2893.615050424091,2935.1000166711633,319126
1990-09-03,2935.1000166711633,3017.076543514965,2935.1000166711633,2977.263290026134,484486
1990-09-04,2977.263290026134,2977.263290026134,2923.9984732723115,2934.7234334845766,568311
1990-09-05,2934.7234334845766,2934.7234334845766,2742.5183634559958,2782.6997310646148,434173
1990-09-06,2782.6997310646148,2880.7136558913444,2782.6997310646148,2877.6777207025743,400173
1990-09-07,2877.6777207025743,2904.0822916609586,2839.9871144764334,2882.6008465622726,644473
1990-09-10,2882.6008465622726,2882.6008465622726,2786.0724628733838,2821.2819407542543,493131
1990-09-11,2821.2819407542543,2835.339670943944,2802.9151390900092,2805.3500542912375,446182
1990-09-12,2805.3500542912375,2805.3500542912375,2754.9168029192833,2783.986034261276,456136
1990-09-13,2783.986034261276,2894.6644135316665,2783.986034261276,2891.1457688611445,577593
1990-09-14,2891.1457688611445,2891.1457688611445,2830.6847555010854,2841.5889525507678,463529
1990-09-17,2841.5889525507678,2841.5889525507678,2775.767586588587,2806.9545601823625,671945
1990-09-18,2806.9545601823625,2806.9545601823625,2732.792666467628,2771.526093707649,413368
1990-09-19,2771.526093707649,2858.143251822989,2771.526093707649,2818.491543938524,538071
1990-09-20,2818.491543938524,2861.6841569964354,2815.9104320604943,2852.4508929031936,472217
1990-09-21,2852.4508929031936,2852.4508929031936,2757.461146065198,2789.277590545786,532386
1990-09-24,2789.277590545786,2789.277590545786,2618.56822583852,2635.49096838672,454637
1990-09-25,2635.49096838672,2707.223801165533,2635.49096838672,2673.256809067851,550978
1990-09-26,2673.256809067851,2673.256809067851,2604.3892467979326,2610.11207107283,462903
1990-09-27,2610.11207107283,2610.11207107283,2546.9593384276886,2569.556083521183,430961
1990-09-28,2569.556083521183,2569.556083521183,2443.419146490871,2451.279261457458,614925
1990-10-01,2451.279261457458,2504.7109626142656,2451.279261457458,2489.702529929495,599897
1990-10-02,2489.702529929495,2489.702529929495,2395.5281595951546,2428.375163239358,514863
1990-10-03,2428.375163239358,2428.375163239358,2360.8400619080417,2370.2270176590714,535785
1990-10-04,2370.2270176590714,2370.2270176590714,2269.1488868209954,2299.9964443684867,362537
1990-10-05,2299.9964443684867,2299.9964443684867,2197.3016443946763,2225.6766962446586,587702
1990-10-08,2225.6766962446586,2225.6766962446586,2174.1172807240923,2180.2994325234113,417899
1990-10-09,2180.2994325234113,2303.2825780133962,2180.2994325234113,2280.8758777465387,519684
1990-10-10,2280.8758777465387,2327.8776229411724,2280.8758777465387,2308.26988050854,420680
1990-10-11,2308.26988050854,2308.26988050854,2148.901503175535,2169.2332142624387,594349
1990-10-12,2169.2332142624387,2266.213757944475,2169.2332142624387,2264.394482278989,422261
1990-10-15,2264.394482278989,2312.299006904496,2261.5842267550047,2282.9642602259587,505941
1990-10-16,2282.9642602259587,2303.874934047223,2275.119643209297,2298.791235913645,547777
1990-10-17,2298.791235913645,2298.791235913645,2248.5757650120745,2271.3985348032884,404547
1990-10-18,2271.3985348032884,2271.3985348032884,2138.7645421612315,2154.029858252967,704119
1990-10-19,2154.029858252967,2154.029858252967,2059.342339422283,2062.378991864243,362065
1990-10-22,2062.378991864243,2062.378991864243,1998.1494644610582,2009.5448076290813,560204
1990-10-23,2009.5448076290813,2038.5129587457068,1999.335950643759,2026.67577031103,564098
1990-10-24,2026.67577031103,2026.67577031103,1986.0136774612995,1986.5857179212335,451947
1990-10-25,1986.5857179212335,1986.5857179212335,1939.230376201624,1960.7655812865107,650812
1990-10-26,1960.7655812865107,1960.7655812865107,1927.354775023743,1951.343888394789,402570
1990-10-29,1951.343888394789,1951.343888394789,1931.6120489014336,1941.7507699437103,600438
1990-10-30,1941.7507699437103,1941.7507699437103,1831.9862151484954,1844.8091433191282,461680
1990-10-31,1844.8091433191282,1844.8091433191282,1798.6251282856558,1811.6887620564398,608991
1990-11-01,1811.6887620564398,1825.6361412494855,1784.1027527934896,1807.9766847068736,429138
1990-11-02,1807.9766847068736,1819.7219675406495,1801.397389451891,1813.5582073220662,369119
1990-11-05,1813.5582073220662,1920.0398386389074,1813.5582073220662,1916.9508328278243,419718
1990-11-06,1916.9508328278243,1925.4667922136443,1896.9275597185397,1914.7926371385356,340562
1990-11-07,1914.7926371385356,2034.5775719504563,1914.7926371385356,2020.2176997082945,433847
1990-11-08,2020.2176997082945,2020.2176997082945,1941.4903438463587,1961.5688255625332,560313
1990-11-09,1961.5688255625332,1961.5688255625332,1840.7154064357235,1867.6928279966578,526271
1990-11-12,1867.6928279966578,1961.919258317561,1867.6928279966578,1943.5097158216947,574535
1990-11-13,1943.5097158216947,1943.5097158216947,1834.9736940710968,1835.0373568279579,425963
1990-11-14,1835.0373568279579,1877.2534709920374,1835.0373568279579,1866.7210262049587,590619
1990-11-15,1866.7210262049587,1920.0479856942238,1866.7210262049587,1904.1838006332719,288215
1990-11-16,1904.1838006332719,1999.3351714699345,1904.1838006332719,1982.643699999672,511584
1990-11-19,1982.643699999672,1982.643699999672,1910.5609503605556,1936.4311081911592,629424
1990-11-20,1936.4311081911592,2022.7057652600547,1936.4311081911592,1993.117130719382,572795
1990-11-21,1993.117130719382,2039.2979303635168,1990.4710907848714,2014.2407656799476,455162
1990-11-22,2014.2407656799476,2014.2407656799476,1969.3841359890025,1983.9258016704514,534275
1990-11-23,1983.9258016704514,1983.9258016704514,1896.7751572081909,1910.6521502026171,581489
1990-11-26,1910.6521502026171,1910.6521502026171,1791.4543411352238,1814.4804469397336,621317
1990-11-27,1814.4804469397336,1814.4804469397336,1783.3384220564412,1806.224572429006,461404
1990-11-28,1806.224572429006,1917.3759753082288,1806.224572429006,1893.8985647439463,409574
1990-11-29,1893.8985647439463,1893.8985647439463,1751.7282201601133,1775.7251823433303,489699
1990-11-30,1775.7251823433303,1777.1402763581489,1751.4789684677453,1755.2401539884709,413212
1990-12-03,1755.2401539884709,1756.4889218622318,1733.6107829239957,1753.1571729410593,584346
1990-12-04,1753.1571729410593,1753.1571729410593,1725.807177711224,1749.4193799283646,456066
1990-12-05,1749.4193799283646,1795.2694000402355,1749.4193799283646,1784.2586174674009,618631
1990-12-06,1784.2586174674009,1840.9920968691895,1784.2586174674009,1819.7298729279532,470438
1990-12-07,1819.7298729279532,1953.872735476683,1819.7298729279532,1943.2857001732164,348687
1990-12-10,1943.2857001732164,2160.7346566594138,1943.2857001732164,2138.9120190835506,422395
1990-12-11,2138.9120190835506,2177.460481733824,2128.714224983776,2154.7275458444337,481855
1990-12-12,2154.7275458444337,2236.3153288653666,2154.7275458444337,2211.1948003372718,515746
1990-12-13,2211.1948003372718,2214.328237711985,2197.757742577769,2204.3728685153537,522398
1990-12-14,2204.3728685153537,2204.3728685153537,2164.582111066183,2168.4522341744696,403386
1990-12-17,2168.4522341744696,2280.1609527101305,2168.4522341744696,2262.8022091587745,515341
1990-12-18,2262.8022091587745,2312.189422536577,2262.8022091587745,2303.9992893629997,522035
1990-12-19,2303.9992893629997,2389.6404817230286,2303.9992893629997,2364.6899563573543,532180
1990-12-20,2364.6899563573543,2471.8163346902797,2364.6899563573543,2459.4956133286496,533290
1990-12-21,2459.4956133286496,2459.4956133286496,2371.5317968313007,2402.987053405766,473824
1990-12-24,2402.987053405766,2418.1228081639165,2380.095814305321,2410.5585920258577,511008
1990-12-25,2410.5585920258577,2410.5585920258577,2358.8310710283527,2366.033139786193,519290
1990-12-26,2366.033139786193,2497.0747216673617,2366.033139786193,2464.185421138404,473454
1990-12-27,2464.185421138404,2464.185421138404,2376.275536023969,2390.4319712116144,522728
1990-12-28,2390.4319712116144,2558.539490480653,2390.4319712116144,2536.764004241488,430559
1990-12-31,2536.764004241488,2599.558514482058,2529.677096542095,2565.43735678057,395384
1991-01-01,2565.43735678057,2565.43735678057,2465.620013985097,2482.704842442197,526038
1991-01-02,2482.704842442197,2482.704842442197,2343.286235335136,2352.594592677528,438377
1991-01-03,2352.594592677528,2407.6301762993976,2352.594592677528,2379.0792176504206,514291
1991-01-04,2379.0792176504206,2381.3431015267042,2342.9565319231747,2373.010749135163,622975
1991-01-07,2373.010749135163,2522.24474207619,2373.010749135163,2514.794411526069,458929
1991-01-08,2514.794411526069,2565.011210744152,2514.794411526069,2532.5863771763247,457419
1991-01-09,2532.5863771763247,2532.5863771763247,2470.172971877454,2471.0774198387026,376591
1991-01-10,2471.0774198387026,2545.4148459438893,2471.0774198387026,2539.2755224508605,565339
1991-01-11,2539.2755224508605,2772.85558552836,2539.2755224508605,2750.6766089818157,525117
1991-01-14,2750.6766089818157,2750.6766089818157,2601.697818471813,2613.2415602167193,482574
1991-01-15,2613.2415602167193,2767.6175593950875,2613.2415602167193,2732.736577426518,452479
1991-01-16,2732.736577426518,2732.736577426518,2665.2468065030325,2672.1760254600586,464912
1991-01-17,2672.1760254600586,2708.2669345252234,2672.1760254600586,2697.220466109786,464788
1991-01-18,2697.220466109786,2805.7349572826374,2697.220466109786,2774.7344053597367,392866
1991-01-21,2774.7344053597367,2774.7344053597367,2624.0328313533637,2651.021065504067,535463
1991-01-22,2651.021065504067,2651.021065504067,2522.442879677028,2558.590244097068,483648
1991-01-23,2558.590244097068,2563.4591355529597,2509.318638136441,2547.240258489425,414094
1991-01-24,2547.240258489425,2625.53126395003,2547.240258489425,2593.9650761321386,474518
1991-01-25,2593.9650761321386,2669.825678066559,2593.9650761321386,2656.0300261259767,453209
1991-01-28,2656.0300261259767,2656.0300261259767,2438.882106320165,2474.2447425429,517265
1991-01-29,2474.2447425429,2474.2447425429,2440.693665678478,2465.91073992671,529811
1991-01-30,2465.91073992671,2465.91073992671,2334.1370736584636,2365.1251566649034,498379
1991-01-31,2365.1251566649034,2418.215673727423,2365.1251566649034,2386.4579358724427,513237
1991-02-01,2386.4579358724427,2386.4579358724427,2286.96134067928,2304.2785913541493,607397
1991-02-04,2304.2785913541493,2409.061578447166,2304.2785913541493,2377.3337063591957,477551
1991-02-05,2377.3337063591957,2463.6409320781377,2377.3337063591957,2451.277510858159,571329
1991-02-06,2451.277510858159,2510.1829520976,2446.3282551932493,2481.224991255623,525534
1991-02-07,2481.224991255623,2655.423417412722,2481.224991255623,2627.0083274510425,449597
1991-02-08,2627.0083274510425,2711.249547593493,2627.0083274510425,2692.29189220561,598722
1991-02-11,2692.29189220561,2692.29189220561,2606.961713341499,2622.5944673742642,471228
1991-02-12,2622.5944673742642,2662.1381552853836,2622.5944673742642,2647.1503202827616,552259
1991-02-13,2647.1503202827616,2840.4660965642456,2647.1503202827616,2811.879711559818,596017
1991-02-14,2811.879711559818,2901.105198343444,2811.879711559818,2900.99370117917,714314
1991-02-15,2900.99370117917,2900.99370117917,2857.6982306930026,2884.2311206511786,439347
1991-02-18,2884.2311206511786,2884.2311206511786,2715.2551583201393,2715.494942950266,483615
1991-02-19,2715.494942950266,2770.9911256154624,2715.494942950266,2748.490887346251,550148
1991-02-20,2748.490887346251,2831.5992189077506,2748.490887346251,2794.0381782285617,420319
1991-02-21,2794.0381782285617,2794.5053844175773,2762.139580798376,2787.74652449092,410085
1991-02-22,2787.74652449092,2787.74652449092,2699.715420171269,2726.5816657384503,407072
1991-02-25,2726.5816657384503,2771.3329690561877,2726.5816657384503,2747.594461717544,400183
1991-02-26,2747.594461717544,2761.7297172279186,2716.9930813602064,2742.8514420132883,522321
1991-02-27,2742.8514420132883,2750.967641152746,2729.107728902389,2740.6389853779733,494067
1991-02-28,2740.6389853779733,2740.6389853779733,2657.243360185596,2670.4995339224374,416920
1991-03-01,2670.4995339224374,2670.4995339224374,2588.4957328842843,2618.1803302968046,552650
1991-03-04,2618.1803302968046,2618.1803302968046,2579.030670161782,2607.5181763788382,576029
1991-03-05,2607.5181763788382,2642.0824207663154,2607.5181763788382,2619.784690052378,352554
1991-03-06,2619.784690052378,2801.9853953188403,2619.784690052378,2766.399864360574,480732
1991-03-07,2766.399864360574,2780.4038213705867,2759.2760490534497,2759.5820577624504,484056
1991-03-08,2759.5820577624504,2827.822567246064,2759.5820577624504,2821.934528527779,651471
1991-03-11,2821.934528527779,2823.540640303108,2798.99430702525,2813.774521788512,548828
1991-03-12,2813.774521788512,3018.382411079491,2813.774521788512,2974.561641363156,548021
1991-03-13,2974.561641363156,2974.561641363156,2843.5868895108756,2883.163915138734,421598
1991-03-14,2883.163915138734,3002.543400981103,2883.163915138734,2994.750687789039,478653
1991-03-15,2994.750687789039,2994.750687789039,2857.501038183079,2895.149445789316,472893
1991-03-18,2895.149445789316,3037.5232160780865,2895.149445789316,3032.8920628978863,570446
1991-03-19,3032.8920628978863,3173.5697061617975,3032.8920628978863,3167.4509137668474,511869
1991-03-20,3167.4509137668474,3167.4509137668474,3003.7032018460086,3027.006477031348,421738
1991-03-21,3027.006477031348,3027.006477031348,2921.587440110755,2947.235584853917,614350
1991-03-22,2947.235584853917,3020.347601424525,2947.235584853917,2978.490377539043,587879
1991-03-25,2978.490377539043,2978.490377539043,2839.9065551732992,2860.4329230719068,451680
1991-03-26,2860.4329230719068,2926.4584683832927,2860.4329230719068,2904.8749107779977,514167
1991-03-27,2904.8749107779977,2965.3969903446714,2904.8749107779977,2939.667221479706,489717
1991-03-28,2939.667221479706,2983.4127977873477,2939.667221479706,2946.784674050179,470720
1991-03-29,2946.784674050179,2957.9074821345307,2919.9210785974383,2954.8042432979373,347481
1991-04-01,2954.8042432979373,2954.8042432979373,2869.7379527295625,2897.6023184342016,587758
1991-04-02,2897.6023184342016,3118.589467133656,2897.6023184342016,3091.5723323102743,438439
1991-04-03,3091.5723323102743,3127.335023902983,3091.5723323102743,3124.4463674595295,433785
1991-04-04,3124.4463674595295,3124.4463674595295,3014.928443140373,3028.7785633938965,426128
1991-04-05,3028.7785633938965,3028.7785633938965,2855.43853369941,2871.8739814459045,467080
1991-04-08,2871.8739814459045,2871.8739814459045,2790.7078587054316,2808.6649182094616,609702
1991-04-09,2808.6649182094616,2838.256644552341,2789.504269614762,2798.088647323461,509133
1991-04-10,2798.088647323461,2798.088647323461,2649.6677503883075,2650.06122150004,484446
1991-04-11,2650.06122150004,2723.811669432789,2650.06122150004,2699.1749281438947,524837
1991-04-12,2699.1749281438947,2729.150665169379,2652.400281781027,2691.272347954286,318218
1991-04-15,2691.272347954286,2805.8930291172883,2691.272347954286,2765.734244095407,373270
1991-04-16,2765.734244095407,2918.0292571395485,2765.734244095407,2913.857268612169,444074
1991-04-17,2913.857268612169,2913.857268612169,2818.56763742783,2848.724108590545,561289
1991-04-18,2848.724108590545,2911.6646985166713,2848.724108590545,2870.9829159946075,426962
1991-04-19,2870.9829159946075,2878.0926230355512,2842.6454857125586,2843.4927625221494,463117
1991-04-22,2843.4927625221494,2843.4927625221494,2707.2967624365024,2718.374728773351,455581
1991-04-23,2718.374728773351,2718.374728773351,2678.9032627165334,2685.093019956976,562019
1991-04-24,2685.093019956976,2685.093019956976,2623.9158253212768,2654.4266286296343,533176
1991-04-25,2654.4266286296343,2654.4266286296343,2593.0318751609816,2617.41931167349,489010
1991-04-26,2617.41931167349,2651.781907082655,2605.262132313279,2613.0896056460265,511183
1991-04-29,2613.0896056460265,2668.914107394184,2613.0896056460265,2638.5616314828635,393235
1991-04-30,2638.5616314828635,2638.5616314828635,2598.7263188231404,2606.3299203492406,606287
1991-05-01,2606.3299203492406,2642.266729678047,2602.714435209086,2604.006468633717,465758
1991-05-02,2604.006468633717,2604.006468633717,2534.3083555651037,2570.894018867929,494747
1991-05-03,2570.894018867929,2570.894018867929,2487.231416910132,2504.371524904709,462880
1991-05-06,2504.371524904709,2504.371524904709,2357.542743465721,2379.9165166403736,483913
1991-05-07,2379.9165166403736,2442.716570903463,2379.9165166403736,2407.3582779845287,492517
1991-05-08,2407.3582779845287,2407.3582779845287,2360.5469806603905,2371.5980335812096,476771
1991-05-09,2371.5980335812096,2371.5980335812096,2247.183039189908,2272.7356118275807,424683
1991-05-10,2272.7356118275807,2272.7356118275807,2206.676130325902,2208.9509960565224,589873
1991-05-13,2208.9509960565224,2256.951013055189,2208.9509960565224,2249.7079825709366,442250
1991-05-14,2249.7079825709366,2266.110019375873,2226.3213310123206,2256.4557046265945,504544
1991-05-15,2256.4557046265945,2266.0452432440725,2253.0791419581337,2259.3996392629238,406563
1991-05-16,2259.3996392629238,2259.3996392629238,2138.018279383389,2142.1247272850765,320038
1991-05-17,2142.1247272850765,2168.8075215421777,2112.6002418002718,2143.7788349430875,458297
1991-05-20,2143.7788349430875,2218.6009274115586,2143.7788349430875,2216.692352318539,527448
1991-05-21,2216.692352318539,2287.710340170478,2216.692352318539,2267.6324178199643,420027
1991-05-22,2267.6324178199643,2445.3139515030607,2267.6324178199643,2422.452270853307,501221
1991-05-23,2422.452270853307,2422.452270853307,2338.768085814855,2367.097854333144,454660
1991-05-24,2367.097854333144,2449.2279137457595,2367.097854333144,2434.3453827940525,594579
1991-05-27,2434.3453827940525,2492.2082603205067,2434.3453827940525,2468.948363171987,600510
1991-05-28,2468.948363171987,2468.948363171987,2345.480728208341,2377.68109491076,493499
1991-05-29,2377.68109491076,2377.68109491076,2291.4880078417923,2325.2216881885975,515532
1991-05-30,2325.2216881885975,2365.38603312418,2316.601325877762,2349.418147052999,566934
1991-05-31,2349.418147052999,2366.3532476352916,2349.418147052999,2360.940229360106,385790
1991-06-03,2360.940229360106,2360.940229360106,2299.5963332722504,2300.698069616903,581247
1991-06-04,2300.698069616903,2300.698069616903,2210.16630815334,2225.4233955428194,448614
1991-06-05,2225.4233955428194,2230.9695149397066,2170.5632651024553,2201.4162008762573,513577
1991-06-06,2201.4162008762573,2212.542983436421,2179.9368729416265,2198.9277011126,573613
1991-06-07,2198.9277011126,2198.9277011126,2036.79899123357,2055.512447938321,524267
1991-06-10,2055.512447938321,2130.6501566789607,2055.512447938321,2113.089681375991,675981
1991-06-11,2113.089681375991,2113.089681375991,2022.6800016434577,2046.0753460003248,558501
1991-06-12,2046.0753460003248,2076.5149775527984,2046.0753460003248,2056.6660039599883,573210
1991-06-13,2056.6660039599883,2056.6660039599883,1999.7665142398594,2019.4565186039856,457158
1991-06-14,2019.4565186039856,2058.6345510676374,2019.4565186039856,2052.9280689198226,576288
1991-06-17,2052.9280689198226,2052.9280689198226,2022.4756091082195,2041.1628155063006,553223
1991-06-18,2041.1628155063006,2096.8140107584763,2039.5278989712863,2066.896608124809,477857
1991-06-19,2066.896608124809,2106.068245880483,2059.9162596189494,2082.708515567039,529961
1991-06-20,2082.708515567039,2082.708515567039,2055.86539381909,2078.0290400682197,518060
1991-06-21,2078.0290400682197,2197.6785622636603,2078.0290400682197,2172.9734545648607,529696
1991-06-24,2172.9734545648607,2172.9734545648607,2101.6939016654933,2129.6939372507445,513055
1991-06-25,2129.6939372507445,2150.618799682873,2106.341012110734,2133.3551312952723,562393
1991-06-26,2133.3551312952723,2133.3551312952723,2049.2721324684358,2074.4039153889944,432241
1991-06-27,2074.4039153889944,2085.7195545725117,2061.854713369881,2078.795096099584,472824
1991-06-28,2078.795096099584,2078.795096099584,2028.2314520854047,2041.612050928804,350044
1991-07-01,2041.612050928804,2041.612050928804,1986.565023342226,1992.6919153645022,262926
1991-07-02,1992.6919153645022,2018.2871931596142,1976.5772936410026,1994.0254876301296,501084
1991-07-03,1994.0254876301296,2087.6163256399777,1994.0254876301296,2085.422377046085,464159
1991-07-04,2085.422377046085,2148.722582612776,2085.422377046085,2145.23908206048,600788
1991-07-05,2145.23908206048,2145.23908206048,2098.1304064896153,2114.2284914263914,439553
1991-07-08,2114.2284914263914,2114.2284914263914,2014.337144296908,2037.8075597125153,535688
1991-07-09,2037.8075597125153,2226.5817333808795,2037.8075597125153,2199.360440678404,481882
1991-07-10,2199.360440678404,2330.2445617888593,2199.360440678404,2299.600437443147,575723
1991-07-11,2299.600437443147,2299.600437443147,2219.6959931052293,2237.2950608093006,504857
1991-07-12,2237.2950608093006,2237.2950608093006,2203.417945541237,2206.4024017256347,510940
1991-07-15,2206.4024017256347,2446.1658142132005,2206.4024017256347,2416.44838064295,560469
1991-07-16,2416.44838064295,2661.895193901218,2416.44838064295,2655.1392746302117,526598
1991-07-17,2655.1392746302117,2655.1392746302117,2522.592836758425,2555.4034112698623,544547
1991-07-18,2555.4034112698623,2555.4034112698623,2387.4904150422294,2406.240400429521,523061
1991-07-19,2406.240400429521,2508.603863760643,2406.240400429521,2505.953787879336,456546
1991-07-22,2505.953787879336,2505.953787879336,2441.9825568764304,2454.3698980046056,693255
1991-07-23,2454.3698980046056,2476.1728304145504,2422.4796300321377,2457.326632629831,588573
1991-07-24,2457.326632629831,2457.326632629831,2398.004513431166,2422.218182221019,555167
1991-07-25,2422.218182221019,2422.218182221019,2331.1817457982343,2365.6867992693715,412100
1991-07-26,2365.6867992693715,2436.8919633164555,2365.6867992693715,2419.209341515846,577884
1991-07-29,2419.209341515846,2448.6050106277576,2388.3934562321765,2423.4400395125376,454353
1991-07-30,2423.4400395125376,2423.4400395125376,2361.909580246924,2391.626274090303,460565
1991-07-31,2391.626274090303,2391.626274090303,2346.7317195295127,2372.5999718927865,539435
1991-08-01,2372.5999718927865,2372.5999718927865,2308.944704081361,2336.3917765078304,519415
1991-08-02,2336.3917765078304,2367.3361428729577,2331.4574800539067,2361.4317764260004,403594
1991-08-05,2361.4317764260004,2496.9411713141085,2361.4317764260004,2471.8736924784766,490365
1991-08-06,2471.8736924784766,2624.8692042252123,2471.8736924784766,2613.8038766007244,517563
1991-08-07,2613.8038766007244,2749.087962198655,2613.8038766007244,2714.2716758411484,513400
1991-08-08,2714.2716758411484,2714.2716758411484,2639.964739154594,2667.303622295904,481419
1991-08-09,2667.303622295904,2667.303622295904,2595.095125524691,2621.971980376923,499364
1991-08-12,2621.971980376923,2681.053973376687,2621.971980376923,2660.522172319672,548736
1991-08-13,2660.522172319672,2660.522172319672,2531.201761200413,2539.707969086284,533529
1991-08-14,2539.707969086284,2629.6779984714653,2539.707969086284,2622.7201633909553,400403
1991-08-15,2622.7201633909553,2704.59136627515,2622.7201633909553,2684.0575243278313,536499
1991-08-16,2684.0575243278313,2684.0575243278313,2547.0906044779963,2555.482131030506,545651
1991-08-19,2555.482131030506,2555.482131030506,2327.0911353246647,2346.0694578041544,405702
1991-08-20,2346.0694578041544,2369.6518508426616,2340.755915845084,2347.3087561443244,453490
1991-08-21,2347.3087561443244,2374.7046338270734,2318.8041625948476,2351.9356511975498,542062
1991-08-22,2351.9356511975498,2402.0659586152588,2351.9356511975498,2372.6886476583018,557473
1991-08-23,2372.6886476583018,2384.232058475894,2343.085050445976,2353.1439052491182,522046
1991-08-26,2353.1439052491182,2421.3159690165926,2353.1439052491182,2386.4850947187056,360810
1991-08-27,2386.4850947187056,2599.2038742225377,2386.4850947187056,2582.1155924451646,565079
1991-08-28,2582.1155924451646,2712.272846439645,2582.1155924451646,2681.34547495998,529023
1991-08-29,2681.34547495998,2745.8768309575985,2681.34547495998,2731.892860407679,462086
1991-08-30,2731.892860407679,2917.3701134096837,2731.892860407679,2879.941932968761,473639
1991-09-02,2879.941932968761,2879.941932968761,2728.072638863688,2764.3186994211705,426040
1991-09-03,2764.3186994211705,2764.3186994211705,2652.873899027179,2668.5535776274305,582813
1991-09-04,2668.5535776274305,2722.2360591156767,2667.8051715224224,2686.0199334045483,575421
1991-09-05,2686.0199334045483,2764.1689235809554,2686.0199334045483,2753.5780671888956,456850
1991-09-06,2753.5780671888956,2753.5780671888956,2648.419693057409,2659.576102657439,601763
1991-09-09,2659.576102657439,2659.576102657439,2531.9641811590395,2557.719431305993,624308
1991-09-10,2557.719431305993,2557.719431305993,2454.6954433015367,2463.7123304072124,593248
1991-09-11,2463.7123304072124,2516.7464756856784,2463.7123304072124,2499.1093891835003,428499
1991-09-12,2499.1093891835003,2499.1093891835003,2385.646213634595,2413.9099390955294,519779
1991-09-13,2413.9099390955294,2506.248377063706,2413.9099390955294,2502.752059028215,481520
1991-09-16,2502.752059028215,2502.752059028215,2325.0523070880317,2348.973610099887,398122
1991-09-17,2348.973610099887,2348.973610099887,2301.334861770078,2335.507722449249,459102
1991-09-18,2335.507722449249,2335.507722449249,2310.4949674785707,2330.8194860223157,602257
1991-09-19,2330.8194860223157,2352.5758733683847,2313.3177684000425,2318.9785779736,382768
1991-09-20,2318.9785779736,2318.9785779736,2270.5698818544174,2297.244104250151,542922
1991-09-23,2297.244104250151,2375.5697893027364,2297.244104250151,2357.6924709820723,589210
1991-09-24,2357.6924709820723,2369.3994546152117,2355.748400708584,2360.5869713863226,506147
1991-09-25,2360.5869713863226,2381.9496834716124,2354.0918767833173,2358.707224167031,564442
1991-09-26,2358.707224167031,2469.999997039639,2358.707224167031,2442.7523856046237,417206
1991-09-27,2442.7523856046237,2447.3137905960116,2425.706550862181,2439.262794763492,527821
1991-09-30,2439.262794763492,2566.6169707295644,2439.262794763492,2564.5133158471144,456776
1991-10-01,2564.5133158471144,2619.465167415946,2564.5133158471144,2609.2529069021125,535283
1991-10-02,2609.2529069021125,2609.2529069021125,2563.0118500224394,2565.3179751588436,590201
1991-10-03,2565.3179751588436,2602.605084144212,2565.3179751588436,2583.928108736356,551613
1991-10-04,2583.928108736356,2583.928108736356,2491.1760370465754,2499.5402326689264,530838
1991-10-07,2499.5402326689264,2506.054308002837,2486.699891680981,2499.6437564456555,393438
1991-10-08,2499.6437564456555,2499.6437564456555,2331.777778108786,2343.740258902405,562120
1991-10-09,2343.740258902405,2397.4167660148737,2343.740258902405,2382.052970285723,456954
1991-10-10,2382.052970285723,2382.052970285723,2342.4238613943176,2354.007553639947,475861
1991-10-11,2354.007553639947,2354.007553639947,2278.5971747755293,2279.0776534454667,328177
1991-10-14,2279.0776534454667,2279.0776534454667,2240.7506727295163,2240.9611189660427,376359
1991-10-15,2240.9611189660427,2240.9611189660427,2149.139666777132,2168.6049845512775,588852
1991-10-16,2168.6049845512775,2205.132809928353,2163.7168140766216,2194.6510545906362,444661
1991-10-17,2194.6510545906362,2194.6510545906362,2145.573649372282,2159.2505151032456,500955
1991-10-18,2159.2505151032456,2159.2505151032456,2003.2733224809424,2017.4510373321698,427796
1991-10-21,2017.4510373321698,2073.7319528135963,2017.4510373321698,2047.5417257928443,452837
1991-10-22,2047.5417257928443,2047.5417257928443,1939.7435643011409,1949.453055659392,575384
1991-10-23,1949.453055659392,1949.453055659392,1842.3145228670346,1864.5817986488782,344421
1991-10-24,1864.5817986488782,1874.2418356056214,1851.370252980429,1860.5601774897236,547146
1991-10-25,1860.5601774897236,1945.798397361919,1860.5601774897236,1926.2338844208864,471029
1991-10-28,1926.2338844208864,1926.2338844208864,1855.738730339369,1868.164378159031,511687
1991-10-29,1868.164378159031,1868.164378159031,1836.1784601011925,1857.9122891281784,543871
1991-10-30,1857.9122891281784,1857.9122891281784,1766.549018943208,1785.3213057527469,400970
1991-10-31,1785.3213057527469,1875.1204486215763,1785.3213057527469,1858.7671673518196,539385
1991-11-01,1858.7671673518196,1948.169228625198,1858.7671673518196,1930.3288994202205,436000
1991-11-04,1930.3288994202205,1974.0429466896474,1930.3288994202205,1973.2302308191838,427220
1991-11-05,1973.2302308191838,2113.270431123383,1973.2302308191838,2088.261907039787,561331
1991-11-06,2088.261907039787,2088.261907039787,1969.4202443729587,1996.8895385140256,566510
1991-11-07,1996.8895385140256,2011.7684992898858,1991.1417100308743,1992.4405304060272,481229
1991-11-08,1992.4405304060272,2057.8437546047894,1992.4405304060272,2031.2706008402092,535919
1991-11-11,2031.2706008402092,2031.2706008402092,1989.1227945677592,1997.7162385285517,517906
1991-11-12,1997.7162385285517,2049.222528915158,1997.7162385285517,2024.855202080139,564552
1991-11-13,2024.855202080139,2067.4191948829503,2024.855202080139,2046.8520966935864,646522
1991-11-14,2046.8520966935864,2092.8803302916644,2046.8520966935864,2078.406180062472,315775
1991-11-15,2078.406180062472,2078.406180062472,2042.253982716261,2050.877073739711,376391
1991-11-18,2050.877073739711,2050.877073739711,1923.8547832963466,1950.5063804551692,633213
1991-11-19,1950.5063804551692,1950.5063804551692,1884.896454363952,1909.2851819478346,417291
1991-11-20,1909.2851819478346,1909.2851819478346,1828.6202135197047,1830.2167949821744,596449
1991-11-21,1830.2167949821744,1830.2167949821744,1666.4047872593392,1674.0867525769504,630365
1991-11-22,1674.0867525769504,1674.0867525769504,1636.7037619809578,1642.5852781493054,533602
1991-11-25,1642.5852781493054,1697.8340862196148,1642.5852781493054,1696.7925329504756,592155
1991-11-26,1696.7925329504756,1727.7628905073173,1694.3050160649736,1708.9317925135513,432519
1991-11-27,1708.9317925135513,1708.9317925135513,1655.4127338503927,1677.8355814762851,500410
1991-11-28,1677.8355814762851,1677.8355814762851,1626.4489769315164,1636.3496875937767,467041
1991-11-29,1636.3496875937767,1699.151550142551,1636.3496875937767,1687.741535532988,499340
1991-12-02,1687.741535532988,1687.741535532988,1663.1893154681059,1672.460664093159,472359
1991-12-03,1672.460664093159,1672.460664093159,1592.0717179013943,1604.7528007205435,540713
1991-12-04,1604.7528007205435,1637.780958321917,1604.7528007205435,1625.1261805908734,599107
1991-12-05,1625.1261805908734,1728.8813346239745,1625.1261805908734,1727.1213636492232,545281
1991-12-06,1727.1213636492232,1759.4505157821986,1727.1213636492232,1745.2506665398287,580906
1991-12-09,1745.2506665398287,1800.2635021748804,1745.2506665398287,1779.2338820218097,440671
1991-12-10,1779.2338820218097,1821.5520418686933,1775.6432223591578,1797.90778679359,544244
1991-12-11,1797.90778679359,1805.3911008972048,1784.2831927973593,1796.1150985354275,540613
1991-12-12,1796.1150985354275,1796.1150985354275,1747.699619949186,1766.3747080450096,439628
1991-12-13,1766.3747080450096,1879.665406788442,1766.3747080450096,1852.3556822643634,548045
1991-12-16,1852.3556822643634,1855.6047993994844,1825.313004330514,1829.4806594298518,580945
1991-12-17,1829.4806594298518,1888.8290950501398,1829.4806594298518,1886.2250072921574,518936
1991-12-18,1886.2250072921574,1914.9470145868609,1886.2250072921574,1894.4085664241945,586250
1991-12-19,1894.4085664241945,1918.2675654554723,1891.4301859473285,1916.1197150695764,622619
1991-12-20,1916.1197150695764,1916.1197150695764,1851.5018597129833,1877.2237382496796,377325
1991-12-23,1877.2237382496796,1948.662429719704,1877.2237382496796,1933.0347083994982,571485
1991-12-24,1933.0347083994982,1988.0088238933588,1933.0347083994982,1968.3102526371556,505934
1991-12-25,1968.3102526371556,1970.9833947862685,1962.9548146248974,1964.3264492684157,534914
1991-12-26,1964.3264492684157,1964.3264492684157,1940.5662893134129,1949.1606430557736,466814
1991-12-27,1949.1606430557736,2059.3568205675306,1949.1606430557736,2049.5843880447937,553480
1991-12-30,2049.5843880447937,2049.5843880447937,1923.3529196435873,1943.0686944757817,539204
1991-12-31,1943.0686944757817,1943.0686944757817,1896.1493372705802,1919.633979893063,658597
1992-01-01,1919.633979893063,1919.633979893063,1807.4201904215927,1832.8825683968448,520486
1992-01-02,1832.8825683968448,1832.8825683968448,1775.6311192544347,1782.882552204056,531201
1992-01-03,1782.882552204056,1782.882552204056,1735.633668552562,1751.2558698679484,485130
1992-01-06,1751.2558698679484,1751.2558698679484,1674.7066918614728,1696.4482452859636,592714
1992-01-07,1696.4482452859636,1696.4482452859636,1593.8896239673359,1617.8606425314485,545274
1992-01-08,1617.8606425314485,1628.3205679648004,1601.2345414776391,1625.3516181182022,530570
1992-01-09,1625.3516181182022,1740.289657687174,1625.3516181182022,1729.284732302461,426466
1992-01-10,1729.284732302461,1729.284732302461,1628.4989406081154,1634.3652668894265,394907
1992-01-13,1634.3652668894265,1634.3652668894265,1586.7268912386776,1598.44538760444,412783
1992-01-14,1598.44538760444,1627.0795838837255,1588.464921824748,1607.0316708515547,485917
1992-01-15,1607.0316708515547,1708.8365589279383,1607.0316708515547,1700.217582182749,540777
1992-01-16,1700.217582182749,1700.217582182749,1646.5252175367687,1663.8677866461212,502868
1992-01-17,1663.8677866461212,1663.8677866461212,1612.0737942565947,1629.0221378325066,447109
1992-01-20,1629.0221378325066,1664.3862363941255,1629.0221378325066,1649.5050518829216,464883
1992-01-21,1649.5050518829216,1649.5050518829216,1592.711301177754,1608.0660117625873,531753
1992-01-22,1608.0660117625873,1608.0660117625873,1559.541807615486,1565.1601905917043,567925
1992-01-23,1565.1601905917043,1639.9060807159776,1565.1601905917043,1630.638537112837,302778
1992-01-24,1630.638537112837,1630.638537112837,1566.175730007206,1583.2402532970252,576545
1992-01-27,1583.2402532970252,1583.2402532970252,1534.890104550163,1542.029804410687,500626
1992-01-28,1542.029804410687,1551.7182455545708,1515.9772300973718,1533.3254073250732,627024
1992-01-29,1533.3254073250732,1557.8579332386018,1525.8237548724892,1546.71105625714,405006
1992-01-30,1546.71105625714,1546.71105625714,1421.1529407269693,1437.9731752032183,514990
1992-01-31,1437.9731752032183,1501.2800085128845,1437.9731752032183,1497.8653785938363,392582
1992-02-03,1497.8653785938363,1504.390082745,1487.7622479683232,1498.1919156830659,530606
1992-02-04,1498.1919156830659,1498.1919156830659,1481.685690103387,1486.1253691165339,600845
1992-02-05,1486.1253691165339,1507.665454316512,1475.6850570636716,1488.1152608293467,574032
1992-02-06,1488.1152608293467,1497.038692836707,1483.9421279949465,1488.4749956674389,475073
1992-02-07,1488.4749956674389,1512.2761452828904,1488.4749956674389,1499.0960046886098,465728
1992-02-10,1499.0960046886098,1518.1664241267283,1489.5536943223694,1498.4198330327192,412783
1992-02-11,1498.4198330327192,1505.7069960378003,1478.3088036942152,1489.5247535114402,563684
1992-02-12,1489.5247535114402,1489.5247535114402,1447.774540639175,1456.191533570668,553611
1992-02-13,1456.191533570668,1534.456148135096,1456.191533570668,1531.3110881654154,586543
1992-02-14,1531.3110881654154,1549.571152202084,1531.3110881654154,1544.45025187694,366236
1992-02-17,1544.45025187694,1570.2454402176743,1544.45025187694,1549.4139503872993,574042
1992-02-18,1549.4139503872993,1559.8960935952016,1549.4139503872993,1557.431283342575,604707
1992-02-19,1557.431283342575,1557.431283342575,1505.6854262420095,1519.3875802324503,575355
1992-02-20,1519.3875802324503,1519.3875802324503,1474.5299084252802,1487.7097066053927,390625
1992-02-21,1487.7097066053927,1502.4321878939204,1487.7097066053927,1500.4817181530661,460960
1992-02-24,1500.4817181530661,1500.8401466237256,1468.9807705108813,1481.8689136495889,314482
1992-02-25,1481.8689136495889,1556.310363516227,1481.8689136495889,1535.1155025982953,563911
1992-02-26,1535.1155025982953,1535.1155025982953,1480.9352659882074,1498.0161238591825,491218
1992-02-27,1498.0161238591825,1563.5957514503912,1498.0161238591825,1560.7855999669428,562474
1992-02-28,1560.7855999669428,1615.8812054421346,1560.7855999669428,1599.8485158310054,496040
1992-03-02,1599.8485158310054,1643.7172029687597,1599.8485158310054,1641.3663112994147,493518
1992-03-03,1641.3663112994147,1688.4827801403892,1641.3663112994147,1664.0804563828353,504850
1992-03-04,1664.0804563828353,1692.817685001613,1664.0804563828353,1678.6093595776313,648548
1992-03-05,1678.6093595776313,1751.1597674304326,1678.6093595776313,1749.0657242687278,363240
1992-03-06,1749.0657242687278,1749.0657242687278,1691.1238887294,1715.1540715835697,521553
1992-03-09,1715.1540715835697,1719.7449215750717,1703.5391309946922,1709.6747279598194,445705
1992-03-10,1709.6747279598194,1827.0832489332918,1709.6747279598194,1823.751539602756,463873
1992-03-11,1823.751539602756,1917.9987180341595,1823.751539602756,1916.1489967215555,590190
1992-03-12,1916.1489967215555,1931.8956272941803,1891.6746607614311,1917.7776960845542,430768
1992-03-13,1917.7776960845542,1988.3510757505926,1917.7776960845542,1962.8971917332876,494817
1992-03-16,1962.8971917332876,2005.7934723084797,1962.8971917332876,1980.4936063139503,598478
1992-03-17,1980.4936063139503,1980.4936063139503,1878.135122313927,1893.1717269802305,419516
1992-03-18,1893.1717269802305,1906.990275284377,1879.5941981019791,1888.801354432432,544913
1992-03-19,1888.801354432432,2038.4470682637852,1888.801354432432,2022.653535104507,360176
1992-03-20,2022.653535104507,2022.653535104507,1919.8102842089252,1934.157470857704,423173
1992-03-23,1934.157470857704,1934.157470857704,1881.4139451710582,1885.7372923223936,521374
1992-03-24,1885.7372923223936,1893.5737481492192,1864.1046824248394,1886.340100756061,658521
1992-03-25,1886.340100756061,1886.340100756061,1845.1007132987015,1845.8626660868429,489041
1992-03-26,1845.8626660868429,1958.875642554018,1845.8626660868429,1934.798799791389,537304
1992-03-27,1934.798799791389,1934.798799791389,1825.140382808846,1848.2412551659136,624407
1992-03-30,1848.2412551659136,1888.3138033844748,1848.2412551659136,1875.6456693395462,604082
1992-03-31,1875.6456693395462,1918.6617373189908,1875.6456693395462,1909.465565219861,530209
1992-04-01,1909.465565219861,2034.6693117998425,1909.465565219861,2019.5592961571517,627734
1992-04-02,2019.5592961571517,2019.5592961571517,1978.3183795703876,1979.8906095271673,502052
1992-04-03,1979.8906095271673,2007.2282657326034,1978.112732095752,2003.7100952602395,418459
1992-04-06,2003.7100952602395,2050.030266016292,2003.7100952602395,2034.2232159727469,464907
1992-04-07,2034.2232159727469,2034.2232159727469,1996.639204224264,2011.0147318208014,487450
1992-04-08,2011.0147318208014,2066.8895579859714,2011.0147318208014,2065.963017116068,369081
1992-04-09,2065.963017116068,2085.0372907600663,2061.6536367373646,2078.488417851648,443829
1992-04-10,2078.488417851648,2078.488417851648,2026.5406497588403,2055.769096524241,569125
1992-04-13,2055.769096524241,2111.5723628189444,2055.769096524241,2089.516405999544,520868
1992-04-14,2089.516405999544,2101.8693823791896,2082.8263687834433,2099.7774601413175,389895
1992-04-15,2099.7774601413175,2132.18016383642,2099.7774601413175,2123.2132853595194,649056
1992-04-16,2123.2132853595194,2205.6729359600986,2123.2132853595194,2179.9750165774053,562485
1992-04-17,2179.9750165774053,2250.2418132905723,2179.9750165774053,2223.4253637753145,413593
1992-04-20,2223.4253637753145,2238.092705708932,2182.77569939456,2211.6512745465234,528113
1992-04-21,2211.6512745465234,2211.6512745465234,2125.2347383860456,2151.3744300125168,447154
1992-04-22,2151.3744300125168,2236.301452000314,2151.3744300125168,2228.7103972666096,591296
1992-04-23,2228.7103972666096,2265.795032634316,2228.7103972666096,2255.328142925357,513723
1992-04-24,2255.328142925357,2255.328142925357,2071.42452705402,2088.5040429087912,494524
1992-04-27,2088.5040429087912,2133.747265682531,2088.5040429087912,2102.304881381566,447861
1992-04-28,2102.304881381566,2113.577793755774,2102.304881381566,2113.4525961356235,548553
1992-04-29,2113.4525961356235,2113.4525961356235,2031.3598669759554,2041.2573504498298,390280
1992-04-30,2041.2573504498298,2041.2573504498298,1987.173203558565,2016.6283560687664,266343
1992-05-01,2016.6283560687664,2077.0103128812975,2016.6283560687664,2076.7468278550473,378909
1992-05-04,2076.7468278550473,2122.9146141010538,2066.6247408973018,2097.3654812188192,516559
1992-05-05,2097.3654812188192,2097.3654812188192,2046.8592351162251,2064.2543306127186,448774
1992-05-06,2064.2543306127186,2086.997238806385,2058.8676045043544,2062.8728396054885,464816
1992-05-07,2062.8728396054885,2105.251400968064,2062.8728396054885,2092.3333209850866,467945
1992-05-08,2092.3333209850866,2092.3333209850866,1995.8949759171414,2022.6733514130503,606566
1992-05-11,2022.6733514130503,2022.6733514130503,1984.9814387248332,2005.916291843304,276348
1992-05-12,2005.916291843304,2077.070002899792,2005.916291843304,2075.6016682272766,492217
1992-05-13,2075.6016682272766,2079.549105696182,2071.264118988604,2075.86192720583,600386
1992-05-14,2075.86192720583,2075.86192720583,2057.41763916529,2061.535671994815,536087
1992-05-15,2061.535671994815,2061.535671994815,1906.009491933801,1917.0706233308367,456770
1992-05-18,1917.0706233308367,1918.6482847855896,1886.4128272364567,1893.8078356532412,471412
1992-05-19,1893.8078356532412,1893.8078356532412,1849.4947998350842,1860.9853542184849,511979
1992-05-20,1860.9853542184849,1876.1842943190607,1858.3449704064315,1867.3235133454953,463307
1992-05-21,1867.3235133454953,1867.3235133454953,1818.5010348703715,1838.172623366409,592623
1992-05-22,1838.172623366409,1838.172623366409,1814.2610350951993,1823.5235744834279,495263
1992-05-25,1823.5235744834279,1910.4489639702695,1823.5235744834279,1895.3588278036182,450170
1992-05-26,1895.3588278036182,2008.3720604692564,1895.3588278036182,1990.9303359158082,494943
1992-05-27,1990.9303359158082,1990.9303359158082,1882.8300922765836,1910.339829821593,545538
1992-05-28,1910.339829821593,1934.0091653080904,1901.0245560244732,1921.1591918201175,435781
1992-05-29,1921.1591918201175,1921.1591918201175,1875.587996466754,1900.7936161043517,467676
1992-06-01,1900.7936161043517,1941.607263750389,1900.7936161043517,1922.572002510094,439200
1992-06-02,1922.572002510094,1991.9445464408789,1922.572002510094,1979.9872029455864,424532
1992-06-03,1979.9872029455864,2009.8696342125202,1979.9872029455864,2007.921128599307,386177
1992-06-04,2007.921128599307,2183.555000866208,2007.921128599307,2178.471576821028,605818
1992-06-05,2178.471576821028,2178.471576821028,2133.409197320604,2162.909051862984,476191
1992-06-08,2162.909051862984,2196.7883975945233,2159.570781652335,2191.2218271704282,546493
1992-06-09,2191.2218271704282,2292.5772167392233,2191.2218271704282,2269.5530878991126,570501
1992-06-10,2269.5530878991126,2269.5530878991126,2189.3336083904896,2211.151779905718,603246
1992-06-11,2211.151779905718,2321.35625329712,2211.151779905718,2310.5258729203706,320697
1992-06-12,2310.5258729203706,2475.0462191056927,2310.5258729203706,2460.13169944493,409658
1992-06-15,2460.13169944493,2544.3851859778742,2460.13169944493,2519.0503132331723,638776
1992-06-16,2519.0503132331723,2562.060670928598,2519.0503132331723,2558.0992980256037,574276
1992-06-17,2558.0992980256037,2639.359795680529,2558.0992980256037,2615.264812048977,529574
1992-06-18,2615.264812048977,2615.264812048977,2528.6754880869744,2551.3019031525405,386443
1992-06-19,2551.3019031525405,2551.3019031525405,2402.733032761395,2421.469581759056,513456
1992-06-22,2421.469581759056,2463.1779604044523,2421.469581759056,2457.959169049417,409003
1992-06-23,2457.959169049417,2508.090783126963,2457.959169049417,2503.150305984219,511027
1992-06-24,2503.150305984219,2513.6923547072843,2484.4431921579367,2497.1257359503593,553921
1992-06-25,2497.1257359503593,2503.6028790915693,2455.789939309386,2479.874987469601,568041
1992-06-26,2479.874987469601,2479.874987469601,2430.903510947701,2455.2330996953733,421355
1992-06-29,2455.2330996953733,2455.2330996953733,2391.1324756904387,2427.400303396453,529213
1992-06-30,2427.400303396453,2427.400303396453,2319.292841533812,2346.510677592132,573807
1992-07-01,2346.510677592132,2407.2813332202886,2346.510677592132,2378.326835335193,286749
1992-07-02,2378.326835335193,2409.3392254357886,2378.326835335193,2390.1451154768497,433703
1992-07-03,2390.1451154768497,2411.511219388974,2349.722563591125,2379.602094799277,389451
1992-07-06,2379.602094799277,2379.602094799277,2288.8489807465776,2309.010857379568,509787
1992-07-07,2309.010857379568,2309.010857379568,2189.370233251808,2218.2638204217924,527999
1992-07-08,2218.2638204217924,2221.431841749088,2204.1343873129513,2216.93652488053,465881
1992-07-09,2216.93652488053,2280.428355136305,2216.93652488053,2247.7847776377052,599208
1992-07-10,2247.7847776377052,2335.278885693682,2247.7847776377052,2320.7874765439046,357094
1992-07-13,2320.7874765439046,2510.1713660491387,2320.7874765439046,2481.555712446792,451383
1992-07-14,2481.555712446792,2555.0340424444535,2481.555712446792,2523.673293010553,423262
1992-07-15,2523.673293010553,2523.673293010553,2446.0353270957676,2475.0749615853492,748721
1992-07-16,2475.0749615853492,2492.55646812821,2475.0749615853492,2484.352863175019,544975
1992-07-17,2484.352863175019,2552.832410901491,2484.352863175019,2538.95174396517,557427
1992-07-20,2538.95174396517,2538.95174396517,2440.7528442325834,2440.8058250999875,605120
1992-07-21,2440.8058250999875,2440.8058250999875,2373.9949129913584,2381.797943454644,518758
1992-07-22,2381.797943454644,2412.4133510741094,2373.548100563114,2404.5015781208863,475692
1992-07-23,2404.5015781208863,2404.5015781208863,2295.0765207019554,2325.6746646552097,523913
1992-07-24,2325.6746646552097,2325.6746646552097,2210.6877222322737,2241.142125263893,541442
1992-07-27,2241.142125263893,2241.142125263893,2180.9994525248608,2183.4222532852737,591764
1992-07-28,2183.4222532852737,2319.5568801478407,2183.4222532852737,2314.313755161726,437795
1992-07-29,2314.313755161726,2539.1962518923515,2314.313755161726,2510.6605406357144,464308
1992-07-30,2510.6605406357144,2510.6605406357144,2471.939490587901,2473.0396952931915,408493
1992-07-31,2473.0396952931915,2531.0270240199543,2473.0396952931915,2526.6248865615803,623362
1992-08-03,2526.6248865615803,2526.6248865615803,2396.4802500346127,2401.622993834494,491590
1992-08-04,2401.622993834494,2432.7078009361535,2401.622993834494,2426.5185427910833,560441
1992-08-05,2426.5185427910833,2426.5185427910833,2375.72449646109,2399.926297671936,444982
1992-08-06,2399.926297671936,2399.926297671936,2296.639148871344,2327.6853930282446,584540
1992-08-07,2327.6853930282446,2431.0522765617775,2327.6853930282446,2424.174326536199,551489
1992-08-10,2424.174326536199,2424.174326536199,2376.127392813447,2383.4525807187833,486333
1992-08-11,2383.4525807187833,2467.9218426064026,2383.4525807187833,2452.595286465692,463161
1992-08-12,2452.595286465692,2585.977815593872,2452.595286465692,2555.8698643573944,484861
1992-08-13,2555.8698643573944,2555.8698643573944,2519.9942848309997,2521.6281775094435,766206
1992-08-14,2521.6281775094435,2646.6741479103957,2521.6281775094435,2636.9284972753026,575030
1992-08-17,2636.9284972753026,2636.9284972753026,2552.185726917047,2558.8945833322673,472575
1992-08-18,2558.8945833322673,2558.8945833322673,2418.0694359952477,2451.621578961839,552396
1992-08-19,2451.621578961839,2451.621578961839,2378.458645450797,2412.7912805258475,642180
1992-08-20,2412.7912805258475,2412.7912805258475,2334.261296866889,2369.49010885655,423133
1992-08-21,2369.49010885655,2458.4061432996255,2369.49010885655,2446.956034034386,546636
1992-08-24,2446.956034034386,2446.956034034386,2410.19303991015,2421.372741469347,505387
1992-08-25,2421.372741469347,2469.761083267659,2408.8386032971853,2444.965586237409,374908
1992-08-26,2444.965586237409,2444.965586237409,2238.6997918000293,2266.670629707365,420297
1992-08-27,2266.670629707365,2323.032907626579,2266.670629707365,2291.8271594049797,549604
1992-08-28,2291.8271594049797,2294.932488356721,2259.852731431375,2283.0983397626655,576625
1992-08-31,2283.0983397626655,2283.170407950423,2226.1241094852876,2250.032710886877,493224
1992-09-01,2250.032710886877,2374.1583722937826,2250.032710886877,2356.4683926869793,515607
1992-09-02,2356.4683926869793,2356.4683926869793,2300.930462574991,2328.5608256617343,554338
1992-09-03,2328.5608256617343,2335.7297115964834,2301.770212962455,2311.7513287025636,555941
1992-09-04,2311.7513287025636,2321.6257618398135,2282.5196711153435,2294.0729885202045,534531
1992-09-07,2294.0729885202045,2373.3480689724165,2294.0729885202045,2361.3666653188334,635411
1992-09-08,2361.3666653188334,2361.3666653188334,2238.115873287224,2261.5252120625705,427477
1992-09-09,2261.5252120625705,2261.5252120625705,2152.5729798534785,2183.9461018737074,385670
1992-09-10,2183.9461018737074,2225.237005621421,2183.9461018737074,2206.5712308365664,464978
1992-09-11,2206.5712308365664,2206.5712308365664,2053.532482180059,2083.7561481666908,378940
1992-09-14,2083.7561481666908,2083.7561481666908,2031.6212228959337,2033.2613452894543,458046
1992-09-15,2033.2613452894543,2033.2613452894543,1977.8829508549322,1995.5082756151633,471203
1992-09-16,1995.5082756151633,1995.5082756151633,1918.116209053144,1924.3647791409091,609689
1992-09-17,1924.3647791409091,1937.6560083273157,1914.4058204097041,1924.3993161641872,395326
1992-09-18,1924.3993161641872,2054.92766839716,1924.3993161641872,2045.9592275257874,535146
1992-09-21,2045.9592275257874,2096.679813100255,2045.9592275257874,2083.780403894244,545086
1992-09-22,2083.780403894244,2083.780403894244,2062.9114324982697,2070.07988932244,636101
1992-09-23,2070.07988932244,2098.077251886842,2065.9560346864428,2071.4224608768436,579312
1992-09-24,2071.4224608768436,2137.2586204500485,2071.4224608768436,2134.0368604856617,301210
1992-09-25,2134.0368604856617,2165.7496388307354,2110.151234397856,2138.091910453054,367384
1992-09-28,2138.091910453054,2138.091910453054,2103.7120569465633,2116.287537967357,390666
1992-09-29,2116.287537967357,2174.893638116566,2116.287537967357,2146.242534683749,383403
1992-09-30,2146.242534683749,2194.175174261784,2139.599305897898,2168.6051179399674,480608
1992-10-01,2168.6051179399674,2168.6051179399674,2138.0133552702428,2148.9100965254256,661312
1992-10-02,2148.9100965254256,2321.920888387259,2148.9100965254256,2302.6053161755917,394492
1992-10-05,2302.6053161755917,2381.806320940167,2302.6053161755917,2370.8525655584513,472320
1992-10-06,2370.8525655584513,2370.8525655584513,2300.424278904609,2328.210426385441,481406
1992-10-07,2328.210426385441,2328.210426385441,2201.25470429576,2210.7032533111487,524661
1992-10-08,2210.7032533111487,2237.319881448058,2196.898099843888,2217.948938130964,379745
1992-10-09,2217.948938130964,2247.954431864297,2199.806947361255,2232.68684300662,389437
1992-10-12,2232.68684300662,2336.1802493675073,2232.68684300662,2322.934610672562,483401
1992-10-13,2322.934610672562,2356.49894944946,2304.372210799044,2327.2104985978667,465155
1992-10-14,2327.2104985978667,2398.572923244064,2327.2104985978667,2369.4169853364315,492609
1992-10-15,2369.4169853364315,2542.7263495108837,2369.4169853364315,2530.036625295774,427125
1992-10-16,2530.036625295774,2538.614578300889,2526.1651580488556,2538.4835398789046,457922
1992-10-19,2538.4835398789046,2538.4835398789046,2453.1640025965858,2478.454699643479,297330
1992-10-20,2478.454699643479,2478.454699643479,2375.423321807837,2375.856174746994,479546
1992-10-21,2375.856174746994,2423.9818668186663,2375.856174746994,2405.9518920284104,404560
1992-10-22,2405.9518920284104,2405.9518920284104,2367.463735229557,2393.684200167632,453809
1992-10-23,2393.684200167632,2393.684200167632,2356.236505970606,2364.245631137738,496937
1992-10-26,2364.245631137738,2364.245631137738,2310.0296936755717,2314.5776316574825,562891
1992-10-27,2314.5776316574825,2460.09399045193,2314.5776316574825,2449.592949520383,614090
1992-10-28,2449.592949520383,2497.375201718835,2440.558341968898,2462.1384325780227,409469
1992-10-29,2462.1384325780227,2471.6078193554026,2416.9711972640966,2451.0496519949015,578345
1992-10-30,2451.0496519949015,2481.5954016044616,2439.330922579597,2460.775607867214,526257
1992-11-02,2460.775607867214,2575.890467486757,2460.775607867214,2548.7386506314956,386662
1992-11-03,2548.7386506314956,2552.8975032732137,2502.17068777998,2520.998280004725,610056
1992-11-04,2520.998280004725,2520.998280004725,2459.7538975122775,2467.478207294371,378258
1992-11-05,2467.478207294371,2542.2806564549087,2467.478207294371,2504.834325809153,329441
1992-11-06,2504.834325809153,2627.2287981683467,2504.834325809153,2610.844072575408,484839
1992-11-09,2610.844072575408,2831.5498083161824,2610.844072575408,2800.8704252699467,508633
1992-11-10,2800.8704252699467,2920.249354098034,2800.8704252699467,2908.4393322535448,452695
1992-11-11,2908.4393322535448,2908.4393322535448,2692.8920115684764,2715.2656042155604,415138
1992-11-12,2715.2656042155604,2715.2656042155604,2653.5676219978645,2668.07680126814,621420
1992-11-13,2668.07680126814,2668.07680126814,2581.432175652993,2589.0716269825894,555976
1992-11-16,2589.0716269825894,2679.3824812331795,2589.0716269825894,2661.118097972779,570972
1992-11-17,2661.118097972779,2661.118097972779,2613.0968663356584,2644.8858327458593,461421
1992-11-18,2644.8858327458593,2693.3283218589695,2644.8858327458593,2691.109207415222,419636
1992-11-19,2691.109207415222,2833.3020555394387,2691.109207415222,2797.6442171543627,438501
1992-11-20,2797.6442171543627,2797.6442171543627,2584.4908991560546,2595.9066732637175,451008
1992-11-23,2595.9066732637175,2595.9066732637175,2437.4852634480767,2450.400834396093,261089
1992-11-24,2450.400834396093,2477.891295210098,2446.8568252165946,2459.227469988494,566576
1992-11-25,2459.227469988494,2575.0677343290067,2459.227469988494,2559.76922509321,470630
1992-11-26,2559.76922509321,2635.261774613148,2559.76922509321,2598.053018110349,459510
1992-11-27,2598.053018110349,2598.053018110349,2426.688537840207,2445.649081826991,633672
1992-11-30,2445.649081826991,2464.232807167959,2434.745579180159,2450.0896397543784,432301
1992-12-01,2450.0896397543784,2453.033560526185,2425.8478349171323,2427.645231313121,475806
1992-12-02,2427.645231313121,2427.645231313121,2268.254703073699,2287.258585076295,532584
1992-12-03,2287.258585076295,2287.258585076295,2183.5564430691484,2213.996854951768,467115
1992-12-04,2213.996854951768,2213.996854951768,2070.2337753728993,2082.313093663798,620159
1992-12-07,2082.313093663798,2106.371749374356,2082.313093663798,2090.457946083327,569468
1992-12-08,2090.457946083327,2090.457946083327,1987.6550998229332,2016.5124025174377,477997
1992-12-09,2016.5124025174377,2016.5124025174377,1969.9896093351329,1975.7045123569342,502318
1992-12-10,1975.7045123569342,1975.7045123569342,1885.289523374651,1904.4821472588437,581433
1992-12-11,1904.4821472588437,1917.4666591190103,1895.6361468557986,1906.634762242972,479301
1992-12-14,1906.634762242972,1943.8790070070943,1906.634762242972,1940.2481882091415,415145
1992-12-15,1940.2481882091415,1940.2481882091415,1858.375074634466,1879.6493904483002,615676
1992-12-16,1879.6493904483002,1922.1689355429428,1879.6493904483002,1914.2728753099348,530827
1992-12-17,1914.2728753099348,1914.2728753099348,1863.1739019327972,1885.7119387332355,432364
1992-12-18,1885.7119387332355,1885.7119387332355,1821.966795487066,1834.8792867021245,371621
1992-12-21,1834.8792867021245,1840.3535082092308,1805.9685160361612,1818.207940416472,649235
1992-12-22,1818.207940416472,1818.207940416472,1716.2434387366718,1740.903841564237,470207
1992-12-23,1740.903841564237,1864.0499800245163,1740.903841564237,1840.9847083419352,432974
1992-12-24,1840.9847083419352,1877.802430343205,1828.6585225564606,1853.5313132302226,522735
1992-12-25,1853.5313132302226,1910.9548070962808,1853.5313132302226,1885.680883922989,376377
1992-12-28,1885.680883922989,1895.1017063367806,1872.612724633433,1895.05304662409,580769
1992-12-29,1895.05304662409,1990.6172674448544,1895.05304662409,1961.7835291473127,467493
1992-12-30,1961.7835291473127,2132.9973911391685,1961.7835291473127,2126.7445352653344,481511
1992-12-31,2126.7445352653344,2157.707273501653,2099.814254626876,2131.496452598039,477787
1993-01-01,2131.496452598039,2131.496452598039,2017.2718183969491,2021.6232608999558,477503
1993-01-04,2021.6232608999558,2105.7961103110383,2021.6232608999558,2076.7321274742076,511293
1993-01-05,2076.7321274742076,2108.0624701438965,2076.7321274742076,2103.174837413355,689580
1993-01-06,2103.174837413355,2218.635355749799,2103.174837413355,2194.8804136443923,462668
1993-01-07,2194.8804136443923,2303.2254526232123,2194.8804136443923,2295.0807183840493,634559
1993-01-08,2295.0807183840493,2344.184720430291,2295.0807183840493,2325.8163735232924,547692
1993-01-11,2325.8163735232924,2325.8163735232924,2281.9820770223746,2307.4982534779388,413473
1993-01-12,2307.4982534779388,2307.4982534779388,2232.868362694157,2248.387436107187,430630
1993-01-13,2248.387436107187,2302.5844362465177,2248.387436107187,2291.087210184094,517956
1993-01-14,2291.087210184094,2291.087210184094,2237.0769687572238,2256.9306031828264,619345
1993-01-15,2256.9306031828264,2411.8501332602546,2256.9306031828264,2376.6397044383643,558184
1993-01-18,2376.6397044383643,2496.5269932514043,2376.6397044383643,2479.668619557175,486175
1993-01-19,2479.668619557175,2526.7717933632725,2479.668619557175,2493.503885395214,513057
1993-01-20,2493.503885395214,2631.9725341069643,2493.503885395214,2612.2681711443424,530962
1993-01-21,2612.2681711443424,2671.0425119754536,2612.2681711443424,2651.0911774696524,538086
1993-01-22,2651.0911774696524,2757.0709875195703,2651.0911774696524,2732.058669413508,394763
1993-01-25,2732.058669413508,2785.1007810714514,2732.058669413508,2779.093501648867,518939
1993-01-26,2779.093501648867,2779.093501648867,2688.1373715634154,2727.708848975293,491262
1993-01-27,2727.708848975293,2855.9174307537437,2727.708848975293,2834.267881713905,344258
1993-01-28,2834.267881713905,2834.267881713905,2645.723651037508,2662.9356838308986,444379
1993-01-29,2662.9356838308986,2798.0707858995547,2662.9356838308986,2760.474301534275,508271
1993-02-01,2760.474301534275,2865.030137285266,2760.474301534275,2848.438057545631,480775
1993-02-02,2848.438057545631,2957.1820610617033,2848.438057545631,2925.513229367058,421075
1993-02-03,2925.513229367058,2925.513229367058,2866.645344352175,2896.716264548193,571161
1993-02-04,2896.716264548193,3057.3867905550037,2896.716264548193,3028.081700602955,528916
1993-02-05,3028.081700602955,3195.192845146016,3028.081700602955,3158.6355610275036,593554
1993-02-08,3158.6355610275036,3294.3563577705563,3158.6355610275036,3250.242845795742,441970
1993-02-09,3250.242845795742,3250.242845795742,3173.874401896798,3217.090095210348,503170
1993-02-10,3217.090095210348,3298.997163818952,3217.090095210348,3284.2684037993213,465323
1993-02-11,3284.2684037993213,3304.4712775787934,3251.3643062022093,3290.1934701813616,434327
1993-02-12,3290.1934701813616,3290.1934701813616,3207.5307316302715,3239.2135717669694,424514
1993-02-15,3239.2135717669694,3239.2135717669694,3200.0308886384096,3203.35587654764,561409
1993-02-16,3203.35587654764,3277.1912994715763,3203.35587654764,3242.05146768164,479998
1993-02-17,3242.05146768164,3344.6802290592686,3242.05146768164,3332.3825068129054,511328
1993-02-18,3332.3825068129054,3456.327122130594,3332.3825068129054,3424.1033869597763,476775
1993-02-19,3424.1033869597763,3424.1033869597763,3320.7355467535203,3349.570833624518,487568
1993-02-22,3349.570833624518,3558.1514067566804,3349.570833624518,3508.0654772621215,449904
1993-02-23,3508.0654772621215,3590.3894915736496,3508.0654772621215,3546.451155808949,494864
1993-02-24,3546.451155808949,3746.369485135673,3546.451155808949,3697.127209395191,560828
1993-02-25,3697.127209395191,3697.127209395191,3495.2524169576386,3510.442151055577,675901
1993-02-26,3510.442151055577,3568.6840303339313,3481.39330681936,3528.076208746003,456876
1993-03-01,3528.076208746003,3528.076208746003,3499.7363174764955,3511.7853574678898,451837
1993-03-02,3511.7853574678898,3511.7853574678898,3439.8334100936077,3455.797147249827,452145
1993-03-03,3455.797147249827,3455.797147249827,3389.9915395782036,3419.54871577225,485031
1993-03-04,3419.54871577225,3495.79225117648,3419.54871577225,3494.459034161064,304894
1993-03-05,3494.459034161064,3705.253788264146,3494.459034161064,3651.8073753187477,484958
1993-03-08,3651.8073753187477,3651.8073753187477,3401.601238085574,3427.4989771018973,482096
1993-03-09,3427.4989771018973,3427.4989771018973,3365.1795065812444,3384.7137343090667,475646
1993-03-10,3384.7137343090667,3473.626745459906,3384.7137343090667,3445.9565217073373,526316
1993-03-11,3445.9565217073373,3445.9565217073373,3381.0565955486863,3415.211319416252,643797
1993-03-12,3415.211319416252,3506.2472364384325,3415.211319416252,3497.4176551034475,481691
1993-03-15,3497.4176551034475,3555.648456891994,3497.4176551034475,3539.941404485905,410686
1993-03-16,3539.941404485905,3903.828315425759,3539.941404485905,3874.3658210809353,343618
1993-03-17,3874.3658210809353,3874.3658210809353,3796.884246357521,3829.4973921123947,605331
1993-03-18,3829.4973921123947,3829.4973921123947,3696.86969371147,3751.439958685216,453082
1993-03-19,3751.439958685216,3751.439958685216,3665.887560608671,3689.3589805751753,436882
1993-03-22,3689.3589805751753,3791.5767825196162,3689.3589805751753,3743.665716696309,496670
1993-03-23,3743.665716696309,3985.476894862645,3743.665716696309,3966.412451235487,497750
1993-03-24,3966.412451235487,3966.412451235487,3797.346652345776,3807.2167218333857,572504
1993-03-25,3807.2167218333857,4011.520707905791,3807.2167218333857,3957.40125056161,486943
1993-03-26,3957.40125056161,3957.40125056161,3866.0345123662605,3887.2674477108085,471128
1993-03-29,3887.2674477108085,3914.213455607481,3887.060101239703,3901.8848551380825,342167
1993-03-30,3901.8848551380825,3962.4856522527134,3863.1009834227216,3919.442340300641,471638
1993-03-31,3919.442340300641,4099.362312324523,3919.442340300641,4063.838775838742,498100
1993-04-01,4063.838775838742,4180.923515653935,4063.838775838742,4136.133783495644,415950
1993-04-02,4136.133783495644,4432.215325958018,4136.133783495644,4423.639030958877,563510
1993-04-05,4423.639030958877,4752.239388988074,4423.639030958877,4705.985773679971,485806
1993-04-06,4705.985773679971,4726.6175076532745,4671.552976305575,4708.394363590588,508539
1993-04-07,4708.394363590588,4878.164937526253,4708.394363590588,4832.478255317493,360154
1993-04-08,4832.478255317493,4832.478255317493,4767.408512706973,4787.037611378288,348753
1993-04-09,4787.037611378288,4787.037611378288,4659.351785896926,4728.493967766602,445135
1993-04-12,4728.493967766602,4728.493967766602,4633.166039607796,4679.276517823344,460363
1993-04-13,4679.276517823344,4956.680343166771,4679.276517823344,4942.848023654262,513504
1993-04-14,4942.848023654262,4942.848023654262,4876.087136527821,4917.907384101448,467103
1993-04-15,4917.907384101448,4917.907384101448,4739.1502540573165,4774.91519663222,456174
1993-04-16,4774.91519663222,4790.814152945535,4721.031639339582,4760.782184797404,586568
1993-04-19,4760.782184797404,4889.150860137632,4760.782184797404,4864.015202634714,457765
1993-04-20,4864.015202634714,4962.661191400143,4864.015202634714,4947.40733939499,501922
1993-04-21,4947.40733939499,4947.40733939499,4811.742598044558,4832.52164472197,436914
1993-04-22,4832.52164472197,4832.52164472197,4661.572719338334,4694.630704653363,516846
1993-04-23,4694.630704653363,4694.630704653363,4576.823824988449,4627.351750066741,478845
1993-04-26,4627.351750066741,4742.5653142470765,4627.351750066741,4707.4320158981955,309042
1993-04-27,4707.4320158981955,5156.204028152131,4707.4320158981955,5088.434109566325,507589
1993-04-28,5088.434109566325,5189.744297917397,5078.870932188364,5123.162029286373,491282
1993-04-29,5123.162029286373,5258.883709384295,5123.162029286373,5186.371759461061,308138
1993-04-30,5186.371759461061,5186.371759461061,4884.318962327799,4954.463843475256,410525
1993-05-03,4954.463843475256,5296.146717022584,4954.463843475256,5232.916455683556,334580
1993-05-04,5232.916455683556,5610.922399583391,5232.916455683556,5546.540124632897,531509
1993-05-05,5546.540124632897,5546.540124632897,5316.19369338013,5378.651311265297,437707
1993-05-06,5378.651311265297,5900.051615509157,5378.651311265297,5860.217841865014,432132
1993-05-07,5860.217841865014,5860.217841865014,5593.922205017347,5671.777086168949,516049
1993-05-10,5671.777086168949,5794.46849673388,5671.777086168949,5740.727080014926,515402
1993-05-11,5740.727080014926,5972.387635914734,5740.727080014926,5904.438967317715,551696
1993-05-12,5904.438967317715,6028.214395508358,5877.341024142638,5966.780632922273,587762
1993-05-13,5966.780632922273,6330.50608311382,5966.780632922273,6280.493588372436,538135
1993-05-14,6280.493588372436,6737.810440912619,6280.493588372436,6665.789822378651,551893
1993-05-17,6665.789822378651,6710.984138731993,6572.315720485821,6643.8897742581585,538073
1993-05-18,6643.8897742581585,6698.193409943317,6609.089092258218,6692.805375091277,552824
1993-05-19,6692.805375091277,6962.7507386300895,6692.805375091277,6929.07487697063,528687
1993-05-20,6929.07487697063,6929.07487697063,6814.688486510171,6863.526147971837,519686
1993-05-21,6863.526147971837,6863.526147971837,6744.7942716153675,6808.479850116303,644355
1993-05-24,6808.479850116303,7391.726321397519,6808.479850116303,7308.259067799032,479841
1993-05-25,7308.259067799032,7549.627471875469,7308.259067799032,7538.858212935501,633271
1993-05-26,7538.858212935501,7538.858212935501,7375.2378217185815,7393.818140030202,539814
1993-05-27,7393.818140030202,7393.818140030202,7193.74615679229,7279.037905474059,441403
1993-05-28,7279.037905474059,7370.406386118046,7279.037905474059,7332.1761678377525,483945
1993-05-31,7332.1761678377525,7332.1761678377525,7115.438600194912,7221.882587395632,661933
1993-06-01,7221.882587395632,7370.308198277743,7221.882587395632,7328.237842142463,561904
1993-06-02,7328.237842142463,7734.575871378795,7328.237842142463,7620.47315259892,449066
1993-06-03,7620.47315259892,7620.47315259892,7169.67071708433,7170.108441916266,527368
1993-06-04,7170.108441916266,7182.952974556383,7115.405154462895,7180.272323144065,524435
1993-06-07,7180.272323144065,7180.272323144065,6607.609388237021,6671.46576106684,510720
1993-06-08,6671.46576106684,6671.46576106684,6323.486125357972,6362.096282302992,390078
1993-06-09,6362.096282302992,6680.633578496947,6362.096282302992,6595.551732181057,449245
1993-06-10,6595.551732181057,6723.806508488749,6595.551732181057,6664.064842789742,469042
1993-06-11,6664.064842789742,6664.064842789742,6480.1246310372435,6543.539104072154,469266
1993-06-14,6543.539104072154,6543.539104072154,6396.384546631188,6420.7228265189615,611147
1993-06-15,6420.7228265189615,6593.908706063851,6420.7228265189615,6546.621450844906,514259
1993-06-16,6546.621450844906,6546.621450844906,6212.520044135077,6260.586502878888,582805
1993-06-17,6260.586502878888,6367.703330761966,6260.586502878888,6335.0058733573605,551459
1993-06-18,6335.0058733573605,6667.605713988121,6335.0058733573605,6594.93591730341,465421
1993-06-21,6594.93591730341,6749.399452429721,6594.93591730341,6706.30516650166,576112
1993-06-22,6706.30516650166,6706.30516650166,6577.520840236583,6629.621305860461,558055
1993-06-23,6629.621305860461,6710.429748128728,6627.342626109014,6633.23791622049,541864
1993-06-24,6633.23791622049,6641.057653183021,6582.305923131675,6611.081749545547,450688
1993-06-25,6611.081749545547,6611.081749545547,6453.354281233931,6521.063389000622,466217
1993-06-28,6521.063389000622,6779.196865451333,6521.063389000622,6755.838745894475,451304
1993-06-29,6755.838745894475,6823.5780585117345,6755.838745894475,6771.88953852087,518563
1993-06-30,6771.88953852087,6973.64582886725,6771.88953852087,6940.087470136171,379756
1993-07-01,6940.087470136171,7326.2975663574325,6940.087470136171,7227.106136632068,505800
1993-07-02,7227.106136632068,7406.988137246239,7224.156050530495,7308.682543593287,638507
1993-07-05,7308.682543593287,7541.73279744497,7308.682543593287,7481.0627369290305,484101
1993-07-06,7481.0627369290305,7529.939000292299,7481.0627369290305,7507.001469362741,381442
1993-07-07,7507.001469362741,7514.475512190216,7472.764863976075,7484.850480628729,486652
1993-07-08,7484.850480628729,7689.859797323658,7484.850480628729,7656.020098401087,381614
1993-07-09,7656.020098401087,7772.962552216506,7647.074684988957,7748.286319983362,441892
1993-07-12,7748.286319983362,7827.294264449581,7748.286319983362,7803.774425527749,608270
1993-07-13,7803.774425527749,7803.774425527749,7524.027775866673,7630.008538010855,601185
1993-07-14,7630.008538010855,7657.2166372584325,7534.925495059105,7583.085467821214,477765
1993-07-15,7583.085467821214,7583.085467821214,7402.760202462583,7436.351873336301,552740
1993-07-16,7436.351873336301,7436.351873336301,7074.107210469436,7083.186038686612,444591
1993-07-19,7083.186038686612,7252.563511933153,7083.186038686612,7193.250191788905,528308
1993-07-20,7193.250191788905,7193.250191788905,6895.418504851909,6999.237243897125,425760
1993-07-21,6999.237243897125,6999.237243897125,6861.773403493942,6939.499289636679,449749
1993-07-22,6939.499289636679,6939.499289636679,6758.881766509116,6780.170330662205,565078
1993-07-23,6780.170330662205,6885.810646565994,6765.658761264266,6828.728081176791,550045
1993-07-26,6828.728081176791,6828.728081176791,6760.721193459068,6799.481123074483,497271
1993-07-27,6799.481123074483,7068.45302784515,6799.481123074483,6965.128633054391,422678
1993-07-28,6965.128633054391,7311.737433664834,6965.128633054391,7205.555250191245,541149
1993-07-29,7205.555250191245,7427.271642317841,7205.555250191245,7363.654243965234,435159
1993-07-30,7363.654243965234,7383.848552839335,7314.867429631958,7322.526138716792,700552
1993-08-02,7322.526138716792,7322.526138716792,7007.101110699163,7035.783441943632,508272
1993-08-03,7035.783441943632,7172.877913754241,7035.783441943632,7141.820040833389,512929
1993-08-04,7141.820040833389,7284.828351636059,7141.820040833389,7260.9573840185285,506791
1993-08-05,7260.9573840185285,7260.9573840185285,7003.709778821093,7079.368437087654,512245
1993-08-06,7079.368437087654,7079.368437087654,6886.897049368476,6918.484498695097,429718
1993-08-09,6918.484498695097,6918.484498695097,6808.030455338483,6861.280968339343,567294
1993-08-10,6861.280968339343,7133.820319038719,6861.280968339343,7099.825014959409,487180
1993-08-11,7099.825014959409,7266.9497354135365,7099.825014959409,7224.422899822931,581015
1993-08-12,7224.422899822931,7224.422899822931,6982.270538010158,7037.709706880536,567433
1993-08-13,7037.709706880536,7086.337029875884,6928.627416204782,6987.240927000188,439041
1993-08-16,6987.240927000188,6987.240927000188,6684.306500489329,6706.291836810284,556396
1993-08-17,6706.291836810284,6706.291836810284,6496.347481146129,6507.254171407065,576842
1993-08-18,6507.254171407065,6585.55570218216,6507.254171407065,6579.541735371312,594150
1993-08-19,6579.541735371312,6579.541735371312,6448.4173585118715,6539.284352068933,471701
1993-08-20,6539.284352068933,6778.539027986323,6539.284352068933,6765.785659791866,680333
1993-08-23,6765.785659791866,6797.661734959351,6719.475232848995,6759.418841806524,517780
1993-08-24,6759.418841806524,7046.615573847962,6759.418841806524,6998.89946101126,562975
1993-08-25,6998.89946101126,6998.89946101126,6735.581053310408,6799.7144160350035,612813
1993-08-26,6799.7144160350035,7033.961867331243,6799.7144160350035,6985.500389990959,404106
1993-08-27,6985.500389990959,6985.500389990959,6865.01084851122,6960.013082542322,392670
1993-08-30,6960.013082542322,7163.979788641863,6960.013082542322,7074.329975008032,529718
1993-08-31,7074.329975008032,7170.92773655238,6999.814957605543,7068.347511044072,401972
1993-09-01,7068.347511044072,7068.347511044072,7025.470107200772,7039.854133050104,548546
1993-09-02,7039.854133050104,7039.854133050104,6846.768032813615,6900.3860901854,323450
1993-09-03,6900.3860901854,6972.9815462711085,6900.3860901854,6943.702399141694,523103
1993-09-06,6943.702399141694,6943.702399141694,6761.40424829796,6767.63078457678,394501
1993-09-07,6767.63078457678,6953.394294469701,6767.63078457678,6917.6490735546,592418
1993-09-08,6917.6490735546,6917.6490735546,6616.2829359826765,6656.368435770582,554984
1993-09-09,6656.368435770582,6769.231587871941,6591.986023473207,6680.483927504912,395718
1993-09-10,6680.483927504912,6863.550599719956,6680.483927504912,6811.175850743978,386291
1993-09-13,6811.175850743978,7014.064241615566,6811.175850743978,6944.995993276225,631268
1993-09-14,6944.995993276225,6944.995993276225,6824.195998038196,6839.01089437809,517115
1993-09-15,6839.01089437809,6901.171521692833,6770.295353973395,6867.649111390014,585062
1993-09-16,6867.649111390014,7097.102337626548,6867.649111390014,6992.555480953733,379129
1993-09-17,6992.555480953733,7025.033597438899,6940.938162940691,6955.529748575985,646549
1993-09-20,6955.529748575985,7341.680092637747,6955.529748575985,7332.302505910063,506394
1993-09-21,7332.302505910063,7472.413428495128,7332.302505910063,7409.703241115348,512039
1993-09-22,7409.703241115348,7409.703241115348,7196.219917675629,7264.867085122123,533561
1993-09-23,7264.867085122123,7264.867085122123,7045.769931067193,7152.228717682848,464467
1993-09-24,7152.228717682848,7232.2735442971725,7056.288082136443,7132.751108748683,525007
1993-09-27,7132.751108748683,7425.202208574604,7132.751108748683,7322.094439030997,415862
1993-09-28,7322.094439030997,7322.094439030997,6924.119148599294,6950.135250545501,488189
1993-09-29,6950.135250545501,6950.135250545501,6653.397533602702,6675.890373382091,320104
1993-09-30,6675.890373382091,6675.890373382091,6246.765437455491,6321.0688269631855,500739
1993-10-01,6321.0688269631855,6321.0688269631855,6236.66221257577,6308.747427582958,446227
1993-10-04,6308.747427582958,6308.747427582958,5925.145273801841,5955.953618465426,244906
1993-10-05,5955.953618465426,6258.039062569744,5955.953618465426,6177.732587547536,573950
1993-10-06,6177.732587547536,6187.796499164579,6111.242303715752,6159.527893266774,447348
1993-10-07,6159.527893266774,6353.472170606196,6159.527893266774,6272.638774786349,534320
1993-10-08,6272.638774786349,6434.787397656447,6272.638774786349,6345.838658847121,470778
1993-10-11,6345.838658847121,6494.349125827174,6345.838658847121,6438.715543116818,454080
1993-10-12,6438.715543116818,6438.715543116818,6298.402143074691,6334.5093314514,558070
1993-10-13,6334.5093314514,6367.436822413596,6209.136712363854,6298.1981496911485,403952
1993-10-14,6298.1981496911485,6298.1981496911485,6040.436135793756,6045.585495548963,387900
1993-10-15,6045.585495548963,6170.443357631228,6045.585495548963,6155.811893285171,425481
1993-10-18,6155.811893285171,6155.811893285171,5993.007934055417,6059.637780313358,315582
1993-10-19,6059.637780313358,6278.036337463035,6059.637780313358,6197.613344158115,375100
1993-10-20,6197.613344158115,6815.86556976377,6197.613344158115,6750.536203478256,505209
1993-10-21,6750.536203478256,7128.025971079268,6750.536203478256,7060.640673324249,541561
1993-10-22,7060.640673324249,7060.640673324249,6699.201958186576,6707.865424299092,544901
1993-10-25,6707.865424299092,7083.186534508638,6707.865424299092,7053.363167447007,531490
1993-10-26,7053.363167447007,7523.901946085816,7053.363167447007,7459.137774668243,625059
1993-10-27,7459.137774668243,7459.137774668243,7184.978339577683,7209.616461263433,473628
1993-10-28,7209.616461263433,7586.188853533952,7209.616461263433,7495.047034169724,429015
1993-10-29,7495.047034169724,7656.913653046694,7495.047034169724,7623.690526695082,573133
1993-11-01,7623.690526695082,8079.26437578301,7623.690526695082,7981.197443395598,413199
1993-11-02,7981.197443395598,8158.576181120355,7981.197443395598,8069.145745023651,453629
1993-11-03,8069.145745023651,8069.145745023651,7869.814187165274,7946.295315745089,543609
1993-11-04,7946.295315745089,8107.034762403655,7946.295315745089,8048.58069422202,555358
1993-11-05,8048.58069422202,8345.03785993217,8048.58069422202,8234.156744523303,564120
1993-11-08,8234.156744523303,8234.156744523303,7805.953939816755,7920.902312912428,520376
1993-11-09,7920.902312912428,8556.835944195698,7920.902312912428,8474.628723181157,435683
1993-11-10,8474.628723181157,8584.987524210037,8443.30588575579,8526.470400411063,601837
1993-11-11,8526.470400411063,9217.597899441333,8526.470400411063,9180.165276299818,566017
1993-11-12,9180.165276299818,9736.166339982066,9180.165276299818,9624.369452863359,452109
1993-11-15,9624.369452863359,9674.464790914024,9507.565254983325,9567.310103471085,400972
1993-11-16,9567.310103471085,10325.54757396384,9567.310103471085,10192.382950138472,491600
1993-11-17,10192.382950138472,10192.382950138472,9767.156870965207,9826.312109399756,370754
1993-11-18,9826.312109399756,10278.270579523922,9826.312109399756,10252.485387263354,453726
1993-11-19,10252.485387263354,10495.559696989128,10252.485387263354,10379.881364453386,519746
1993-11-22,10379.881364453386,10379.881364453386,10055.090787135909,10100.36761488463,637770
1993-11-23,10100.36761488463,10155.447778098078,9970.085486541338,10046.362347200451,636030
1993-11-24,10046.362347200451,10046.362347200451,9713.11433965107,9732.601573216136,502939
1993-11-25,9732.601573216136,9832.660318023103,9732.601573216136,9750.910175635605,572298
1993-11-26,9750.910175635605,9750.910175635605,9474.398874423134,9541.174433298618,577503
1993-11-29,9541.174433298618,9542.422469988987,9471.075536164819,9494.310161596048,494951
1993-11-30,9494.310161596048,10627.939466722803,9494.310161596048,10476.765518740374,366776
1993-12-01,10476.765518740374,10476.765518740374,10216.099668174518,10271.628630238647,632497
1993-12-02,10271.628630238647,10614.139977236899,10271.628630238647,10543.807751576416,482609
1993-12-03,10543.807751576416,11103.890123439307,10543.807751576416,11005.88597956999,496639
1993-12-06,11005.88597956999,11005.88597956999,10827.623471414598,10956.771730931367,422770
1993-12-07,10956.771730931367,10956.771730931367,10569.250365967719,10598.433096958142,697854
1993-12-08,10598.433096958142,11174.295018135896,10598.433096958142,11070.832371887345,506822
1993-12-09,11070.832371887345,11070.832371887345,10854.14846842683,10883.057496905261,538463
1993-12-10,10883.057496905261,10883.057496905261,10550.520376569624,10625.080188502121,401881
1993-12-13,10625.080188502121,10755.891264106807,10625.080188502121,10740.927195226232,448705
1993-12-14,10740.927195226232,11061.508393097865,10740.927195226232,10913.433017356572,511425
1993-12-15,10913.433017356572,10913.433017356572,10513.877652248633,10576.584334468902,506580
1993-12-16,10576.584334468902,11664.277653257324,10576.584334468902,11546.790384132017,468641
1993-12-17,11546.790384132017,12106.243859934586,11546.790384132017,12013.354951510477,423592
1993-12-20,12013.354951510477,12447.419208652986,12013.354951510477,12326.4247399776,445602
1993-12-21,12326.4247399776,13088.578466597979,12326.4247399776,13029.643601817932,485395
1993-12-22,13029.643601817932,13375.454557576544,13029.643601817932,13250.99076535137,649997
1993-12-23,13250.99076535137,13250.99076535137,12054.88127880769,12229.38975276309,389989
1993-12-24,12229.38975276309,13149.244201500293,12229.38975276309,13053.084179911659,442950
1993-12-27,13053.084179911659,13773.543228849272,13053.084179911659,13625.874871694274,538744
1993-12-28,13625.874871694274,13680.627741763312,13535.356513155913,13655.990824367596,485596
1993-12-29,13655.990824367596,13655.990824367596,13346.564156903723,13358.071445320134,664241
1993-12-30,13358.071445320134,13468.759917756777,13312.129498793951,13343.344502316288,549353
1993-12-31,13343.344502316288,13646.267697140223,13312.682661165365,13461.879330089776,494145
1994-01-03,13461.879330089776,13889.915332144716,13461.879330089776,13826.67044085601,518185
1994-01-04,13826.67044085601,13826.67044085601,13688.185805225175,13713.424175225085,514981
1994-01-05,13713.424175225085,13975.913905922456,13680.869078588354,13819.626531153981,564855
1994-01-06,13819.626531153981,13819.626531153981,13020.982719315278,13022.761452669874,461782
1994-01-07,13022.761452669874,13026.172131469666,12822.599310147729,12983.839560977154,457457
1994-01-10,12983.839560977154,12983.839560977154,12741.617686030468,12833.418744048578,501029
1994-01-11,12833.418744048578,12833.418744048578,11668.02877214544,11774.664236273979,443229
1994-01-12,11774.664236273979,12159.972606565878,11774.664236273979,12141.941664271064,422572
1994-01-13,12141.941664271064,12339.833523999656,12141.941664271064,12321.797376616547,670406
1994-01-14,12321.797376616547,13011.230467162011,12321.797376616547,12825.663901443497,378344
1994-01-17,12825.663901443497,12825.663901443497,12417.662768716364,12477.097243564707,401806
1994-01-18,12477.097243564707,12732.017259786124,12477.097243564707,12637.025540320938,545778
1994-01-19,12637.025540320938,13166.20645388539,12637.025540320938,12975.698116180965,498054
1994-01-20,12975.698116180965,12975.698116180965,11974.704081099282,12000.018186773077,528749
1994-01-21,12000.018186773077,12362.473643930976,12000.018186773077,12200.03738279529,670077
1994-01-24,12200.03738279529,12200.03738279529,11629.54384422476,11652.185260144348,435694
1994-01-25,11652.185260144348,12022.059779982917,11652.185260144348,12001.942131268575,447119
1994-01-26,12001.942131268575,12001.942131268575,10672.228623934614,10812.317295303174,480261
1994-01-27,10812.317295303174,11004.28010995769,10812.317295303174,10885.939097331433,491700
1994-01-28,10885.939097331433,11237.723309804174,10885.939097331433,11236.059494155725,528519
1994-01-31,11236.059494155725,11236.059494155725,11052.5804385245,11114.163300290935,390962
1994-02-01,11114.163300290935,11114.163300290935,10666.551338878397,10703.82016724486,329450
1994-02-02,10703.82016724486,10703.82016724486,10278.846804161303,10315.81274231638,593111
1994-02-03,10315.81274231638,10748.511493442527,10315.81274231638,10606.0619525524,504205
1994-02-04,10606.0619525524,10729.583190048703,10578.935615155677,10675.991952269524,471126
1994-02-07,10675.991952269524,10675.991952269524,10405.511459096604,10447.708657425017,441712
1994-02-08,10447.708657425017,10945.630520163979,10447.708657425017,10945.228422847058,584751
1994-02-09,10945.228422847058,11851.294969792283,10945.228422847058,11842.244590792456,472537
1994-02-10,11842.244590792456,11842.244590792456,11316.241942782854,11432.794569297053,601964
1994-02-11,11432.794569297053,11432.794569297053,11208.24695862372,11252.028782627323,416569
1994-02-14,11252.028782627323,11699.28006327655,11252.028782627323,11643.07795665011,629932
1994-02-15,11643.07795665011,11685.19203922412,11473.797885263051,11566.190113771645,560441
1994-02-16,11566.190113771645,11649.197582551002,11524.751651592896,11606.332618156659,410085
1994-02-17,11606.332618156659,11606.332618156659,11018.867695038469,11034.701790318511,458920
1994-02-18,11034.701790318511,11747.22245694838,11034.701790318511,11690.266443877557,583854
1994-02-21,11690.266443877557,11730.126751901451,11487.21725185198,11599.948406752703,587230
1994-02-22,11599.948406752703,12163.480761271934,11599.948406752703,12132.42300345017,537300
1994-02-23,12132.42300345017,12155.26773711225,12012.554939020063,12124.73830972505,456843
1994-02-24,12124.73830972505,12292.674307873678,12124.73830972505,12223.295798734653,516728
1994-02-25,12223.295798734653,12282.609045456653,12223.295798734653,12279.555091396884,451248
1994-02-28,12279.555091396884,12279.555091396884,11764.185788864506,11890.271816911913,496867
1994-03-01,11890.271816911913,11890.271816911913,11319.37235264561,11491.337610251983,624351
1994-03-02,11491.337610251983,11958.27064679227,11491.337610251983,11953.61464489686,618778
1994-03-03,11953.61464489686,11953.61464489686,11103.60583751726,11207.874476932699,422013
1994-03-04,11207.874476932699,12299.62864228144,11207.874476932699,12128.647871060948,518445
1994-03-07,12128.647871060948,12128.647871060948,11914.435602788666,11976.30026135384,536010
1994-03-08,11976.30026135384,11976.30026135384,11464.371286910706,11629.33670842508,382919
1994-03-09,11629.33670842508,11941.87042220721,11629.33670842508,11771.873052071773,574586
1994-03-10,11771.873052071773,11771.873052071773,10797.39232524331,10822.28460068914,473181
1994-03-11,10822.28460068914,11197.866169650011,10822.28460068914,11082.48959655813,546433
1994-03-14,11082.48959655813,11803.66108015195,11082.48959655813,11791.796495074375,565458
1994-03-15,11791.796495074375,11791.796495074375,11427.912065454984,11523.389054464957,548807
1994-03-16,11523.389054464957,11523.389054464957,11119.427868823277,11213.286563763162,500721
1994-03-17,11213.286563763162,11213.286563763162,10506.596309219993,10638.456478793029,511143
1994-03-18,10638.456478793029,10638.456478793029,9733.647244333926,9857.815041564634,679990
1994-03-21,9857.815041564634,9857.815041564634,9042.773351467398,9128.845087346366,555888
1994-03-22,9128.845087346366,9128.845087346366,8886.766120187012,8973.34760735087,345004
1994-03-23,8973.34760735087,9707.737869392819,8973.34760735087,9615.412067312911,673898
1994-03-24,9615.412067312911,9615.412067312911,9207.430233858722,9297.226841133035,539330
1994-03-25,9297.226841133035,9297.226841133035,9032.748222303826,9101.662285834662,518277
1994-03-28,9101.662285834662,9101.662285834662,9010.175882485828,9049.965479583814,476845
1994-03-29,9049.965479583814,9049.965479583814,8539.626387715758,8666.831848713731,396561
1994-03-30,8666.831848713731,9009.043214860514,8666.831848713731,8885.680153497939,525813
1994-03-31,8885.680153497939,9724.090519360636,8885.680153497939,9604.109800274176,423699
1994-04-01,9604.109800274176,10757.699737400455,9604.109800274176,10692.660592356475,466810
1994-04-04,10692.660592356475,10820.636328554727,10686.650553862652,10773.718254911752,488926
1994-04-05,10773.718254911752,10773.718254911752,10394.019409108516,10462.084213356708,546183
1994-04-06,10462.084213356708,10686.427638483186,10462.084213356708,10654.828984810283,432238
1994-04-07,10654.828984810283,10654.828984810283,10369.024098142734,10518.950521157627,448659
1994-04-08,10518.950521157627,10723.93150229932,10518.950521157627,10672.79697934054,425875
1994-04-11,10672.79697934054,10672.79697934054,10241.040530930844,10339.483888220233,320306
1994-04-12,10339.483888220233,10339.483888220233,9381.231256376752,9412.458666822582,576643
1994-04-13,9412.458666822582,9412.458666822582,8983.380011465399,9034.603247459785,416198
1994-04-14,9034.603247459785,9217.450348131712,9034.603247459785,9085.800714106204,572221
1994-04-15,9085.800714106204,9085.800714106204,8832.813670114789,8896.980047584288,463267
1994-04-18,8896.980047584288,8896.980047584288,8148.286021655654,8215.958802211659,453903
1994-04-19,8215.958802211659,8572.388002888809,8215.958802211659,8480.148507118345,418624
1994-04-20,8480.148507118345,8564.123666163347,8480.148507118345,8519.42774741312,430823
1994-04-21,8519.42774741312,8519.42774741312,8089.059038514598,8198.441091600815,551005
1994-04-22,8198.441091600815,8198.94478978569,8095.403728716677,8114.908419470018,527974
1994-04-25,8114.908419470018,8114.908419470018,7849.56770649128,7892.131187286609,623486
1994-04-26,7892.131187286609,7892.131187286609,7424.973032497107,7508.403561754448,424046
1994-04-27,7508.403561754448,7508.403561754448,7154.510435126446,7192.828108474932,491435
1994-04-28,7192.828108474932,7192.828108474932,6705.082288261849,6771.755499165473,350977
1994-04-29,6771.755499165473,6998.988553965197,6771.755499165473,6908.6874686589235,553108
1994-05-02,6908.6874686589235,7005.535493970314,6897.530133176522,6992.714134952399,493324
1994-05-03,6992.714134952399,6992.714134952399,6843.169106226078,6884.9073119716295,427931
1994-05-04,6884.9073119716295,7023.807300659688,6884.9073119716295,6988.152210159512,409351
1994-05-05,6988.152210159512,6988.152210159512,6581.930367260833,6618.6023032326,480029
1994-05-06,6618.6023032326,6699.281770526623,6618.6023032326,6676.938126764471,625154
1994-05-09,6676.938126764471,6885.1452113797,6676.938126764471,6849.458629727635,484191
1994-05-10,6849.458629727635,7059.535639326019,6849.458629727635,7013.57094464712,426504
1994-05-11,7013.57094464712,7070.780324544667,6985.3646209941535,7014.947416898013,455229
1994-05-12,7014.947416898013,7248.008585763815,7014.947416898013,7219.153222101155,434349
1994-05-13,7219.153222101155,7219.153222101155,6867.799420450212,6926.53782404968,490852
1994-05-16,6926.53782404968,6926.53782404968,6611.17746953026,6673.934282003761,592054
1994-05-17,6673.934282003761,6688.411422454247,6649.814914464419,6684.696996269769,504383
1994-05-18,6684.696996269769,6940.3263652826,6684.696996269769,6892.737564414144,555810
1994-05-19,6892.737564414144,6939.182162441752,6852.978429862958,6864.320961448697,464778
1994-05-20,6864.320961448697,6907.9708850242505,6856.6333799371005,6892.362136481453,620779
1994-05-23,6892.362136481453,6892.362136481453,6658.230434540052,6734.365882569947,255181
1994-05-24,6734.365882569947,6802.027197734941,6707.067736592906,6764.486537174799,433554
1994-05-25,6764.486537174799,6764.486537174799,6486.970889406539,6565.58643365428,334453
1994-05-26,6565.58643365428,6673.517883470883,6557.886650829029,6591.37729121967,672899
1994-05-27,6591.37729121967,6930.115034200254,6591.37729121967,6903.789404948927,327901
1994-05-30,6903.789404948927,7119.393934412404,6903.789404948927,7081.369175536249,626167
1994-05-31,7081.369175536249,7177.256080095541,7081.369175536249,7152.428524017145,451800
1994-06-01,7152.428524017145,7288.132624856178,7152.428524017145,7250.64046915843,474542
1994-06-02,7250.64046915843,7250.64046915843,7032.396204153973,7127.32065158829,487493
1994-06-03,7127.32065158829,7278.569085846593,7127.32065158829,7233.813407700648,502487
1994-06-06,7233.813407700648,7293.7963754107,7198.3781016134535,7263.444010024408,586960
1994-06-07,7263.444010024408,7559.127897669192,7263.444010024408,7453.38298169335,567180
1994-06-08,7453.38298169335,7453.38298169335,7327.178652344143,7358.814013200786,482666
1994-06-09,7358.814013200786,8014.436770373316,7358.814013200786,8001.900683403647,467436
1994-06-10,8001.900683403647,8001.900683403647,7818.750880433403,7862.308563314521,551954
1994-06-13,7862.308563314521,8335.339486318215,7862.308563314521,8289.753673385116,615234
1994-06-14,8289.753673385116,8289.753673385116,7348.41296943041,7453.360174122911,529096
1994-06-15,7453.360174122911,7798.817123356703,7453.360174122911,7704.1098690411545,538766
1994-06-16,7704.1098690411545,7980.795549389253,7704.1098690411545,7903.563610553152,477036
1994-06-17,7903.563610553152,7903.563610553152,7807.7372810273355,7885.438426785719,510896
1994-06-20,7885.438426785719,7896.055827220644,7764.5756399327865,7872.925422612493,614243
1994-06-21,7872.925422612493,7872.925422612493,7531.004579864116,7642.177732017739,416913
1994-06-22,7642.177732017739,7649.491224227662,7585.6073558193,7617.392672215094,572207
1994-06-23,7617.392672215094,7617.392672215094,7311.623292563583,7394.442860789455,507299
1994-06-24,7394.442860789455,7394.442860789455,6992.385657579756,7084.583445269293,395395
1994-06-27,7084.583445269293,7097.741619890705,7063.420452743603,7069.83520928429,586120
1994-06-28,7069.83520928429,7185.64553300427,7021.078362249527,7091.4768145522585,565189
1994-06-29,7091.4768145522585,7091.4768145522585,7039.987005178159,7048.515461008159,504074
1994-06-30,7048.515461008159,7589.663381788542,7048.515461008159,7521.421555316777,457313
1994-07-01,7521.421555316777,7953.871844027025,7521.421555316777,7894.249600551467,719167
1994-07-04,7894.249600551467,7894.249600551467,7779.705753523331,7838.318004592638,460053
1994-07-05,7838.318004592638,7955.150624993879,7838.318004592638,7905.707321170111,596458
1994-07-06,7905.707321170111,8088.645366409751,7905.707321170111,7990.575849822514,423830
1994-07-07,7990.575849822514,7990.575849822514,7696.301706549072,7784.98315413637,614378
1994-07-08,7784.98315413637,7892.50979811193,7751.499559257868,7793.830037570416,554383
1994-07-11,7793.830037570416,7828.549189137823,7783.470322427233,7811.0121693456995,486556
1994-07-12,7811.0121693456995,7916.883097136911,7789.724410591394,7873.55716051965,606641
1994-07-13,7873.55716051965,7972.7585502307875,7840.642028327007,7906.93563226689,458352
1994-07-14,7906.93563226689,7906.93563226689,7803.807981804587,7849.294714554908,470842
1994-07-15,7849.294714554908,7856.901597115114,7799.095608146862,7826.904175628029,499079
1994-07-18,7826.904175628029,7826.904175628029,7578.114927580705,7611.564007450823,516024
1994-07-19,7611.564007450823,7611.564007450823,7447.502752844341,7537.799845521584,466478
1994-07-20,7537.799845521584,7537.799845521584,7264.715857477961,7317.855678547276,439654
1994-07-21,7317.855678547276,7317.855678547276,6909.859048066587,6971.877655010851,421115
1994-07-22,6971.877655010851,7082.894436980589,6971.877655010851,7039.355270360213,579113
1994-07-25,7039.355270360213,7039.355270360213,6900.79108691215,6969.1157239837,558433
1994-07-26,6969.1157239837,7290.8080653786965,6969.1157239837,7209.003611574633,440841
1994-07-27,7209.003611574633,7785.080497750882,7209.003611574633,7737.362878483743,495400
1994-07-28,7737.362878483743,7737.362878483743,7360.73238366697,7438.189346886304,386331
1994-07-29,7438.189346886304,8025.1398709845325,7438.189346886304,7919.622374360091,648664
1994-08-01,7919.622374360091,8270.968181345674,7919.622374360091,8149.011171795839,558607
1994-08-02,8149.011171795839,8149.011171795839,7804.472500298606,7884.841085028128,593686
1994-08-03,7884.841085028128,7984.550531861581,7780.832327126496,7879.309548429471,534414
1994-08-04,7879.309548429471,7879.309548429471,7785.281308705951,7810.079053092385,560703
1994-08-05,7810.079053092385,7855.205420795126,7810.079053092385,7825.788182978653,478127
1994-08-08,7825.788182978653,7825.788182978653,7503.15195174217,7577.286447215906,466743
1994-08-09,7577.286447215906,7577.286447215906,7474.9007426162825,7486.61384177657,659407
1994-08-10,7486.61384177657,7486.61384177657,7090.991272182294,7159.319445266325,720745
1994-08-11,7159.319445266325,7159.319445266325,6894.053707764198,6939.579755160084,491494
1994-08-12,6939.579755160084,7107.721602866114,6939.579755160084,7029.126989587635,557638
1994-08-15,7029.126989587635,7237.300765771653,7029.126989587635,7202.554515805275,405028
1994-08-16,7202.554515805275,7840.627440559839,7202.554515805275,7745.1428335531455,567667
1994-08-17,7745.1428335531455,8192.971199856856,7745.1428335531455,8071.898224211891,479598
1994-08-18,8071.898224211891,8574.046505914826,8071.898224211891,8469.989958029657,638887
1994-08-19,8469.989958029657,8615.245176251921,8388.413000584982,8509.163647178886,608240
1994-08-22,8509.163647178886,8983.746941063582,8509.163647178886,8869.097220992146,493532
1994-08-23,8869.097220992146,8907.322594655372,8714.432401380624,8845.124806257558,355752
1994-08-24,8845.124806257558,9038.463161806574,8845.124806257558,8926.181817433499,542873
1994-08-25,8926.181817433499,8926.181817433499,8746.862362912756,8837.270610453968,377654
1994-08-26,8837.270610453968,8837.270610453968,8490.382598484892,8554.533847928022,535551
1994-08-29,8554.533847928022,8554.533847928022,8298.895512829942,8341.489049544734,383050
1994-08-30,8341.489049544734,8341.489049544734,7967.961228319276,7985.328629671733,501758
1994-08-31,7985.328629671733,8222.019940619844,7985.328629671733,8129.846189494607,607427
1994-09-01,8129.846189494607,8129.846189494607,7886.209919647419,7915.866826146973,504720
1994-09-02,7915.866826146973,7915.866826146973,7588.975225538195,7648.246776336654,516559
1994-09-05,7648.246776336654,7733.439517477269,7641.607712591615,7730.050374998261,529624
1994-09-06,7730.050374998261,8208.096639369067,7730.050374998261,8095.910291126537,468549
1994-09-07,8095.910291126537,8516.622978314963,8095.910291126537,8493.455655955393,508103
1994-09-08,8493.455655955393,8903.55687057165,8493.455655955393,8825.855555022648,571217
1994-09-09,8825.855555022648,9008.260089133535,8825.855555022648,8885.353366895313,591164
1994-09-12,8885.353366895313,8963.235580242954,8752.921504808251,8853.045403036162,479639
1994-09-13,8853.045403036162,9467.380208392806,8853.045403036162,9385.00974160748,484513
1994-09-14,9385.00974160748,9603.45983711256,9385.00974160748,9598.798062931219,429223
1994-09-15,9598.798062931219,9749.659813360257,9598.798062931219,9744.934453040796,518667
1994-09-16,9744.934453040796,9744.934453040796,9526.759150613458,9600.248576225062,526720
1994-09-19,9600.248576225062,9600.248576225062,9388.506393147336,9502.863061364815,513533
1994-09-20,9502.863061364815,9502.863061364815,9154.196851590315,9214.347311613777,632140
1994-09-21,9214.347311613777,9430.573860088134,9214.347311613777,9345.191417174712,370951
1994-09-22,9345.191417174712,9424.395362845535,9267.666305990479,9323.349797195739,547902
1994-09-23,9323.349797195739,9323.349797195739,8974.490184897377,9026.147146920612,416226
1994-09-26,9026.147146920612,9026.147146920612,8683.548105164373,8728.830714513873,586961
1994-09-27,8728.830714513873,8728.830714513873,8640.833573975493,8682.015334366384,459164
1994-09-28,8682.015334366384,9305.74610861088,8682.015334366384,9218.98910775774,379394
1994-09-29,9218.98910775774,9549.763109271547,9218.98910775774,9475.948719122689,466440
1994-09-30,9475.948719122689,9475.948719122689,9176.39581791044,9293.137544163088,560305
1994-10-03,9293.137544163088,9722.016390135796,9293.137544163088,9656.705589333282,443469
1994-10-04,9656.705589333282,9699.237382752888,9628.730936488057,9639.012302076728,370425
1994-10-05,9639.012302076728,9639.012302076728,9415.761911095922,9459.373763326439,522941
1994-10-06,9459.373763326439,9710.881091989086,9459.373763326439,9577.920691053296,599084
1994-10-07,9577.920691053296,9904.49292269384,9577.920691053296,9797.266011515343,598456
1994-10-10,9797.266011515343,10434.272492671817,9797.266011515343,10323.734185696587,640413
1994-10-11,10323.734185696587,10526.299180391945,10315.422847026164,10390.52311200996,498369
1994-10-12,10390.52311200996,10617.87776772472,10390.52311200996,10543.556938536269,420761
1994-10-13,10543.556938536269,10543.556938536269,9917.886244158817,10018.983159895695,338410
1994-10-14,10018.983159895695,10130.681824647372,9944.660510592797,10007.347110053444,474693
1994-10-17,10007.347110053444,10007.347110053444,9841.206716291896,9876.275806843187,477795
1994-10-18,9876.275806843187,10706.167290857938,9876.275806843187,10557.132443531284,524702
1994-10-19,10557.132443531284,10810.478012925878,10525.978583592176,10686.23748973256,352456
1994-10-20,10686.23748973256,11520.508266149065,10686.23748973256,11514.431216440435,529192
1994-10-21,11514.431216440435,11514.431216440435,10954.61347696286,11070.472137441158,389341
1994-10-24,11070.472137441158,11497.958839606947,11070.472137441158,11497.599630642297,466696
1994-10-25,11497.599630642297,11638.626875802145,11497.599630642297,11618.454389985309,586050
1994-10-26,11618.454389985309,11618.454389985309,11280.028921550724,11304.025458793001,620638
1994-10-27,11304.025458793001,12279.809424654852,11304.025458793001,12114.415067795822,455228
1994-10-28,12114.415067795822,12114.415067795822,11730.373538416885,11842.280579516848,554272
1994-10-31,11842.280579516848,11963.710723629396,11842.280579516848,11958.565726323546,413855
1994-11-01,11958.565726323546,11958.565726323546,11627.110162747531,11773.27734960551,506953
1994-11-02,11773.27734960551,11773.27734960551,11081.31122207888,11183.909850197595,409362
1994-11-03,11183.909850197595,11521.122797142025,11183.909850197595,11495.24211293575,437531
1994-11-04,11495.24211293575,12228.65451571562,11495.24211293575,12136.314958638257,469454
1994-11-07,12136.314958638257,12367.761592853305,12136.314958638257,12320.149992821198,463269
1994-11-08,12320.149992821198,12670.888131085165,12320.149992821198,12662.27183725107,478804
1994-11-09,12662.27183725107,12890.221351352458,12662.27183725107,12813.918444926643,392400
1994-11-10,12813.918444926643,12813.918444926643,12754.50904229486,12762.57931269518,555065
1994-11-11,12762.57931269518,12767.881419965559,12568.926134120878,12672.873086745394,386065
1994-11-14,12672.873086745394,12672.873086745394,12044.101852836118,12089.584700871343,481526
1994-11-15,12089.584700871343,12521.107668800838,12089.584700871343,12406.287467758037,346952
1994-11-16,12406.287467758037,12805.93850535042,12406.287467758037,12679.333893976931,476862
1994-11-17,12679.333893976931,12688.466425965427,12520.93571962918,12661.416471707857,444364
1994-11-18,12661.416471707857,13016.428432478458,12661.416471707857,12898.730791384007,562943
1994-11-21,12898.730791384007,12898.730791384007,12761.284288038662,12820.42532730088,533146
1994-11-22,12820.42532730088,13162.64163618076,12820.42532730088,12984.41807691088,480342
1994-11-23,12984.41807691088,12984.41807691088,12729.832279832262,12838.857441172651,547066
1994-11-24,12838.857441172651,12934.407118066709,12766.932266934144,12768.658334732594,523636
1994-11-25,12768.658334732594,12870.950092483334,12680.938254004093,12764.593707240723,559119
1994-11-28,12764.593707240723,12849.309884448494,12764.593707240723,12820.30844820651,571272
1994-11-29,12820.30844820651,12939.76779045958,12642.605778745534,12831.004559790708,548949
1994-11-30,12831.004559790708,13085.844074108934,12831.004559790708,13068.871168202502,492690
1994-12-01,13068.871168202502,13068.871168202502,12679.337594641134,12825.831647283627,541298
1994-12-02,12825.831647283627,12825.831647283627,11854.697374247442,11926.419073349152,420624
1994-12-05,11926.419073349152,12314.56331201014,11926.419073349152,12242.815339127303,410121
1994-12-06,12242.815339127303,12933.733821050377,12242.815339127303,12844.581335932797,581406
1994-12-07,12844.581335932797,12844.581335932797,12625.469080032342,12759.508707397055,603971
1994-12-08,12759.508707397055,13189.47229824182,12759.508707397055,13183.56831864205,548096
1994-12-09,13183.56831864205,13315.577581078967,13038.19191461164,13198.098267773934,626308
1994-12-12,13198.098267773934,13329.86664322931,13186.291091491386,13237.115620452003,550917
1994-12-13,13237.115620452003,13895.652088758972,13237.115620452003,13882.318663154976,535850
1994-12-14,13882.318663154976,13882.318663154976,13194.510189066828,13283.520469771516,620275
1994-12-15,13283.520469771516,13847.38439684451,13283.520469771516,13670.949717399437,493041
1994-12-16,13670.949717399437,13670.949717399437,12971.831976849586,13136.472111086083,428736
1994-12-19,13136.472111086083,13463.172375750933,13136.472111086083,13397.425838700101,507802
1994-12-20,13397.425838700101,13769.71990608326,13397.425838700101,13631.130787983304,434323
1994-12-21,13631.130787983304,13631.130787983304,12993.756658248794,13174.762098875884,581811
1994-12-22,13174.762098875884,13174.762098875884,12878.880918515944,12901.532878508964,395456
1994-12-23,12901.532878508964,13228.06739277948,12887.823558335911,13083.700926318908,450504
1994-12-26,13083.700926318908,13106.57524421289,12869.856485884045,13024.194223963066,525019
1994-12-27,13024.194223963066,13088.818911782011,12933.122986381637,13073.770094881802,354717
1994-12-28,13073.770094881802,13279.440047906435,13073.770094881802,13243.80220221609,440767
1994-12-29,13243.80220221609,13336.101796742612,13201.928070489943,13207.928818410894,456084
1994-12-30,13207.928818410894,13207.928818410894,12836.657903355725,12871.906400800672,443372
1995-01-02,12871.906400800672,13314.711441599406,12871.906400800672,13296.419675236159,511077
1995-01-03,13296.419675236159,13296.419675236159,12882.42714842668,13049.476601323304,496120
1995-01-04,13049.476601323304,13049.476601323304,12549.444198829013,12630.523241133506,595315
1995-01-05,12630.523241133506,12630.523241133506,12283.826025142618,12351.729441573045,508467
1995-01-06,12351.729441573045,12351.729441573045,11957.248359996975,12126.288512423851,601276
1995-01-09,12126.288512423851,12126.288512423851,11598.574511747798,11761.865137397519,502605
1995-01-10,11761.865137397519,11761.865137397519,11444.20165045788,11545.100636731151,382424
1995-01-11,11545.100636731151,11545.100636731151,11159.605170705268,11180.796629637694,624645
1995-01-12,11180.796629637694,11840.993836407693,11180.796629637694,11731.766153461389,474739
1995-01-13,11731.766153461389,12239.020181740414,11731.766153461389,12139.867362474422,433129
1995-01-16,12139.867362474422,12139.867362474422,11865.240645326052,11923.816896206223,620740
1995-01-17,11923.816896206223,11923.816896206223,11542.105758411113,11543.351883832733,599135
1995-01-18,11543.351883832733,11822.754735478837,11543.351883832733,11779.823732206125,542452
1995-01-19,11779.823732206125,12450.689951733944,11779.823732206125,12343.14228451643,526817
1995-01-20,12343.14228451643,12343.14228451643,12069.71186374947,12094.353917768713,510106
1995-01-23,12094.353917768713,12094.353917768713,11692.16943757446,11863.585953320424,448508
1995-01-24,11863.585953320424,11863.585953320424,11393.360100767573,11465.592244849055,471400
1995-01-25,11465.592244849055,11646.814907603452,11431.85509445797,11503.287032917722,539639
1995-01-26,11503.287032917722,11852.047443003923,11503.287032917722,11761.67311257684,499789
1995-01-27,11761.67311257684,11761.67311257684,11203.635975448642,11259.469341148751,384735
1995-01-30,11259.469341148751,11259.469341148751,11009.318595867288,11148.71687627612,552343
1995-01-31,11148.71687627612,11151.624802096167,10993.804353870826,11105.33145981406,400201
1995-02-01,11105.33145981406,11105.33145981406,10893.640703812902,11033.641300145953,299790
1995-02-02,11033.641300145953,11033.641300145953,10791.736796209443,10901.893908929716,523241
1995-02-03,10901.893908929716,10901.893908929716,10652.583346284304,10712.186193366288,480513
1995-02-06,10712.186193366288,10902.656244958858,10712.186193366288,10897.77429640498,446303
1995-02-07,10897.77429640498,10897.77429640498,10514.3253398134,10516.591814476249,612889
1995-02-08,10516.591814476249,10589.71378078107,10463.951321556799,10588.383628649157,488510
1995-02-09,10588.383628649157,10588.383628649157,10368.217828416728,10497.795415265915,497752
1995-02-10,10497.795415265915,10525.719427939326,10311.019650875909,10413.74137692937,481077
1995-02-13,10413.74137692937,10666.812709068467,10413.74137692937,10555.288382360783,493056
1995-02-14,10555.288382360783,10555.288382360783,10137.692732419546,10178.121025549763,626481
1995-02-15,10178.121025549763,10557.384448474299,10178.121025549763,10449.544289624882,594377
1995-02-16,10449.544289624882,10449.544289624882,10281.246595099323,10351.967716999341,447629
1995-02-17,10351.967716999341,10443.333569825129,10234.3037977256,10360.512135023553,548526
1995-02-20,10360.512135023553,10360.512135023553,10093.479088188078,10191.925130134872,503704
1995-02-21,10191.925130134872,10191.925130134872,9885.700954966062,9901.676579320838,576598
1995-02-22,9901.676579320838,9946.328726631955,9877.914296627643,9939.871642536105,692105
1995-02-23,9939.871642536105,10308.379568441047,9939.871642536105,10270.895583715455,369786
1995-02-24,10270.895583715455,10270.895583715455,10064.96067323805,10112.75689545069,405242
1995-02-27,10112.75689545069,10325.03706935567,10112.75689545069,10272.856550485483,469421
1995-02-28,10272.856550485483,10519.92496699673,10272.856550485483,10489.512663473677,513357
1995-03-01,10489.512663473677,10489.512663473677,10318.321390852736,10422.297540365693,345915
1995-03-02,10422.297540365693,10422.297540365693,10129.057606438968,10240.350909803079,603283
1995-03-03,10240.350909803079,10617.96578183256,10240.350909803079,10574.445895212488,483922
1995-03-06,10574.445895212488,10923.165738398257,10574.445895212488,10882.196562599214,471595
1995-03-07,10882.196562599214,10938.2898221629,10829.41525393032,10888.21614282818,556812
1995-03-08,10888.21614282818,11361.571726637201,10888.21614282818,11203.706017392871,585457
1995-03-09,11203.706017392871,11800.167115160471,11203.706017392871,11694.05152574546,613348
1995-03-10,11694.05152574546,11694.05152574546,11279.616942559604,11446.614770725058,548303
1995-03-13,11446.614770725058,11924.47657589002,11446.614770725058,11772.529171672566,437013
1995-03-14,11772.529171672566,12097.242106374824,11772.529171672566,11976.575678267633,576186
1995-03-15,11976.575678267633,12074.277620110928,11801.47545050209,11979.655977599137,468438
1995-03-16,11979.655977599137,12625.42607859845,11979.655977599137,12449.520546458805,609576
1995-03-17,12449.520546458805,12449.520546458805,12376.15031689428,12386.81070474892,471865
1995-03-20,12386.81070474892,12865.651930506925,12386.81070474892,12750.316021446815,636879
1995-03-21,12750.316021446815,12811.39999730744,12556.220688765537,12705.32534290724,471550
1995-03-22,12705.32534290724,12705.32534290724,11451.417142764552,11551.096277460041,622685
1995-03-23,11551.096277460041,11551.096277460041,11185.349823814591,11272.215895722693,554016
1995-03-24,11272.215895722693,11272.215895722693,10883.055494309807,10899.45054549924,507741
1995-03-27,10899.45054549924,10899.45054549924,10685.813403537379,10799.438311129094,343184
1995-03-28,10799.438311129094,11207.455546760897,10799.438311129094,11097.712107337156,433696
1995-03-29,11097.712107337156,11097.712107337156,10870.091125586761,10972.957917319376,582567
1995-03-30,10972.957917319376,10972.957917319376,10770.790577499301,10822.598606010433,443555
1995-03-31,10822.598606010433,10993.59147919686,10822.598606010433,10861.79136968463,493485
1995-04-03,10861.79136968463,11339.41626396628,10861.79136968463,11300.191819039543,542491
1995-04-04,11300.191819039543,11300.191819039543,10851.287629771175,10851.882983269532,580527
1995-04-05,10851.882983269532,10940.953125599075,10846.540704619976,10929.253585590344,468109
1995-04-06,10929.253585590344,11533.078635429985,10929.253585590344,11392.601635220835,531321
1995-04-07,11392.601635220835,11825.04636959695,11392.601635220835,11803.857106393967,478664
1995-04-10,11803.857106393967,12121.844616563512,11803.857106393967,12113.693384055865,486771
1995-04-11,12113.693384055865,12326.678961965274,12113.693384055865,12232.384894971374,400791
1995-04-12,12232.384894971374,12232.384894971374,11671.468181019703,11747.909908400783,488967
1995-04-13,11747.909908400783,11874.850423084412,11710.643602510596,11827.864056542237,446231
1995-04-14,11827.864056542237,12095.585368656619,11827.864056542237,12088.58278655657,460982
1995-04-17,12088.58278655657,12088.58278655657,11647.552542506486,11709.1100530321,546326
1995-04-18,11709.1100530321,12295.937096828173,11709.1100530321,12240.881606590294,466066
1995-04-19,12240.881606590294,12240.881606590294,12023.054322360867,12136.893491841956,665901
1995-04-20,12136.893491841956,12867.508070160737,12136.893491841956,12794.035236037136,346889
1995-04-21,12794.035236037136,13350.329849401238,12794.035236037136,13234.40358285253,610050
1995-04-24,13234.40358285253,13323.820070375152,13172.527683138507,13272.532371073547,458849
1995-04-25,13272.532371073547,13272.532371073547,12929.568362292626,13025.10011607443,433721
1995-04-26,13025.10011607443,13217.576188440278,13025.10011607443,13205.135662160728,613019
1995-04-27,13205.135662160728,13406.426186629433,13205.135662160728,13312.365855115608,499591
1995-04-28,13312.365855115608,13718.029059706065,13312.365855115608,13575.6045592528,533917
1995-05-01,13575.6045592528,13659.569951903846,13570.281366175874,13657.845887368067,374566
1995-05-02,13657.845887368067,13738.565296212142,13473.807628207689,13590.993765727831,415335
1995-05-03,13590.993765727831,13991.777617040372,13590.993765727831,13921.216784107586,528975
1995-05-04,13921.216784107586,13921.216784107586,13221.712561159367,13289.15451425058,377590
1995-05-05,13289.15451425058,13289.15451425058,12972.839384508809,12986.735888381978,452142
1995-05-08,12986.735888381978,13727.81171623417,12986.735888381978,13642.195152453354,411942
1995-05-09,13642.195152453354,13642.195152453354,12882.670825918949,12980.504336752305,568245
1995-05-10,12980.504336752305,12980.504336752305,12299.801269901369,12435.237918258463,451532
1995-05-11,12435.237918258463,12435.237918258463,12032.84793068075,12140.315086219274,544081
1995-05-12,12140.315086219274,12290.668514702767,11988.341224313861,12112.985671370112,489609
1995-05-15,12112.985671370112,12152.833916529746,12046.699346879033,12049.30493807181,511303
1995-05-16,12049.30493807181,12773.123776933244,12049.30493807181,12639.450302358318,499343
1995-05-17,12639.450302358318,13136.455064751746,12639.450302358318,12970.194911277353,508820
1995-05-18,12970.194911277353,12970.194911277353,12578.807799465556,12635.273446498757,460181
1995-05-19,12635.273446498757,13122.818182407822,12635.273446498757,12943.492948281586,429089
1995-05-22,12943.492948281586,12943.492948281586,12670.542724780678,12685.193848072067,505315
1995-05-23,12685.193848072067,13154.04061739613,12685.193848072067,13003.297402375314,525338
1995-05-24,13003.297402375314,13052.190203031707,12779.369256191374,12910.78205797303,520172
1995-05-25,12910.78205797303,13312.220536958483,12910.78205797303,13123.363948830345,321465
1995-05-26,13123.363948830345,13749.39461331787,13123.363948830345,13656.97051555604,478408
1995-05-29,13656.97051555604,13656.97051555604,13254.154364174598,13320.246885213828,484653
1995-05-30,13320.246885213828,13908.069602874864,13320.246885213828,13783.219664616021,601856
1995-05-31,13783.219664616021,13783.219664616021,13149.674050822072,13308.432406289383,410223
1995-06-01,13308.432406289383,13553.172842409276,13308.432406289383,13397.572459549896,475207
1995-06-02,13397.572459549896,13591.669570408734,13283.538824506273,13431.62306199208,409892
1995-06-05,13431.62306199208,13431.62306199208,13331.900616614219,13345.89895066518,417491
1995-06-06,13345.89895066518,13458.020133040092,13323.107571027718,13380.70484378875,431434
1995-06-07,13380.70484378875,13548.66297005076,13356.063451806653,13365.744591593857,525801
1995-06-08,13365.744591593857,14257.58236288163,13365.744591593857,14089.017288797379,624491
1995-06-09,14089.017288797379,14341.136375708285,14071.155628007977,14134.845541967981,556551
1995-06-12,14134.845541967981,14210.135674944064,14100.752545108819,14118.05356416207,612156
1995-06-13,14118.05356416207,14118.05356416207,13521.102153779178,13682.915875302522,603289
1995-06-14,13682.915875302522,13682.915875302522,13206.650039321983,13337.58997208912,576092
1995-06-15,13337.58997208912,13337.58997208912,12640.142841627361,12666.067783125143,448372
1995-06-16,12666.067783125143,12666.067783125143,12370.95705908873,12398.605527019918,555221
1995-06-19,12398.605527019918,12737.43503229718,12398.605527019918,12705.288151100498,529715
1995-06-20,12705.288151100498,13138.132895654506,12705.288151100498,13046.175370847199,578350
1995-06-21,13046.175370847199,13323.274210057829,13046.175370847199,13299.186755725297,411563
1995-06-22,13299.186755725297,13401.930760822932,13138.674198168119,13310.155192785165,515044
1995-06-23,13310.155192785165,13310.155192785165,12785.987071738646,12960.96672669864,511409
1995-06-26,12960.96672669864,13273.846764011849,12960.96672669864,13268.486252260478,503129
1995-06-27,13268.486252260478,13268.486252260478,12987.17396906425,13045.30163825584,603149
1995-06-28,13045.30163825584,13045.30163825584,12397.892511126227,12523.226157611563,494256
1995-06-29,12523.226157611563,13233.078032731966,12523.226157611563,13108.512403158518,538256
1995-06-30,13108.512403158518,13575.930662871902,13108.512403158518,13469.398031787203,499584
1995-07-03,13469.398031787203,13649.92719013847,13469.398031787203,13635.61189784768,562556
1995-07-04,13635.61189784768,13635.61189784768,13221.00494718977,13344.229925354946,552736
1995-07-05,13344.229925354946,13344.229925354946,12827.738351367243,12996.101654847327,531799
1995-07-06,12996.101654847327,12996.101654847327,12446.572648363723,12631.002395025269,477301
1995-07-07,12631.002395025269,12631.002395025269,12298.812553073596,12407.96078270759,509582
1995-07-10,12407.96078270759,12881.281196407363,12407.96078270759,12699.589435827056,425187
1995-07-11,12699.589435827056,12699.589435827056,12392.45537562076,12547.033616295621,349034
1995-07-12,12547.033616295621,13629.556032601662,12547.033616295621,13452.343992762853,640826
1995-07-13,13452.343992762853,13452.343992762853,12848.470526751244,12912.56808877038,694657
1995-07-14,12912.56808877038,13079.175712708435,12864.945152264625,12992.803013464914,588290
1995-07-17,12992.803013464914,13145.813934939495,12992.803013464914,13143.421866931549,552978
1995-07-18,13143.421866931549,13730.891712368306,13143.421866931549,13590.246026388551,609770
1995-07-19,13590.246026388551,14245.850387017872,13590.246026388551,14102.613583767723,442760
1995-07-20,14102.613583767723,14919.328001497768,14102.613583767723,14743.96638919537,476298
1995-07-21,14743.96638919537,14743.96638919537,14277.035095606654,14464.752708958149,370657
1995-07-24,14464.752708958149,14464.752708958149,14064.683908162795,14195.024345798529,469890
1995-07-25,14195.024345798529,14195.024345798529,13677.501519034002,13746.608472079592,496195
1995-07-26,13746.608472079592,14357.824651752624,13746.608472079592,14308.705018401002,539662
1995-07-27,14308.705018401002,15258.254396211662,14308.705018401002,15068.741303244655,483876
1995-07-28,15068.741303244655,15068.741303244655,14560.012546401056,14744.538523357442,515560
1995-07-31,14744.538523357442,15509.92542597272,14744.538523357442,15310.943788748556,468035
1995-08-01,15310.943788748556,15622.262105946422,15310.943788748556,15432.375015613201,562893
1995-08-02,15432.375015613201,15432.375015613201,15197.43042459216,15274.577505359708,523361
1995-08-03,15274.577505359708,15307.81340932302,14951.07257423357,15086.159074371712,547030
1995-08-04,15086.159074371712,15086.159074371712,14847.236921556061,14875.656968741678,507693
1995-08-07,14875.656968741678,14875.656968741678,14675.693868262751,14679.062954703946,411574
1995-08-08,14679.062954703946,14679.062954703946,14445.74815632152,14503.059407504643,421885
1995-08-09,14503.059407504643,14503.059407504643,13396.268342568952,13567.472353136618,527350
1995-08-10,13567.472353136618,13567.472353136618,13490.212849950762,13519.298433092064,605645
1995-08-11,13519.298433092064,13855.261249975738,13519.298433092064,13667.940451159448,548095
1995-08-14,13667.940451159448,13886.91684961966,13567.945141738026,13715.24577577452,385301
1995-08-15,13715.24577577452,13715.24577577452,13462.317639117671,13474.256348667162,461339
1995-08-16,13474.256348667162,13808.946783715826,13474.256348667162,13710.154526757033,632840
1995-08-17,13710.154526757033,14116.166300491972,13710.154526757033,13979.94456816717,432711
1995-08-18,13979.94456816717,14466.31147591116,13979.94456816717,14389.357343012487,610356
1995-08-21,14389.357343012487,15193.269593138448,14389.357343012487,15108.924407453462,371337
1995-08-22,15108.924407453462,15211.21375646158,15108.924407453462,15170.614345315247,383211
1995-08-23,15170.614345315247,15170.614345315247,14452.193214638073,14551.667528940981,499198
1995-08-24,14551.667528940981,14551.667528940981,14096.597650780117,14153.494583858952,458460
1995-08-25,14153.494583858952,14299.027995851791,13995.808230381303,14139.304031092537,530314
1995-08-28,14139.304031092537,14250.34848381688,14054.57008167338,14208.458788102456,388718
1995-08-29,14208.458788102456,14538.402501121609,14208.458788102456,14385.211414771231,513747
1995-08-30,14385.211414771231,14799.761722076635,14385.211414771231,14676.477446658277,566688
1995-08-31,14676.477446658277,15002.957803834908,14676.477446658277,14822.012136807465,553241
1995-09-01,14822.012136807465,14845.917220482104,14591.806867034056,14741.968045982163,390078
1995-09-04,14741.968045982163,15152.165127317943,14741.968045982163,15005.837190961947,384174
1995-09-05,15005.837190961947,15338.29554284219,15005.837190961947,15299.619866538627,570940
1995-09-06,15299.619866538627,15299.619866538627,15072.120929467572,15101.52128872672,528264
1995-09-07,15101.52128872672,15833.368368070629,15101.52128872672,15619.394490358987,306818
1995-09-08,15619.394490358987,15790.48669151726,15579.909992529163,15668.656645281499,446364
1995-09-11,15668.656645281499,15973.781205746638,15557.022134371118,15743.885037338687,508064
1995-09-12,15743.885037338687,16380.241344316588,15743.885037338687,16355.884582311699,599403
1995-09-13,16355.884582311699,16355.884582311699,16042.463868568866,16090.605591094185,491074
1995-09-14,16090.605591094185,16411.99486538009,16090.605591094185,16373.24258678415,457137
1995-09-15,16373.24258678415,16373.24258678415,15816.304948374569,15952.825808398098,566035
1995-09-18,15952.825808398098,16149.763537447461,15952.825808398098,16130.977442112442,522772
1995-09-19,16130.977442112442,16249.956451452714,15953.972299145491,16061.293777235494,578999
1995-09-20,16061.293777235494,16061.293777235494,15741.536844946651,15915.89108511594,606739
1995-09-21,15915.89108511594,15915.89108511594,15656.82099350303,15657.71310093051,572387
1995-09-22,15657.71310093051,15956.799562505514,15657.71310093051,15797.859221296934,487324
1995-09-25,15797.859221296934,16096.191063177632,15797.859221296934,16045.165866797928,578163
1995-09-26,16045.165866797928,16413.796628696884,16045.165866797928,16182.368129784616,598784
1995-09-27,16182.368129784616,16182.368129784616,15591.578098121061,15703.65197778015,507059
1995-09-28,15703.65197778015,16091.256590398483,15703.65197778015,16015.194892071926,543045
1995-09-29,16015.194892071926,16015.194892071926,15223.064065215936,15336.406841367248,509489
1995-10-02,15336.406841367248,15571.404155767465,15336.406841367248,15545.268097818169,438622
1995-10-03,15545.268097818169,15846.303467073578,15545.268097818169,15839.76694706389,536149
1995-10-04,15839.76694706389,15839.76694706389,15177.993917646389,15199.736668183203,595817
1995-10-05,15199.736668183203,15347.847525943567,15117.209609129925,15264.826440576622,437977
1995-10-06,15264.826440576622,15623.22178460665,15264.826440576622,15463.781642519594,559843
1995-10-09,15463.781642519594,15925.783658591707,15463.781642519594,15924.189333173039,499274
1995-10-10,15924.189333173039,16247.987485006026,15924.189333173039,16126.65771829961,428968
1995-10-11,16126.65771829961,16126.65771829961,15593.646972836272,15742.65213859636,461316
1995-10-12,15742.65213859636,15742.65213859636,15409.091382928811,15567.447502884947,510231
1995-10-13,15567.447502884947,16410.80226969643,15567.447502884947,16179.129837826464,401993
1995-10-16,16179.129837826464,16179.129837826464,15689.762371176948,15777.680764201958,482544
1995-10-17,15777.680764201958,15777.680764201958,15597.42741692282,15648.872839942971,450628
1995-10-18,15648.872839942971,16446.28772227473,15648.872839942971,16234.523883250826,511871
1995-10-19,16234.523883250826,16348.428207785242,16070.409607362608,16204.876210820323,495691
1995-10-20,16204.876210820323,16548.53320337253,16204.876210820323,16432.75869932252,411556
1995-10-23,16432.75869932252,16804.072779312948,16432.75869932252,16675.34696288571,484824
1995-10-24,16675.34696288571,17137.14016993196,16675.34696288571,16983.121957267984,488483
1995-10-25,16983.121957267984,16983.121957267984,16567.73369338746,16795.209105902308,555557
1995-10-26,16795.209105902308,17274.708145716733,16795.209105902308,17030.527120428393,549188
1995-10-27,17030.527120428393,17030.527120428393,16383.022237079449,16398.486576533374,623118
1995-10-30,16398.486576533374,16655.49724348865,16318.241698999047,16497.203879107263,488269
1995-10-31,16497.203879107263,16509.268885795766,16262.441927691969,16382.542074133484,522269
1995-11-01,16382.542074133484,17046.0165525572,16382.542074133484,16989.88154036504,538444
1995-11-02,16989.88154036504,17225.267467600348,16842.320709004456,17070.4514632861,460762
1995-11-03,17070.4514632861,18980.788985538227,17070.4514632861,18978.099587166038,471800
1995-11-06,18978.099587166038,18978.099587166038,18466.74643072735,18743.874424574038,481794
1995-11-07,18743.874424574038,19748.202151835925,18743.874424574038,19480.63097046759,530354
1995-11-08,19480.63097046759,19666.650441001602,19480.63097046759,19617.871605409415,507216
1995-11-09,19617.871605409415,20570.54563424832,19617.871605409415,20428.757894719845,517274
1995-11-10,20428.757894719845,21325.478627415538,20428.757894719845,21127.656991443182,555019
1995-11-13,21127.656991443182,21127.656991443182,20482.918917187904,20745.25397248615,535438
1995-11-14,20745.25397248615,20745.25397248615,20355.071134314065,20484.804750593248,533744
1995-11-15,20484.804750593248,21239.636581633153,20484.804750593248,21067.204668680984,414069
1995-11-16,21067.204668680984,21067.204668680984,20355.908005563444,20559.015805972973,423276
1995-11-17,20559.015805972973,21000.690474073355,20559.015805972973,20826.09119426151,493290
1995-11-20,20826.09119426151,21283.038897076152,20826.09119426151,21168.95007606706,541906
1995-11-21,21168.95007606706,21526.45168464209,21168.95007606706,21442.73279078222,467082
1995-11-22,21442.73279078222,22905.711166261888,21442.73279078222,22732.09741464484,457515
1995-11-23,22732.09741464484,22732.09741464484,22552.59936181022,22708.57561887872,595734
1995-11-24,22708.57561887872,22884.10121962791,22437.443174380147,22653.020670977603,487334
1995-11-27,22653.020670977603,22653.020670977603,22017.606548023698,22020.692570623294,557507
1995-11-28,22020.692570623294,22020.692570623294,20603.857470124254,20842.195235653446,454878
1995-11-29,20842.195235653446,21027.969856559062,20680.877510820214,20830.04687479645,444642
1995-11-30,20830.04687479645,21116.320161126074,20596.921461325812,20825.322822176717,576287
1995-12-01,20825.322822176717,20825.322822176717,19812.73746003914,19935.454623257167,515116
1995-12-04,19935.454623257167,20090.77920623008,19536.654896480795,19811.183153424205,510438
1995-12-05,19811.183153424205,19811.183153424205,19350.199441536963,19384.556430965808,602352
1995-12-06,19384.556430965808,19568.59096265861,19139.07815338284,19285.712013875644,463878
1995-12-07,19285.712013875644,19428.555148815012,18922.382657740418,19176.838423712466,439356
1995-12-08,19176.838423712466,19818.231959012355,19176.838423712466,19720.486363091495,502564
1995-12-11,19720.486363091495,19720.486363091495,19454.902271006755,19552.406804522725,611029
1995-12-12,19552.406804522725,19923.6085766926,19552.406804522725,19802.37390439004,459522
1995-12-13,19802.37390439004,19802.37390439004,19447.238223949207,19524.7136342254,494188
1995-12-14,19524.7136342254,19781.57161217034,19524.7136342254,19781.521225740686,574018
1995-12-15,19781.521225740686,20079.32334130779,19781.521225740686,19957.204612102894,569444
1995-12-18,19957.204612102894,20346.20599863,19957.204612102894,20325.179296112878,488253
1995-12-19,20325.179296112878,20325.179296112878,19739.02727167376,19787.638904653846,525482
1995-12-20,19787.638904653846,20249.352670403438,19787.638904653846,20109.102774602725,624770
1995-12-21,20109.102774602725,20273.379539152942,20068.59028526457,20262.952949161325,482423
1995-12-22,20262.952949161325,20295.618641789457,19990.33347824831,20223.984283403348,589164
1995-12-25,20223.984283403348,20717.944410493114,20145.745772757953,20428.62912469149,499306
1995-12-26,20428.62912469149,20428.62912469149,19942.16323742963,20100.44027423859,559184
1995-12-27,20100.44027423859,20601.401735090574,20100.44027423859,20464.550520522782,462032
1995-12-28,20464.550520522782,20742.634392766595,20363.560425655876,20555.70329339838,608551
1995-12-29,20555.70329339838,21185.36081510042,20555.70329339838,21104.83895534681,496274
1996-01-01,21104.83895534681,21104.83895534681,20585.024031099438,20888.758359502273,652181
1996-01-02,20888.758359502273,21561.047106732447,20888.758359502273,21257.80051468331,630450
1996-01-03,21257.80051468331,21260.070201617298,21088.671213089314,21222.863523498418,355107
1996-01-04,21222.863523498418,21222.863523498418,20945.923542154665,21080.8371035213,446652
1996-01-05,21080.8371035213,21619.59082482616,21080.8371035213,21344.070463519187,390165
1996-01-08,21344.070463519187,22268.093491189986,21344.070463519187,22234.30097227976,603583
1996-01-09,22234.30097227976,22234.30097227976,21933.944415363098,22019.23197327109,452257
1996-01-10,22019.23197327109,22019.23197327109,21510.879345835267,21711.122954598413,424559
1996-01-11,21711.122954598413,23302.06190854656,21711.122954598413,23190.851132094955,460782
1996-01-12,23190.851132094955,23637.687249536644,23190.851132094955,23467.105147514852,556076
1996-01-15,23467.105147514852,23467.105147514852,22864.31588984351,22953.248764167205,504102
1996-01-16,22953.248764167205,23292.33458199116,22947.719905162612,22992.548528678213,427298
1996-01-17,22992.548528678213,22992.548528678213,22032.168361061827,22335.965156838392,452343
1996-01-18,22335.965156838392,22552.076040662505,22139.670311557766,22408.51220342363,519391
1996-01-19,22408.51220342363,22408.51220342363,22082.205270648145,22094.094455301223,469382
1996-01-22,22094.094455301223,22442.419026484487,22080.72368609169,22283.055243808925,431442
1996-01-23,22283.055243808925,23060.59601252684,22283.055243808925,22947.926432860295,542500
1996-01-24,22947.926432860295,22947.926432860295,21652.481443903846,21952.422495359053,436814
1996-01-25,21952.422495359053,21952.422495359053,21292.105744234457,21541.000201505092,609929
1996-01-26,21541.000201505092,22748.17182902651,21541.000201505092,22424.97413942867,523732
1996-01-29,22424.97413942867,22424.97413942867,21317.960696507063,21388.6590087456,629540
1996-01-30,21388.6590087456,21388.6590087456,20948.976791957015,21200.92769466101,652341
1996-01-31,21200.92769466101,21915.844330447995,21200.92769466101,21904.518647730292,339979
1996-02-01,21904.518647730292,22311.831844056695,21882.637651164798,21982.12831020093,358978
1996-02-02,21982.12831020093,21982.12831020093,21455.56982603048,21464.36616007075,599732
1996-02-05,21464.36616007075,21619.434402697894,21187.931417146185,21338.26795374826,619016
1996-02-06,21338.26795374826,21338.26795374826,20698.55087930901,20767.339970496694,667234
1996-02-07,20767.339970496694,21336.406671431057,20767.339970496694,21141.1322609895,569629
1996-02-08,21141.1322609895,21141.1322609895,20564.562069744527,20608.789401506234,422513
1996-02-09,20608.789401506234,20608.789401506234,19654.99156088682,19869.554632946918,437360
1996-02-12,19869.554632946918,20393.858973130875,19869.554632946918,20325.947595578757,461893
1996-02-13,20325.947595578757,20907.28814545512,20325.947595578757,20701.528947200044,464697
1996-02-14,20701.528947200044,21180.444119274798,20701.528947200044,21099.740263317664,641657
1996-02-15,21099.740263317664,22039.24615353698,21099.740263317664,21775.708294727327,535118
1996-02-16,21775.708294727327,21925.08255782675,21754.332983305783,21887.531059147906,565065
1996-02-19,21887.531059147906,22069.405607403547,21545.037635216646,21811.887631050897,458287
1996-02-20,21811.887631050897,21886.898553070718,21634.4499561286,21686.902200770925,297727
1996-02-21,21686.902200770925,22017.956887279364,21686.902200770925,21942.671484788527,526907
1996-02-22,21942.671484788527,22219.871172460123,21853.89634635784,22030.35618631976,416850
1996-02-23,22030.35618631976,22030.35618631976,21699.552989209173,21828.21638928719,516233
1996-02-26,21828.21638928719,22426.191052355913,21828.21638928719,22150.43755071473,382525
1996-02-27,22150.43755071473,22390.760125951125,22150.43755071473,22299.6356109653,306414
1996-02-28,22299.6356109653,23041.17388059451,22299.6356109653,22835.820251841087,546949
1996-02-29,22835.820251841087,22895.91402256686,22283.55648158383,22558.44455200331,498184
1996-03-01,22558.44455200331,22880.626130576176,22508.096624231748,22701.473856145793,569108
1996-03-04,22701.473856145793,23426.521306371666,22701.473856145793,23308.114801801446,525240
1996-03-05,23308.114801801446,24249.496221414098,23308.114801801446,23950.457118400464,360801
1996-03-06,23950.457118400464,24610.78020195999,23950.457118400464,24522.273747222665,360086
1996-03-07,24522.273747222665,25085.590845927523,24522.273747222665,24808.63686874329,624245
1996-03-08,24808.63686874329,24808.63686874329,24554.79667310403,24580.386009969363,529899
1996-03-11,24580.386009969363,24755.552176096877,24332.828537299487,24581.80744764223,697682
1996-03-12,24581.80744764223,24581.80744764223,23720.37679996923,23817.036932675426,638445
1996-03-13,23817.036932675426,24239.4305665638,23817.036932675426,23932.6528711844,603905
1996-03-14,23932.6528711844,24151.43165572035,23768.25788002498,24069.565130762257,529771
1996-03-15,24069.565130762257,24334.957976524,23981.209342247672,24201.429066630284,698796
1996-03-18,24201.429066630284,24201.429066630284,23698.632303830822,24043.585969585845,447510
1996-03-19,24043.585969585845,24369.612878768636,23974.724281852712,24232.305425311934,523636
1996-03-20,24232.305425311934,24491.159524212588,23979.48873465615,24266.122741885785,516367
1996-03-21,24266.122741885785,24901.984019372354,24266.122741885785,24815.27034242324,512227
1996-03-22,24815.27034242324,24815.27034242324,24009.531459753252,24014.003645910634,591052
1996-03-25,24014.003645910634,24361.334560710166,24014.003645910634,24294.59444754899,580324
1996-03-26,24294.59444754899,24294.59444754899,23293.127544421895,23504.76182616063,601816
1996-03-27,23504.76182616063,23504.76182616063,22771.248490658312,23076.36658878494,512683
1996-03-28,23076.36658878494,23076.36658878494,22885.32987152297,22898.465943207026,350840
1996-03-29,22898.465943207026,23513.428334879813,22898.465943207026,23470.134857395642,471352
1996-04-01,23470.134857395642,24082.41579960574,23470.134857395642,23913.162380935544,300576
1996-04-02,23913.162380935544,23913.162380935544,23492.36216797088,23609.79722103951,482542
1996-04-03,23609.79722103951,24617.073039064315,23609.79722103951,24326.704866100037,528220
1996-04-04,24326.704866100037,24753.79242061809,24326.704866100037,24678.86625541972,432186
1996-04-05,24678.86625541972,26717.43056703505,24678.86625541972,26658.537791031304,401454
1996-04-08,26658.537791031304,27340.88243673768,26658.537791031304,27333.699200423544,620600
1996-04-09,27333.699200423544,27333.699200423544,26469.347308592238,26513.913607124963,546126
1996-04-10,26513.913607124963,26513.913607124963,25207.968430334447,25562.604126169314,496159
1996-04-11,25562.604126169314,25562.604126169314,25212.83541526914,25519.08935596818,403140
1996-04-12,25519.08935596818,25519.08935596818,25064.543314945204,25259.303264943745,419952
1996-04-15,25259.303264943745,25259.303264943745,24102.683883402522,24347.967711696703,626621
1996-04-16,24347.967711696703,25918.87449396234,24347.967711696703,25847.5952779303,512284
1996-04-17,25847.5952779303,25847.5952779303,25375.90279984578,25384.595306295767,476583
1996-04-18,25384.595306295767,25764.559997114233,25384.595306295767,25599.801856138896,335904
1996-04-19,25599.801856138896,25599.801856138896,24898.588903913376,25130.683941232626,432322
1996-04-22,25130.683941232626,25130.683941232626,24731.426077126886,24812.274129853766,445729
1996-04-23,24812.274129853766,26505.404693818753,24812.274129853766,26411.906822828478,527779
1996-04-24,26411.906822828478,26411.906822828478,25338.15734952611,25643.39886967453,553284
1996-04-25,25643.39886967453,25811.245960631655,25073.95220811773,25455.75591994259,566127
1996-04-26,25455.75591994259,26471.046332307786,25455.75591994259,26247.51386016208,432922
1996-04-29,26247.51386016208,26247.51386016208,25581.4645226696,25673.736762346303,513165
1996-04-30,25673.736762346303,25673.736762346303,25147.738044773523,25311.376121529065,585273
1996-05-01,25311.376121529065,25311.376121529065,24638.533397095685,24972.39517617629,483774
1996-05-02,24972.39517617629,25936.285524060007,24972.39517617629,25581.2592541534,489192
1996-05-03,25581.2592541534,26417.894657452627,25581.2592541534,26041.62895140739,432103
1996-05-06,26041.62895140739,26683.24746131796,26041.62895140739,26665.822402014444,208450
1996-05-07,26665.822402014444,26665.822402014444,26125.077854197865,26493.299355325136,539684
1996-05-08,26493.299355325136,26977.270310962263,26295.372026916175,26692.742708973547,535349
1996-05-09,26692.742708973547,26692.742708973547,26554.226728058864,26599.446374407325,641056
1996-05-10,26599.446374407325,26702.876160707452,26512.36133789497,26602.41280808414,519967
1996-05-13,26602.41280808414,26787.704761210163,26498.852017506368,26583.063834206776,588373
1996-05-14,26583.063834206776,26645.947724759684,26211.920184039816,26593.30811205915,482866
1996-05-15,26593.30811205915,27032.000025321067,26484.040380883387,26815.046450341066,398776
1996-05-16,26815.046450341066,27798.16084589154,26815.046450341066,27508.422642059017,442451
1996-05-17,27508.422642059017,28193.547464186326,27508.422642059017,28187.52497660606,339510
1996-05-20,28187.52497660606,28451.47929921091,28085.948238010136,28124.907758208174,383580
1996-05-21,28124.907758208174,28124.907758208174,27567.455144439686,27651.8963223898,487866
1996-05-22,27651.8963223898,27651.8963223898,25810.31326573881,26146.47739357127,532706
1996-05-23,26146.47739357127,26396.425812082034,25894.27900914875,26029.009953326517,520975
1996-05-24,26029.009953326517,26495.296547188478,25819.196883060544,26204.916069151404,439064
1996-05-27,26204.916069151404,26843.815269366245,26204.916069151404,26533.758693237793,528311
1996-05-28,26533.758693237793,26533.758693237793,25504.127545631385,25774.381674323307,439189
1996-05-29,25774.381674323307,25774.381674323307,25405.716874681526,25543.378523445757,473036
1996-05-30,25543.378523445757,25862.75388564692,25543.378523445757,25766.37550945975,500658
1996-05-31,25766.37550945975,26150.440594573836,25665.39407328403,25816.101892157913,494462
1996-06-03,25816.101892157913,26727.45366695105,25816.101892157913,26641.386044042,535621
1996-06-04,26641.386044042,28805.162481267464,26641.386044042,28426.646900789514,365914
1996-06-05,28426.646900789514,28579.877182976135,28034.41246732695,28243.71742523007,511935
1996-06-06,28243.71742523007,28243.71742523007,27881.130240707316,28106.458660176253,483542
1996-06-07,28106.458660176253,28552.145772580432,28106.458660176253,28431.339962969058,456793
1996-06-10,28431.339962969058,28431.339962969058,28159.51984074806,28171.23696227143,543935
1996-06-11,28171.23696227143,28171.23696227143,26795.122016513957,26970.862634348803,621139
1996-06-12,26970.862634348803,27994.384023539853,26970.862634348803,27709.58585865065,542781
1996-06-13,27709.58585865065,27709.58585865065,27036.930391819016,27429.20174618604,475311
1996-06-14,27429.20174618604,28389.614363548666,27429.20174618604,28081.227304692326,513952
1996-06-17,28081.227304692326,28081.227304692326,27458.707144529297,27834.264904627984,519150
1996-06-18,27834.264904627984,28838.031124587913,27834.264904627984,28574.0927654904,497399
1996-06-19,28574.0927654904,28574.0927654904,28094.188996679026,28109.129440758003,407983
1996-06-20,28109.129440758003,28983.89198934835,28109.129440758003,28929.30866412253,568422
1996-06-21,28929.30866412253,28929.30866412253,28036.731843565023,28372.156418434304,517723
1996-06-24,28372.156418434304,30079.695215651423,28372.156418434304,30073.819169942424,530195
1996-06-25,30073.819169942424,30073.819169942424,28989.568670718512,29301.550712524393,445587
1996-06-26,29301.550712524393,29696.535979831748,28849.862813084706,29280.36799681577,571782
1996-06-27,29280.36799681577,30355.681498148624,29280.36799681577,30011.56663301904,638626
1996-06-28,30011.56663301904,31478.471741339512,30011.56663301904,31158.30120334449,477519
1996-07-01,31158.30120334449,32022.82209486462,31158.30120334449,31832.906139909443,555819
1996-07-02,31832.906139909443,33025.66365295968,31832.906139909443,32866.6830607987,599631
1996-07-03,32866.6830607987,33084.80568499669,32602.620995011173,32752.046196479572,479084
1996-07-04,32752.046196479572,32752.046196479572,30919.509863264688,31325.086822246485,462046
1996-07-05,31325.086822246485,31839.10992383203,31243.202821618048,31563.897917774233,671735
1996-07-08,31563.897917774233,31743.049621377348,31028.28374079699,31492.91377965055,483250
1996-07-09,31492.91377965055,31492.91377965055,30088.59181131973,30299.756671309682,531380
1996-07-10,30299.756671309682,30299.756671309682,28424.66796893207,28473.02853597977,564504
1996-07-11,28473.02853597977,28972.967030087155,28473.02853597977,28843.30086219827,389585
1996-07-12,28843.30086219827,28843.30086219827,28271.3781714426,28464.963391665657,599836
1996-07-15,28464.963391665657,28464.963391665657,28330.097401210733,28382.351867770314,570082
1996-07-16,28382.351867770314,28868.246323524254,28361.029847516103,28695.873885278164,513590
1996-07-17,28695.873885278164,28754.61536980333,28148.126409322038,28484.608258747612,445469
1996-07-18,28484.608258747612,29691.44669824273,28484.608258747612,29302.302012310614,493531
1996-07-19,29302.302012310614,29302.302012310614,28179.08650843429,28597.717253556613,403821
1996-07-22,28597.717253556613,29472.968435677743,28597.717253556613,29412.74691031565,544752
1996-07-23,29412.74691031565,29705.613546037723,29412.74691031565,29495.44979859269,552612
1996-07-24,29495.44979859269,30410.132623631787,29495.44979859269,30346.799200614958,505821
1996-07-25,30346.799200614958,31673.323270002264,30346.799200614958,31251.267248026317,554167
1996-07-26,31251.267248026317,31251.267248026317,30457.38975580488,30465.9101754591,590399
1996-07-29,30465.9101754591,31704.093866798594,30465.9101754591,31399.00534599607,460428
1996-07-30,31399.00534599607,32329.711946004834,31399.00534599607,32019.40769314066,508034
1996-07-31,32019.40769314066,32019.40769314066,29804.3711713836,30095.05487271614,556167
1996-08-01,30095.05487271614,30601.249576020124,30095.05487271614,30240.712209764402,401027
1996-08-02,30240.712209764402,30246.017716694354,29788.601385050068,30025.40494555712,593510
1996-08-05,30025.40494555712,30566.09553216242,30025.40494555712,30174.915488515384,554307
1996-08-06,30174.915488515384,30174.915488515384,28755.816642513844,29092.119917557004,569605
1996-08-07,29092.119917557004,29092.119917557004,28377.017443942805,28559.339845566315,599343
1996-08-08,28559.339845566315,28559.339845566315,26502.861019731557,26761.37944579675,370006
1996-08-09,26761.37944579675,26761.37944579675,25226.534992581313,25265.200036880844,670633
1996-08-12,25265.200036880844,26340.76503049509,25265.200036880844,26324.089759818296,411144
1996-08-13,26324.089759818296,26558.87315157858,26030.18230630868,26226.701115613527,598316
1996-08-14,26226.701115613527,26226.701115613527,25639.64510979738,25702.043531971205,506395
1996-08-15,25702.043531971205,25702.043531971205,25451.670049546956,25514.881427892295,542722
1996-08-16,25514.881427892295,25716.297498940505,25375.12326114825,25580.443233021615,494751
1996-08-19,25580.443233021615,25580.443233021615,25193.666404792904,25260.830286184297,512171
1996-08-20,25260.830286184297,26264.07421352398,25260.830286184297,25900.218519893162,488292
1996-08-21,25900.218519893162,26241.96124523066,25751.02106238804,26052.267912262254,471394
1996-08-22,26052.267912262254,26716.91005070402,26052.267912262254,26650.631595068175,573377
1996-08-23,26650.631595068175,26650.631595068175,25947.010125435794,26151.841903634435,467018
1996-08-26,26151.841903634435,26429.66365070768,26149.1621290629,26428.06251365509,531233
1996-08-27,26428.06251365509,28695.134283943666,26428.06251365509,28415.036711515375,449760
1996-08-28,28415.036711515375,28451.970478400028,28028.154775006933,28072.762111311236,476085
1996-08-29,28072.762111311236,28072.762111311236,27582.3811214353,27867.4427497861,427947
1996-08-30,27867.4427497861,27867.4427497861,27515.52336494515,27673.242719179467,476666
1996-09-02,27673.242719179467,28477.539169016844,27673.242719179467,28282.535620529026,537004
1996-09-03,28282.535620529026,28282.535620529026,27104.532526879655,27254.54560202894,356482
1996-09-04,27254.54560202894,27254.54560202894,26653.478616582852,26982.66300773716,424124
1996-09-05,26982.66300773716,26982.66300773716,25747.93916996935,25770.880290728102,464441
1996-09-06,25770.880290728102,25901.922750827616,25596.11856729306,25674.123039833063,537488
1996-09-09,25674.123039833063,25674.123039833063,24756.468555687865,24894.32008335007,471288
1996-09-10,24894.32008335007,26102.421738407204,24894.32008335007,25799.51507609661,336650
1996-09-11,25799.51507609661,25799.51507609661,24994.53396621139,25151.854996760096,553999
1996-09-12,25151.854996760096,25167.214931712555,24651.251812614995,24975.237610238477,580137
1996-09-13,24975.237610238477,25694.041727264037,24975.237610238477,25384.796913053047,609133
1996-09-16,25384.796913053047,26266.16573450662,25384.796913053047,25881.454461462752,492219
1996-09-17,25881.454461462752,26414.48940148885,25881.454461462752,26143.6618431637,332494
1996-09-18,26143.6618431637,26143.6618431637,25286.555310608434,25344.18043651689,551163
1996-09-19,25344.18043651689,25547.46547750376,25313.15504896142,25506.728554574012,510760
1996-09-20,25506.728554574012,26367.86513570204,25506.728554574012,26182.356530145436,673840
1996-09-23,26182.356530145436,26182.356530145436,25475.299796282747,25510.276068623403,484107
1996-09-24,25510.276068623403,25510.276068623403,24895.473599555742,25141.10148108752,405588
1996-09-25,25141.10148108752,25517.790293962935,25141.10148108752,25346.247116663137,507957
1996-09-26,25346.247116663137,26070.445424186262,25346.247116663137,25713.17920775247,483512
1996-09-27,25713.17920775247,26394.842306546205,25713.17920775247,26025.528173458326,288357
1996-09-30,26025.528173458326,26913.592368368478,26025.528173458326,26551.67269204688,463228
1996-10-01,26551.67269204688,26948.95397741975,26551.67269204688,26920.740194782287,556624
1996-10-02,26920.740194782287,27038.09191395174,26869.149563280153,26913.776021636753,421077
1996-10-03,26913.776021636753,27324.59479516034,26913.776021636753,27219.372039792714,488836
1996-10-04,27219.372039792714,27219.372039792714,25860.93368423624,26072.358433730504,502786
1996-10-07,26072.358433730504,27215.778083059566,26072.358433730504,26845.895781641186,540917
1996-10-08,26845.895781641186,29428.6289691719,26845.895781641186,29096.139895986915,454283
1996-10-09,29096.139895986915,29096.139895986915,27683.296082459477,27906.98367718404,425959
1996-10-10,27906.98367718404,27906.98367718404,26916.053169504085,27165.410382829486,459265
1996-10-11,27165.410382829486,27165.410382829486,26041.405342805097,26345.673265490655,557257
1996-10-14,26345.673265490655,26919.87099800556,26345.673265490655,26845.29121463623,561564
1996-10-15,26845.29121463623,28233.122933581042,26845.29121463623,28040.57995423234,477650
1996-10-16,28040.57995423234,29112.322522434264,28040.57995423234,28716.9641355403,396082
1996-10-17,28716.9641355403,28716.9641355403,28096.914816963395,28157.81525954681,548071
1996-10-18,28157.81525954681,28806.043154696912,28157.81525954681,28657.524101908264,481354
1996-10-21,28657.524101908264,28697.290572996873,27911.183801070514,28334.679808202105,621263
1996-10-22,28334.679808202105,29275.709036868506,28334.679808202105,29023.608219200465,381558
1996-10-23,29023.608219200465,29054.680486768833,28308.315511105764,28684.038098506684,618282
1996-10-24,28684.038098506684,29444.694827888234,28684.038098506684,29384.88994921191,721876
1996-10-25,29384.88994921191,31234.57316625205,29384.88994921191,30871.0913451712,556756
1996-10-28,30871.0913451712,30871.0913451712,30292.210790315934,30451.10118953151,333849
1996-10-29,30451.10118953151,30451.10118953151,29281.39761481621,29463.29984777149,337284
1996-10-30,29463.29984777149,29463.29984777149,28788.023580384797,29065.836085554587,424381
1996-10-31,29065.836085554587,29065.836085554587,28093.157630341535,28253.576979136076,462574
1996-11-01,28253.576979136076,28253.576979136076,27486.49874148672,27786.68762905666,437922
1996-11-04,27786.68762905666,27791.78201740583,27336.914909183597,27581.951589773438,464626
1996-11-05,27581.951589773438,28503.913346760564,27581.951589773438,28138.919371545922,423096
1996-11-06,28138.919371545922,28138.919371545922,27420.788851408426,27771.134773678026,436010
1996-11-07,27771.134773678026,27771.134773678026,27196.75863644937,27337.568973749734,465731
1996-11-08,27337.568973749734,27337.568973749734,26104.014561720633,26242.224895220887,539174
1996-11-11,26242.224895220887,27842.58271746536,26242.224895220887,27829.0989218561,496319
1996-11-12,27829.0989218561,28746.849425624016,27829.0989218561,28503.313452142647,552752
1996-11-13,28503.313452142647,28931.46969935887,28503.313452142647,28921.807764068504,528365
1996-11-14,28921.807764068504,29416.396117431465,28892.005051993532,28988.325857944434,644550
1996-11-15,28988.325857944434,28988.325857944434,28578.405905759482,28847.697246040465,611061
1996-11-18,28847.697246040465,28847.697246040465,27022.696476329602,27187.830706863177,402548
1996-11-19,27187.830706863177,28135.19178335881,27187.830706863177,28001.63883067181,562137
1996-11-20,28001.63883067181,28666.665714688195,27979.04742815277,28265.696597063336,480388
1996-11-21,28265.696597063336,28265.696597063336,26216.464795915672,26531.926027153535,480029
1996-11-22,26531.926027153535,26531.926027153535,26300.23857179655,26324.32399779311,507633
1996-11-25,26324.32399779311,26324.32399779311,25576.208437056808,25891.036060442595,534364
1996-11-26,25891.036060442595,27700.737614008172,25891.036060442595,27397.107720584096,497736
1996-11-27,27397.107720584096,27397.107720584096,26539.971493553578,26936.995860609106,434574
1996-11-28,26936.995860609106,26943.737853652452,26597.81336800061,26744.012649514538,417732
1996-11-29,26744.012649514538,27716.698319768584,26744.012649514538,27552.912230862006,493740
1996-12-02,27552.912230862006,27848.701031519107,27201.20758280409,27554.13082608845,536708
1996-12-03,27554.13082608845,27554.13082608845,26161.13148408805,26494.70986534762,471477
1996-12-04,26494.70986534762,26494.70986534762,25255.475052976682,25527.749124023343,560768
1996-12-05,25527.749124023343,26724.30182574386,25527.749124023343,26431.787117202002,499769
1996-12-06,26431.787117202002,26802.692237705494,26431.787117202002,26576.83084150183,550303
1996-12-09,26576.83084150183,26576.83084150183,25907.346437707714,26200.36097215966,483799
1996-12-10,26200.36097215966,26263.367580650884,25738.046266566336,26028.35487058402,312869
1996-12-11,26028.35487058402,26028.35487058402,25839.11770523205,25848.37259522651,557662
1996-12-12,25848.37259522651,25848.37259522651,25191.41274120522,25380.018001634533,553111
1996-12-13,25380.018001634533,25380.018001634533,24874.661998763047,24922.098560024064,543203
1996-12-16,24922.098560024064,25192.164733959624,24565.76604253165,24827.019196633417,500836
1996-12-17,24827.019196633417,24827.019196633417,23994.13984812156,24024.497953513383,530570
1996-12-18,24024.497953513383,24035.693631902745,23670.511061586378,23750.115286118795,421605
1996-12-19,23750.115286118795,24100.31724848609,23750.115286118795,23871.43773322171,535053
1996-12-20,23871.43773322171,24227.786614255678,23871.43773322171,24082.00157396146,432984
1996-12-23,24082.00157396146,24507.267405803905,24082.00157396146,24477.50267960737,507815
1996-12-24,24477.50267960737,24477.50267960737,23654.004228701255,23931.411339099035,546468
1996-12-25,23931.411339099035,24026.317852070893,23758.81375503447,23943.76160061239,548719
1996-12-26,23943.76160061239,25221.697022666824,23943.76160061239,25215.762588615526,582326
1996-12-27,25215.762588615526,25349.449580001186,24919.876081977825,25046.00807928404,322906
1996-12-30,25046.00807928404,26946.94032512005,25046.00807928404,26575.60089581085,511977
1996-12-31,26575.60089581085,27728.135307548986,26575.60089581085,27509.015727700145,294304
1997-01-01,27509.015727700145,27752.830503491477,27442.662759956405,27577.505237590474,439599
1997-01-02,27577.505237590474,27866.14421629028,27399.190908081302,27792.824917749665,480715
1997-01-03,27792.824917749665,29237.546025665073,27792.824917749665,28934.60763517561,477459
1997-01-06,28934.60763517561,29653.710021542647,28934.60763517561,29284.828036153,422111
1997-01-07,29284.828036153,29284.828036153,27939.872153947406,28197.503473927187,446465
1997-01-08,28197.503473927187,29219.480206067627,28197.503473927187,28860.936782764104,617737
1997-01-09,28860.936782764104,29265.379382395164,28860.936782764104,29183.40551103994,433474
1997-01-10,29183.40551103994,29183.40551103994,28209.576411098595,28493.17277562857,509253
1997-01-13,28493.17277562857,29820.121809266173,28493.17277562857,29536.01858326428,459930
1997-01-14,29536.01858326428,29536.01858326428,27677.453328872518,27832.448797885296,507888
1997-01-15,27832.448797885296,28873.900759854198,27832.448797885296,28719.465617461326,547890
1997-01-16,28719.465617461326,28719.465617461326,28230.018611214768,28540.953929199506,513473
1997-01-17,28540.953929199506,29598.066582992204,28540.953929199506,29169.230594637538,447117
1997-01-20,29169.230594637538,29169.230594637538,28040.384597284658,28454.072211148396,469769
1997-01-21,28454.072211148396,29339.42036501116,28454.072211148396,29088.119577660433,629664
1997-01-22,29088.119577660433,29088.119577660433,28054.368764494968,28078.342484527686,520033
1997-01-23,28078.342484527686,29866.226933958034,28078.342484527686,29447.727262517426,517245
1997-01-24,29447.727262517426,29995.252724237624,29447.727262517426,29936.997651060563,515799
1997-01-27,29936.997651060563,29936.997651060563,29601.208696851998,29686.417642967433,509632
1997-01-28,29686.417642967433,30167.443132408785,29557.84362958477,29904.66349778884,402327
1997-01-29,29904.66349778884,29904.66349778884,28546.294896817646,28875.943010054965,548442
1997-01-30,28875.943010054965,28875.943010054965,27885.220608067473,28305.451727331743,626796
1997-01-31,28305.451727331743,28305.451727331743,26446.34114856888,26753.01195175201,564807
1997-02-03,26753.01195175201,26753.01195175201,26193.840656776432,26486.766302747867,433273
1997-02-04,26486.766302747867,27766.92837310921,26486.766302747867,27559.253767130733,444793
1997-02-05,27559.253767130733,28290.733467655817,27559.253767130733,28279.76440112065,380172
1997-02-06,28279.76440112065,28386.273896102084,28089.409457450543,28124.896204788452,629731
1997-02-07,28124.896204788452,29367.390392166413,28124.896204788452,28960.162490568662,597438
1997-02-10,28960.162490568662,28960.162490568662,27278.155533695146,27382.18727933066,600213
1997-02-11,27382.18727933066,27382.18727933066,26104.576406179865,26222.77503565284,520283
1997-02-12,26222.77503565284,26287.785858312272,25830.76419243681,26171.30577183971,405529
1997-02-13,26171.30577183971,26256.490272627583,26171.30577183971,26227.109219087968,482372
1997-02-14,26227.109219087968,26227.109219087968,25323.32462914408,25608.116496753268,659233
1997-02-17,25608.116496753268,25608.116496753268,25086.495190150014,25394.3428599399,671048
1997-02-18,25394.3428599399,25841.258960715986,25394.3428599399,25586.76869204899,376125
1997-02-19,25586.76869204899,25586.76869204899,24647.68543029959,24854.900083656143,439072
1997-02-20,24854.900083656143,24854.900083656143,24406.2942401994,24407.28214418954,456587
1997-02-21,24407.28214418954,25223.825199513965,24407.28214418954,24910.55002380925,353242
1997-02-24,24910.55002380925,26034.290315450853,24910.55002380925,25963.963717774193,447192
1997-02-25,25963.963717774193,25963.963717774193,24936.090702025984,25086.944141049382,572500
1997-02-26,25086.944141049382,25602.005378969803,25086.944141049382,25495.562055943697,561952
1997-02-27,25495.562055943697,25757.90789699664,25310.804662008923,25439.556314274185,586544
1997-02-28,25439.556314274185,25996.924559725707,25340.845899233263,25651.450580969708,482307
1997-03-03,25651.450580969708,25831.8952214651,25651.450580969708,25758.128097166144,489351
1997-03-04,25758.128097166144,26587.037509623366,25758.128097166144,26478.3577577194,540786
1997-03-05,26478.3577577194,26808.34690213685,26343.80499242237,26579.31764951368,463263
1997-03-06,26579.31764951368,26682.349959950974,26469.57975868254,26533.026228659775,482363
1997-03-07,26533.026228659775,26743.735966478056,26211.84548009433,26381.651781304347,466951
1997-03-10,26381.651781304347,26381.651781304347,24969.81060315453,25105.32099657734,550138
1997-03-11,25105.32099657734,25739.512373242123,25105.32099657734,25371.43745510209,544555
1997-03-12,25371.43745510209,25371.43745510209,24450.817831313503,24505.88530192314,444601
1997-03-13,24505.88530192314,24969.55702036881,24477.483733344172,24611.390564383877,303737
1997-03-14,24611.390564383877,24642.095992634106,24228.36410399188,24438.187245006047,540837
1997-03-17,24438.187245006047,24438.187245006047,23542.31989241083,23570.595418619196,539650
1997-03-18,23570.595418619196,24221.576245065688,23570.595418619196,24115.13816448603,539676
1997-03-19,24115.13816448603,24115.13816448603,23484.401490540422,23674.516440734536,571556
1997-03-20,23674.516440734536,24606.24410890169,23674.516440734536,24577.63728817348,554595
1997-03-21,24577.63728817348,24577.63728817348,23836.59605305759,23963.35666047286,463729
1997-03-24,23963.35666047286,24056.123678706917,23797.446072731724,24019.726601635975,495964
1997-03-25,24019.726601635975,24698.518134893693,24019.726601635975,24499.27751658987,501440
1997-03-26,24499.27751658987,24591.09226626957,24222.691422703723,24575.725285756664,513348
1997-03-27,24575.725285756664,24632.968340228446,24170.27741813011,24353.29348442681,527812
1997-03-28,24353.29348442681,24353.29348442681,22932.967062351436,23068.71760212253,554291
1997-03-31,23068.71760212253,23609.218576656087,23068.71760212253,23337.19423475823,583131
1997-04-01,23337.19423475823,23903.07537042124,23337.19423475823,23588.430321181855,371427
1997-04-02,23588.430321181855,24075.452215654896,23588.430321181855,23876.258304697854,504024
1997-04-03,23876.258304697854,23876.258304697854,22968.557238331043,23028.572287685136,396218
1997-04-04,23028.572287685136,23028.572287685136,22499.089644496828,22736.048087433872,547082
1997-04-07,22736.048087433872,23377.60495663958,22736.048087433872,23178.40521675195,487589
1997-04-08,23178.40521675195,23954.65181602229,23178.40521675195,23807.70757805628,470648
1997-04-09,23807.70757805628,24578.145713365233,23807.70757805628,24325.39902536624,555888
1997-04-10,24325.39902536624,25496.044257560385,24325.39902536624,25421.776054613554,564831
1997-04-11,25421.776054613554,26578.14678998448,25421.776054613554,26384.344732355774,473901
1997-04-14,26384.344732355774,27746.649903193982,26384.344732355774,27631.89547735602,473156
1997-04-15,27631.89547735602,27631.89547735602,26516.5367383834,26800.47317154414,548728
1997-04-16,26800.47317154414,27151.924798989923,26800.47317154414,27049.436502984892,512959
1997-04-17,27049.436502984892,27049.436502984892,26384.855314452157,26770.256237205143,474239
1997-04-18,26770.256237205143,26770.256237205143,26112.98144786876,26333.460899427126,536191
1997-04-21,26333.460899427126,26333.460899427126,24916.455509858293,25260.656042461414,446088
1997-04-22,25260.656042461414,25260.656042461414,24438.056568661603,24602.797913845563,419621
1997-04-23,24602.797913845563,25520.026733383762,24602.797913845563,25322.42119005413,509190
1997-04-24,25322.42119005413,25400.606645979664,25293.102006231842,25350.556368441885,412566
1997-04-25,25350.556368441885,26127.841709824086,25350.556368441885,26081.401800844305,463196
1997-04-28,26081.401800844305,26081.401800844305,25193.083261989694,25394.91789146427,447303
1997-04-29,25394.91789146427,26148.847655590114,25394.91789146427,26105.16116299527,516216
1997-04-30,26105.16116299527,26105.16116299527,25614.001587857583,25903.958710138613,489909
1997-05-01,25903.958710138613,25996.52485128243,25736.6487233293,25851.40027060745,512656
1997-05-02,25851.40027060745,25851.40027060745,24449.385043291197,24548.372768973903,521990
1997-05-05,24548.372768973903,24548.372768973903,24228.652636020433,24290.81799007133,445183
1997-05-06,24290.81799007133,25026.305391867074,24290.81799007133,24729.527320567948,478339
1997-05-07,24729.527320567948,25303.354627915265,24672.620001098967,24968.08354694246,442843
1997-05-08,24968.08354694246,24968.08354694246,24676.893744822875,24755.12396647907,484310
1997-05-09,24755.12396647907,25664.40922264775,24755.12396647907,25338.670739187175,559421
1997-05-12,25338.670739187175,26458.960273874993,25338.670739187175,26226.072475158642,468514
1997-05-13,26226.072475158642,28076.03914997261,26226.072475158642,27749.89491824167,536063
1997-05-14,27749.89491824167,28363.212012001655,27749.89491824167,27964.980819646033,453224
1997-05-15,27964.980819646033,29207.72545282544,27964.980819646033,28872.255591932128,482324
1997-05-16,28872.255591932128,28872.255591932128,27834.898484599176,27978.388528095376,545388
1997-05-19,27978.388528095376,27978.388528095376,26854.0542950244,26857.16903527707,412792
1997-05-20,26857.16903527707,27791.121029050257,26857.16903527707,27428.667438698063,402898
1997-05-21,27428.667438698063,28562.98814458701,27428.667438698063,28545.97219867243,674278
1997-05-22,28545.97219867243,28545.97219867243,28316.69780593984,28339.00357550269,668517
1997-05-23,28339.00357550269,28339.00357550269,26542.56100095264,26929.341118489796,239222
1997-05-26,26929.341118489796,26929.341118489796,25419.290222504478,25793.050941536934,397002
1997-05-27,25793.050941536934,26397.78759682263,25793.050941536934,26070.42005360926,542440
1997-05-28,26070.42005360926,27062.290753714566,26070.42005360926,26872.348961733907,578561
1997-05-29,26872.348961733907,27271.11637699459,26730.425857647155,27057.382646717146,543534
1997-05-30,27057.382646717146,28500.593530559887,27057.382646717146,28328.898487120554,474309
1997-06-02,28328.898487120554,28328.898487120554,27878.86806759475,27990.902874119787,504238
1997-06-03,27990.902874119787,29566.30937487603,27990.902874119787,29266.016194511813,466964
1997-06-04,29266.016194511813,29666.605180527007,29228.67621204947,29327.8249555136,553002
1997-06-05,29327.8249555136,29327.8249555136,28353.676834527156,28651.541792811477,530383
1997-06-06,28651.541792811477,28697.133980144175,28069.726751607017,28469.9441636629,487313
1997-06-09,28469.9441636629,29137.96073426085,28469.9441636629,28788.88809398842,360467
1997-06-10,28788.88809398842,29075.32465533565,28668.82979347426,28939.000236804135,639287
1997-06-11,28939.000236804135,29029.402612036523,28494.786327809743,28773.960712234857,617128
1997-06-12,28773.960712234857,28773.960712234857,27796.471250879516,28143.52589293803,360560
1997-06-13,28143.52589293803,28143.52589293803,27026.60720129609,27226.338694516908,464668
1997-06-16,27226.338694516908,27226.338694516908,26707.332795647988,26798.84536600887,509388
1997-06-17,26798.84536600887,27868.181980522706,26798.84536600887,27655.153872167277,466095
1997-06-18,27655.153872167277,27997.591019437612,27486.976291949948,27759.514585437453,581043
1997-06-19,27759.514585437453,27759.514585437453,26782.878721150573,27099.80641214671,436752
1997-06-20,27099.80641214671,28119.686156111544,27099.80641214671,27976.155388084095,510340
1997-06-23,27976.155388084095,27976.155388084095,27337.38812171213,27733.516253946,541651
1997-06-24,27733.516253946,27880.4283679095,27733.516253946,27761.456662878056,493636
1997-06-25,27761.456662878056,29090.442816267234,27761.456662878056,28846.19034462585,492056
1997-06-26,28846.19034462585,28846.19034462585,28184.052062756065,28413.568069179153,503150
1997-06-27,28413.568069179153,28413.568069179153,27713.20212599508,27815.695277664276,515178
1997-06-30,27815.695277664276,28932.234361093517,27815.695277664276,28740.10133375612,448677
1997-07-01,28740.10133375612,29595.055922982978,28740.10133375612,29586.70395778201,494665
1997-07-02,29586.70395778201,29904.42770203366,29415.899274967484,29512.523601034467,497432
1997-07-03,29512.523601034467,30653.420933520836,29512.523601034467,30362.46180787341,383004
1997-07-04,30362.46180787341,31015.57249084812,30362.46180787341,30818.392043020107,475741
1997-07-07,30818.392043020107,30818.392043020107,29549.735203386892,29991.71092335747,460637
1997-07-08,29991.71092335747,29991.71092335747,27973.26909707771,28369.269214725045,482846
1997-07-09,28369.269214725045,29372.7242012569,28369.269214725045,29226.13680034245,525025
1997-07-10,29226.13680034245,29226.13680034245,28445.796376625323,28736.572671634585,491554
1997-07-11,28736.572671634585,29424.403241492328,28736.572671634585,29355.87519669784,550901
1997-07-14,29355.87519669784,29355.87519669784,28319.52566836591,28387.99213075323,485283
1997-07-15,28387.99213075323,30105.018379437763,28387.99213075323,29667.467303491587,421964
1997-07-16,29667.467303491587,30058.82056656183,29667.467303491587,29934.7088675962,685053
1997-07-17,29934.7088675962,30344.73130593642,29781.28352582496,30186.53390231888,559888
1997-07-18,30186.53390231888,32767.49522220253,30186.53390231888,32513.4318715134,390488
1997-07-21,32513.4318715134,34043.27703677027,32513.4318715134,33938.47497548047,515336
1997-07-22,33938.47497548047,33938.47497548047,32711.021239986287,32744.722593210852,467882
1997-07-23,32744.722593210852,33594.49555971858,32744.722593210852,33357.35745167248,471194
1997-07-24,33357.35745167248,34368.817817879615,33357.35745167248,34196.58546881712,562138
1997-07-25,34196.58546881712,35015.92298204382,34196.58546881712,34833.40095018573,461761
1997-07-28,34833.40095018573,34833.40095018573,32476.29242419064,32662.396689508838,655693
1997-07-29,32662.396689508838,32662.396689508838,31379.231484059652,31433.66207765969,534961
1997-07-30,31433.66207765969,31433.66207765969,29806.77216539996,30255.264310544273,459689
1997-07-31,30255.264310544273,31548.91363790075,30255.264310544273,31504.555880978638,550334
1997-08-01,31504.555880978638,31504.555880978638,29938.897242294788,30323.682676114615,428234
1997-08-04,30323.682676114615,31377.521906561302,30323.682676114615,31371.078453764494,596946
1997-08-05,31371.078453764494,32534.3641190869,31371.078453764494,32369.05672606379,469588
1997-08-06,32369.05672606379,32369.05672606379,30440.962244222374,30877.136812251698,588120
1997-08-07,30877.136812251698,30877.136812251698,30487.978727572405,30496.930428006428,649861
1997-08-08,30496.930428006428,30496.930428006428,28508.158090933455,28683.44858532807,564066
1997-08-11,28683.44858532807,29179.527894697716,28503.793409426034,28919.226684486133,451734
1997-08-12,28919.226684486133,29987.48769073067,28919.226684486133,29606.402544432945,378354
1997-08-13,29606.402544432945,29606.402544432945,29259.289892239714,29374.76988289511,406972
1997-08-14,29374.76988289511,29374.76988289511,27058.636813303518,27180.953847610264,402571
1997-08-15,27180.953847610264,27502.557592686648,27155.67037395763,27285.441396916987,388335
1997-08-18,27285.441396916987,27285.441396916987,26717.53615578959,26868.70316936362,447869
1997-08-19,26868.70316936362,28051.899515055557,26868.70316936362,28014.84910820828,514405
1997-08-20,28014.84910820828,28014.84910820828,27269.670224206086,27463.456357979372,537793
1997-08-21,27463.456357979372,27463.456357979372,27053.078560024893,27098.458175687265,523882
1997-08-22,27098.458175687265,27098.458175687265,26404.3877129618,26606.624849612406,421551
1997-08-25,26606.624849612406,27741.800812372134,26606.624849612406,27485.197875744645,407027
1997-08-26,27485.197875744645,27485.197875744645,26306.116738521683,26508.359367153636,513577
1997-08-27,26508.359367153636,26508.359367153636,25218.774740231664,25450.715455015234,427084
1997-08-28,25450.715455015234,25851.349840123585,25332.52028764468,25655.080829430037,615204
1997-08-29,25655.080829430037,26372.29656583475,25655.080829430037,26198.898340285898,492750
1997-09-01,26198.898340285898,26301.992315336072,25693.53785048044,25998.487939569553,471715
1997-09-02,25998.487939569553,26650.17923513918,25998.487939569553,26630.86798509395,665880
1997-09-03,26630.86798509395,26990.00225391373,26394.680457997194,26678.03926280903,625539
1997-09-04,26678.03926280903,28016.50297743984,26678.03926280903,27816.804897020178,449892
1997-09-05,27816.804897020178,28810.495028159392,27816.804897020178,28740.09906317141,539787
1997-09-08,28740.09906317141,28740.09906317141,27626.213087130796,27828.717819876314,543961
1997-09-09,27828.717819876314,27828.717819876314,26995.658373780367,27199.249129330663,501303
1997-09-10,27199.249129330663,27199.249129330663,26278.880076413054,26521.324149859618,485960
1997-09-11,26521.324149859618,26521.324149859618,25985.448609543673,26076.1015843441,425889
1997-09-12,26076.1015843441,26076.1015843441,25699.49457662102,25754.20890582545,496706
1997-09-15,25754.20890582545,25754.20890582545,24559.539699000066,24591.82274279295,441655
1997-09-16,24591.82274279295,24788.709194767187,24389.480051639395,24667.239923844434,517125
1997-09-17,24667.239923844434,25702.3403525442,24667.239923844434,25515.78186872225,535348
1997-09-18,25515.78186872225,26315.563073200865,25515.78186872225,26046.97571250491,460346
1997-09-19,26046.97571250491,26597.1851572939,26046.97571250491,26382.975896395026,564979
1997-09-22,26382.975896395026,26382.975896395026,25511.084827607297,25617.881254214313,553667
1997-09-23,25617.881254214313,26428.260592427938,25617.881254214313,26232.34088666372,576444
1997-09-24,26232.34088666372,26358.21620807146,26232.34088666372,26317.57928091627,542091
1997-09-25,26317.57928091627,26533.872832983394,26074.536316611815,26336.01993413401,597442
1997-09-26,26336.01993413401,26453.2819763053,26040.662108671942,26368.912147662562,533882
1997-09-29,26368.912147662562,27481.634144184958,26368.912147662562,27097.764594481985,585728
1997-09-30,27097.764594481985,27097.764594481985,25060.106660531925,25355.871776907243,403310
1997-10-01,25355.871776907243,26712.85544111911,25355.871776907243,26538.290880307293,504712
1997-10-02,26538.290880307293,26538.290880307293,26184.883885465384,26363.82987962605,378495
1997-10-03,26363.82987962605,26606.198612241416,26363.82987962605,26560.83782778539,540566
1997-10-06,26560.83782778539,28379.863982039078,26560.83782778539,28207.420272356077,417221
1997-10-07,28207.420272356077,29056.397169042437,28207.420272356077,28806.205051035122,552668
1997-10-08,28806.205051035122,30419.587889088354,28806.205051035122,29999.346506351118,468223
1997-10-09,29999.346506351118,29999.346506351118,29077.92413223836,29222.41215303968,511669
1997-10-10,29222.41215303968,29222.41215303968,27950.536161795,28081.005129386238,443585
1997-10-13,28081.005129386238,30981.696526228847,28081.005129386238,30835.059402982475,507592
1997-10-14,30835.059402982475,31152.019890647545,30835.059402982475,30890.24646412027,575984
1997-10-15,30890.24646412027,33252.064235605845,30890.24646412027,33137.67131677475,474883
1997-10-16,33137.67131677475,33137.67131677475,32891.170351476554,32950.15185605853,622470
1997-10-17,32950.15185605853,33110.84156395636,32570.74764088717,32997.926341364204,518313
1997-10-20,32997.926341364204,34571.98826947014,32997.926341364204,34082.75551632271,577966
1997-10-21,34082.75551632271,35348.149633550165,34082.75551632271,35206.202827458925,539653
1997-10-22,35206.202827458925,35206.202827458925,32190.40044215427,32277.92045418283,571155
1997-10-23,32277.92045418283,32622.154118535003,32274.237788701077,32500.763750358063,450604
1997-10-24,32500.763750358063,32881.05019313893,32241.276361036962,32627.39044829784,580480
1997-10-27,32627.39044829784,33135.4711179331,32596.805080038695,32723.47069702531,498181
1997-10-28,32723.47069702531,32723.47069702531,31071.666251911913,31399.12589185336,534418
1997-10-29,31399.12589185336,32662.92076016155,31399.12589185336,32652.53544654337,425525
1997-10-30,32652.53544654337,32652.53544654337,31743.677406655737,31813.83731739386,524531
1997-10-31,31813.83731739386,31813.83731739386,30394.396356602614,30663.10704542653,587095
1997-11-03,30663.10704542653,30663.10704542653,28282.97985684848,28491.44381492477,422955
1997-11-04,28491.44381492477,30208.841377721852,28491.44381492477,29785.240324303995,485176
1997-11-05,29785.240324303995,30017.56048731463,29399.719655268338,29740.287978459604,620559
1997-11-06,29740.287978459604,30799.02862787454,29740.287978459604,30533.863089978313,704177
1997-11-07,30533.863089978313,30982.15390875072,30533.863089978313,30714.06930342483,617787
1997-11-10,30714.06930342483,30714.06930342483,29003.063306776694,29127.901235438138,572162
1997-11-11,29127.901235438138,29127.901235438138,27663.789258225046,27992.496289678034,460969
1997-11-12,27992.496289678034,28101.98130536512,27976.50253293542,28003.105766323628,407288
1997-11-13,28003.105766323628,28617.310420616162,28003.105766323628,28455.79885871807,364421
1997-11-14,28455.79885871807,28455.79885871807,26466.3871500047,26747.957710029084,422444
1997-11-17,26747.957710029084,27089.503258578057,26747.957710029084,27049.16978586419,515686
1997-11-18,27049.16978586419,28340.186569722424,27049.16978586419,28255.80451968976,377585
1997-11-19,28255.80451968976,28837.67530099214,28255.80451968976,28618.85768472448,422998
1997-11-20,28618.85768472448,28618.85768472448,27953.75991185421,28188.419362150456,568061
1997-11-21,28188.419362150456,28188.419362150456,27174.451774960944,27522.06489239515,603571
1997-11-24,27522.06489239515,27522.06489239515,26088.35056117717,26418.916327043706,409007
1997-11-25,26418.916327043706,26418.916327043706,25370.319453888238,25562.706382276087,428338
1997-11-26,25562.706382276087,25562.706382276087,24802.211650759953,25170.854993823523,520394
1997-11-27,25170.854993823523,25170.854993823523,24408.0992930911,24551.244833912195,530493
1997-11-28,24551.244833912195,25257.462551320375,24551.244833912195,25055.43081351942,479313
1997-12-01,25055.43081351942,25396.31278995626,25055.43081351942,25352.59908078127,516721
1997-12-02,25352.59908078127,25514.12763867134,25237.42228587905,25351.539781917767,472815
1997-12-03,25351.539781917767,25760.33061977521,25325.46193902781,25706.49609035869,390518
1997-12-04,25706.49609035869,26929.549366236683,25706.49609035869,26646.09646767733,606098
1997-12-05,26646.09646767733,27683.154722030664,26646.09646767733,27327.52971822099,439674
1997-12-08,27327.52971822099,27438.481215312204,26884.571834190716,27035.567278454895,456210
1997-12-09,27035.567278454895,28783.665476278933,27035.567278454895,28680.562978319558,485490
1997-12-10,28680.562978319558,28680.562978319558,27893.39457018765,28066.023167577303,474437
1997-12-11,28066.023167577303,30003.66383662299,28066.023167577303,29862.00255190899,361285
1997-12-12,29862.00255190899,29862.00255190899,28693.531878634483,28977.457354088012,508979
1997-12-15,28977.457354088012,28977.457354088012,27617.201465972004,27745.74602468461,388294
1997-12-16,27745.74602468461,28097.437327902637,27679.337487965382,27805.384139654565,510088
1997-12-17,27805.384139654565,27805.384139654565,27309.146666004162,27599.919458846518,598628
1997-12-18,27599.919458846518,28554.901644805792,27599.919458846518,28187.307420594032,558068
1997-12-19,28187.307420594032,30658.584213699363,28187.307420594032,30328.605154882716,492540
1997-12-22,30328.605154882716,30729.89498892791,30328.605154882716,30526.632468525568,479082
1997-12-23,30526.632468525568,30903.47586666449,30504.61129929354,30537.7831880573,468358
1997-12-24,30537.7831880573,30537.7831880573,28206.985468639825,28585.710430272484,591988
1997-12-25,28585.710430272484,28585.710430272484,28077.85349919731,28282.87100220211,634794
1997-12-26,28282.87100220211,28282.87100220211,27569.859839338795,27709.827970887363,674189
1997-12-29,27709.827970887363,27709.827970887363,27092.31939180775,27211.351525781545,262310
1997-12-30,27211.351525781545,27211.351525781545,26354.649418522207,26652.048786216277,413371
1997-12-31,26652.048786216277,26652.048786216277,26081.44796392005,26152.017983594946,364537
1998-01-01,26152.017983594946,26152.017983594946,25504.38505866913,25846.02194763961,554421
1998-01-02,25846.02194763961,25846.02194763961,24043.738406872217,24346.42579326508,507603
1998-01-05,24346.42579326508,26051.421917605465,24346.42579326508,25726.651341246983,581846
1998-01-06,25726.651341246983,26619.477274625344,25726.651341246983,26268.842604124602,442882
1998-01-07,26268.842604124602,27234.32687612935,26268.842604124602,27049.405759050278,579700
1998-01-08,27049.405759050278,27098.971176994608,26822.098801333144,26926.348816195125,542728
1998-01-09,26926.348816195125,26926.348816195125,25275.17865527347,25376.07368127412,444240
1998-01-12,25376.07368127412,26748.40863110188,25376.07368127412,26457.07316265583,636093
1998-01-13,26457.07316265583,26457.07316265583,25961.899779913114,26002.548967999654,512275
1998-01-14,26002.548967999654,26002.548967999654,25151.95926076111,25323.303450200416,543254
1998-01-15,25323.303450200416,26391.265837875922,25323.303450200416,26135.68916073746,579096
1998-01-16,26135.68916073746,26135.68916073746,25586.69537289335,25821.649852579638,418824
1998-01-19,25821.649852579638,27352.719477944895,25821.649852579638,27238.04468596255,452411
1998-01-20,27238.04468596255,27238.04468596255,26663.726894676816,27002.631552675433,401514
1998-01-21,27002.631552675433,27464.794741891914,27002.631552675433,27254.22514369087,505575
1998-01-22,27254.22514369087,27446.100416692978,27155.67578669733,27161.237443868435,581772
1998-01-23,27161.237443868435,27889.622560038253,27161.237443868435,27614.719232178006,392580
1998-01-26,27614.719232178006,27614.719232178006,26652.164014072667,27034.43651961754,487923
1998-01-27,27034.43651961754,28148.01292626808,27034.43651961754,27804.616785184688,550895
1998-01-28,27804.616785184688,27804.616785184688,26647.471121991886,26877.27140254203,471888
1998-01-29,26877.27140254203,26877.27140254203,26424.70469197816,26640.14393353524,613748
1998-01-30,26640.14393353524,28019.76391642348,26640.14393353524,27736.259989269955,375175
1998-02-02,27736.259989269955,27736.259989269955,26970.184768600993,27126.615743034654,561029
1998-02-03,27126.615743034654,27126.615743034654,25364.764991645152,25688.62492794342,398551
1998-02-04,25688.62492794342,25934.68483829543,25416.195440093412,25694.764043914714,530119
1998-02-05,25694.764043914714,26516.83526486103,25694.764043914714,26165.016540845107,399216
1998-02-06,26165.016540845107,26740.980312946016,26034.981677592,26399.137352376816,488176
1998-02-09,26399.137352376816,27177.71499733256,26399.137352376816,26869.35911717817,493730
1998-02-10,26869.35911717817,27323.07419233407,26869.35911717817,27308.62300452649,447277
1998-02-11,27308.62300452649,27882.339049195412,27308.62300452649,27622.760488161286,395414
1998-02-12,27622.760488161286,27943.229727563565,27354.05844211235,27655.282814135608,453181
1998-02-13,27655.282814135608,28204.32207731296,27530.60730572934,27852.493724502434,505856
1998-02-16,27852.493724502434,29170.420070681754,27852.493724502434,28836.27671415907,404670
1998-02-17,28836.27671415907,29001.347345380615,28284.47213095567,28576.80906223723,513836
1998-02-18,28576.80906223723,29314.122164047007,28570.747589509436,28975.887011210532,455605
1998-02-19,28975.887011210532,29752.591541873455,28975.887011210532,29519.765751564904,477203
1998-02-20,29519.765751564904,29960.424218413027,29305.535795994292,29652.863868246808,605454
1998-02-23,29652.863868246808,29652.863868246808,28865.988778015966,29221.50902274842,499546
1998-02-24,29221.50902274842,29341.545797667754,28998.038460880038,29256.353154907076,431751
1998-02-25,29256.353154907076,29256.353154907076,27926.741240494048,28351.701207767965,420237
1998-02-26,28351.701207767965,29079.987444748265,28351.701207767965,28723.06611586856,475410
1998-02-27,28723.06611586856,28723.06611586856,27903.270817886205,27947.83683255491,540744
1998-03-02,27947.83683255491,27956.47409321366,27516.684744386363,27866.473834744113,633404
1998-03-03,27866.473834744113,27866.473834744113,27204.36140798174,27485.5926543249,521951
1998-03-04,27485.5926543249,27485.5926543249,27201.430234384894,27273.69176712825,415624
1998-03-05,27273.69176712825,28144.41937849245,27273.69176712825,27919.464736672813,671693
1998-03-06,27919.464736672813,28577.08911460934,27919.464736672813,28404.53389224098,367685
1998-03-09,28404.53389224098,28774.559796236594,28237.152818174924,28596.06393985898,363436
1998-03-10,28596.06393985898,28596.06393985898,26543.587686008937,26885.503527374272,628356
1998-03-11,26885.503527374272,26885.503527374272,26767.585745091452,26871.082405385376,493788
1998-03-12,26871.082405385376,27364.70855638181,26871.082405385376,27063.35861953502,480020
1998-03-13,27063.35861953502,28025.165961745417,27063.35861953502,27674.139988950166,735123
1998-03-16,27674.139988950166,29373.632001551265,27674.139988950166,28997.04675988066,501480
1998-03-17,28997.04675988066,29100.56874125928,28760.816854631237,28922.111454647824,404953
1998-03-18,28922.111454647824,30067.219539813792,28922.111454647824,29795.77391225486,564726
1998-03-19,29795.77391225486,29795.77391225486,28855.912631113802,28900.152726849446,553375
1998-03-20,28900.152726849446,29563.87432126236,28900.152726849446,29247.797949928696,604829
1998-03-23,29247.797949928696,29247.797949928696,28144.25856049399,28500.45588686372,443575
1998-03-24,28500.45588686372,28500.45588686372,26789.811947124403,26800.38253894971,455549
1998-03-25,26800.38253894971,28107.88271023925,26800.38253894971,27950.205724108408,486699
1998-03-26,27950.205724108408,28357.453440443576,27753.287482760672,28012.590711230194,653880
1998-03-27,28012.590711230194,28911.489715691532,28012.590711230194,28860.107742770848,552983
1998-03-30,28860.107742770848,29398.85185249232,28567.492925814513,28988.442312125342,456737
1998-03-31,28988.442312125342,28988.442312125342,27686.889775207517,27798.707555110163,540564
1998-04-01,27798.707555110163,27916.179881969827,27586.300456879937,27908.150733800303,573229
1998-04-02,27908.150733800303,27908.150733800303,27150.00543212172,27309.51307669145,320923
1998-04-03,27309.51307669145,27687.454402730607,26982.446585813595,27312.46657668394,597672
1998-04-06,27312.46657668394,27527.116494940175,27192.63977701145,27384.612128237815,469287
1998-04-07,27384.612128237815,27384.612128237815,26542.400273412397,26775.260153425046,506686
1998-04-08,26775.260153425046,26775.260153425046,26365.21083674701,26384.456118169714,320432
1998-04-09,26384.456118169714,26801.443113866957,26194.292724217557,26408.131800270774,527856
1998-04-10,26408.131800270774,26554.610191179425,26213.835370831974,26280.39636520353,498947
1998-04-13,26280.39636520353,26853.185283424005,26185.639778582114,26502.738969509217,484203
1998-04-14,26502.738969509217,26502.738969509217,25281.796765994393,25439.979476348788,522869
1998-04-15,25439.979476348788,26036.97750137592,25439.979476348788,25831.69056109952,440507
1998-04-16,25831.69056109952,25831.69056109952,25019.027773390168,25333.374680088258,563150
1998-04-17,25333.374680088258,25819.9269231533,25333.374680088258,25756.805136660132,381425
1998-04-20,25756.805136660132,26429.87821082114,25756.805136660132,26215.037430284585,523547
1998-04-21,26215.037430284585,26914.680063065447,26215.037430284585,26604.84288412111,542682
1998-04-22,26604.84288412111,27126.186600373127,26604.84288412111,26911.178912691903,542231
1998-04-23,26911.178912691903,27656.82985834136,26911.178912691903,27279.296853622316,344975
1998-04-24,27279.296853622316,27279.296853622316,25088.468943235064,25438.27140138608,397938
1998-04-27,25438.27140138608,25641.62041201796,25202.9796691082,25398.367482460435,505895
1998-04-28,25398.367482460435,25398.367482460435,24898.21833607155,25065.433329693198,409838
1998-04-29,25065.433329693198,25096.55883539755,24995.80967007631,25095.798867815232,505181
1998-04-30,25095.798867815232,25095.798867815232,24430.43329732255,24449.976883605592,409931
1998-05-01,24449.976883605592,24449.976883605592,23389.958745404994,23575.47515358058,508551
1998-05-04,23575.47515358058,24001.052310783427,23575.47515358058,23879.705948726227,511806
1998-05-05,23879.705948726227,23879.705948726227,22551.18283868692,22665.930351682142,590065
1998-05-06,22665.930351682142,22665.930351682142,21540.39029017618,21704.608610482202,434038
1998-05-07,21704.608610482202,21704.608610482202,20724.244182550196,20788.054787936995,473717
1998-05-08,20788.054787936995,22408.91420965275,20788.054787936995,22164.92604398621,278522
1998-05-11,22164.92604398621,22311.240909417083,21944.19155533919,22201.32406494206,550484
1998-05-12,22201.32406494206,22201.32406494206,21709.791427409426,21941.935047148225,280058
1998-05-13,21941.935047148225,21978.448413770824,21796.4412068608,21843.230742325,413036
1998-05-14,21843.230742325,21843.230742325,20791.37800667162,21098.5309436634,414589
1998-05-15,21098.5309436634,21098.5309436634,20599.849815990707,20729.55817886463,421109
1998-05-18,20729.55817886463,20729.55817886463,20106.151827630252,20157.20285916787,565823
1998-05-19,20157.20285916787,20678.749258683598,20154.12172267816,20452.025751460344,488984
1998-05-20,20452.025751460344,20452.025751460344,20135.462680014687,20362.311925370966,332483
1998-05-21,20362.311925370966,20362.311925370966,19418.748761942643,19568.291997174016,511714
1998-05-22,19568.291997174016,19568.291997174016,19177.93678705994,19224.5555399168,320516
1998-05-25,19224.5555399168,19668.121682683442,19224.5555399168,19562.103090147728,443495
1998-05-26,19562.103090147728,20115.32558308441,19562.103090147728,19834.704657351318,569963
1998-05-27,19834.704657351318,19834.704657351318,19263.333354978717,19554.830956568134,500138
1998-05-28,19554.830956568134,19554.830956568134,18478.191633781975,18669.7165056202,551295
1998-05-29,18669.7165056202,19343.28050168352,18669.7165056202,19314.777995979424,340155
1998-06-01,19314.777995979424,20395.121647400454,19314.777995979424,20279.68217533322,574353
1998-06-02,20279.68217533322,20692.809103548585,20279.68217533322,20454.99295740688,431362
1998-06-03,20454.99295740688,21271.913658392456,20454.99295740688,21257.5828812167,532780
1998-06-04,21257.5828812167,21367.0485367747,21249.213807606287,21326.967172356242,524908
1998-06-05,21326.967172356242,21646.117127780155,21326.967172356242,21480.48287953593,440726
1998-06-08,21480.48287953593,21988.73141317685,21480.48287953593,21958.798950119144,559167
1998-06-09,21958.798950119144,23174.024436082447,21958.798950119144,22953.874187245652,491521
1998-06-10,22953.874187245652,23868.644056981982,22953.874187245652,23681.721911866618,512978
1998-06-11,23681.721911866618,23681.721911866618,22172.615372802153,22486.31651990877,488011
1998-06-12,22486.31651990877,22721.391741865176,22473.239063646044,22651.745966803155,581686
1998-06-15,22651.745966803155,23135.398116975077,22570.19678008875,22806.630469001062,495560
1998-06-16,22806.630469001062,23227.352885283304,22806.630469001062,23001.19594611573,371020
1998-06-17,23001.19594611573,23334.452088571634,22911.87879691983,23033.55793206118,539392
1998-06-18,23033.55793206118,23033.55793206118,22472.930172370703,22777.51888601096,587527
1998-06-19,22777.51888601096,23611.417015301737,22777.51888601096,23451.150816233887,422208
1998-06-22,23451.150816233887,24018.835460235223,23435.880673453667,23690.440442127096,549816
1998-06-23,23690.440442127096,23949.78970744133,23515.635048975877,23845.114631460103,343240
1998-06-24,23845.114631460103,23845.114631460103,22753.34137172709,22988.533652310896,497442
1998-06-25,22988.533652310896,23348.215142328267,22988.533652310896,23201.04860967403,327091
1998-06-26,23201.04860967403,23201.04860967403,22729.945810857378,22986.944796964573,505401
1998-06-29,22986.944796964573,22986.944796964573,22327.329485481478,22573.291434618397,369456
1998-06-30,22573.291434618397,22573.291434618397,22151.088926283133,22223.41416523416,492278
1998-07-01,22223.41416523416,22223.41416523416,21589.113303835966,21842.83841327156,348236
1998-07-02,21842.83841327156,22204.31313915178,21665.712880997493,21902.275350349533,384024
1998-07-03,21902.275350349533,21902.275350349533,21358.773041861554,21480.5150169526,554223
1998-07-06,21480.5150169526,22063.921121928382,21480.5150169526,21799.52389227115,539411
1998-07-07,21799.52389227115,21799.52389227115,21161.027946505666,21230.2276235424,716332
1998-07-08,21230.2276235424,21230.2276235424,20690.085770532613,20872.148697649285,537823
1998-07-09,20872.148697649285,21441.353703313944,20872.148697649285,21263.986814087795,452087
1998-07-10,21263.986814087795,21599.923931038757,21190.228196212454,21315.215622144904,425591
1998-07-13,21315.215622144904,21538.538930647,21232.05030103775,21535.925222325008,518179
1998-07-14,21535.925222325008,22333.924107101062,21535.925222325008,22049.658823967027,453742
1998-07-15,22049.658823967027,22049.658823967027,21604.224651838238,21604.339882649623,572197
1998-07-16,21604.339882649623,21717.274267327728,21405.49764048155,21649.41423355924,484387
1998-07-17,21649.41423355924,21958.291917630657,21535.331916698455,21647.698129455704,521734
1998-07-20,21647.698129455704,22270.17830051279,21647.698129455704,22211.69927941445,464278
1998-07-21,22211.69927941445,22211.69927941445,21493.404027627315,21583.823707343054,517634
1998-07-22,21583.823707343054,22052.728724269928,21540.611744277114,21805.216573127025,536213
1998-07-23,21805.216573127025,22160.145838626337,21805.216573127025,21971.555107282184,518170
1998-07-24,21971.555107282184,22248.781121893375,21903.11792788531,21954.884577485635,459564
1998-07-27,21954.884577485635,22827.660715584985,21954.884577485635,22627.198680995898,475058
1998-07-28,22627.198680995898,22695.18350131303,22251.98827568163,22389.547413826396,417722
1998-07-29,22389.547413826396,22389.547413826396,21618.510509288437,21690.424504700695,561456
1998-07-30,21690.424504700695,21690.424504700695,21273.656043937237,21509.239366837635,518983
1998-07-31,21509.239366837635,21945.24288049132,21479.127163223005,21664.66364959187,436490
1998-08-03,21664.66364959187,21664.66364959187,21125.759573581614,21333.341416518277,311615
1998-08-04,21333.341416518277,21690.004756074213,21251.125413923903,21539.761070831973,628411
1998-08-05,21539.761070831973,22758.560530062845,21539.761070831973,22433.234100344278,492517
1998-08-06,22433.234100344278,22433.234100344278,21600.45148086834,21689.548941190893,702578
1998-08-07,21689.548941190893,21867.447095943553,21689.548941190893,21782.640361918686,486404
1998-08-10,21782.640361918686,21782.640361918686,21232.446266024166,21234.403531356034,406209
1998-08-11,21234.403531356034,21385.49295618024,20884.25515029273,21144.87220559489,617327
1998-08-12,21144.87220559489,22210.992917512078,21144.87220559489,21980.587487711757,511115
1998-08-13,21980.587487711757,22202.74411727107,21797.69599422504,22041.00399660819,400738
1998-08-14,22041.00399660819,23127.054775581804,22041.00399660819,22876.21469419107,423557
1998-08-17,22876.21469419107,22876.21469419107,22145.360484027507,22327.300602026404,449189
1998-08-18,22327.300602026404,23137.4604348796,22327.300602026404,23086.6480940789,471914
1998-08-19,23086.6480940789,23559.12787250556,23086.6480940789,23354.77072210768,418716
1998-08-20,23354.77072210768,24713.520704731018,23354.77072210768,24517.12844631626,523958
1998-08-21,24517.12844631626,25260.688518654104,24517.12844631626,25053.41771032683,403525
1998-08-24,25053.41771032683,25053.41771032683,23980.80964210813,24193.68457786915,443522
1998-08-25,24193.68457786915,24193.68457786915,23790.62569896716,24105.424081255656,441681
1998-08-26,24105.424081255656,24105.424081255656,23428.029639234443,23554.225030729587,535051
1998-08-27,23554.225030729587,24358.029898303004,23554.225030729587,24313.981643814914,571316
1998-08-28,24313.981643814914,24313.981643814914,23391.41932271249,23699.569181619903,530039
1998-08-31,23699.569181619903,24282.38172638613,23699.569181619903,24257.136865977714,414913
1998-09-01,24257.136865977714,24257.136865977714,23807.095631345474,24082.540157499516,533922
1998-09-02,24082.540157499516,25407.357860008517,24082.540157499516,25142.46008858568,399469
1998-09-03,25142.46008858568,25142.46008858568,24654.0862924243,24825.607927485646,525855
1998-09-04,24825.607927485646,24825.607927485646,24058.515392741407,24291.767445514695,655238
1998-09-07,24291.767445514695,24291.767445514695,23657.637830836476,23798.26892835011,695906
1998-09-08,23798.26892835011,24228.470232390508,23798.26892835011,23966.69506781744,601048
1998-09-09,23966.69506781744,24837.22618679581,23966.69506781744,24791.74751645747,413229
1998-09-10,24791.74751645747,25675.720878055003,24791.74751645747,25371.779654837566,443801
1998-09-11,25371.779654837566,25906.216964796284,25371.779654837566,25642.85811042746,255289
1998-09-14,25642.85811042746,26278.88676389152,25642.85811042746,26104.815640689194,519380
1998-09-15,26104.815640689194,28470.02670482959,26104.815640689194,28267.745880946786,477155
1998-09-16,28267.745880946786,29533.701906390437,28267.745880946786,29312.55166838666,594305
1998-09-17,29312.55166838666,30517.026274909364,29312.55166838666,30470.272398233185,419368
1998-09-18,30470.272398233185,31496.089348810718,30470.272398233185,31325.32595496802,511404
1998-09-21,31325.32595496802,31325.32595496802,30879.417069220824,30882.986082438096,599717
1998-09-22,30882.986082438096,30882.986082438096,28552.968952175743,28651.474967223003,602619
1998-09-23,28651.474967223003,30255.022480220137,28651.474967223003,30210.16199203746,564338
1998-09-24,30210.16199203746,30812.300597358346,30210.16199203746,30563.09357831356,489696
1998-09-25,30563.09357831356,30603.393869383683,30008.97950068584,30157.3436848304,450262
1998-09-28,30157.3436848304,30157.3436848304,28912.927391035842,29225.539771120584,539023
1998-09-29,29225.539771120584,29867.379096277655,29225.539771120584,29751.109680946076,582682
1998-09-30,29751.109680946076,29751.109680946076,28701.170615091403,28839.72769706447,675185
1998-10-01,28839.72769706447,29148.280736457054,28595.941950721804,28904.09409509637,514106
1998-10-02,28904.09409509637,28954.60028976778,28492.319283116423,28679.724426191104,422336
1998-10-05,28679.724426191104,29376.344161730507,28667.81313566076,29043.596423737526,538554
1998-10-06,29043.596423737526,29491.69176080955,29043.596423737526,29347.846271184026,461171
1998-10-07,29347.846271184026,29585.420512571727,29241.19552572924,29326.393189588736,541978
1998-10-08,29326.393189588736,29455.11483064386,28984.42093319885,29414.030478354693,566410
1998-10-09,29414.030478354693,29438.087437063405,28632.64566556692,29060.87937096646,544034
1998-10-12,29060.87937096646,29060.87937096646,27327.68125887744,27653.705776261253,411583
1998-10-13,27653.705776261253,27653.705776261253,27323.146927270376,27331.832657020288,623518
1998-10-14,27331.832657020288,27331.832657020288,26355.725965644753,26695.73296739771,561686
1998-10-15,26695.73296739771,26695.73296739771,25403.319728897393,25685.424467970668,513571
1998-10-16,25685.424467970668,26055.82550744471,25685.424467970668,25926.10976037637,572344
1998-10-19,25926.10976037637,26576.905081444864,25926.10976037637,26455.296919890643,439054
1998-10-20,26455.296919890643,27627.528933910457,26455.296919890643,27441.038687000946,586843
1998-10-21,27441.038687000946,27441.038687000946,25958.75299500828,26226.921176729797,505354
1998-10-22,26226.921176729797,26226.921176729797,25817.15314637746,25898.0265193451,459348
1998-10-23,25898.0265193451,26521.528435589615,25898.0265193451,26322.0829545261,603127
1998-10-26,26322.0829545261,26322.0829545261,25378.28034539591,25659.155080647215,450543
1998-10-27,25659.155080647215,25659.155080647215,24904.457487641605,25244.049843407338,564186
1998-10-28,25244.049843407338,25244.049843407338,23872.324904970414,24045.05148648251,414563
1998-10-29,24045.05148648251,24230.459781872534,23856.82889375674,24106.102701071784,549275
1998-10-30,24106.102701071784,24106.102701071784,23198.967892504745,23511.50622594389,616512
1998-11-02,23511.50622594389,23837.71899109415,23380.952073086195,23578.26068877709,541171
1998-11-03,23578.26068877709,24673.938194716997,23578.26068877709,24496.149466032155,328918
1998-11-04,24496.149466032155,24496.149466032155,23933.496058655815,23970.83843785821,461737
1998-11-05,23970.83843785821,23970.83843785821,23307.205613471266,23397.76323020469,549210
1998-11-06,23397.76323020469,23858.768909452818,23397.76323020469,23821.855572515517,449760
1998-11-09,23821.855572515517,23821.855572515517,23228.900396303194,23324.51312453342,538201
1998-11-10,23324.51312453342,24066.351562236636,23324.51312453342,24019.777178026397,466322
1998-11-11,24019.777178026397,24256.93638403589,23917.322671579732,24163.065817180464,515293
1998-11-12,24163.065817180464,24412.419220282067,24160.06154154099,24344.754365615154,344923
1998-11-13,24344.754365615154,24612.428543350376,24344.754365615154,24452.52525735113,423329
1998-11-16,24452.52525735113,25798.130572528957,24452.52525735113,25535.661915446075,441212
1998-11-17,25535.661915446075,25535.661915446075,24489.84711714652,24726.58854403705,663886
1998-11-18,24726.58854403705,25181.26548047408,24726.58854403705,24859.01582035648,442288
1998-11-19,24859.01582035648,25164.805448315226,24723.889634921252,24911.14896218763,496036
1998-11-20,24911.14896218763,26200.27715811952,24911.14896218763,26062.53168687727,588111
1998-11-23,26062.53168687727,26062.53168687727,25202.835686129238,25543.988516051668,592154
1998-11-24,25543.988516051668,25868.988113415337,25445.80506144153,25643.316814640308,424525
1998-11-25,25643.316814640308,26407.64340161383,25643.316814640308,26152.929129150765,435816
1998-11-26,26152.929129150765,26432.526009115074,25945.2371522737,26301.350100245778,307529
1998-11-27,26301.350100245778,27289.610415096075,26301.350100245778,27200.232613531767,599617
1998-11-30,27200.232613531767,28121.94675323433,27200.232613531767,27773.954085394667,661477
1998-12-01,27773.954085394667,28169.82385402973,27709.422568603673,28129.682006860807,461878
1998-12-02,28129.682006860807,28129.682006860807,27820.500504441035,27890.813604830488,639554
1998-12-03,27890.813604830488,27890.813604830488,27219.74906049738,27608.592189601943,406872
1998-12-04,27608.592189601943,28007.05700727875,27608.592189601943,27921.125614816265,473683
1998-12-07,27921.125614816265,28445.758043931677,27921.125614816265,28116.779408583243,599638
1998-12-08,28116.779408583243,29553.76880309203,28116.779408583243,29467.81086496906,453627
1998-12-09,29467.81086496906,29467.81086496906,28195.388007439124,28245.61875900111,650018
1998-12-10,28245.61875900111,28245.61875900111,26966.089184523455,27330.033760270147,533020
1998-12-11,27330.033760270147,28471.79702472438,27330.033760270147,28198.4030432796,476723
1998-12-14,28198.4030432796,28198.4030432796,27577.729306985366,27692.892223156396,565307
1998-12-15,27692.892223156396,27800.04756726998,27161.73363114359,27554.452587053485,409668
1998-12-16,27554.452587053485,28312.40834860144,27554.452587053485,28163.08320960458,566371
1998-12-17,28163.08320960458,28289.743751810234,27884.276551986637,27928.048249828484,518710
1998-12-18,27928.048249828484,28566.320004816575,27928.048249828484,28461.44383094159,635149
1998-12-21,28461.44383094159,28539.84889397628,28132.66673725984,28168.04828132001,523998
1998-12-22,28168.04828132001,28952.586800562793,28168.04828132001,28606.124020494328,471939
1998-12-23,28606.124020494328,28606.124020494328,27636.715634027925,27830.057088587182,467753
1998-12-24,27830.057088587182,28477.64666040227,27788.635589226036,28085.643400081655,515049
1998-12-25,28085.643400081655,28627.08066308204,28085.643400081655,28589.93833162088,510700
1998-12-28,28589.93833162088,28589.93833162088,27060.868708908052,27239.15326870017,406578
1998-12-29,27239.15326870017,28827.802152681586,27239.15326870017,28515.62820618357,437781
1998-12-30,28515.62820618357,28515.62820618357,27371.797726451718,27611.705828260412,325039
1998-12-31,27611.705828260412,27611.705828260412,26720.029905766824,26796.73560274151,537285
1999-01-01,26796.73560274151,29851.479405586255,26796.73560274151,29473.49391083236,271432
1999-01-04,29473.49391083236,31145.87157883668,29473.49391083236,31083.800651047128,574015
1999-01-05,31083.800651047128,31083.800651047128,30409.26564092316,30756.356949491572,495349
1999-01-06,30756.356949491572,31532.145785554832,30756.356949491572,31160.122905491247,620768
1999-01-07,31160.122905491247,33360.56955809522,31160.122905491247,33326.46936849632,568209
1999-01-08,33326.46936849632,33332.74184839222,32648.662208286038,32994.57001242201,463666
1999-01-11,32994.57001242201,32994.57001242201,32025.984691917543,32412.83771507443,636671
1999-01-12,32412.83771507443,32412.83771507443,31161.192656348714,31576.63488147116,424441
1999-01-13,31576.63488147116,31656.72182144565,31487.95150910821,31543.382408895057,527139
1999-01-14,31543.382408895057,31543.382408895057,30715.520323344517,30907.584184992902,344881
1999-01-15,30907.584184992902,32746.532186176777,30907.584184992902,32564.465387438635,516819
1999-01-18,32564.465387438635,34251.29514803191,32564.465387438635,33751.35194284904,553462
1999-01-19,33751.35194284904,35660.24754463436,33751.35194284904,35515.11441844085,390949
1999-01-20,35515.11441844085,35515.11441844085,34739.2154244233,35137.01448332356,525623
1999-01-21,35137.01448332356,35137.01448332356,34038.303504925796,34393.029430698916,471303
1999-01-22,34393.029430698916,34964.43214048462,34393.029430698916,34963.91564774775,531909
1999-01-25,34963.91564774775,34963.91564774775,34365.588763287466,34445.57624934719,534556
1999-01-26,34445.57624934719,34445.57624934719,33442.10699571361,33468.65381339233,494336
1999-01-27,33468.65381339233,33939.882054926806,33440.86900471533,33791.77119479168,344280
1999-01-28,33791.77119479168,35805.96094812542,33791.77119479168,35397.56426267803,574749
1999-01-29,35397.56426267803,36195.14453508807,35397.56426267803,35901.255188653595,385893
1999-02-01,35901.255188653595,35901.255188653595,34059.011163990035,34331.356420989585,426709
1999-02-02,34331.356420989585,34331.356420989585,33706.97909445846,33814.85150660607,438408
1999-02-03,33814.85150660607,35824.7824356049,33814.85150660607,35709.56559972513,534969
1999-02-04,35709.56559972513,35733.003730030716,35576.165871301186,35674.55900569009,488447
1999-02-05,35674.55900569009,36629.96326038621,35590.842157865925,36102.66590924891,537666
1999-02-08,36102.66590924891,36102.66590924891,33270.49943167531,33465.88870272098,450369
1999-02-09,33465.88870272098,33465.88870272098,32713.571255799565,33071.037507488494,383293
1999-02-10,33071.037507488494,34191.91685393309,33071.037507488494,33745.53695372632,455872
1999-02-11,33745.53695372632,35231.060118515416,33745.53695372632,34945.92479100316,490670
1999-02-12,34945.92479100316,36007.61246224251,34945.92479100316,35711.78373886412,603824
1999-02-15,35711.78373886412,35711.78373886412,34861.413472938766,34896.79184998841,493751
1999-02-16,34896.79184998841,36243.31275506597,34896.79184998841,36086.87168140576,502815
1999-02-17,36086.87168140576,36086.87168140576,35114.78616662503,35200.43643157697,665179
1999-02-18,35200.43643157697,37187.510303242605,35200.43643157697,36798.58048898101,333117
1999-02-19,36798.58048898101,36798.58048898101,34497.73636692477,35012.87988312307,569530
1999-02-22,35012.87988312307,35012.87988312307,34518.66703345134,34541.24499356558,585049
1999-02-23,34541.24499356558,35203.51712405404,34270.45740686219,34736.451593258374,602221
1999-02-24,34736.451593258374,34736.451593258374,34264.545949818734,34570.10967431694,515599
1999-02-25,34570.10967431694,34570.10967431694,33823.19388620086,34169.394506459095,363457
1999-02-26,34169.394506459095,34169.394506459095,33101.54988398872,33551.982837042946,335120
1999-03-01,33551.982837042946,33888.40993284002,33363.190773309834,33771.272513502634,451547
1999-03-02,33771.272513502634,33771.272513502634,33451.92629513606,33493.82363597358,594166
1999-03-03,33493.82363597358,34131.2671904543,33493.82363597358,34056.598551140356,428541
1999-03-04,34056.598551140356,34056.598551140356,33087.760249916726,33189.38570539119,433613
1999-03-05,33189.38570539119,33565.893746038084,32996.514835983944,33116.96330847488,400714
1999-03-08,33116.96330847488,33116.96330847488,31911.076953863256,32220.401955796664,460292
1999-03-09,32220.401955796664,32984.55866658471,32220.401955796664,32652.020999084918,523836
1999-03-10,32652.020999084918,32652.020999084918,31766.60620386967,32094.84174592127,486899
1999-03-11,32094.84174592127,33834.987332785044,32094.84174592127,33443.47741688115,703010
1999-03-12,33443.47741688115,33443.47741688115,31336.912001653287,31411.274371242806,668165
1999-03-15,31411.274371242806,31491.266881946216,31101.645731702032,31287.91077613486,527161
1999-03-16,31287.91077613486,31287.91077613486,29272.00265243135,29289.93172795479,416449
1999-03-17,29289.93172795479,29289.93172795479,28647.82168465829,28799.558458648324,514079
1999-03-18,28799.558458648324,28799.558458648324,27314.1738288615,27479.776441731618,588369
1999-03-19,27479.776441731618,27479.776441731618,26397.008799144463,26755.71897777959,521985
1999-03-22,26755.71897777959,27149.94701373646,26663.326272063194,26862.69261473212,478534
1999-03-23,26862.69261473212,26862.69261473212,25325.555841356636,25539.524271910308,471251
1999-03-24,25539.524271910308,25539.524271910308,25393.090302967987,25408.07825110857,606418
1999-03-25,25408.07825110857,25408.07825110857,23229.823972483624,23497.208206882424,527813
1999-03-26,23497.208206882424,23497.208206882424,22989.383596054275,23140.380476987815,422679
1999-03-29,23140.380476987815,23140.380476987815,22812.342135703766,22862.579660293755,538105
1999-03-30,22862.579660293755,23035.29151062892,22671.000541989855,22854.55704764978,563747
1999-03-31,22854.55704764978,23066.89654825877,22844.898933903347,22954.292665139423,488857
1999-04-01,22954.292665139423,22954.292665139423,22570.52667116895,22658.947370361166,399110
1999-04-02,22658.947370361166,23171.5706499885,22658.947370361166,22999.05547560648,450840
1999-04-05,22999.05547560648,23957.317337828405,22999.05547560648,23683.90787482647,560253
1999-04-06,23683.90787482647,23787.817869840743,23517.688388764327,23665.831202462658,539994
1999-04-07,23665.831202462658,24421.029808226824,23665.831202462658,24256.73908089358,548594
1999-04-08,24256.73908089358,24256.73908089358,23087.706015726162,23182.921605516673,461810
1999-04-09,23182.921605516673,23182.921605516673,22449.138565983056,22465.218371505744,486549
1999-04-12,22465.218371505744,22814.8391408354,22465.218371505744,22769.2013975254,634528
1999-04-13,22769.2013975254,24072.94170702067,22769.2013975254,23985.719420909387,599007
1999-04-14,23985.719420909387,25153.964292414057,23985.719420909387,25070.86346336407,441214
1999-04-15,25070.86346336407,25535.571175517158,25070.86346336407,25459.668397145386,490383
1999-04-16,25459.668397145386,25667.70565624159,25381.07128940643,25407.90256683704,446737
1999-04-19,25407.90256683704,26094.749721949287,25407.90256683704,26093.565759187364,578533
1999-04-20,26093.565759187364,26093.565759187364,24980.585426631274,25131.361975000407,619860
1999-04-21,25131.361975000407,25329.504352272157,25131.361975000407,25277.17000777776,552095
1999-04-22,25277.17000777776,25277.17000777776,24611.89093453029,24960.09769743966,376336
1999-04-23,24960.09769743966,25085.074436133604,24645.504852584552,24886.606652313472,565700
1999-04-26,24886.606652313472,26380.91875635963,24886.606652313472,26142.522665759658,413871
1999-04-27,26142.522665759658,26589.293346464758,25951.364132216815,26232.507605333572,489411
1999-04-28,26232.507605333572,26590.75160580946,25889.70782543789,26217.980014620505,558624
1999-04-29,26217.980014620505,26283.059498882143,25818.814190545523,25939.964512227452,522070
1999-04-30,25939.964512227452,25939.964512227452,25370.096424248954,25528.688290144204,575275
1999-05-03,25528.688290144204,26794.42214791304,25528.688290144204,26721.465518857553,611019
1999-05-04,26721.465518857553,26824.358152041485,26666.90325832175,26691.926797192886,441834
1999-05-05,26691.926797192886,27079.71640072366,26691.926797192886,26919.03871265008,544072
1999-05-06,26919.03871265008,27557.874134879523,26919.03871265008,27260.786640727405,609367
1999-05-07,27260.786640727405,27558.486261967875,27260.786640727405,27505.350897585766,464339
1999-05-10,27505.350897585766,28505.27235126352,27505.350897585766,28098.10575798639,413225
1999-05-11,28098.10575798639,28098.10575798639,26379.86036687688,26694.497793199957,411192
1999-05-12,26694.497793199957,26694.497793199957,25703.219435288884,25970.521830897367,649550
1999-05-13,25970.521830897367,25970.521830897367,25097.034234895782,25149.118380352305,501275
1999-05-14,25149.118380352305,25345.09004242345,24647.398255342083,24992.102691332366,404478
1999-05-17,24992.102691332366,24992.102691332366,24409.350131334704,24544.6372206522,413011
1999-05-18,24544.6372206522,26484.45559191222,24544.6372206522,26482.613577307162,409738
1999-05-19,26482.613577307162,26482.613577307162,25561.346022702466,25687.69933230423,606338
1999-05-20,25687.69933230423,25687.69933230423,24915.61397099924,24927.82573605209,604925
1999-05-21,24927.82573605209,25995.4604100863,24927.82573605209,25637.023811699553,458603
1999-05-24,25637.023811699553,26459.856217534918,25637.023811699553,26201.15868491757,403336
1999-05-25,26201.15868491757,26652.86799151254,25982.816311654162,26354.697675287916,444644
1999-05-26,26354.697675287916,26354.697675287916,25297.33182224464,25508.21384863733,337868
1999-05-27,25508.21384863733,25834.57758065001,25508.21384863733,25607.265393656122,507505
1999-05-28,25607.265393656122,26571.571185112072,25607.265393656122,26439.728622576644,536861
1999-05-31,26439.728622576644,28282.393339695507,26439.728622576644,28044.31601129296,461909
1999-06-01,28044.31601129296,28044.31601129296,27491.614109426933,27622.278981458294,479795
1999-06-02,27622.278981458294,27622.278981458294,27133.151211612178,27329.86123625067,355382
1999-06-03,27329.86123625067,27329.86123625067,25916.55949890008,25996.376545652543,522602
1999-06-04,25996.376545652543,25996.376545652543,24402.339795462263,24560.602506675652,438130
1999-06-07,24560.602506675652,26319.49570271989,24560.602506675652,26014.423181941358,599955
1999-06-08,26014.423181941358,26985.60168447064,26014.423181941358,26737.727379955508,549540
1999-06-09,26737.727379955508,27137.754232584946,26737.727379955508,27110.833305562777,359867
1999-06-10,27110.833305562777,27110.833305562777,26470.523610929664,26693.359341355284,531914
1999-06-11,26693.359341355284,27085.384991425384,26693.359341355284,27043.22030205854,439680
1999-06-14,27043.22030205854,27043.22030205854,26229.238652318036,26615.002311998735,653511
1999-06-15,26615.002311998735,26840.665973580693,26436.85612930174,26767.85797244002,474258
1999-06-16,26767.85797244002,27878.824261435453,26767.85797244002,27705.052589287807,381304
1999-06-17,27705.052589287807,27705.052589287807,26821.00399593062,26929.623021185354,557873
1999-06-18,26929.623021185354,27410.79215257906,26929.623021185354,27132.230409265507,586721
1999-06-21,27132.230409265507,27330.530121262193,26936.90648713246,27320.274824413787,521267
1999-06-22,27320.274824413787,27735.402765024075,27289.72833630768,27509.038376890163,461089
1999-06-23,27509.038376890163,27509.038376890163,26992.353601667135,26997.14952523821,551162
1999-06-24,26997.14952523821,27852.258956155874,26997.14952523821,27466.89896356738,589321
1999-06-25,27466.89896356738,27704.152121885116,27332.846016893323,27678.59494428381,434927
1999-06-28,27678.59494428381,27748.865696421868,27227.05389916884,27479.948640591854,481028
1999-06-29,27479.948640591854,27479.948640591854,26576.791763517507,26583.717248312492,330671
1999-06-30,26583.717248312492,26784.61750037365,26407.216578210555,26732.69039915814,531140
1999-07-01,26732.69039915814,28615.264577945323,26732.69039915814,28279.96547156881,497894
1999-07-02,28279.96547156881,28279.96547156881,27400.226135372817,27787.958212883714,460801
1999-07-05,27787.958212883714,27787.958212883714,27234.82763858285,27300.508155629326,528325
1999-07-06,27300.508155629326,28856.923068093223,27300.508155629326,28476.084472180053,602785
1999-07-07,28476.084472180053,28524.88526529992,27906.16206686224,28294.446635386157,535092
1999-07-08,28294.446635386157,29240.08881713965,28294.446635386157,29206.08211375955,426658
1999-07-09,29206.08211375955,29536.919235886144,29138.380635293248,29459.00022512811,452953
1999-07-12,29459.00022512811,30369.51020410685,29459.00022512811,30192.512091950855,456319
1999-07-13,30192.512091950855,30674.248218979013,30192.512091950855,30434.628954514643,491814
1999-07-14,30434.628954514643,31677.741552849842,30434.628954514643,31399.249881963682,560070
1999-07-15,31399.249881963682,32465.74318022965,31399.249881963682,32373.56006899886,444581
1999-07-16,32373.56006899886,32771.09755626682,32373.56006899886,32532.16939347637,349925
1999-07-19,32532.16939347637,32532.16939347637,31409.218745888622,31526.971268797726,544473
1999-07-20,31526.971268797726,32264.520988744025,31388.725051366244,31846.734185557314,478837
1999-07-21,31846.734185557314,31846.734185557314,30957.2167162077,31217.93790874638,590756
1999-07-22,31217.93790874638,31217.93790874638,30610.380659071692,30709.345068652812,466378
1999-07-23,30709.345068652812,30709.345068652812,29296.761681117474,29541.79325295172,350820
1999-07-26,29541.79325295172,29541.79325295172,27939.480712130586,27994.231216776596,525986
1999-07-27,27994.231216776596,29680.03609146996,27994.231216776596,29432.009734847143,457446
1999-07-28,29432.009734847143,29879.398719633562,29391.497921159294,29542.777348685497,417563
1999-07-29,29542.777348685497,29542.777348685497,28102.94162562165,28138.87828873644,409110
1999-07-30,28138.87828873644,28685.290904942773,27862.597290193746,28279.53593737979,416229
1999-08-02,28279.53593737979,28866.406400952616,28279.53593737979,28784.778481944497,564942
1999-08-03,28784.778481944497,28784.778481944497,27257.894634665663,27662.795000651284,442224
1999-08-04,27662.795000651284,28460.614180965393,27662.795000651284,28195.07944802528,508761
1999-08-05,28195.07944802528,29013.16712746556,28195.07944802528,29004.546632668975,397558
1999-08-06,29004.546632668975,29004.546632668975,27864.618450222977,28109.852591009807,467191
1999-08-09,28109.852591009807,28231.138786439966,28016.23686688392,28091.99721391313,468563
1999-08-10,28091.99721391313,29751.59651397449,28091.99721391313,29314.54588192971,487163
1999-08-11,29314.54588192971,30914.859918232036,29314.54588192971,30733.06370199195,396536
1999-08-12,30733.06370199195,30999.302436521302,30394.73515711884,30798.530065279876,446568
1999-08-13,30798.530065279876,30798.530065279876,29076.99784874447,29422.672939032076,532327
1999-08-16,29422.672939032076,29422.672939032076,27893.94001504912,28290.4954678443,387767
1999-08-17,28290.4954678443,28636.213340685154,27882.41742588277,28287.557767983802,334335
1999-08-18,28287.557767983802,29228.5273328966,28287.557767983802,28939.581459741647,503345
1999-08-19,28939.581459741647,29374.535045780915,28939.581459741647,29310.524725941672,553916
1999-08-20,29310.524725941672,29794.930932848252,29157.12208962122,29357.04390881116,580811
1999-08-23,29357.04390881116,31717.35810987207,29357.04390881116,31683.739554820713,573749
1999-08-24,31683.739554820713,31683.739554820713,30538.467647965892,30950.740458280427,595703
1999-08-25,30950.740458280427,30950.740458280427,29682.16431913386,29949.18355658185,425557
1999-08-26,29949.18355658185,31149.271013051526,29949.18355658185,30841.029524625512,486053
1999-08-27,30841.029524625512,30841.029524625512,29712.941187946624,30164.400201364464,571607
1999-08-30,30164.400201364464,30720.344686836343,30066.407340843878,30390.314077395335,487128
1999-08-31,30390.314077395335,31415.954624201968,30390.314077395335,31269.851480903035,527143
1999-09-01,31269.851480903035,31609.398718730714,31032.82545381173,31264.238391355397,505084
1999-09-02,31264.238391355397,31264.238391355397,29242.537086969267,29413.880334559908,421051
1999-09-03,29413.880334559908,30345.854290185438,29413.880334559908,30086.73548871652,354261
1999-09-06,30086.73548871652,30455.735981565518,30086.73548871652,30331.09253990003,627198
1999-09-07,30331.09253990003,30354.40402331314,30195.81142819927,30279.731183773292,456170
1999-09-08,30279.731183773292,30279.731183773292,29335.66803658996,29671.82215526895,512708
1999-09-09,29671.82215526895,31098.340445723068,29671.82215526895,30927.452768826883,508041
1999-09-10,30927.452768826883,31031.07715154311,30297.253922324282,30698.5725394598,571176
1999-09-13,30698.5725394598,30698.5725394598,29285.716118913686,29440.242858419704,532548
1999-09-14,29440.242858419704,31268.8481843297,29440.242858419704,31094.867405684847,434125
1999-09-15,31094.867405684847,31094.867405684847,30038.925691181284,30399.211416322756,451900
1999-09-16,30399.211416322756,30399.211416322756,29595.788623641758,29844.45380673337,431175
1999-09-17,29844.45380673337,29844.45380673337,28609.323481765055,28919.274491941418,474925
1999-09-20,28919.274491941418,29151.929063686573,28919.274491941418,29071.490582002654,404145
1999-09-21,29071.490582002654,30420.37959045206,29071.490582002654,30368.370290329785,392103
1999-09-22,30368.370290329785,31150.08962497015,30368.370290329785,31101.252034206893,553974
1999-09-23,31101.252034206893,31101.252034206893,30220.217031549935,30237.722310367128,478329
1999-09-24,30237.722310367128,31006.64512216191,30237.722310367128,30561.31612855163,355267
1999-09-27,30561.31612855163,30561.31612855163,29788.354648703837,30116.292420965157,521037
1999-09-28,30116.292420965157,30365.65195507365,30054.08485275015,30189.113369931198,424933
1999-09-29,30189.113369931198,31241.737666475856,30189.113369931198,31204.751467093945,594458
1999-09-30,31204.751467093945,32062.306501572908,31204.751467093945,31777.950050420917,595423
1999-10-01,31777.950050420917,33251.55832863907,31777.950050420917,32915.19636863769,566830
1999-10-04,32915.19636863769,32915.19636863769,32378.450754017937,32410.017400079643,533691
1999-10-05,32410.017400079643,33194.09512443121,32410.017400079643,32994.72404801636,520720
1999-10-06,32994.72404801636,32994.72404801636,31299.938324535764,31565.713123998336,576180
1999-10-07,31565.713123998336,32031.147052735418,31565.713123998336,31985.340248615237,353856
1999-10-08,31985.340248615237,32482.868950223132,31834.498811655387,32290.208559568884,539936
1999-10-11,32290.208559568884,32290.208559568884,30977.43502915428,31363.558332681856,501284
1999-10-12,31363.558332681856,31363.558332681856,29618.54484352242,30004.623608157035,481091
1999-10-13,30004.623608157035,30004.623608157035,29224.00082782691,29446.76502262482,483648
1999-10-14,29446.76502262482,29446.76502262482,27842.618138005426,28117.8736994306,539705
1999-10-15,28117.8736994306,28259.895229063597,27687.601874235723,27871.83551976897,520658
1999-10-18,27871.83551976897,28003.629564957428,27642.892176622372,27991.06863107671,532035
1999-10-19,27991.06863107671,27991.06863107671,26598.02217377862,26731.48812052287,608111
1999-10-20,26731.48812052287,27206.38411180579,26731.48812052287,27106.814625409614,570599
1999-10-21,27106.814625409614,28081.704973025928,27106.814625409614,27916.11331276396,557631
1999-10-22,27916.11331276396,30705.56550130466,27916.11331276396,30369.60457616037,450920
1999-10-25,30369.60457616037,31584.503186190483,30369.60457616037,31196.671121187508,535641
1999-10-26,31196.671121187508,32086.908575299156,31196.671121187508,31643.61409144189,467792
1999-10-27,31643.61409144189,31643.61409144189,30732.5451820555,30816.211972766374,742234
1999-10-28,30816.211972766374,31223.403654046364,30752.01665325591,31037.655083575548,501142
1999-10-29,31037.655083575548,33837.47880140436,31037.655083575548,33384.31526857451,320001
1999-11-01,33384.31526857451,34140.87401623861,33384.31526857451,33889.661460106654,446965
1999-11-02,33889.661460106654,33889.661460106654,31620.497163377568,32032.2351894625,538330
1999-11-03,32032.2351894625,33584.12486590165,32032.2351894625,33484.07725576833,441453
1999-11-04,33484.07725576833,34426.94990966193,33484.07725576833,34054.87619988979,492815
1999-11-05,34054.87619988979,34673.18461466202,34054.87619988979,34489.03774269064,707105
1999-11-08,34489.03774269064,34489.03774269064,31543.547238743602,31548.906705320533,558045
1999-11-09,31548.906705320533,31548.906705320533,29674.33680698875,29709.769840715457,552963
1999-11-10,29709.769840715457,31245.148675112527,29709.769840715457,30869.759753518538,515601
1999-11-11,30869.759753518538,31559.67978796239,30869.759753518538,31471.84779491829,377723
1999-11-12,31471.84779491829,31471.84779491829,29739.81448974385,30075.799929188004,425124
1999-11-15,30075.799929188004,30075.799929188004,27905.38372391989,28260.26428567462,491256
1999-11-16,28260.26428567462,28260.26428567462,26431.495530937667,26556.889490470418,418833
1999-11-17,26556.889490470418,26556.889490470418,25291.99705814001,25542.988568905454,357534
1999-11-18,25542.988568905454,26767.01400315733,25542.988568905454,26413.1824351949,508266
1999-11-19,26413.1824351949,26421.84359448812,25939.363061329608,26163.356630102575,425917
1999-11-22,26163.356630102575,28233.990168028497,26163.356630102575,28031.590866001872,506844
1999-11-23,28031.590866001872,28031.590866001872,27475.799538707528,27496.03771757728,523011
1999-11-24,27496.03771757728,27496.03771757728,26590.413821761424,26809.10553031185,557168
1999-11-25,26809.10553031185,27231.390764048007,26556.97191587673,26887.78969055722,598698
1999-11-26,26887.78969055722,26887.78969055722,25808.428790767597,26033.63596513908,469383
1999-11-29,26033.63596513908,26872.94601419537,26033.63596513908,26501.08151658375,482681
1999-11-30,26501.08151658375,28964.263317696194,26501.08151658375,28841.57174486778,536799
1999-12-01,28841.57174486778,28841.57174486778,28020.737956806377,28397.412933676616,561140
1999-12-02,28397.412933676616,28423.121289762075,27627.58021049023,28029.799359118315,461583
1999-12-03,28029.799359118315,28683.202764048023,28029.799359118315,28377.269396557156,525752
1999-12-06,28377.269396557156,28630.826118611945,28087.6510832285,28430.99511504472,573282
1999-12-07,28430.99511504472,28430.99511504472,26508.32652745567,26849.488400137136,494875
1999-12-08,26849.488400137136,28254.25339847139,26849.488400137136,28172.883912449128,490491
1999-12-09,28172.883912449128,28172.883912449128,27774.74791629187,27797.94031665344,399851
1999-12-10,27797.94031665344,27797.94031665344,26913.730845821723,27299.1281319348,579049
1999-12-13,27299.1281319348,27533.82293828908,27299.1281319348,27420.278559684943,687501
1999-12-14,27420.278559684943,27457.308922767326,27294.784706899667,27375.29206091489,418585
1999-12-15,27375.29206091489,27427.792613119385,26956.042743170463,27340.366882400784,553351
1999-12-16,27340.366882400784,29598.522515415374,27340.366882400784,29518.59677549943,465241
1999-12-17,29518.59677549943,29518.59677549943,28029.035437695697,28110.64590762868,425989
1999-12-20,28110.64590762868,28827.496903962267,28110.64590762868,28631.314310714075,506647
1999-12-21,28631.314310714075,30582.813428815076,28631.314310714075,30446.249531955986,481086
1999-12-22,30446.249531955986,30446.249531955986,29931.62192654328,30117.77825758634,378600
1999-12-23,30117.77825758634,30186.33004931321,29882.521961287308,30034.536214374533,438110
1999-12-24,30034.536214374533,30039.618940817214,29654.971990931706,29818.86095452716,507771
1999-12-27,29818.86095452716,29974.51230831175,29308.589237210235,29585.370458398964,637014
1999-12-28,29585.370458398964,30397.10979325821,29585.370458398964,30315.87151168057,403074
1999-12-29,30315.87151168057,30315.87151168057,29178.183533410596,29421.429959786237,496839
1999-12-30,29421.429959786237,29421.429959786237,28524.49436104656,28652.63149794524,728984
1999-12-31,28652.63149794524,28652.63149794524,26455.644900154846,26491.467819481695,517277
2000-01-03,26491.467819481695,27315.639307637928,26491.467819481695,27079.740215039536,443219
2000-01-04,27079.740215039536,27079.740215039536,26035.09085533981,26299.18028132861,588933
2000-01-05,26299.18028132861,26299.18028132861,25054.690122541044,25239.928985042734,423509
2000-01-06,25239.928985042734,25759.238997038345,25239.928985042734,25445.039281111058,526100
2000-01-07,25445.039281111058,27058.94420250814,25445.039281111058,26806.451274092997,630533
2000-01-10,26806.451274092997,26806.451274092997,25633.97317518395,25835.381225961875,423347
2000-01-11,25835.381225961875,25835.381225961875,24141.51009590773,24177.632429738187,544174
2000-01-12,24177.632429738187,24177.632429738187,23860.843554678286,23882.27892404184,416626
2000-01-13,23882.27892404184,24220.827866796906,23518.40843482078,23876.54500816084,479168
2000-01-14,23876.54500816084,23876.54500816084,23330.691204459505,23531.214765078777,345844
2000-01-17,23531.214765078777,23531.214765078777,22905.99183541045,23126.65544563247,453649
2000-01-18,23126.65544563247,23126.65544563247,22614.19619441105,22772.422838047813,596360
2000-01-19,22772.422838047813,24160.30813039527,22772.422838047813,23903.7032231601,451971
2000-01-20,23903.7032231601,23903.7032231601,22835.4033437799,23044.854950342375,397339
2000-01-21,23044.854950342375,23751.0044321951,23044.854950342375,23433.322008322546,560991
2000-01-24,23433.322008322546,23433.322008322546,22402.45155898862,22404.97388971568,536786
2000-01-25,22404.97388971568,23000.451508285565,22404.97388971568,22941.860254001236,510370
2000-01-26,22941.860254001236,22941.860254001236,22426.292926727827,22615.09526024277,494826
2000-01-27,22615.09526024277,23962.99592394187,22615.09526024277,23619.14653123594,467627
2000-01-28,23619.14653123594,24648.699433656027,23619.14653123594,24443.788431060115,538575
2000-01-31,24443.788431060115,24732.5699468293,24395.107057424815,24648.497814745737,398633
2000-02-01,24648.497814745737,25493.699565164236,24648.497814745737,25184.51661735502,451793
2000-02-02,25184.51661735502,26029.861483883557,25184.51661735502,26016.82779962237,495164
2000-02-03,26016.82779962237,27166.434926365946,26016.82779962237,26844.619385604274,544663
2000-02-04,26844.619385604274,28192.594621161206,26844.619385604274,27980.317327789624,375343
2000-02-07,27980.317327789624,28673.098626407133,27980.317327789624,28476.496625204025,486631
2000-02-08,28476.496625204025,29544.88651898552,28476.496625204025,29428.694635238786,488686
2000-02-09,29428.694635238786,30568.855402226756,29428.694635238786,30548.73382835244,508685
2000-02-10,30548.73382835244,31468.823524313862,30548.73382835244,31350.51295994085,532492
2000-02-11,31350.51295994085,31350.51295994085,30060.76497224226,30430.779425273966,522865
2000-02-14,30430.779425273966,30430.779425273966,28562.014481747894,28572.149056075035,542273
2000-02-15,28572.149056075035,28572.149056075035,27095.449511846044,27147.793522863038,609932
2000-02-16,27147.793522863038,27850.311824769524,27147.793522863038,27839.356710162312,476693
2000-02-17,27839.356710162312,27839.356710162312,25748.970409821897,26090.21975523467,497479
2000-02-18,26090.21975523467,26118.73579943648,26015.25282560806,26098.684818721485,507262
2000-02-21,26098.684818721485,26098.684818721485,25202.102969817683,25501.979933726037,415317
2000-02-22,25501.979933726037,25726.34229631281,25461.433735032802,25501.24947388383,571479
2000-02-23,25501.24947388383,26086.30248816088,25498.737346487993,25867.394802765357,417705
2000-02-24,25867.394802765357,25867.394802765357,23932.585234311417,24100.25036686339,310156
2000-02-25,24100.25036686339,24188.027552231946,23566.000087849854,23913.814741419028,595602
2000-02-28,23913.814741419028,23913.814741419028,22657.263081341986,22956.876973937964,506383
2000-02-29,22956.876973937964,22956.876973937964,22631.289475438647,22766.15714841479,503523
2000-03-01,22766.15714841479,23364.972061980698,22766.15714841479,23095.35634718005,637562
2000-03-02,23095.35634718005,23995.725991640193,23095.35634718005,23737.971876641044,475618
2000-03-03,23737.971876641044,24473.31399082177,23737.971876641044,24222.256568391986,536146
2000-03-06,24222.256568391986,24822.17954260912,24222.256568391986,24710.274020686647,537167
2000-03-07,24710.274020686647,25580.28898830479,24710.274020686647,25390.546437037654,514736
2000-03-08,25390.546437037654,25390.546437037654,24715.740462549056,24799.24822645003,375001
2000-03-09,24799.24822645003,25338.149506365196,24799.24822645003,25200.602236960684,466210
2000-03-10,25200.602236960684,25599.39460376328,25200.602236960684,25569.825313039604,474166
2000-03-13,25569.825313039604,25651.685958107748,25201.833432770167,25349.13519126645,627020
2000-03-14,25349.13519126645,25734.45942120369,25349.13519126645,25654.47478444642,489214
2000-03-15,25654.47478444642,26621.869469454043,25654.47478444642,26275.725548960538,490115
2000-03-16,26275.725548960538,26480.17717522259,26119.369320121048,26247.05266801115,420379
2000-03-17,26247.05266801115,26494.63390680065,25803.319632602528,26146.02151955791,490793
2000-03-20,26146.02151955791,27016.881826376506,26146.02151955791,26896.538514253636,449944
2000-03-21,26896.538514253636,28066.125805061696,26896.538514253636,27758.92452585955,543898
2000-03-22,27758.92452585955,27758.92452585955,26753.5313754711,26886.237489700972,440396
2000-03-23,26886.237489700972,26886.237489700972,24453.217770504078,24618.9394574834,483357
2000-03-24,24618.9394574834,25065.27170476134,24535.21799295813,24893.021944106436,451886
2000-03-27,24893.021944106436,24893.021944106436,23758.269952256207,24078.425845550697,408720
2000-03-28,24078.425845550697,24078.425845550697,23598.524967920333,23740.325000209603,401997
2000-03-29,23740.325000209603,24352.7716639255,23740.325000209603,24299.454021405792,513366
2000-03-30,24299.454021405792,24299.454021405792,22237.839207082267,22259.70368566641,555876
2000-03-31,22259.70368566641,22554.546131253705,22150.35106838085,22473.888813152007,638853
2000-04-03,22473.888813152007,22705.835055421787,22127.73738319108,22462.502229568272,432662
2000-04-04,22462.502229568272,22462.502229568272,22125.11805018423,22248.10433346624,546907
2000-04-05,22248.10433346624,22636.53248424867,22248.10433346624,22609.99871845751,427623
2000-04-06,22609.99871845751,22973.012873693475,22609.99871845751,22731.684014525355,512486
2000-04-07,22731.684014525355,22731.684014525355,21967.58329064145,22173.69566134617,537610
2000-04-10,22173.69566134617,22173.69566134617,21049.149329034437,21142.497267086463,690408
2000-04-11,21142.497267086463,21142.497267086463,20500.968652619973,20758.869136752714,498862
2000-04-12,20758.869136752714,20863.670124832184,20716.716841594945,20808.11854812922,435787
2000-04-13,20808.11854812922,20808.11854812922,19356.431626770165,19630.252136986,486687
2000-04-14,19630.252136986,20403.206712741787,19630.252136986,20327.58492584716,507449
2000-04-17,20327.58492584716,21226.98459789069,20327.58492584716,20963.914120544294,594407
2000-04-18,20963.914120544294,21906.876157715655,20963.914120544294,21637.094832909705,579421
2000-04-19,21637.094832909705,21637.094832909705,21036.68000810904,21162.814581845432,528833
2000-04-20,21162.814581845432,21162.814581845432,20412.471562861185,20448.713421229877,541860
2000-04-21,20448.713421229877,20448.713421229877,19509.227644840084,19701.052890331233,474075
2000-04-24,19701.052890331233,20142.59202885642,19701.052890331233,20103.698975202038,427686
2000-04-25,20103.698975202038,20103.698975202038,19854.483398646167,19897.899444328057,453431
2000-04-26,19897.899444328057,19897.899444328057,18371.369933752936,18418.97038938061,501099
2000-04-27,18418.97038938061,18418.97038938061,18052.689328887816,18128.79447256092,572535
2000-04-28,18128.79447256092,18215.441806261286,17832.232610317904,18021.81006397106,299840
2000-05-01,18021.81006397106,19066.00616037193,18021.81006397106,18815.033452599357,479939
2000-05-02,18815.033452599357,20959.817760034526,18815.033452599357,20733.057507043395,603712
2000-05-03,20733.057507043395,20733.057507043395,19632.332828709066,19847.747409845164,632593
2000-05-04,19847.747409845164,19847.747409845164,18961.341042664815,19014.364614389666,568668
2000-05-05,19014.364614389666,19642.756356818074,19014.364614389666,19575.609789184164,359799
2000-05-08,19575.609789184164,19575.609789184164,18216.333803395253,18458.781445717446,675913
2000-05-09,18458.781445717446,18699.20232284904,18354.279439694637,18501.435591552596,552943
2000-05-10,18501.435591552596,18501.435591552596,17551.40977858735,17642.217434143644,541062
2000-05-11,17642.217434143644,17642.217434143644,16429.303522961738,16665.454188310865,517100
2000-05-12,16665.454188310865,16665.454188310865,15975.156758239116,16213.663856164303,564334
2000-05-15,16213.663856164303,16859.02890093139,16213.663856164303,16741.623525777355,456334
2000-05-16,16741.623525777355,16944.731771822502,16740.553253095317,16764.405881816296,583117
2000-05-17,16764.405881816296,16764.405881816296,16482.86645507471,16668.365229024846,514498
2000-05-18,16668.365229024846,16668.365229024846,16317.735619432558,16401.364895639323,518698
2000-05-19,16401.364895639323,16401.364895639323,15859.043123929687,16017.62443093685,517561
2000-05-22,16017.62443093685,16136.30014523695,15938.237333129779,15986.518700761757,407757
2000-05-23,15986.518700761757,16860.104980504802,15986.518700761757,16834.31013015239,506939
2000-05-24,16834.31013015239,17615.96784202287,16834.31013015239,17438.56415603495,436449
2000-05-25,17438.56415603495,17460.01455737407,17074.926372969,17208.101973376764,602422
2000-05-26,17208.101973376764,17208.101973376764,16672.47689224968,16855.159744052835,455814
2000-05-29,16855.159744052835,16855.159744052835,15907.620269243465,16120.892639083017,527810
2000-05-30,16120.892639083017,16120.892639083017,15494.12084852636,15604.22381337105,441412
2000-05-31,15604.22381337105,16450.329135071373,15604.22381337105,16352.027971660085,331361
2000-06-01,16352.027971660085,16352.027971660085,15259.347087788114,15465.106793995894,612080
2000-06-02,15465.106793995894,15594.462183288613,15211.081061287598,15415.958465233047,560167
2000-06-05,15415.958465233047,15415.958465233047,15134.921763467988,15190.309236151248,453102
2000-06-06,15190.309236151248,15190.309236151248,14831.067934044551,14877.664713590997,474106
2000-06-07,14877.664713590997,14877.664713590997,14041.56850257055,14215.346656243735,491567
2000-06-08,14215.346656243735,14577.720946034373,14215.346656243735,14496.714616647325,571664
2000-06-09,14496.714616647325,14904.282204779127,14496.714616647325,14749.575813984247,577457
2000-06-12,14749.575813984247,15178.087634921601,14749.575813984247,15119.39339724653,548558
2000-06-13,15119.39339724653,15500.04986809924,15119.39339724653,15353.302047568404,519972
2000-06-14,15353.302047568404,15423.176027555903,15104.703350924588,15293.631845835078,511541
2000-06-15,15293.631845835078,16054.922398591836,15293.631845835078,16049.49879595545,413609
2000-06-16,16049.49879595545,16049.49879595545,15890.488118656014,15916.117907921378,576029
2000-06-19,15916.117907921378,15916.117907921378,15474.993981148154,15612.358837608259,476575
2000-06-20,15612.358837608259,15612.358837608259,14859.185300326388,15030.727154003398,532807
2000-06-21,15030.727154003398,15030.727154003398,14105.101825705015,14250.603381271989,499221
2000-06-22,14250.603381271989,14250.603381271989,13746.504023103611,13835.306512603343,421341
2000-06-23,13835.306512603343,14363.886838243143,13835.306512603343,14153.956242690652,590940
2000-06-26,14153.956242690652,14587.421900422982,14153.956242690652,14413.592778152364,458579
2000-06-27,14413.592778152364,14893.425905527614,14413.592778152364,14711.572550868439,374369
2000-06-28,14711.572550868439,15666.430841887523,14711.572550868439,15461.573085926468,455138
2000-06-29,15461.573085926468,15461.573085926468,15122.41309733034,15237.635121855938,432285
2000-06-30,15237.635121855938,15350.846852763836,14955.024690212182,15171.197203028583,627526
2000-07-03,15171.197203028583,15832.606353702009,15171.197203028583,15737.293842202698,576335
2000-07-04,15737.293842202698,15907.67533522666,15620.368295644084,15688.24865404629,518739
2000-07-05,15688.24865404629,16484.81480648169,15688.24865404629,16274.6642334051,548055
2000-07-06,16274.6642334051,16378.250988901187,16082.691779678891,16182.522007647276,484239
2000-07-07,16182.522007647276,16211.904970940326,16118.622048529096,16119.203394348939,533265
2000-07-10,16119.203394348939,16119.203394348939,15155.79791023164,15370.444670692546,413637
2000-07-11,15370.444670692546,15377.54289315358,15134.655267738433,15302.367376618558,495637
2000-07-12,15302.367376618558,15302.367376618558,14880.512341664158,15046.163290941764,630994
2000-07-13,15046.163290941764,15046.163290941764,14309.364253921129,14351.50932685791,381867
2000-07-14,14351.50932685791,14380.713736328236,14216.21928635429,14380.599286672223,311448
2000-07-17,14380.599286672223,14380.599286672223,13923.032244987777,14076.766449350323,452678
2000-07-18,14076.766449350323,14076.766449350323,13863.364661238873,13900.19192385688,533962
2000-07-19,13900.19192385688,14102.6142665274,13852.612995883102,13971.366266226163,462592
2000-07-20,13971.366266226163,14588.167123675488,13971.366266226163,14419.428936471266,430481
2000-07-21,14419.428936471266,14419.428936471266,13941.375547444632,14007.364234448996,457232
2000-07-24,14007.364234448996,14470.71962499757,14007.364234448996,14340.284496271483,462681
2000-07-25,14340.284496271483,14340.284496271483,13992.91784827461,14062.713277258737,511459
2000-07-26,14062.713277258737,14062.713277258737,13775.969915454261,13956.11752784077,426884
2000-07-27,13956.11752784077,14149.673204726665,13889.010059487497,13968.62853165418,505681
2000-07-28,13968.62853165418,14268.576892808062,13968.62853165418,14201.804077035753,487737
2000-07-31,14201.804077035753,14462.752514773803,14201.804077035753,14456.79429457767,552381
2000-08-01,14456.79429457767,15426.593388638985,14456.79429457767,15315.488769007572,503673
2000-08-02,15315.488769007572,15315.488769007572,14986.566857977097,15164.143567322055,473862
2000-08-03,15164.143567322055,15164.143567322055,14350.000070917304,14447.003958242449,535389
2000-08-04,14447.003958242449,14862.408182913909,14447.003958242449,14818.491339355312,573093
2000-08-07,14818.491339355312,14818.491339355312,14440.464801215041,14449.729506747726,389202
2000-08-08,14449.729506747726,14534.43452398256,14313.773915466221,14361.858984347049,465001
2000-08-09,14361.858984347049,14728.169389646782,14361.858984347049,14549.491856311808,398867
2000-08-10,14549.491856311808,14549.491856311808,14098.954158304276,14206.233032437136,569058
2000-08-11,14206.233032437136,14498.928000664144,14181.419172886246,14380.581052671243,533393
2000-08-14,14380.581052671243,14380.581052671243,13962.96216824213,14051.454385275081,419553
2000-08-15,14051.454385275081,14135.087475120037,13920.73262174882,14019.670599632924,512926
2000-08-16,14019.670599632924,14601.35558259037,14019.670599632924,14420.449033614566,318686
2000-08-17,14420.449033614566,15131.687416687066,14420.449033614566,14974.237853381781,502402
2000-08-18,14974.237853381781,15407.318444918552,14974.237853381781,15327.771793022279,560749
2000-08-21,15327.771793022279,15400.42455281007,15196.565497314776,15200.290979664134,612421
2000-08-22,15200.290979664134,15522.209680295486,15151.660222392544,15367.856182287196,491590
2000-08-23,15367.856182287196,15688.639657056397,15349.409254299286,15540.322492841819,418123
2000-08-24,15540.322492841819,15540.322492841819,14453.40510706269,14642.939148776055,563527
2000-08-25,14642.939148776055,14675.367592806071,14456.23438255813,14651.711503892167,485025
2000-08-28,14651.711503892167,14903.571892349326,14638.851127609161,14698.630917102812,538615
2000-08-29,14698.630917102812,14698.630917102812,14554.878140469798,14581.827116865628,599839
2000-08-30,14581.827116865628,14581.827116865628,14091.187382446362,14214.314199895833,412296
2000-08-31,14214.314199895833,14214.314199895833,13961.014901647968,14116.0370234998,403412
2000-09-01,14116.0370234998,14310.847354398002,13993.46347401294,14188.043813688091,470940
2000-09-04,14188.043813688091,14826.86174315692,14188.043813688091,14649.79483625594,563661
2000-09-05,14649.79483625594,15115.252642900286,14649.79483625594,14926.959979812058,535277
2000-09-06,14926.959979812058,15089.103792571283,14926.959979812058,15015.223112358912,420749
2000-09-07,15015.223112358912,15237.636810242184,15015.223112358912,15172.3351259663,310425
2000-09-08,15172.3351259663,15511.802088879598,15172.3351259663,15429.99412709915,509192
2000-09-11,15429.99412709915,15598.461832046618,15400.013826360118,15566.65739531828,373518
2000-09-12,15566.65739531828,15823.151848711146,15566.65739531828,15728.444533896194,519740
2000-09-13,15728.444533896194,15728.444533896194,15211.456686095542,15409.117498180683,479993
2000-09-14,15409.117498180683,15640.680865642655,15409.117498180683,15555.608514672092,524434
2000-09-15,15555.608514672092,16077.393725099624,15555.608514672092,16036.057870624723,408089
2000-09-18,16036.057870624723,16258.407609428865,15940.968505370032,16099.190126005094,479774
2000-09-19,16099.190126005094,16105.43527827212,15902.715044795199,15908.283123303201,338597
2000-09-20,15908.283123303201,16639.1491350311,15908.283123303201,16636.0366651243,532126
2000-09-21,16636.0366651243,17182.406466744,16636.0366651243,16965.138975353777,383689
2000-09-22,16965.138975353777,16965.138975353777,16718.112847464577,16874.16745136493,419490
2000-09-25,16874.16745136493,17841.984490076673,16874.16745136493,17644.971157172145,515512
2000-09-26,17644.971157172145,17982.75883200589,17644.971157172145,17816.5771244203,552882
2000-09-27,17816.5771244203,18430.357752328597,17816.5771244203,18288.13915534142,557915
2000-09-28,18288.13915534142,18707.778478885575,18288.13915534142,18520.434076903566,599047
2000-09-29,18520.434076903566,18520.434076903566,18370.22478120239,18468.922998443235,691950
2000-10-02,18468.922998443235,18468.922998443235,17860.22293839441,18041.50920086464,415823
2000-10-03,18041.50920086464,18165.942113358255,18007.568214893858,18108.2338287483,500747
2000-10-04,18108.2338287483,18108.2338287483,17786.247878036516,17986.125366044962,436685
2000-10-05,17986.125366044962,18329.741461215264,17986.125366044962,18185.111404363095,526285
2000-10-06,18185.111404363095,18185.111404363095,17704.328560921327,17846.98394670313,535697
2000-10-09,17846.98394670313,18032.677597191174,17846.98394670313,17992.025524192017,447339
2000-10-10,17992.025524192017,18059.61946269055,17805.623520142937,17957.459522620382,550630
2000-10-11,17957.459522620382,18165.6770510799,17957.459522620382,18059.444756672554,538330
2000-10-12,18059.444756672554,18793.213843731915,18059.444756672554,18528.286726414673,433961
2000-10-13,18528.286726414673,19109.37354857388,18528.286726414673,18918.550920063783,413338
2000-10-16,18918.550920063783,18918.550920063783,18642.310196745948,18915.142170869352,517576
2000-10-17,18915.142170869352,19656.906916676744,18915.142170869352,19606.55111914547,472812
2000-10-18,19606.55111914547,20505.477400259388,19606.55111914547,20479.92864758151,568476
2000-10-19,20479.92864758151,20479.92864758151,19496.56230918532,19673.812606787556,442502
2000-10-20,19673.812606787556,19732.136201910263,19546.57971197967,19628.18278463365,519658
2000-10-23,19628.18278463365,19774.39507475353,19517.104872083986,19716.293925489772,552241
2000-10-24,19716.293925489772,20558.54070661095,19716.293925489772,20332.37593518997,514058
2000-10-25,20332.37593518997,20883.44724372356,20332.37593518997,20618.597498425148,372301
2000-10-26,20618.597498425148,20826.421421610605,20424.204940081752,20587.593219114897,534850
2000-10-27,20587.593219114897,20911.042897237156,20403.919588638575,20709.696436907154,474743
2000-10-30,20709.696436907154,20709.696436907154,20406.265966295676,20463.073447266706,486521
2000-10-31,20463.073447266706,20909.85909117237,20463.073447266706,20711.86428661933,600299
2000-11-01,20711.86428661933,20766.12502814309,20413.9076683777,20610.77537656872,490684
2000-11-02,20610.77537656872,20676.40784006748,20230.381588694956,20396.604670471213,444154
2000-11-03,20396.604670471213,20754.74120255699,20396.604670471213,20714.371237903335,477516
2000-11-06,20714.371237903335,21242.43305397508,20714.371237903335,21221.37607754224,443856
2000-11-07,21221.37607754224,21537.3229706055,21221.37607754224,21491.044578012665,386876
2000-11-08,21491.044578012665,22483.06266114738,21491.044578012665,22357.269140295983,448806
2000-11-09,22357.269140295983,22385.20721302385,22073.18778878466,22134.694404909995,340714
2000-11-10,22134.694404909995,22476.0028893295,22134.694404909995,22354.59385061009,543073
2000-11-13,22354.59385061009,22895.502296331506,22354.59385061009,22732.442247423452,556447
2000-11-14,22732.442247423452,24920.472923016678,22732.442247423452,24666.246167377827,574438
2000-11-15,24666.246167377827,25656.538882446894,24666.246167377827,25296.755053703753,513632
2000-11-16,25296.755053703753,26531.27410250136,25296.755053703753,26483.85748538929,523941
2000-11-17,26483.85748538929,27829.86996806269,26483.85748538929,27616.788056793022,604002
2000-11-20,27616.788056793022,28118.49106311481,27616.788056793022,27925.108076433713,436228
2000-11-21,27925.108076433713,27952.295546884096,27359.563437333476,27606.069655738866,403812
2000-11-22,27606.069655738866,27606.17347239194,26948.066750548383,27299.597148877983,447108
2000-11-23,27299.597148877983,27299.597148877983,25621.115787224626,25944.399250863768,498554
2000-11-24,25944.399250863768,26601.730294956822,25944.399250863768,26338.074411570356,486048
2000-11-27,26338.074411570356,26338.074411570356,25611.219047236555,25839.254666214718,454023
2000-11-28,25839.254666214718,26277.985040990203,25832.20958024153,25916.27525133896,577728
2000-11-29,25916.27525133896,25916.27525133896,25297.001022915312,25350.13445733998,747393
2000-11-30,25350.13445733998,25350.13445733998,24679.732273590722,24913.688267641533,506983
2000-12-01,24913.688267641533,24913.688267641533,24272.28778018692,24539.693308525326,407218
2000-12-04,24539.693308525326,24539.693308525326,24195.187517909766,24297.660301182004,608932
2000-12-05,24297.660301182004,24760.340181111296,24297.660301182004,24608.68657476696,598311
2000-12-06,24608.68657476696,25307.126203747997,24608.68657476696,25016.211475647524,493608
2000-12-07,25016.211475647524,25016.211475647524,24555.119996547368,24577.134360942182,518731
2000-12-08,24577.134360942182,24577.134360942182,24238.5490230304,24445.637312174837,677213
2000-12-11,24445.637312174837,24445.637312174837,23472.54999090432,23555.810835977074,460839
2000-12-12,23555.810835977074,25506.576530728602,23555.810835977074,25136.142064316762,627441
2000-12-13,25136.142064316762,25136.142064316762,22117.21740525534,22238.00199009518,384103
2000-12-14,22238.00199009518,23569.35743722511,22238.00199009518,23568.346479094285,533515
2000-12-15,23568.346479094285,24100.82856719185,23568.346479094285,24024.072437671115,413985
2000-12-18,24024.072437671115,24696.310974560045,24024.072437671115,24641.907956453746,599766
2000-12-19,24641.907956453746,24747.183720081037,24575.322257521504,24743.39672268736,529061
2000-12-20,24743.39672268736,25563.60315342458,24743.39672268736,25189.280898659108,538987
2000-12-21,25189.280898659108,25600.5428602136,25189.280898659108,25491.24888277552,379086
2000-12-22,25491.24888277552,25918.72062381349,25443.11389248847,25565.028511698234,572330
2000-12-25,25565.028511698234,25565.028511698234,24861.786913504908,25029.052473445397,415239
2000-12-26,25029.052473445397,25296.800781688224,25010.042731059686,25167.28999337804,521141
2000-12-27,25167.28999337804,25411.51868503499,24840.13335069954,25110.5702567197,510527
2000-12-28,25110.5702567197,25110.5702567197,24537.44379858278,24805.655261740525,494693
2000-12-29,24805.655261740525,24961.51462602033,24495.902487034724,24784.097026311567,536855
2001-01-01,24784.097026311567,26131.93261923698,24784.097026311567,25845.27902341705,474212
2001-01-02,25845.27902341705,26300.069564432044,25845.27902341705,26248.159223694125,394341
2001-01-03,26248.159223694125,26386.832771944017,25970.376486335852,26251.521349883937,537225
2001-01-04,26251.521349883937,26251.521349883937,25931.149300024033,26148.894085210777,662452
2001-01-05,26148.894085210777,26148.894085210777,25365.002383261675,25688.872380545647,397882
2001-01-08,25688.872380545647,25794.325221750107,25428.7720074428,25620.95470204079,361861
2001-01-09,25620.95470204079,25929.709753671108,25608.939094945472,25685.846005552157,401612
2001-01-10,25685.846005552157,26815.898204815654,25685.846005552157,26548.01108240848,491278
2001-01-11,26548.01108240848,26548.01108240848,25876.51368488934,25994.887554274763,493758
2001-01-12,25994.887554274763,26395.457334769028,25860.743742086303,26179.855713394976,517397
2001-01-15,26179.855713394976,26179.855713394976,25113.944165576082,25416.837250329714,500687
2001-01-16,25416.837250329714,25416.837250329714,23860.909722443903,24184.467865956336,421239
2001-01-17,24184.467865956336,25280.855960270605,24184.467865956336,24957.845219990882,607282
2001-01-18,24957.845219990882,24957.845219990882,23970.088126737657,24019.719114290845,471433
2001-01-19,24019.719114290845,24870.59513582245,24019.719114290845,24517.62185137726,406626
2001-01-22,24517.62185137726,24517.62185137726,23925.63059898718,24283.770331421845,391788
2001-01-23,24283.770331421845,24283.770331421845,22661.519484335266,22848.980070835067,518115
2001-01-24,22848.980070835067,24154.052583474484,22848.980070835067,23840.075749169173,561187
2001-01-25,23840.075749169173,24270.91044826229,23706.993654134436,23921.08815275771,549388
2001-01-26,23921.08815275771,23921.08815275771,23417.036594608464,23556.697076567936,488006
2001-01-29,23556.697076567936,24173.4659367814,23556.697076567936,23836.56652620718,463134
2001-01-30,23836.56652620718,24394.02551087822,23836.56652620718,24203.521158778403,560618
2001-01-31,24203.521158778403,24394.513842304896,24191.142495842807,24313.422437855173,437271
2001-02-01,24313.422437855173,24397.056315006706,24313.422437855173,24385.16264970795,502106
2001-02-02,24385.16264970795,24568.130908045685,24104.863673619544,24250.337042684445,318605
2001-02-05,24250.337042684445,25136.235469087656,24250.337042684445,24922.39530238149,516209
2001-02-06,24922.39530238149,25026.486306981842,24595.9389232174,24750.25141696682,427325
2001-02-07,24750.25141696682,25444.274060792763,24750.25141696682,25097.259969452654,552188
2001-02-08,25097.259969452654,25097.259969452654,24484.220605705403,24633.812685762943,588061
2001-02-09,24633.812685762943,25813.89719986783,24633.812685762943,25513.476894679276,430249
2001-02-12,25513.476894679276,26384.724374356538,25513.476894679276,26148.29250294223,445569
2001-02-13,26148.29250294223,26275.053973817445,25994.592171627504,26081.039556753763,412068
2001-02-14,26081.039556753763,27709.848964343706,26081.039556753763,27614.828918664385,591503
2001-02-15,27614.828918664385,27795.370722673822,27339.4854865666,27493.488188651707,510887
2001-02-16,27493.488188651707,28055.717771308755,27493.488188651707,27651.9647214517,474950
2001-02-19,27651.9647214517,27651.9647214517,26223.289195173416,26442.71273849931,500105
2001-02-20,26442.71273849931,26442.71273849931,26147.053204793738,26217.96266021799,466555
2001-02-21,26217.96266021799,26354.095946281253,26136.271449636137,26308.54939949116,465995
2001-02-22,26308.54939949116,26308.54939949116,25918.59220833396,25977.0938383385,395059
2001-02-23,25977.0938383385,27013.456935273633,25977.0938383385,27012.53703919217,525495
2001-02-26,27012.53703919217,28002.19413063219,27012.53703919217,27615.325602180597,674958
2001-02-27,27615.325602180597,27788.29111855951,27444.984535322274,27761.720110627,431651
2001-02-28,27761.720110627,28072.05466180089,27672.077640912656,27992.779607362198,367933
2001-03-01,27992.779607362198,27992.779607362198,26971.708983052933,27170.759342609104,391800
2001-03-02,27170.759342609104,27170.759342609104,26578.511590776536,26941.26346242796,477899
2001-03-05,26941.26346242796,27158.287614050314,26562.28900279862,26920.495315155775,404729
2001-03-06,26920.495315155775,27678.26910713826,26920.495315155775,27277.453975094402,482458
2001-03-07,27277.453975094402,27277.453975094402,26271.66365614384,26577.207452274568,388028
2001-03-08,26577.207452274568,26976.222940783704,26577.207452274568,26920.947440584056,494527
2001-03-09,26920.947440584056,27653.29990805984,26920.947440584056,27390.903333101796,471366
2001-03-12,27390.903333101796,28313.941963539935,27390.903333101796,28207.749247167605,497519
2001-03-13,28207.749247167605,28207.749247167605,27467.860331177835,27467.92763886032,508943
2001-03-14,27467.92763886032,27467.92763886032,26860.647046573595,27161.147883313843,509558
2001-03-15,27161.147883313843,27161.147883313843,26625.272038294614,26981.390451894487,736760
2001-03-16,26981.390451894487,27894.774602000645,26981.390451894487,27808.514141792213,443628
2001-03-19,27808.514141792213,27808.514141792213,26355.841351614996,26463.724231240103,478644
2001-03-20,26463.724231240103,26783.972901134395,26052.20442309059,26423.911114484283,468658
2001-03-21,26423.911114484283,27028.296590621136,26341.633466552812,26691.670290275004,420165
2001-03-22,26691.670290275004,27235.73729503504,26691.670290275004,27086.97956402352,532926
2001-03-23,27086.97956402352,28419.379733129652,27086.97956402352,28063.653769513923,479696
2001-03-26,28063.653769513923,28063.653769513923,27517.72814772892,27614.6140841525,505094
2001-03-27,27614.6140841525,28899.598370945074,27614.6140841525,28483.181872513866,476949
2001-03-28,28483.181872513866,28483.181872513866,28023.05971898045,28383.714447667975,503903
2001-03-29,28383.714447667975,29381.98864436151,28383.714447667975,29068.223117875612,489270
2001-03-30,29068.223117875612,29617.609884772883,29066.75518379272,29475.278680256008,460211
2001-04-02,29475.278680256008,29628.683025284507,29210.122534194175,29276.234336984486,507227
2001-04-03,29276.234336984486,29276.234336984486,28071.100671216514,28072.327401270002,394723
2001-04-04,28072.327401270002,29730.581209823406,28072.327401270002,29536.725101501426,618900
2001-04-05,29536.725101501426,30539.351786716798,29536.725101501426,30264.828745798724,465586
2001-04-06,30264.828745798724,30938.046305810276,30264.828745798724,30491.46994672414,520782
2001-04-09,30491.46994672414,31852.445924877054,30491.46994672414,31514.51952180977,577848
2001-04-10,31514.51952180977,33488.38521685625,31514.51952180977,33463.76539921594,435552
2001-04-11,33463.76539921594,33463.76539921594,31774.89736672375,32068.83787576169,430649
2001-04-12,32068.83787576169,32465.137620838916,31974.34462558872,32395.315240092797,546254
2001-04-13,32395.315240092797,32831.747507606044,32269.11905462826,32607.30226925738,450437
2001-04-16,32607.30226925738,32607.30226925738,30880.477456573903,31133.192142503718,415914
2001-04-17,31133.192142503718,31931.265212378054,31133.192142503718,31555.997757529974,519622
2001-04-18,31555.997757529974,31634.030740482594,31312.744284525903,31331.30500452475,497129
2001-04-19,31331.30500452475,32632.47647837688,31331.30500452475,32358.642232403257,491437
2001-04-20,32358.642232403257,32852.23861563943,32290.507013361614,32533.366377147275,609936
2001-04-23,32533.366377147275,32533.366377147275,32107.31429068693,32361.384035273073,538537
2001-04-24,32361.384035273073,33513.14568294935,32361.384035273073,33498.68953098433,638304
2001-04-25,33498.68953098433,35263.029109322706,33498.68953098433,35260.35587238584,494452
2001-04-26,35260.35587238584,36296.76347964409,35260.35587238584,36262.38842930824,561072
2001-04-27,36262.38842930824,37776.007210975135,36262.38842930824,37240.00702050364,547897
2001-04-30,37240.00702050364,37240.00702050364,35525.49486021721,35685.32148175592,572661
2001-05-01,35685.32148175592,35685.32148175592,34260.253448391806,34699.310602329184,519191
2001-05-02,34699.310602329184,34924.63196904988,34308.85397953143,34551.869128667575,583725
2001-05-03,34551.869128667575,34752.07817718793,33796.01494353542,34277.4869315187,554392
2001-05-04,34277.4869315187,34782.81592612662,34199.021876486346,34336.18735353763,367899
2001-05-07,34336.18735353763,34336.18735353763,33560.614114722244,33617.766371494305,543025
2001-05-08,33617.766371494305,33617.766371494305,31777.718814893797,32101.558511239928,354791
2001-05-09,32101.558511239928,33677.39481808165,32101.558511239928,33359.04110747995,518158
2001-05-10,33359.04110747995,34661.16505686159,33359.04110747995,34188.80463629468,441027
2001-05-11,34188.80463629468,35247.10308157045,34188.80463629468,34845.65971837341,625848
2001-05-14,34845.65971837341,35287.16004414304,34704.1560598707,34947.99402622836,624240
2001-05-15,34947.99402622836,36801.99929228318,34947.99402622836,36270.48597544719,546593
2001-05-16,36270.48597544719,36507.08975422495,35909.31236433295,36132.694752345145,474956
2001-05-17,36132.694752345145,36132.694752345145,34237.214702762045,34437.01611505924,492110
2001-05-18,34437.01611505924,35606.19437851116,34437.01611505924,35455.871771783524,504707
2001-05-21,35455.871771783524,35455.871771783524,32893.9026602329,33204.581616783194,575961
2001-05-22,33204.581616783194,33615.91707095506,33204.581616783194,33421.671821770105,642750
2001-05-23,33421.671821770105,33505.21194609984,32754.755691618655,33154.88034449385,513499
2001-05-24,33154.88034449385,33154.88034449385,32250.647659481278,32645.52914967645,529206
2001-05-25,32645.52914967645,34353.833203218535,32645.52914967645,34209.79465590497,515832
2001-05-28,34209.79465590497,35060.88074832114,34152.27234690123,34554.90802658256,645094
2001-05-29,34554.90802658256,34554.90802658256,32749.180299182015,32761.408373295882,549130
2001-05-30,32761.408373295882,32761.408373295882,31820.128528268535,32064.663052991793,575610
2001-05-31,32064.663052991793,32402.933772343797,31558.078715421307,31947.302483537416,462357
2001-06-01,31947.302483537416,32289.587109613898,31745.038670821377,31926.619673660392,516237
2001-06-04,31926.619673660392,31926.619673660392,31036.551610217368,31193.259549382186,437336
2001-06-05,31193.259549382186,31193.259549382186,30410.476197266544,30465.307868353444,334090
2001-06-06,30465.307868353444,32027.487438871227,30465.307868353444,31716.307478109946,284544
2001-06-07,31716.307478109946,33548.43521784874,31716.307478109946,33095.95810022133,522115
2001-06-08,33095.95810022133,33095.95810022133,32399.05726550065,32737.76254530492,557881
2001-06-11,32737.76254530492,32867.63664069308,32320.36121559325,32589.738081273706,425979
2001-06-12,32589.738081273706,33227.82437120177,32589.738081273706,32862.89010952951,523487
2001-06-13,32862.89010952951,33034.06395131898,32539.3953028284,32965.791290042405,531292
2001-06-14,32965.791290042405,33860.53974650871,32965.791290042405,33566.178809241996,612891
2001-06-15,33566.178809241996,33566.178809241996,32638.031302755644,32899.95113324622,507144
2001-06-18,32899.95113324622,34818.76453849473,32899.95113324622,34742.67457845841,527854
2001-06-19,34742.67457845841,34742.67457845841,33504.09628870089,33661.71305103372,680085
2001-06-20,33661.71305103372,34338.71843208023,33661.71305103372,33984.07544428996,433750
2001-06-21,33984.07544428996,35026.70489798919,33984.07544428996,34726.19078418269,512790
2001-06-22,34726.19078418269,35277.4403887035,34726.19078418269,35249.674598071935,387610
2001-06-25,35249.674598071935,36014.06019495167,35249.674598071935,35643.310356161426,623473
2001-06-26,35643.310356161426,36947.98004514601,35643.310356161426,36457.48918769278,615339
2001-06-27,36457.48918769278,36457.48918769278,35391.31270998767,35823.60378938783,490047
2001-06-28,35823.60378938783,35823.60378938783,33778.35383034584,33909.0874508915,515133
2001-06-29,33909.0874508915,35112.01409757079,33909.0874508915,34927.907697567294,441004
2001-07-02,34927.907697567294,35877.974614043516,34927.907697567294,35617.647511275674,378899
2001-07-03,35617.647511275674,35617.647511275674,34052.24672282893,34235.98770359789,632572
2001-07-04,34235.98770359789,35662.373315001474,34235.98770359789,35534.87798447637,541284
2001-07-05,35534.87798447637,35534.87798447637,34175.129789907725,34179.86600404707,476012
2001-07-06,34179.86600404707,34179.86600404707,32615.176168133898,32836.14537491909,441240
2001-07-09,32836.14537491909,32836.14537491909,31172.03232351447,31626.050230200253,554010
2001-07-10,31626.050230200253,31626.050230200253,29514.642030344006,29652.27142209116,346064
2001-07-11,29652.27142209116,29652.27142209116,29003.16389166585,29182.39452668048,554657
2001-07-12,29182.39452668048,30177.115782965597,29182.39452668048,29780.27336343622,452896
2001-07-13,29780.27336343622,29780.27336343622,27782.114329339667,27890.70931507286,488356
2001-07-16,27890.70931507286,28666.034518796478,27890.70931507286,28502.46816502155,544170
2001-07-17,28502.46816502155,28546.261422956126,28046.877240451602,28379.007529109993,439156
2001-07-18,28379.007529109993,28379.007529109993,27211.534465575303,27387.53550881583,625461
2001-07-19,27387.53550881583,29415.901235769514,27387.53550881583,29264.329790496857,523875
2001-07-20,29264.329790496857,29438.13265890757,28942.728438553666,29048.956978582763,615719
2001-07-23,29048.956978582763,29048.956978582763,28326.647925992293,28376.217927354213,523460
2001-07-24,28376.217927354213,28376.217927354213,27192.189982167707,27206.492165807776,639695
2001-07-25,27206.492165807776,27206.492165807776,26293.025834146545,26564.643319773717,567454
2001-07-26,26564.643319773717,26564.643319773717,25219.10133258132,25533.03743595382,489692
2001-07-27,25533.03743595382,25651.926404151272,25358.90940495894,25382.51716358163,569272
2001-07-30,25382.51716358163,25382.51716358163,24523.528748675297,24822.1536874832,573437
2001-07-31,24822.1536874832,25092.60165440751,24822.1536874832,25084.193104510403,583373
2001-08-01,25084.193104510403,25451.932635533787,25039.27570885488,25207.303525432057,479854
2001-08-02,25207.303525432057,25207.303525432057,24849.93602351614,24968.43616795882,515216
2001-08-03,24968.43616795882,24968.43616795882,24040.60025601181,24356.456627632146,435231
2001-08-06,24356.456627632146,24356.456627632146,23967.78234453415,24297.92852557704,505844
2001-08-07,24297.92852557704,24757.20012136607,24297.92852557704,24749.487535591,535560
2001-08-08,24749.487535591,24749.487535591,23494.386017867957,23789.94812738522,594211
2001-08-09,23789.94812738522,23789.94812738522,23101.69080889387,23368.013078659256,602876
2001-08-10,23368.013078659256,24634.71800612758,23368.013078659256,24329.836457552112,514388
2001-08-13,24329.836457552112,24329.836457552112,23541.306092852592,23895.926056287335,505496
2001-08-14,23895.926056287335,24428.248058744924,23883.26988340192,24135.35920064692,614024
2001-08-15,24135.35920064692,24603.92599956464,24135.35920064692,24571.05155929713,570158
2001-08-16,24571.05155929713,25598.92337170184,24571.05155929713,25408.767584113015,505339
2001-08-17,25408.767584113015,26381.065983690485,25408.767584113015,26236.521250902264,436556
2001-08-20,26236.521250902264,26236.521250902264,25584.155572613057,25878.019188775128,520494
2001-08-21,25878.019188775128,25878.019188775128,25408.644152585035,25644.51440559751,617742
2001-08-22,25644.51440559751,26368.741037204803,25644.51440559751,25988.869971752993,515194
2001-08-23,25988.869971752993,25988.869971752993,24881.47201228285,25144.24692784395,507124
2001-08-24,25144.24692784395,25357.140442322292,24916.01760070359,25115.64830274126,427594
2001-08-27,25115.64830274126,25562.59285286521,25076.993907765816,25301.158590882427,559323
2001-08-28,25301.158590882427,25301.158590882427,24275.04557334461,24551.73543856335,584876
2001-08-29,24551.73543856335,24551.73543856335,23816.723789687923,23835.6694544039,473522
2001-08-30,23835.6694544039,23835.6694544039,22186.4016871307,22512.934015350405,267735
2001-08-31,22512.934015350405,22512.934015350405,22126.8227829486,22353.031565534016,544212
2001-09-03,22353.031565534016,22359.13919062875,21804.98292540784,22119.746227646276,553553
2001-09-04,22119.746227646276,22119.746227646276,20860.700180081527,21166.44327694212,616507
2001-09-05,21166.44327694212,21307.350687525457,20829.20298155597,21025.361611931847,564939
2001-09-06,21025.361611931847,21025.361611931847,19277.268628495574,19416.620587794194,510294
2001-09-07,19416.620587794194,19416.620587794194,19030.50766758924,19097.101043637515,381341
2001-09-10,19097.101043637515,19711.344857969096,19097.101043637515,19585.671664667767,472462
2001-09-11,19585.671664667767,19923.945628705722,19564.83807068634,19830.315208746717,487805
2001-09-12,19830.315208746717,20100.982849937613,19830.315208746717,19985.083127959297,433056
2001-09-13,19985.083127959297,21150.75994664571,19985.083127959297,20978.29909419016,572898
2001-09-14,20978.29909419016,21372.081501835768,20855.42486147376,21133.84116242472,473469
2001-09-17,21133.84116242472,21133.84116242472,20789.152290431153,20939.54346802991,383633
2001-09-18,20939.54346802991,21893.39833100642,20939.54346802991,21638.030167118886,509575
2001-09-19,21638.030167118886,23790.442730357707,21638.030167118886,23778.680111955124,411109
2001-09-20,23778.680111955124,23778.680111955124,23194.900741648067,23436.006969926333,327967
2001-09-21,23436.006969926333,23617.22740101837,23140.59477072225,23467.15316233468,432175
2001-09-24,23467.15316233468,24157.53847723722,23467.15316233468,23915.808191381337,504813
2001-09-25,23915.808191381337,23998.44030027386,23673.517187563833,23884.565723257045,406278
2001-09-26,23884.565723257045,24234.1298591415,23541.79531094365,23892.94151957748,416949
2001-09-27,23892.94151957748,23914.024983910498,23764.470340930315,23821.555270106044,589126
2001-09-28,23821.555270106044,24442.74357948581,23821.555270106044,24275.86831678212,420316
2001-10-01,24275.86831678212,24346.64424404138,23751.187497681574,24086.771200386283,409556
2001-10-02,24086.771200386283,24086.771200386283,23196.245316915734,23292.80934087323,343622
2001-10-03,23292.80934087323,23410.28512191864,22985.438991536146,23303.263742183513,417641
2001-10-04,23303.263742183513,24391.019029782427,23303.263742183513,24305.401837329733,503282
2001-10-05,24305.401837329733,24947.605665716877,24305.401837329733,24669.91668009479,435941
2001-10-08,24669.91668009479,24669.91668009479,24283.96330681168,24384.6014625207,287077
2001-10-09,24384.6014625207,25827.267197676654,24384.6014625207,25726.87424046947,428296
2001-10-10,25726.87424046947,25726.87424046947,24940.51751697281,25157.554294755693,395129
2001-10-11,25157.554294755693,26490.54502279713,25157.554294755693,26363.27889276972,606634
2001-10-12,26363.27889276972,26363.27889276972,25408.883804226138,25731.852100999888,376630
2001-10-15,25731.852100999888,25731.852100999888,25182.138862198117,25354.127818494155,515862
2001-10-16,25354.127818494155,25354.127818494155,24842.919606140164,25091.435238899037,484652
2001-10-17,25091.435238899037,25091.435238899037,24512.27738907673,24819.51741737721,415782
2001-10-18,24819.51741737721,25864.7875011494,24819.51741737721,25720.111453414956,464388
2001-10-19,25720.111453414956,26135.884415933557,25709.03038665172,25895.181463299305,468989
2001-10-22,25895.181463299305,25895.181463299305,25366.733605686328,25585.443466026703,466051
2001-10-23,25585.443466026703,26929.540005315288,25585.443466026703,26652.966345615583,463040
2001-10-24,26652.966345615583,26652.966345615583,26280.99810065407,26435.18925951215,271321
2001-10-25,26435.18925951215,26435.18925951215,25221.43948038524,25379.184477446306,495927
2001-10-26,25379.184477446306,25967.02766869354,25379.184477446306,25821.410171021656,562722
2001-10-29,25821.410171021656,25903.325165388018,25560.643539036504,25636.330904497605,570067
2001-10-30,25636.330904497605,25803.574533315634,25599.164301142595,25778.901904993818,361858
2001-10-31,25778.901904993818,25778.901904993818,25249.727717764945,25309.354947494638,594653
2001-11-01,25309.354947494638,27053.51082050161,25309.354947494638,26767.179525882624,364779
2001-11-02,26767.179525882624,28049.723535792113,26767.179525882624,27857.31687173309,497215
2001-11-05,27857.31687173309,27987.527785599297,27722.22047453487,27738.248228201435,495103
2001-11-06,27738.248228201435,28126.889625830532,27660.24087721702,27908.23342868475,504620
2001-11-07,27908.23342868475,29161.608667159806,27908.23342868475,28737.73853277693,510529
2001-11-08,28737.73853277693,30522.493737492237,28737.73853277693,30198.51195500338,634812
2001-11-09,30198.51195500338,30198.51195500338,29466.606958436703,29832.577393024683,493719
2001-11-12,29832.577393024683,29832.577393024683,29227.5490782296,29349.47868912716,529970
2001-11-13,29349.47868912716,30108.149432445676,29349.47868912716,30032.948846864398,521388
2001-11-14,30032.948846864398,30663.045571364157,30032.948846864398,30450.332479238434,545793
2001-11-15,30450.332479238434,30482.20667623288,29756.174368434713,30115.169275983728,633302
2001-11-16,30115.169275983728,30115.169275983728,29098.63532215486,29200.331347008098,555087
2001-11-19,29200.331347008098,29200.331347008098,27556.981306692298,27888.10993031013,427550
2001-11-20,27888.10993031013,28343.340098099197,27888.10993031013,28152.13124242549,502599
2001-11-21,28152.13124242549,28177.003254842213,27805.91817890187,27906.805391445523,508660
2001-11-22,27906.805391445523,28613.161164453024,27833.41985589216,28202.000964142717,623207
2001-11-23,28202.000964142717,29314.85379133989,28202.000964142717,29098.452350110492,468149
2001-11-26,29098.452350110492,29098.452350110492,27590.55002713146,27999.8952002911,536486
2001-11-27,27999.8952002911,27999.8952002911,27310.570428282666,27426.299884286647,471721
2001-11-28,27426.299884286647,27426.299884286647,26593.832169806654,26935.176718721475,418742
2001-11-29,26935.176718721475,27733.11017134771,26935.176718721475,27418.520095586216,351906
2001-11-30,27418.520095586216,27829.590024416113,27418.520095586216,27642.00898827556,560746
2001-12-03,27642.00898827556,27642.00898827556,26762.706980061797,27050.891489071422,453456
2001-12-04,27050.891489071422,27050.891489071422,26284.285989740016,26660.303989685715,434290
2001-12-05,26660.303989685715,27618.317886440564,26660.303989685715,27360.790586260016,423701
2001-12-06,27360.790586260016,27460.57913793824,26968.819698430314,27353.71681408498,496452
2001-12-07,27353.71681408498,28367.931586399107,27353.71681408498,28182.315664255057,399430
2001-12-10,28182.315664255057,29230.100992140935,28182.315664255057,28834.394081678605,569121
2001-12-11,28834.394081678605,29433.825754522513,28834.394081678605,29343.27731009235,372534
2001-12-12,29343.27731009235,30750.933809869555,29343.27731009235,30537.979426858066,527937
2001-12-13,30537.979426858066,30822.113186560688,30414.546944901842,30624.846350248725,441756
2001-12-14,30624.846350248725,30624.846350248725,29483.507891984777,29913.992693192904,593683
2001-12-17,29913.992693192904,29913.992693192904,27245.199642397503,27615.8408704257,394903
2001-12-18,27615.8408704257,27953.113761103672,27497.000431149736,27578.87452430341,558494
2001-12-19,27578.87452430341,28045.288224962456,27304.8100976247,27658.10229055478,442690
2001-12-20,27658.10229055478,27749.352277729115,27630.713368194483,27631.023526579593,537634
2001-12-21,27631.023526579593,27762.827747495914,27289.188974310106,27577.204720149854,593843
2001-12-24,27577.204720149854,27577.204720149854,27325.447567519604,27338.62390865183,492959
2001-12-25,27338.62390865183,27542.06304949912,26952.056037915347,27270.8928689424,401974
2001-12-26,27270.8928689424,27270.8928689424,25169.789613456018,25431.72871916322,496886
2001-12-27,25431.72871916322,27090.66482059787,25431.72871916322,26692.87011252962,399914
2001-12-28,26692.87011252962,27352.17506934036,26582.893099376604,26969.81544100225,564380
2001-12-31,26969.81544100225,26969.81544100225,26308.352867309364,26362.614309446755,572354
2002-01-01,26362.614309446755,27044.080650910586,26362.614309446755,26694.655963406723,353871
2002-01-02,26694.655963406723,28267.262650312772,26694.655963406723,27895.3122652385,496589
2002-01-03,27895.3122652385,28196.039280843146,27622.815071433753,27918.522192481254,589112
2002-01-04,27918.522192481254,27972.508420030663,27513.205387688144,27920.206337714895,532597
2002-01-07,27920.206337714895,30204.983219269798,27920.206337714895,29825.940461923507,661515
2002-01-08,29825.940461923507,29958.935914582053,29412.1615329678,29659.00203921153,647222
2002-01-09,29659.00203921153,29659.00203921153,28910.354273002406,28963.32409259607,582604
2002-01-10,28963.32409259607,29711.65337611398,28963.32409259607,29533.499447016424,536932
2002-01-11,29533.499447016424,29870.12830036946,29417.93305574698,29641.651853081592,447376
2002-01-14,29641.651853081592,30274.73260068723,29641.651853081592,30178.61523078429,542892
2002-01-15,30178.61523078429,30178.61523078429,29300.35758206866,29369.634347889234,531677
2002-01-16,29369.634347889234,30276.99033605959,29369.634347889234,30024.329118544836,542604
2002-01-17,30024.329118544836,30024.329118544836,29358.887065903346,29678.04066854211,535526
2002-01-18,29678.04066854211,29678.04066854211,28597.678930110247,28795.865522153996,590959
2002-01-21,28795.865522153996,29676.74937963349,28795.865522153996,29603.27237391326,405558
2002-01-22,29603.27237391326,31037.671602068975,29603.27237391326,30887.20560551949,431305
2002-01-23,30887.20560551949,30887.20560551949,30266.2956404042,30380.25982309223,482516
2002-01-24,30380.25982309223,31913.466225006967,30380.25982309223,31498.795070146367,389130
2002-01-25,31498.795070146367,31498.795070146367,30862.53929600843,31019.767458231818,564720
2002-01-28,31019.767458231818,31019.767458231818,30314.235697224816,30521.14921708979,505142
2002-01-29,30521.14921708979,31050.27251947975,30521.14921708979,30905.10637234557,496546
2002-01-30,30905.10637234557,30905.10637234557,30129.917568573317,30338.260411877094,529378
2002-01-31,30338.260411877094,30338.260411877094,29244.41530083056,29366.219664667697,411059
2002-02-01,29366.219664667697,29900.47846000106,29366.219664667697,29604.445054331463,492679
2002-02-04,29604.445054331463,29604.445054331463,28017.341234460135,28293.472217621656,514106
2002-02-05,28293.472217621656,28293.472217621656,26694.246080663823,27029.572333554694,420305
2002-02-06,27029.572333554694,28057.587399411597,27029.572333554694,27863.699447711355,421621
2002-02-07,27863.699447711355,27863.699447711355,27533.905282973163,27600.000262443627,329215
2002-02-08,27600.000262443627,29293.9592080705,27600.000262443627,29200.202274682655,508382
2002-02-11,29200.202274682655,29202.166549471745,28984.80023809132,29067.810979192156,580513
2002-02-12,29067.810979192156,30047.555604382072,29067.810979192156,29912.57763369035,510840
2002-02-13,29912.57763369035,29912.57763369035,28290.812205215247,28565.69669671265,448027
2002-02-14,28565.69669671265,29034.54003673324,28369.254517212787,28745.0950569952,527090
2002-02-15,28745.0950569952,28745.0950569952,28131.98255229251,28413.8969384058,631731
2002-02-18,28413.8969384058,28413.8969384058,27016.82979027596,27133.329887144653,545777
2002-02-19,27133.329887144653,28986.412852266985,27133.329887144653,28818.96686354262,570015
2002-02-20,28818.96686354262,31092.628807709538,28818.96686354262,30649.46117353409,523885
2002-02-21,30649.46117353409,30649.46117353409,29369.09933823194,29752.832435084627,515703
2002-02-22,29752.832435084627,29752.832435084627,28262.006477828258,28666.274119428188,338922
2002-02-25,28666.274119428188,28666.274119428188,26545.624260531065,26893.26940769012,562059
2002-02-26,26893.26940769012,26893.26940769012,26569.137655034243,26591.81412765428,528604
2002-02-27,26591.81412765428,27056.68891351714,26591.81412765428,27019.989410195605,448206
2002-02-28,27019.989410195605,27019.989410195605,26117.351467599532,26328.716116614753,550727
2002-03-01,26328.716116614753,26528.31829507741,26244.833319839625,26494.772241713665,460955
2002-03-04,26494.772241713665,27350.08732159011,26494.772241713665,27123.967786154768,579458
2002-03-05,27123.967786154768,27378.926907566103,26829.959712732154,27167.638762371706,481503
2002-03-06,27167.638762371706,27167.638762371706,26670.493996605917,27052.374153117187,493865
2002-03-07,27052.374153117187,27745.520899208383,27052.374153117187,27538.597017898606,480457
2002-03-08,27538.597017898606,27538.597017898606,27134.63599830375,27189.796613541188,430650
2002-03-11,27189.796613541188,27349.454643316643,27022.428024813846,27156.839663645314,440106
2002-03-12,27156.839663645314,27663.190739640097,27156.839663645314,27645.041497799328,604431
2002-03-13,27645.041497799328,28517.451148809123,27645.041497799328,28515.413615619473,464327
2002-03-14,28515.413615619473,29490.61286375656,28515.413615619473,29299.26684284856,485255
2002-03-15,29299.26684284856,29299.26684284856,28699.21247979472,28812.149917399394,411295
2002-03-18,28812.149917399394,28812.149917399394,28233.20268702208,28353.89399931126,356263
2002-03-19,28353.89399931126,28823.969914981113,28353.89399931126,28702.36971556583,435702
2002-03-20,28702.36971556583,29391.50654617281,28702.36971556583,29365.528662098528,481543
2002-03-21,29365.528662098528,29646.786381014103,28950.60662704441,29254.10992672697,346875
2002-03-22,29254.10992672697,29254.10992672697,28405.66581810212,28517.602153917873,502014
2002-03-25,28517.602153917873,29658.651351249126,28517.602153917873,29586.07295162034,534747
2002-03-26,29586.07295162034,30067.13689205245,29586.07295162034,29837.13641741698,615468
2002-03-27,29837.13641741698,31045.41541548827,29837.13641741698,30852.55834554314,522261
2002-03-28,30852.55834554314,31071.93049918433,30822.18094528915,30898.66569242879,485811
2002-03-29,30898.66569242879,30899.6801270966,30675.16561438005,30685.603668325366,602807
2002-04-01,30685.603668325366,31309.07634258812,30685.603668325366,31148.93900770396,454261
2002-04-02,31148.93900770396,31148.93900770396,30498.602196329608,30874.6652842737,361035
2002-04-03,30874.6652842737,31569.081182555678,30874.6652842737,31514.791493241366,449740
2002-04-04,31514.791493241366,31514.791493241366,29251.64410077275,29508.873045037355,552393
2002-04-05,29508.873045037355,30339.57937599873,29508.873045037355,30220.962716507358,552784
2002-04-08,30220.962716507358,30597.887105385602,30220.962716507358,30506.5820925001,356472
2002-04-09,30506.5820925001,32969.21380036094,30506.5820925001,32704.416089666884,481369
2002-04-10,32704.416089666884,33168.0031950369,32639.88475112354,32753.485564737948,430107
2002-04-11,32753.485564737948,32753.485564737948,31211.93016602671,31672.626010972563,558273
2002-04-12,31672.626010972563,31672.626010972563,30604.24606971315,31001.227426980407,523224
2002-04-15,31001.227426980407,31242.73308674831,30668.432098361427,31088.935901890065,429795
2002-04-16,31088.935901890065,31088.935901890065,30499.206383942757,30592.683500553765,390738
2002-04-17,30592.683500553765,30977.819589445615,30569.78146772665,30793.50758089871,603005
2002-04-18,30793.50758089871,32651.827239924936,30793.50758089871,32466.175703633588,588924
2002-04-19,32466.175703633588,32466.175703633588,31264.158971738172,31290.800504981806,463974
2002-04-22,31290.800504981806,32299.829380521107,31290.800504981806,31847.745032093902,557750
2002-04-23,31847.745032093902,31847.745032093902,31654.604232492766,31716.282549187355,491377
2002-04-24,31716.282549187355,31716.282549187355,31159.714485929264,31416.64515795712,587782
2002-04-25,31416.64515795712,33779.4770814983,31416.64515795712,33395.19515248118,512925
2002-04-26,33395.19515248118,33598.52334369466,33226.661416276525,33470.22509220877,563594
2002-04-29,33470.22509220877,33470.22509220877,32424.128162468653,32784.11802332282,474095
2002-04-30,32784.11802332282,32784.11802332282,31618.55307467169,31624.242719643484,487816
2002-05-01,31624.242719643484,32134.310467084284,31624.242719643484,31962.81158622674,517676
2002-05-02,31962.81158622674,31962.81158622674,31155.965250150915,31202.989593432638,697020
2002-05-03,31202.989593432638,31253.27763756995,30818.697842317357,31001.25641335225,516764
2002-05-06,31001.25641335225,32335.864497324306,31001.25641335225,32195.545883797597,495344
2002-05-07,32195.545883797597,32195.545883797597,30813.35452778323,30879.722692151638,535581
2002-05-08,30879.722692151638,30988.048415817513,30543.432134397943,30634.769536375446,415084
2002-05-09,30634.769536375446,31398.53653823121,30634.769536375446,31339.78563496018,641818
2002-05-10,31339.78563496018,31339.78563496018,29883.406928765497,30168.352139384886,509631
2002-05-13,30168.352139384886,30932.538434388538,30168.352139384886,30691.34702934086,481194
2002-05-14,30691.34702934086,32408.472566504883,30691.34702934086,32053.12335923601,401782
2002-05-15,32053.12335923601,32053.12335923601,31059.94127159533,31408.338273204685,431737
2002-05-16,31408.338273204685,31408.338273204685,29853.812742941725,29987.76241855676,533114
2002-05-17,29987.76241855676,32211.76783523938,29987.76241855676,31739.24862361547,570135
2002-05-20,31739.24862361547,31772.379729177996,31440.90144986516,31729.630642031698,472593
2002-05-21,31729.630642031698,31729.630642031698,30495.41864376496,30585.98024481818,490687
2002-05-22,30585.98024481818,31924.99262485682,30585.98024481818,31478.22870770872,505129
2002-05-23,31478.22870770872,31478.22870770872,30801.35416757932,30896.042059157713,490855
2002-05-24,30896.042059157713,30896.042059157713,29938.021882314588,30375.899370038947,429706
2002-05-27,30375.899370038947,30375.899370038947,28996.843204405614,29004.191682153363,420542
2002-05-28,29004.191682153363,29055.482767384903,28911.950364483975,29043.92619949667,450033
2002-05-29,29043.92619949667,29691.304845306855,29043.92619949667,29576.55092970875,532061
2002-05-30,29576.55092970875,29576.55092970875,28705.15470592852,28994.618816772538,496374
2002-05-31,28994.618816772538,28994.618816772538,26960.669198015392,27028.581674909936,521404
2002-06-03,27028.581674909936,27456.29622587206,26876.51360725575,27187.13481463926,596140
2002-06-04,27187.13481463926,27187.13481463926,25186.947088770707,25446.115083207667,600847
2002-06-05,25446.115083207667,25446.115083207667,24972.506283892,25188.03413117233,383142
2002-06-06,25188.03413117233,26000.579780639455,25188.03413117233,25727.95132841168,650755
2002-06-07,25727.95132841168,25727.95132841168,23734.023294327024,24087.261878553232,773105
2002-06-10,24087.261878553232,24087.261878553232,23586.840298879146,23916.59034273032,569910
2002-06-11,23916.59034273032,23916.59034273032,23204.9768473842,23514.30565693705,551776
2002-06-12,23514.30565693705,23831.333383173474,23391.8103139938,23513.42984143567,501898
2002-06-13,23513.42984143567,24353.00991604498,23513.42984143567,24221.164410626014,404089
2002-06-14,24221.164410626014,24872.45696399091,24221.164410626014,24808.68343717681,478244
2002-06-17,24808.68343717681,24990.54884118178,24503.75056529461,24734.464059381437,493778
2002-06-18,24734.464059381437,24734.464059381437,23862.469023603215,23913.408227848737,424919
2002-06-19,23913.408227848737,24453.78167321121,23913.408227848737,24350.026648926927,566814
2002-06-20,24350.026648926927,24350.026648926927,24084.77795013981,24120.791363639608,554908
2002-06-21,24120.791363639608,25501.994226158935,24120.791363639608,25239.21539556033,541705
2002-06-24,25239.21539556033,25623.483699903773,25239.21539556033,25376.291741173016,481617
2002-06-25,25376.291741173016,26679.5391923417,25376.291741173016,26288.396020624452,372793
2002-06-26,26288.396020624452,26288.396020624452,24654.489687260484,24862.52731444429,506818
2002-06-27,24862.52731444429,24862.52731444429,24070.593622571152,24390.386580936396,411541
2002-06-28,24390.386580936396,24651.340781344123,24189.68321852575,24501.92629074165,322316
2002-07-01,24501.92629074165,24636.09863452271,24240.397405509848,24533.032889712013,567033
2002-07-02,24533.032889712013,25237.42475061369,24533.032889712013,24935.83474180478,491190
2002-07-03,24935.83474180478,26159.366058329353,24935.83474180478,26044.275158916425,429069
2002-07-04,26044.275158916425,26044.275158916425,25582.34565270541,25730.012392865046,501961
2002-07-05,25730.012392865046,26098.03412950264,25581.992119004994,25736.576710178833,581522
2002-07-08,25736.576710178833,25736.576710178833,25297.098076066686,25452.934096547622,539890
2002-07-09,25452.934096547622,25986.422485499486,25452.934096547622,25829.000607466092,477472
2002-07-10,25829.000607466092,25829.000607466092,25075.672991910433,25399.20248905824,545979
2002-07-11,25399.20248905824,25399.20248905824,24632.282871353073,24759.870406709808,395215
2002-07-12,24759.870406709808,24759.870406709808,23907.162277771095,24098.54974407844,563955
2002-07-15,24098.54974407844,24641.994423986023,24088.02511279794,24435.9526244942,478350
2002-07-16,24435.9526244942,24826.265569968993,24190.98492029341,24480.164045786412,409943
2002-07-17,24480.164045786412,24894.858115381325,24480.164045786412,24738.692535278562,491585
2002-07-18,24738.692535278562,25177.042162186222,24738.692535278562,25001.75695018956,466822
2002-07-19,25001.75695018956,25907.39090098996,25001.75695018956,25779.21966680716,552779
2002-07-22,25779.21966680716,26499.3388884084,25779.21966680716,26128.745929882552,532251
2002-07-23,26128.745929882552,27303.070282944904,26128.745929882552,27104.25555907621,550321
2002-07-24,27104.25555907621,29601.911392310638,27104.25555907621,29553.02999824582,428976
2002-07-25,29553.02999824582,29777.07643214287,29169.81368519126,29504.105190439273,395836
2002-07-26,29504.105190439273,29504.105190439273,28637.32215808602,28775.9631823737,555065
2002-07-29,28775.9631823737,29843.911987984215,28775.9631823737,29637.866584362055,418660
2002-07-30,29637.866584362055,29637.866584362055,28839.43650000023,29150.449966602282,473307
2002-07-31,29150.449966602282,29150.449966602282,26744.562246727186,27011.627624278502,429566
2002-08-01,27011.627624278502,27279.670018716588,26765.208258123876,27050.828252738807,448076
2002-08-02,27050.828252738807,27050.828252738807,26181.46273671745,26415.126714721377,470674
2002-08-05,26415.126714721377,26518.018287711846,26387.201980271995,26483.110994993476,509821
2002-08-06,26483.110994993476,27827.040210174342,26483.110994993476,27504.718943778327,400249
2002-08-07,27504.718943778327,27504.718943778327,25923.63791806977,26213.912849865366,473368
2002-08-08,26213.912849865366,26213.912849865366,25022.648418906207,25204.28634520795,466656
2002-08-09,25204.28634520795,25716.216740272976,25204.28634520795,25706.474019805708,627616
2002-08-12,25706.474019805708,26334.47995218268,25706.474019805708,26244.196882265347,560527
2002-08-13,26244.196882265347,26244.196882265347,25349.35980461948,25553.279719966395,494549
2002-08-14,25553.279719966395,25820.03050024377,25362.774078339808,25528.44384297823,500024
2002-08-15,25528.44384297823,25791.011261817184,25353.0733377919,25571.240055497554,530432
2002-08-16,25571.240055497554,26681.529846042402,25571.240055497554,26421.276447500728,573308
2002-08-19,26421.276447500728,27100.285778695048,26421.276447500728,27093.179950855,548719
2002-08-20,27093.179950855,27578.740621835852,27093.179950855,27460.085090091,519232
2002-08-21,27460.085090091,27460.085090091,26687.338825825438,27072.60454418749,496982
2002-08-22,27072.60454418749,28020.862767003386,27072.60454418749,27618.113143654744,458524
2002-08-23,27618.113143654744,27618.113143654744,26713.308469562173,27074.978594098542,414235
2002-08-26,27074.978594098542,27074.978594098542,24715.47635824353,25030.85292833639,566243
2002-08-27,25030.85292833639,25030.85292833639,24719.744059239532,24750.70343298659,542781
2002-08-28,24750.70343298659,24750.70343298659,23310.60969598552,23600.524355075555,549017
2002-08-29,23600.524355075555,23600.524355075555,22592.65087405233,22632.256100828516,505528
2002-08-30,22632.256100828516,23231.584633514125,22632.256100828516,23195.33030575688,354553
2002-09-02,23195.33030575688,23195.33030575688,22887.868922319525,22942.949935391476,570537
2002-09-03,22942.949935391476,22942.949935391476,21667.915989609068,21950.40984565893,517993
2002-09-04,21950.40984565893,23175.489245725646,21950.40984565893,23141.977225646486,516992
2002-09-05,23141.977225646486,23441.289194771125,23091.177715923648,23204.75420435224,617386
2002-09-06,23204.75420435224,23204.75420435224,22686.558653291177,22903.481301714965,514853
2002-09-09,22903.481301714965,23643.553607249818,22903.481301714965,23503.907293588985,509469
2002-09-10,23503.907293588985,23537.74844847523,23123.41920855232,23341.30633487278,438752
2002-09-11,23341.30633487278,23341.30633487278,22692.52108976329,22923.61101440833,596330
2002-09-12,22923.61101440833,22962.49008815442,22696.89880081374,22755.440938791988,559368
2002-09-13,22755.440938791988,23309.707468208668,22651.0678511783,22970.071373527415,340384
2002-09-16,22970.071373527415,23454.66007721325,22820.993427767582,23126.15775276667,387541
2002-09-17,23126.15775276667,23652.12022560263,23126.15775276667,23388.730011632713,415962
2002-09-18,23388.730011632713,23388.730011632713,22894.188421591083,23050.94410044013,500011
2002-09-19,23050.94410044013,23725.339379906665,23050.94410044013,23390.85305015539,434361
2002-09-20,23390.85305015539,23390.85305015539,23220.951818657126,23359.0054649444,477773
2002-09-23,23359.0054649444,23995.149327710573,23359.0054649444,23975.827916059105,442543
2002-09-24,23975.827916059105,23975.827916059105,23390.32749166257,23628.70755257636,512948
2002-09-25,23628.70755257636,24167.284017372902,23590.07818446676,23918.161280099168,440515
2002-09-26,23918.161280099168,24565.7227387902,23918.161280099168,24376.47083464343,570552
2002-09-27,24376.47083464343,24376.47083464343,23014.271756649596,23345.884674288696,560835
2002-09-30,23345.884674288696,23720.247144148714,23345.884674288696,23453.18778926854,564021
2002-10-01,23453.18778926854,23823.38857780724,23324.746385600974,23479.795166495573,533776
2002-10-02,23479.795166495573,23516.92852190234,23013.084359051074,23243.18219374301,618318
2002-10-03,23243.18219374301,23541.260888519246,23006.184440512654,23336.144937926827,379937
2002-10-04,23336.144937926827,23465.41792587007,23209.06293862947,23221.953393990614,414728
2002-10-07,23221.953393990614,23221.953393990614,22048.470868446326,22253.867853970005,657371
2002-10-08,22253.867853970005,22253.867853970005,21442.83284242605,21609.34632648046,486428
2002-10-09,21609.34632648046,21609.34632648046,21348.993657486055,21457.362732195175,417574
2002-10-10,21457.362732195175,21652.004542118295,21229.187940587322,21399.73363897299,443428
2002-10-11,21399.73363897299,22007.621162044332,21399.73363897299,21749.418272948813,454724
2002-10-14,21749.418272948813,22317.129007348365,21749.418272948813,22285.472981304574,511976
2002-10-15,22285.472981304574,22750.378265405594,22205.54768771011,22512.498475488086,620136
2002-10-16,22512.498475488086,23359.38759119373,22512.498475488086,23275.15364421822,324507
2002-10-17,23275.15364421822,23275.15364421822,22804.50197792759,22850.00518194937,435760
2002-10-18,22850.00518194937,23649.101815583585,22850.00518194937,23601.993577923942,387808
2002-10-21,23601.993577923942,23601.993577923942,22876.697208407753,22921.084558159073,432180
2002-10-22,22921.084558159073,22921.084558159073,22680.158443374105,22767.736000799756,450887
2002-10-23,22767.736000799756,22767.736000799756,22289.24946585907,22314.952841842507,547156
2002-10-24,22314.952841842507,22375.306643230226,22157.030039806807,22299.863138630797,550066
2002-10-25,22299.863138630797,22299.863138630797,21936.455109393784,22133.68459353936,551641
2002-10-28,22133.68459353936,22976.998475140463,22133.68459353936,22874.774891321817,537366
2002-10-29,22874.774891321817,23923.64554141029,22874.774891321817,23824.87097876392,479868
2002-10-30,23824.87097876392,23840.373905990928,23623.67811425939,23796.16201318124,585321
2002-10-31,23796.16201318124,24094.79900733922,23519.05963924646,23751.133475993756,549910
2002-11-01,23751.133475993756,25480.834977287723,23751.133475993756,25209.579109393675,430852
2002-11-04,25209.579109393675,25843.274710922018,25209.579109393675,25697.085437291156,559935
2002-11-05,25697.085437291156,25697.085437291156,25163.497874351375,25290.51955156201,526912
2002-11-06,25290.51955156201,25290.51955156201,24803.13235052509,24934.824071773222,450862
2002-11-07,24934.824071773222,24934.824071773222,23807.7487680016,24111.904457611017,404008
2002-11-08,24111.904457611017,25246.38819732712,24111.904457611017,25242.090791379323,596905
2002-11-11,25242.090791379323,25242.090791379323,24064.904771049456,24315.482431380355,455604
2002-11-12,24315.482431380355,25040.181825472453,24315.482431380355,24966.722636215796,538564
2002-11-13,24966.722636215796,24966.722636215796,24160.231350731527,24231.997880081417,489345
2002-11-14,24231.997880081417,24231.997880081417,23859.499785761527,24119.054571568104,527055
2002-11-15,24119.054571568104,24339.849968786395,23728.616539304654,24000.01647359603,462198
2002-11-18,24000.01647359603,24044.189332458373,23755.79168818349,23773.18168367242,496342
2002-11-19,23773.18168367242,23773.75209905502,23588.28483422748,23628.437051336652,604430
2002-11-20,23628.437051336652,23628.437051336652,23016.462860235104,23320.20589573146,644578
2002-11-21,23320.20589573146,23320.20589573146,22398.032301285624,22715.110812465067,470405
2002-11-22,22715.110812465067,22715.110812465067,22120.85653669983,22404.614910631135,450714
2002-11-25,22404.614910631135,22404.614910631135,21578.773732787373,21743.839285836882,484805
2002-11-26,21743.839285836882,21743.839285836882,20447.119435620854,20522.94078990954,444343
2002-11-27,20522.94078990954,20901.410073011368,20522.94078990954,20727.5483902551,512194
2002-11-28,20727.5483902551,21323.480860045638,20727.5483902551,21229.97856644706,491285
2002-11-29,21229.97856644706,21229.97856644706,20980.032877619,21121.685731590776,377881
2002-12-02,21121.685731590776,21683.35315025898,21121.685731590776,21435.40566494732,533329
2002-12-03,21435.40566494732,22796.062639220607,21435.40566494732,22635.757095333636,417298
2002-12-04,22635.757095333636,22635.757095333636,22210.110888026247,22394.05157218353,491892
2002-12-05,22394.05157218353,22796.14089232833,22394.05157218353,22734.808979917092,462310
2002-12-06,22734.808979917092,22734.808979917092,22384.84874258226,22652.03488894995,494993
2002-12-09,22652.03488894995,22652.03488894995,21895.98103918336,22034.331050848537,490519
2002-12-10,22034.331050848537,22340.454490216634,22034.331050848537,22318.11020804755,544033
2002-12-11,22318.11020804755,23313.54376532799,22318.11020804755,23106.241090635605,536583
2002-12-12,23106.241090635605,24153.833003008793,23106.241090635605,24112.47788962655,363197
2002-12-13,24112.47788962655,24778.66949962107,24112.47788962655,24737.34124598735,400920
2002-12-16,24737.34124598735,25516.846610787983,24737.34124598735,25245.679736219725,380177
2002-12-17,25245.679736219725,25245.679736219725,24287.9119998319,24547.50226209473,542412
2002-12-18,24547.50226209473,24632.8234029591,24145.8423410804,24496.891516632815,479644
2002-12-19,24496.891516632815,24496.891516632815,23904.480271222346,24038.178657837787,518987
2002-12-20,24038.178657837787,24038.178657837787,23462.6734657467,23657.96926856227,709726
2002-12-23,23657.96926856227,23848.212554050595,23657.96926856227,23775.63958431226,424424
2002-12-24,23775.63958431226,23878.229817933756,23359.165322861398,23587.384732182483,534365
2002-12-25,23587.384732182483,23929.723469024466,23587.384732182483,23638.795783099707,452884
2002-12-26,23638.795783099707,23638.795783099707,22791.17015386683,23056.929405114948,553351
2002-12-27,23056.929405114948,23874.994790627214,23056.929405114948,23682.707130727962,399042
2002-12-30,23682.707130727962,25069.55658042083,23682.707130727962,24744.81728037676,568150
2002-12-31,24744.81728037676,24744.81728037676,23871.92150184188,24133.39081256089,608641
2003-01-01,24133.39081256089,25130.167908436822,24133.39081256089,24940.981983773305,547979
2003-01-02,24940.981983773305,26787.51054775763,24940.981983773305,26669.53742943946,508847
2003-01-03,26669.53742943946,26867.769306379163,26669.53742943946,26864.60558736134,577379
2003-01-06,26864.60558736134,27584.400548187234,26864.60558736134,27426.33159534663,518351
2003-01-07,27426.33159534663,28234.28759963907,27426.33159534663,28098.36566751776,528873
2003-01-08,28098.36566751776,29552.172052102113,28098.36566751776,29260.27417045748,513984
2003-01-09,29260.27417045748,29260.27417045748,28372.35889443636,28734.628525894248,489564
2003-01-10,28734.628525894248,28734.628525894248,28105.41925863055,28359.53455851382,466128
2003-01-13,28359.53455851382,28790.292616902258,28105.578062738707,28419.835432584532,531133
2003-01-14,28419.835432584532,28855.090291980432,28419.835432584532,28649.713092093876,483517
2003-01-15,28649.713092093876,28649.713092093876,27970.988730803227,28080.502348986687,595259
2003-01-16,28080.502348986687,29248.88216111972,28080.502348986687,29024.76836355617,491429
2003-01-17,29024.76836355617,29984.394347418493,29024.76836355617,29547.404038007197,534512
2003-01-20,29547.404038007197,29997.491005176842,29378.7015305013,29565.9695127562,639781
2003-01-21,29565.9695127562,30097.354204000225,29454.771732708938,29892.626600751257,489145
2003-01-22,29892.626600751257,30908.247049747333,29892.626600751257,30505.0906681504,532828
2003-01-23,30505.0906681504,30505.0906681504,28637.382308489126,29025.139302294938,514786
2003-01-24,29025.139302294938,29486.337133515888,28980.30681509683,29301.18595482725,353334
2003-01-27,29301.18595482725,32158.539291089284,29301.18595482725,31777.719272599385,506927
2003-01-28,31777.719272599385,31777.719272599385,30548.430733740384,30625.306781448056,426469
2003-01-29,30625.306781448056,31959.102310610142,30625.306781448056,31648.569315906738,413016
2003-01-30,31648.569315906738,31648.569315906738,30024.62788822314,30284.287955243602,537775
2003-01-31,30284.287955243602,30696.664059599723,29982.63152641456,30393.262724325854,417360
2003-02-03,30393.262724325854,31074.347943835746,30393.262724325854,30954.458406807025,643931
2003-02-04,30954.458406807025,32334.633516950693,30954.458406807025,32129.507220516654,556264
2003-02-05,32129.507220516654,32860.24126076889,32129.507220516654,32589.84602185853,438311
2003-02-06,32589.84602185853,33196.25661426564,32589.84602185853,33035.80170450732,532233
2003-02-07,33035.80170450732,35934.26643380769,33035.80170450732,35780.17927798805,518895
2003-02-10,35780.17927798805,35780.17927798805,34970.49783388428,35320.65546936691,544110
2003-02-11,35320.65546936691,35320.65546936691,35161.43413439957,35251.25077868163,471211
2003-02-12,35251.25077868163,35251.25077868163,34698.741557574,34884.17434320521,416610
2003-02-13,34884.17434320521,35283.35831958404,34884.17434320521,35267.90636294233,436013
2003-02-14,35267.90636294233,35267.90636294233,33499.30985852397,33501.99499213124,548656
2003-02-17,33501.99499213124,33501.99499213124,31608.376873886515,31756.937948968258,531741
2003-02-18,31756.937948968258,32182.930736874827,31756.937948968258,32054.618093334153,546179
2003-02-19,32054.618093334153,33254.53153304254,32054.618093334153,32904.27502761589,563407
2003-02-20,32904.27502761589,35065.70100470342,32904.27502761589,34836.260411350326,659675
2003-02-21,34836.260411350326,34900.91287183973,34334.58418581385,34749.4179417247,560497
2003-02-24,34749.4179417247,35483.207358640684,34749.4179417247,35203.35144422106,522737
2003-02-25,35203.35144422106,35203.35144422106,33515.555029544375,33874.29839794356,642758
2003-02-26,33874.29839794356,35095.6903851204,33874.29839794356,34891.53196083454,479774
2003-02-27,34891.53196083454,35755.238440498164,34891.53196083454,35544.29957488379,643613
2003-02-28,35544.29957488379,35544.29957488379,34938.115805947746,35001.686117255296,487396
2003-03-03,35001.686117255296,35001.686117255296,33728.39002181347,34199.79512676705,528138
2003-03-04,34199.79512676705,34199.79512676705,33334.22907248244,33403.646623904875,632544
2003-03-05,33403.646623904875,33403.646623904875,32474.275007611,32645.116276830762,587172
2003-03-06,32645.116276830762,33516.98720036532,32645.116276830762,33268.231751194726,548568
2003-03-07,33268.231751194726,33268.231751194726,32500.257100308485,32916.66922952163,410891
2003-03-10,32916.66922952163,34571.7655379837,32916.66922952163,34123.564259000814,355824
2003-03-11,34123.564259000814,35972.6430337721,34123.564259000814,35947.336794264425,591067
2003-03-12,35947.336794264425,35947.336794264425,34844.24371399301,34939.45708032825,473869
2003-03-13,34939.45708032825,35807.14651959825,34939.45708032825,35653.33126280757,557212
2003-03-14,35653.33126280757,36121.45569377323,35653.33126280757,35780.768162398475,418364
2003-03-17,35780.768162398475,38117.790222770265,35780.768162398475,37638.59469854967,495068
2003-03-18,37638.59469854967,37638.59469854967,37105.28310108463,37134.67947208496,417628
2003-03-19,37134.67947208496,37791.33188792861,37134.67947208496,37783.181822482926,633462
2003-03-20,37783.181822482926,38627.816231138066,37783.181822482926,38188.39253658122,470837
2003-03-21,38188.39253658122,38188.39253658122,36748.81420971293,36849.17534695796,468567
2003-03-24,36849.17534695796,36849.17534695796,33441.94493797927,33863.856689866516,634308
2003-03-25,33863.856689866516,35141.34508991434,33863.856689866516,34844.4428218476,504457
2003-03-26,34844.4428218476,34846.39698566812,34503.65267660554,34735.54197945199,615471
2003-03-27,34735.54197945199,34735.54197945199,32765.56007586452,33107.06124819804,412775
2003-03-28,33107.06124819804,33107.06124819804,31788.131384157045,31804.135400730425,547599
2003-03-31,31804.135400730425,32030.202829467806,31449.064791680416,31623.560649180356,386522
2003-04-01,31623.560649180356,31623.560649180356,30120.557664146072,30363.824117468524,392984
2003-04-02,30363.824117468524,31878.834167052126,30363.824117468524,31825.73167782112,484429
2003-04-03,31825.73167782112,31825.73167782112,29583.457126900754,29966.37866313144,553514
2003-04-04,29966.37866313144,29966.37866313144,29520.241844968252,29719.332538232815,453100
2003-04-07,29719.332538232815,29957.53616650978,29368.2154613382,29617.377288052267,579044
2003-04-08,29617.377288052267,29617.377288052267,28729.28601518651,29042.222310682093,487745
2003-04-09,29042.222310682093,30512.093514700606,29042.222310682093,30078.07793101489,544298
2003-04-10,30078.07793101489,30078.07793101489,29358.828389694983,29709.378200599625,468445
2003-04-11,29709.378200599625,30844.34554396265,29709.378200599625,30412.924775832555,558095
2003-04-14,30412.924775832555,30412.924775832555,29340.68327739642,29365.120999751398,599747
2003-04-15,29365.120999751398,29365.120999751398,27614.73935936082,27693.863608097392,419925
2003-04-16,27693.863608097392,29043.598501781227,27693.863608097392,29026.781239139575,485815
2003-04-17,29026.781239139575,30656.946428963645,29026.781239139575,30400.776443025657,520450
2003-04-18,30400.776443025657,30400.776443025657,27938.715918362606,28270.01160622759,482231
2003-04-21,28270.01160622759,28908.96207112914,28270.01160622759,28592.31676726718,536166
2003-04-22,28592.31676726718,28592.31676726718,27395.17694083132,27516.844367089478,586351
2003-04-23,27516.844367089478,27761.377655529603,27516.844367089478,27657.759625768704,503777
2003-04-24,27657.759625768704,27752.376993710153,27162.238055444013,27398.327316023027,418086
2003-04-25,27398.327316023027,28009.692423541543,27398.327316023027,27790.341745902013,582574
2003-04-28,27790.341745902013,27790.341745902013,26574.2171532724,26899.132775676833,469516
2003-04-29,26899.132775676833,27519.93371124927,26899.132775676833,27195.09123777616,518181
2003-04-30,27195.09123777616,27558.807023767706,26903.441963623703,27158.781791062833,522754
2003-05-01,27158.781791062833,27158.781791062833,26852.346986772827,26973.12456341082,448883
2003-05-02,26973.12456341082,28792.73819514611,26973.12456341082,28463.00456774991,435372
2003-05-05,28463.00456774991,28463.00456774991,27175.861246633754,27411.734853101316,349322
2003-05-06,27411.734853101316,27411.734853101316,26800.816967548646,26810.08438553849,386163
2003-05-07,26810.08438553849,27171.80162620636,26810.08438553849,26987.648703577284,774716
2003-05-08,26987.648703577284,28043.876582837056,26987.648703577284,27892.02417151462,438488
2003-05-09,27892.02417151462,27892.02417151462,26522.462899297534,26813.326339836025,479383
2003-05-12,26813.326339836025,26943.825604308255,26813.326339836025,26921.19052774616,472893
2003-05-13,26921.19052774616,29606.26973090232,26921.19052774616,29524.194566981485,559736
2003-05-14,29524.194566981485,29524.194566981485,28342.939986279507,28476.171647503343,485603
2003-05-15,28476.171647503343,29126.22995979231,28476.171647503343,29032.272175551087,659758
2003-05-16,29032.272175551087,30547.391902467898,29032.272175551087,30182.33858988838,618304
2003-05-19,30182.33858988838,30869.37814080822,30182.33858988838,30579.814645224218,357943
2003-05-20,30579.814645224218,30778.359737209557,29984.087414588368,30384.96115707892,447250
2003-05-21,30384.96115707892,30487.058203232576,30045.80381880818,30331.982187521757,686247
2003-05-22,30331.982187521757,31872.652181736248,30331.982187521757,31433.69457434018,385295
2003-05-23,31433.69457434018,31634.241087257462,31433.69457434018,31627.078671193976,373844
2003-05-26,31627.078671193976,31627.078671193976,30618.457406480982,31063.19483382709,494230
2003-05-27,31063.19483382709,31412.523109465626,30824.449199624578,31008.270055916273,449398
2003-05-28,31008.270055916273,31008.270055916273,29377.623628328558,29570.15068282123,556743
2003-05-29,29570.15068282123,30626.43259327048,29570.15068282123,30456.955245249454,554199
2003-05-30,30456.955245249454,32022.117118624126,30456.955245249454,31719.183826966684,574459
2003-06-02,31719.183826966684,32565.434917682414,31719.183826966684,32314.544246454014,510988
2003-06-03,32314.544246454014,32502.877689910834,31984.60879188749,32199.170674997928,423725
2003-06-04,32199.170674997928,35048.75968984651,32199.170674997928,34548.1957363005,457941
2003-06-05,34548.1957363005,34582.993316691616,34214.56467801986,34522.99049888853,460243
2003-06-06,34522.99049888853,34522.99049888853,33300.14218383024,33412.74392832154,521290
2003-06-09,33412.74392832154,33958.19522366749,33412.74392832154,33856.117272128635,439149
2003-06-10,33856.117272128635,34756.26560004624,33856.117272128635,34744.0870538327,557465
2003-06-11,34744.0870538327,35189.095198726194,34744.0870538327,34850.013137837166,584248
2003-06-12,34850.013137837166,34850.013137837166,34116.00083259054,34554.81980736133,596430
2003-06-13,34554.81980736133,36053.92937699513,34554.81980736133,35565.21047363486,452913
2003-06-16,35565.21047363486,35829.49264271895,35565.21047363486,35809.53781808766,486035
2003-06-17,35809.53781808766,36470.892725050464,35401.4044613303,35939.488534363845,578436
2003-06-18,35939.488534363845,36654.7849744017,35934.356499791895,36274.79790910599,397448
2003-06-19,36274.79790910599,36471.81870943937,35621.56690104363,35962.04859494904,445921
2003-06-20,35962.04859494904,36516.66014916685,35962.04859494904,36499.08162287819,542686
2003-06-23,36499.08162287819,36652.30596493003,36159.790965192275,36572.65163614039,502011
2003-06-24,36572.65163614039,37395.408263052974,36529.68772199758,36941.870308713645,524518
2003-06-25,36941.870308713645,38100.25724368612,36941.870308713645,37619.53014660329,543728
2003-06-26,37619.53014660329,37619.53014660329,37229.368306514916,37481.809279810106,482875
2003-06-27,37481.809279810106,38450.282449906765,37481.809279810106,38230.408721890264,604424
2003-06-30,38230.408721890264,38230.408721890264,34581.66971885891,35021.28678997938,442893
2003-07-01,35021.28678997938,36017.39212571541,35021.28678997938,35803.46132583104,581450
2003-07-02,35803.46132583104,35803.46132583104,34274.5153889303,34666.20213320298,521977
2003-07-03,34666.20213320298,34836.345256274224,34085.886779475855,34470.62991824884,585418
2003-07-04,34470.62991824884,34470.62991824884,33294.07942591703,33333.014741142,445359
2003-07-07,33333.014741142,34150.256391449104,33333.014741142,34046.5843620685,493589
2003-07-08,34046.5843620685,34995.1726829585,34046.5843620685,34904.54928363992,536907
2003-07-09,34904.54928363992,35353.461664698414,34719.62272613988,35046.26190412645,565641
2003-07-10,35046.26190412645,35046.26190412645,33840.06895666633,34133.814206435345,456454
2003-07-11,34133.814206435345,34613.57131886918,34133.814206435345,34466.12737045554,454239
2003-07-14,34466.12737045554,35504.03461746884,34466.12737045554,35090.747581462885,448710
2003-07-15,35090.747581462885,36461.119649461194,35090.747581462885,36287.10849436648,514543
2003-07-16,36287.10849436648,36546.16603207983,35580.80516739886,36073.322564861635,398939
2003-07-17,36073.322564861635,36073.322564861635,34641.44790053475,34761.81249809241,510843
2003-07-18,34761.81249809241,36394.09946879858,34761.81249809241,36243.899222395405,439668
2003-07-21,36243.899222395405,37398.361570854424,36243.899222395405,37109.349246657104,373422
2003-07-22,37109.349246657104,37109.349246657104,36661.38520361205,36752.80671322422,568800
2003-07-23,36752.80671322422,36752.80671322422,35628.73868445626,35976.64499809408,477387
2003-07-24,35976.64499809408,36355.19346085183,35944.74209119526,36199.71132699924,419261
2003-07-25,36199.71132699924,37206.49801493118,36199.71132699924,36842.40994401029,577748
2003-07-28,36842.40994401029,36842.40994401029,35170.39593027693,35344.0759369662,372799
2003-07-29,35344.0759369662,36102.27722972833,35344.0759369662,35818.81458957427,486719
2003-07-30,35818.81458957427,35970.84801725225,35423.078631698016,35791.61404653793,336698
2003-07-31,35791.61404653793,38675.98447446929,35791.61404653793,38346.32412036767,543079
2003-08-01,38346.32412036767,40630.895842428916,38346.32412036767,40062.92889920228,494486
2003-08-04,40062.92889920228,40062.92889920228,38853.82866016172,39399.57244882069,536953
2003-08-05,39399.57244882069,39906.7104955484,39399.57244882069,39764.82869585553,527705
2003-08-06,39764.82869585553,41182.46785838107,39764.82869585553,40921.39559240733,511681
2003-08-07,40921.39559240733,40921.39559240733,39453.20643384961,39586.91723844432,528665
2003-08-08,39586.91723844432,40148.16205268398,39586.91723844432,39895.27362579393,460083
2003-08-11,39895.27362579393,41996.318565009504,39895.27362579393,41685.97939820193,454713
2003-08-12,41685.97939820193,41685.97939820193,39534.62318738041,39828.55674439091,463674
2003-08-13,39828.55674439091,39828.55674439091,38047.437660710006,38420.504624954745,701434
2003-08-14,38420.504624954745,40559.03273829976,38420.504624954745,40328.20162729173,581778
2003-08-15,40328.20162729173,40471.14683015555,39376.6869876663,39952.690074352846,540644
2003-08-18,39952.690074352846,39952.690074352846,37895.55316941765,38402.756716595315,482671
2003-08-19,38402.756716595315,38402.756716595315,36519.620815929215,36777.506440514626,473529
2003-08-20,36777.506440514626,37308.9945611957,36660.568676078634,36868.69521183858,497270
2003-08-21,36868.69521183858,37743.18261003946,36868.69521183858,37514.51665927269,476551
2003-08-22,37514.51665927269,37514.51665927269,37112.47176334225,37411.91266870218,428707
2003-08-25,37411.91266870218,38578.799509075376,37411.91266870218,38152.77146126926,502582
2003-08-26,38152.77146126926,38152.77146126926,35884.72393942192,36346.764423588524,558049
2003-08-27,36346.764423588524,36346.764423588524,34465.550365377734,34987.88547120785,547332
2003-08-28,34987.88547120785,35576.881834133135,34987.88547120785,35571.10862352641,351331
2003-08-29,35571.10862352641,36278.18098006129,35571.10862352641,35807.26339539704,527776
2003-09-01,35807.26339539704,36923.87414842421,35807.26339539704,36762.288825269454,499620
2003-09-02,36762.288825269454,38441.64698774038,36762.288825269454,38219.854512201164,468666
2003-09-03,38219.854512201164,39193.9886370845,38219.854512201164,38825.17381672858,397364
2003-09-04,38825.17381672858,40938.435723477014,38825.17381672858,40488.70354172214,476485
2003-09-05,40488.70354172214,41728.5726041365,40488.70354172214,41373.79277655135,400498
2003-09-08,41373.79277655135,42040.387285673314,41373.79277655135,42023.23152408173,328239
2003-09-09,42023.23152408173,42023.23152408173,40591.77426394122,40722.03766419493,460518
2003-09-10,40722.03766419493,41375.66820567194,40625.753053105465,40809.72969313404,417842
2003-09-11,40809.72969313404,41175.80320836171,40809.72969313404,41167.3363996592,449678
2003-09-12,41167.3363996592,41167.3363996592,38013.34877976783,38548.06225411195,599385
2003-09-15,38548.06225411195,39143.37890091609,38548.06225411195,39089.35657253618,458556
2003-09-16,39089.35657253618,39504.85529209353,39089.35657253618,39373.2275763085,409394
2003-09-17,39373.2275763085,39373.2275763085,38085.33899168845,38192.526543802946,381192
2003-09-18,38192.526543802946,38263.803867995084,37720.655776557294,38225.803194582324,387538
2003-09-19,38225.803194582324,38595.45740031705,38161.065807268336,38544.74248690363,509863
2003-09-22,38544.74248690363,38544.74248690363,38061.38755671935,38077.28915698081,482456
2003-09-23,38077.28915698081,39404.89422485845,38077.28915698081,39123.19249438578,515375
2003-09-24,39123.19249438578,39123.19249438578,38398.02596402389,38942.45010365026,428057
2003-09-25,38942.45010365026,39565.02234519668,38735.76412519902,39111.565538583796,596595
2003-09-26,39111.565538583796,40448.89513626217,39111.565538583796,40239.673373129845,519122
2003-09-29,40239.673373129845,41649.09986284651,40239.673373129845,41064.482797906814,398955
2003-09-30,41064.482797906814,42254.43047988163,41064.482797906814,41675.135612551145,465755
2003-10-01,41675.135612551145,41675.135612551145,40167.027534000925,40585.564970632535,532783
2003-10-02,40585.564970632535,41688.195349587724,40585.564970632535,41231.69142806339,548198
2003-10-03,41231.69142806339,41231.69142806339,39927.14077189635,40229.86558473032,549945
2003-10-06,40229.86558473032,42599.66700581617,40229.86558473032,42557.88771348459,477316
2003-10-07,42557.88771348459,42816.572989991495,42208.61863910549,42249.909682866644,471029
2003-10-08,42249.909682866644,46059.39668315295,42249.909682866644,45912.61572025808,437728
2003-10-09,45912.61572025808,46121.26823250453,45343.56000838681,45705.8169776466,470234
2003-10-10,45705.8169776466,45705.8169776466,44635.50813729156,45075.1015954249,513333
2003-10-13,45075.1015954249,45075.1015954249,44070.91527338128,44570.68840311377,551402
2003-10-14,44570.68840311377,44570.68840311377,43661.45300605542,44036.02835625225,514603
2003-10-15,44036.02835625225,45335.32866136087,44036.02835625225,45154.32673368331,480862
2003-10-16,45154.32673368331,47487.87374888027,45154.32673368331,47017.67226711759,324872
2003-10-17,47017.67226711759,47017.67226711759,45397.89319000602,45540.308355536894,477455
2003-10-20,45540.308355536894,45540.308355536894,44044.36542026975,44517.92560616141,466723
2003-10-21,44517.92560616141,44517.92560616141,43542.18022099147,44013.11189372798,385364
2003-10-22,44013.11189372798,46656.83956534924,44013.11189372798,46258.958477248554,432286
2003-10-23,46258.958477248554,49357.62039945486,46258.958477248554,49046.55848447535,557857
2003-10-24,49046.55848447535,49963.51811527076,49046.55848447535,49596.75615414481,486970
2003-10-27,49596.75615414481,49932.46984257028,49352.25656556792,49835.23971241019,541055
2003-10-28,49835.23971241019,49835.23971241019,48129.11383250661,48293.82066295321,634714
2003-10-29,48293.82066295321,48338.80521569941,47155.952357231625,47760.971536829136,529102
2003-10-30,47760.971536829136,50139.688522571414,47760.971536829136,49835.41506529386,421882
2003-10-31,49835.41506529386,50879.46233503977,49835.41506529386,50168.92308623427,584318
2003-11-03,50168.92308623427,50168.92308623427,48681.987208244085,49172.144569406475,573184
2003-11-04,49172.144569406475,50881.129828525125,49172.144569406475,50642.55936123094,534585
2003-11-05,50642.55936123094,50642.55936123094,48082.272353481036,48100.12637054092,467724
2003-11-06,48100.12637054092,48100.12637054092,46322.94900011272,46931.55943613078,466464
2003-11-07,46931.55943613078,46931.55943613078,45654.465672561164,46142.5526365782,512508
2003-11-10,46142.5526365782,46142.5526365782,45354.12776062013,45923.515335549455,382396
2003-11-11,45923.515335549455,45923.515335549455,44442.242735515996,44601.75415195916,549673
2003-11-12,44601.75415195916,46965.36853817211,44601.75415195916,46898.23616753155,551587
2003-11-13,46898.23616753155,48029.2729541676,46725.34074816402,47410.7796785919,430548
2003-11-14,47410.7796785919,47410.7796785919,46387.42083922069,46734.868591820756,497119
2003-11-17,46734.868591820756,49712.236962739225,46734.868591820756,49429.919253918786,354703
2003-11-18,49429.919253918786,49429.919253918786,47117.235850367055,47538.45526484584,537591
2003-11-19,47538.45526484584,48187.1327103331,47538.45526484584,48043.948968917495,423042
2003-11-20,48043.948968917495,48043.948968917495,46875.84590119356,46960.29100702914,309266
2003-11-21,46960.29100702914,47476.49666264506,46843.579285345186,47434.30594087615,442756
2003-11-24,47434.30594087615,47719.11108333811,47164.29893845235,47542.41289828465,464978
2003-11-25,47542.41289828465,50005.668849894166,47542.41289828465,49716.2474054356,405309
2003-11-26,49716.2474054356,49716.2474054356,48846.22025674139,49113.60933879394,566229
2003-11-27,49113.60933879394,50219.609751386706,49113.60933879394,50145.727328937006,407308
2003-11-28,50145.727328937006,50145.727328937006,48497.10555959661,48620.0556109208,419644
2003-12-01,48620.0556109208,51501.16533637955,48620.0556109208,51043.71071278668,455930
2003-12-02,51043.71071278668,51043.71071278668,49043.069157277285,49348.5951388009,415915
2003-12-03,49348.5951388009,51347.79436351403,49348.5951388009,50671.142567910036,445187
2003-12-04,50671.142567910036,50671.142567910036,49536.019163053395,49878.47322405113,534796
2003-12-05,49878.47322405113,50771.62164952932,49878.47322405113,50550.41639679243,565008
2003-12-08,50550.41639679243,50550.41639679243,45077.513007380774,45575.20414137732,361047
2003-12-09,45575.20414137732,45575.20414137732,43371.08710294737,43414.54672278807,520053
2003-12-10,43414.54672278807,44072.51494884784,43414.54672278807,43807.05937471344,609496
2003-12-11,43807.05937471344,45135.95354108758,43807.05937471344,44915.30955615881,540141
2003-12-12,44915.30955615881,45250.07235430023,44915.30955615881,45018.98426196097,504299
2003-12-15,45018.98426196097,45018.98426196097,44232.63678774275,44499.833622109145,593687
2003-12-16,44499.833622109145,44499.833622109145,43061.77449240909,43579.54419876841,493519
2003-12-17,43579.54419876841,43579.54419876841,43129.5413191793,43333.76246166452,523762
2003-12-18,43333.76246166452,46165.46861915839,43333.76246166452,45483.52548636017,576766
2003-12-19,45483.52548636017,47712.086598825634,45483.52548636017,47253.08325748414,462414
2003-12-22,47253.08325748414,49109.617276014236,47253.08325748414,48655.57594215743,655720
2003-12-23,48655.57594215743,50056.42397518306,48655.57594215743,49603.91288480765,484732
2003-12-24,49603.91288480765,49603.91288480765,48404.89405965449,48792.29659684798,366847
2003-12-25,48792.29659684798,48792.29659684798,46539.71181220067,46810.07157783672,557987
2003-12-26,46810.07157783672,46810.07157783672,43947.76578921784,44552.31116396254,523551
2003-12-29,44552.31116396254,44552.31116396254,43451.91344685508,43652.158672966805,464400
2003-12-30,43652.158672966805,44109.051330772854,43282.52476715027,43482.38782884415,691761
2003-12-31,43482.38782884415,44621.310735342086,43482.38782884415,44541.60590343169,401498
2004-01-01,44541.60590343169,44541.60590343169,43184.415649602786,43655.23107904148,622297
2004-01-02,43655.23107904148,43655.23107904148,42758.93915155113,43249.794128797,609488
2004-01-05,43249.794128797,43956.523933178236,43249.794128797,43644.25782298845,526777
2004-01-06,43644.25782298845,43644.25782298845,42716.625944,43273.30964135857,548849
2004-01-07,43273.30964135857,44875.12280121563,43273.30964135857,44339.720221013114,570754
2004-01-08,44339.720221013114,45232.536136017035,44339.720221013114,45161.71037083876,556679
2004-01-09,45161.71037083876,46004.9034230454,45161.71037083876,45791.39389528586,621189
2004-01-12,45791.39389528586,46194.03817891807,45088.38382273677,45578.94677979379,478680
2004-01-13,45578.94677979379,46394.43438771822,45578.94677979379,46209.543283676525,474185
2004-01-14,46209.543283676525,46613.17040703224,46209.543283676525,46580.585218508924,498300
2004-01-15,46580.585218508924,48130.74940456751,46580.585218508924,47553.2777534052,482452
2004-01-16,47553.2777534052,48254.68299323172,47553.2777534052,48197.12432099384,553023
2004-01-19,48197.12432099384,48197.12432099384,46175.37910248744,46813.18723133577,405782
2004-01-20,46813.18723133577,48014.363561119026,46813.18723133577,47811.32975245443,450116
2004-01-21,47811.32975245443,48276.80388053397,47811.32975245443,48106.790154447364,533956
2004-01-22,48106.790154447364,48106.790154447364,46449.40990256798,46543.6164488277,529549
2004-01-23,46543.6164488277,47069.99222113158,46295.48880608067,46639.03361417337,479806
2004-01-26,46639.03361417337,46639.03361417337,44323.75534943028,44577.565560484254,600726
2004-01-27,44577.565560484254,47498.03320554481,44577.565560484254,47306.38598067806,686655
2004-01-28,47306.38598067806,50290.748891693445,47306.38598067806,50139.87396922136,497247
2004-01-29,50139.87396922136,50139.87396922136,49023.274654455745,49474.05335248065,468016
2004-01-30,49474.05335248065,49474.05335248065,48379.64219210287,48414.37367991977,440731
2004-02-02,48414.37367991977,49274.9268532928,48127.906198575954,48713.27570499385,569186
2004-02-03,48713.27570499385,50680.64823962377,48713.27570499385,50201.70497205221,548475
2004-02-04,50201.70497205221,50201.70497205221,48523.05822072927,48638.84564405561,459124
2004-02-05,48638.84564405561,49221.26870087034,48638.84564405561,49199.05315908284,527252
2004-02-06,49199.05315908284,49498.93023167043,48612.637604943084,49073.14257288247,572980
2004-02-09,49073.14257288247,52100.46717415949,49073.14257288247,52026.44138343857,588586
2004-02-10,52026.44138343857,53200.74319900026,52026.44138343857,53133.12170239672,472730
2004-02-11,53133.12170239672,53854.62735249754,53133.12170239672,53734.79050602109,349132
2004-02-12,53734.79050602109,54609.08284933753,53734.79050602109,54597.2667410301,528565
2004-02-13,54597.2667410301,54597.2667410301,52019.49717515799,52339.816784721836,552421
2004-02-16,52339.816784721836,52339.816784721836,50468.71398148298,50659.38884349485,495031
2004-02-17,50659.38884349485,50659.38884349485,49600.87932503973,49861.82572009195,609899
2004-02-18,49861.82572009195,51615.20040277472,49861.82572009195,50920.427829623695,535598
2004-02-19,50920.427829623695,51472.249567919214,50920.427829623695,51237.051149384664,622997
2004-02-20,51237.051149384664,53351.35230639089,51237.051149384664,52860.36881954307,674757
2004-02-23,52860.36881954307,54300.73498230167,52860.36881954307,53934.355222784136,638638
2004-02-24,53934.355222784136,53934.355222784136,52302.59695463397,52779.20309966047,566532
2004-02-25,52779.20309966047,55163.653050867244,52779.20309966047,54428.25395312442,513048
2004-02-26,54428.25395312442,55320.30490960621,54408.8289649267,54656.588936157954,580857
2004-02-27,54656.588936157954,54656.588936157954,52816.65889581063,53518.78136664934,652780
2004-03-01,53518.78136664934,53518.78136664934,50937.6776919513,51631.130398079884,392929
2004-03-02,51631.130398079884,52030.18153067403,51140.99201155846,51719.241734182564,510536
2004-03-03,51719.241734182564,51719.241734182564,50265.582062422676,50936.82613011152,524561
2004-03-04,50936.82613011152,50936.82613011152,50563.63734886058,50691.24183376508,533279
2004-03-05,50691.24183376508,50802.95476379193,50691.24183376508,50775.602885997134,486590
2004-03-08,50775.602885997134,51330.759737034394,50399.754621534914,50875.15525205116,438811
2004-03-09,50875.15525205116,52716.1731993804,50875.15525205116,52060.209470845875,503735
2004-03-10,52060.209470845875,53776.55641821018,52060.209470845875,53370.80943194354,522536
2004-03-11,53370.80943194354,53783.495997416525,53279.7994800478,53426.68852297668,444805
2004-03-12,53426.68852297668,53426.68852297668,50912.911290219876,51466.27563064345,472367
2004-03-15,51466.27563064345,51466.27563064345,49763.50513250564,50309.181003809215,637801
2004-03-16,50309.181003809215,50309.181003809215,49451.976461048034,49483.281292498395,536511
2004-03-17,49483.281292498395,49483.281292498395,48491.453893230784,48558.77544147419,391045
2004-03-18,48558.77544147419,49223.262633891165,48554.797920733945,48640.695926022614,450719
2004-03-19,48640.695926022614,48640.695926022614,46480.53051681067,46535.00833853055,328423
2004-03-22,46535.00833853055,46535.00833853055,45373.25403219881,45684.615855186865,455231
2004-03-23,45684.615855186865,46360.89641366177,45684.615855186865,46079.53712436146,574030
2004-03-24,46079.53712436146,46595.7872759364,45988.71057519378,46351.15649009844,376215
2004-03-25,46351.15649009844,49408.91844268664,46351.15649009844,48745.52972209168,511369
2004-03-26,48745.52972209168,50025.89116899985,48745.52972209168,49982.32469878644,379477
2004-03-29,49982.32469878644,49982.32469878644,48109.278102479235,48710.35873627311,492617
2004-03-30,48710.35873627311,48710.35873627311,47773.45166565552,48033.778484913644,531357
2004-03-31,48033.778484913644,48033.778484913644,46333.609354348446,46814.81345555435,530368
2004-04-01,46814.81345555435,46814.81345555435,44769.837450160114,45310.4220384159,545371
2004-04-02,45310.4220384159,46326.68589002641,45310.4220384159,45655.049576443016,603121
2004-04-05,45655.049576443016,47671.96494936293,45655.049576443016,47628.16638352454,551813
2004-04-06,47628.16638352454,49550.527649267235,47628.16638352454,48937.74673093149,460333
2004-04-07,48937.74673093149,48937.74673093149,47863.09890533164,48586.65554448207,457984
2004-04-08,48586.65554448207,49061.89342873328,47900.040193837616,48541.058979332585,408655
2004-04-09,48541.058979332585,50747.23585325245,48541.058979332585,50607.2659772953,578653
2004-04-12,50607.2659772953,51130.80991185636,50219.65477468102,50643.42109826781,384277
2004-04-13,50643.42109826781,52019.55856298987,50643.42109826781,51397.374061752074,571474
2004-04-14,51397.374061752074,51397.374061752074,49760.67043998688,49994.704658841,459762
2004-04-15,49994.704658841,49994.704658841,48527.017155560265,49078.81465937534,427806
2004-04-16,49078.81465937534,50789.23969800091,49078.81465937534,50177.606005176145,655690
2004-04-19,50177.606005176145,50177.606005176145,48977.817963388276,49623.57894088271,567567
2004-04-20,49623.57894088271,49623.57894088271,47798.91098184141,47909.64528506523,504937
2004-04-21,47909.64528506523,47909.64528506523,45993.751739460444,46612.57467090631,427793
2004-04-22,46612.57467090631,46612.57467090631,45157.15154696061,45549.33759251076,464478
2004-04-23,45549.33759251076,45549.33759251076,43994.72476081287,44462.3304174951,444512
2004-04-26,44462.3304174951,44784.12687364933,44281.72073629899,44282.43041825078,449402
2004-04-27,44282.43041825078,44282.43041825078,43481.83742364595,43781.80250545986,455827
2004-04-28,43781.80250545986,44931.71210442579,43781.80250545986,44447.523437108735,581854
2004-04-29,44447.523437108735,44447.523437108735,43255.75107253075,43584.610785314806,480942
2004-04-30,43584.610785314806,44226.245217328695,43520.10528128063,43753.60928491241,677483
2004-05-03,43753.60928491241,43753.60928491241,42316.42741148291,42958.70350804267,597162
2004-05-04,42958.70350804267,43594.20680559769,42638.16897311702,43141.6266469038,393768
2004-05-05,43141.6266469038,43936.00390816285,43141.6266469038,43597.72414778887,530699
2004-05-06,43597.72414778887,44488.656177662095,43597.72414778887,44481.951594856284,564265
2004-05-07,44481.951594856284,44967.775938498,44069.264001046184,44463.98373490777,442560
2004-05-10,44463.98373490777,44463.98373490777,41026.86894673663,41489.182526442586,510498
2004-05-11,41489.182526442586,43605.97749214905,41489.182526442586,43363.9300376759,507419
2004-05-12,43363.9300376759,43363.9300376759,42568.00646865045,42846.28855156849,450574
2004-05-13,42846.28855156849,42846.28855156849,41532.26950035498,41989.313560948656,478067
2004-05-14,41989.313560948656,43087.2520557516,41989.313560948656,42765.505182990484,499590
2004-05-17,42765.505182990484,42765.505182990484,41891.005798845996,42005.5925248607,402912
2004-05-18,42005.5925248607,42005.5925248607,41763.566669252505,41905.56645060631,541617
2004-05-19,41905.56645060631,42203.77636804461,41572.38197177682,41740.0282292445,299644
2004-05-20,41740.0282292445,42240.80345047924,41182.863585449566,41679.96487237221,553094
2004-05-21,41679.96487237221,41679.96487237221,40380.71379599891,40933.06494036003,380732
2004-05-24,40933.06494036003,42931.33806148723,40933.06494036003,42766.74194854948,579158
2004-05-25,42766.74194854948,42766.74194854948,40816.25067352016,40910.22519167141,475533
2004-05-26,40910.22519167141,40951.85952640151,40468.90972151365,40727.59750913892,622045
2004-05-27,40727.59750913892,43188.63288226473,40727.59750913892,42747.750450198095,532152
2004-05-28,42747.750450198095,43516.688487571046,42747.750450198095,43196.87245229419,396750
2004-05-31,43196.87245229419,43196.87245229419,42263.72389107456,42854.29937802969,411530
2004-06-01,42854.29937802969,43198.97336186062,42545.83396325461,42798.75127852914,456337
2004-06-02,42798.75127852914,42798.75127852914,41230.55957806832,41515.89608626203,560034
2004-06-03,41515.89608626203,42675.71941468163,41515.89608626203,42345.738233893564,523597
2004-06-04,42345.738233893564,43254.7374507719,42345.738233893564,42637.1864144647,346219
2004-06-07,42637.1864144647,42637.1864144647,41358.60130982672,41609.14722635958,434962
2004-06-08,41609.14722635958,42692.09861921359,41609.14722635958,42593.399438041444,498822
2004-06-09,42593.399438041444,42803.0995027597,42143.429895843314,42422.57458780114,474929
2004-06-10,42422.57458780114,43995.025756806484,42422.57458780114,43614.915060597625,354616
2004-06-11,43614.915060597625,43662.127825644864,42728.803808187775,43061.189481711575,567767
2004-06-14,43061.189481711575,43061.189481711575,40857.31105874796,41147.923347645876,529580
2004-06-15,41147.923347645876,43117.61247149428,41147.923347645876,42868.939714847584,367464
2004-06-16,42868.939714847584,42868.939714847584,39646.62754849136,40066.23516666341,501411
2004-06-17,40066.23516666341,41988.21788964287,40066.23516666341,41644.00025937475,383377
2004-06-18,41644.00025937475,42932.19453644454,41644.00025937475,42373.653997405876,437985
2004-06-21,42373.653997405876,42758.719398601184,41783.25937966391,42299.356012281154,594629
2004-06-22,42299.356012281154,42547.921282375006,41891.242472112994,42381.638051703485,420386
2004-06-23,42381.638051703485,42721.03248881206,42009.85291833512,42278.18203515403,576518
2004-06-24,42278.18203515403,42278.18203515403,41447.03619641745,41914.25218599527,555383
2004-06-25,41914.25218599527,43084.54314434195,41914.25218599527,42615.13011939434,420548
2004-06-28,42615.13011939434,42615.13011939434,41914.12412352976,41979.32814771141,459112
2004-06-29,41979.32814771141,41979.32814771141,40329.12159336785,40840.69967237283,424460
2004-06-30,40840.69967237283,41755.70031709617,40840.69967237283,41658.458192166894,455375
2004-07-01,41658.458192166894,42457.99546429507,41658.458192166894,42267.641085152856,618879
2004-07-02,42267.641085152856,42267.641085152856,40082.31183897153,40669.2132153924,620776
2004-07-05,40669.2132153924,42380.076002692236,40669.2132153924,42163.008707722416,549882
2004-07-06,42163.008707722416,45141.147265742744,42163.008707722416,44500.657240373956,413546
2004-07-07,44500.657240373956,44667.26949748988,43650.666522675005,44273.25760998568,488498
2004-07-08,44273.25760998568,44273.25760998568,41546.21342330424,41733.31452973899,634923
2004-07-09,41733.31452973899,43816.83717734871,41733.31452973899,43466.10427019211,408660
2004-07-12,43466.10427019211,43466.10427019211,40806.106583607274,41409.96198336972,446829
2004-07-13,41409.96198336972,41409.96198336972,40542.028939110234,40896.54146775954,535888
2004-07-14,40896.54146775954,41651.790953657524,40896.54146775954,41636.59866643741,616411
2004-07-15,41636.59866643741,41636.59866643741,40420.02929394591,41007.86269830253,488355
2004-07-16,41007.86269830253,41007.86269830253,39893.564766244686,40003.84460471332,424977
2004-07-19,40003.84460471332,40003.84460471332,39185.53923205747,39187.47825955028,560269
2004-07-20,39187.47825955028,39498.15292121316,39031.449038048144,39416.01898053711,408414
2004-07-21,39416.01898053711,41300.368489428576,39416.01898053711,40711.08275544248,521556
2004-07-22,40711.08275544248,40711.08275544248,39386.458609068395,39485.521591621495,319727
2004-07-23,39485.521591621495,40563.778028306486,39485.521591621495,40215.88701874958,438521
2004-07-26,40215.88701874958,40465.94496884373,39680.753537469966,40153.957211673325,545869
2004-07-27,40153.957211673325,40511.021423910504,39736.2809468707,40101.79783277487,446638
2004-07-28,40101.79783277487,40454.30901663278,39405.803947770815,39902.55012833934,511393
2004-07-29,39902.55012833934,39902.55012833934,38305.51205199448,38613.269607654314,383248
2004-07-30,38613.269607654314,38613.269607654314,37148.334657980544,37446.98351307017,487328
2004-08-02,37446.98351307017,38735.93934933849,37446.98351307017,38184.810606451276,668200
2004-08-03,38184.810606451276,38184.810606451276,37529.97603057119,37898.404366331604,509405
2004-08-04,37898.404366331604,37898.404366331604,36643.13833725345,36757.94357531273,479819
2004-08-05,36757.94357531273,38192.30522857954,36757.94357531273,37785.78997776864,483904
2004-08-06,37785.78997776864,39783.54603539039,37785.78997776864,39293.296745147374,579077
2004-08-09,39293.296745147374,40157.88581574182,39293.296745147374,39811.55505873171,524243
2004-08-10,39811.55505873171,40774.247118478736,39811.55505873171,40426.59693666255,443879
2004-08-11,40426.59693666255,40512.84254368758,39527.222717562516,40107.60552181895,408117
2004-08-12,40107.60552181895,40919.17958435949,40107.60552181895,40751.819317155234,477364
2004-08-13,40751.819317155234,42366.918947227794,40751.819317155234,42293.250856839266,525640
2004-08-16,42293.250856839266,42293.250856839266,40046.786405788385,40101.807685448126,377705
2004-08-17,40101.807685448126,42975.39886943578,40101.807685448126,42446.2490168501,432016
2004-08-18,42446.2490168501,42446.2490168501,41079.18626363777,41137.66408795217,542029
2004-08-19,41137.66408795217,41137.66408795217,39087.79243119548,39190.868829035244,566724
2004-08-20,39190.868829035244,39190.868829035244,38508.68602335792,38576.05469015841,557085
2004-08-23,38576.05469015841,38576.05469015841,37839.950185176545,38007.25691923219,494524
2004-08-24,38007.25691923219,40160.58142607199,38007.25691923219,39810.726688169496,551689
2004-08-25,39810.726688169496,40524.29670930186,39810.726688169496,40224.922921765305,339053
2004-08-26,40224.922921765305,40224.922921765305,39009.58816605324,39101.92994353195,492005
2004-08-27,39101.92994353195,41073.533633799976,39101.92994353195,41017.47829506076,628505
2004-08-30,41017.47829506076,41017.47829506076,39410.33606702312,39808.83073733771,413545
2004-08-31,39808.83073733771,39808.83073733771,37843.044976501355,38014.92237676075,573151
2004-09-01,38014.92237676075,38014.92237676075,37419.94414939594,37612.82945405871,453127
2004-09-02,37612.82945405871,39579.09477239556,37612.82945405871,39342.53757182006,587418
2004-09-03,39342.53757182006,39692.890244498696,38990.95765122187,39468.62636631569,674335
2004-09-06,39468.62636631569,40863.54652660023,39468.62636631569,40388.19597958272,368987
2004-09-07,40388.19597958272,43707.44168144767,40388.19597958272,43580.70137298672,435430
2004-09-08,43580.70137298672,43580.70137298672,41214.362084800785,41609.19010047535,516581
2004-09-09,41609.19010047535,42558.11070842778,41609.19010047535,42332.98461342957,517144
2004-09-10,42332.98461342957,42704.491815401685,42265.55402954908,42609.57794307698,593673
2004-09-13,42609.57794307698,42609.57794307698,40945.30874077474,41100.90617088336,458325
2004-09-14,41100.90617088336,41100.90617088336,40269.94842026559,40856.164645343364,380157
2004-09-15,40856.164645343364,43395.384939538046,40856.164645343364,42813.82891481294,433194
2004-09-16,42813.82891481294,47997.65413661229,42813.82891481294,47438.451644594505,492540
2004-09-17,47438.451644594505,48615.274617008654,47438.451644594505,48236.088608943646,538371
2004-09-20,48236.088608943646,48236.088608943646,47334.22710889786,47639.96175752545,573013
2004-09-21,47639.96175752545,49260.147372928164,47639.96175752545,49232.33477754462,620430
2004-09-22,49232.33477754462,50004.0502941201,49232.33477754462,49505.7526217252,372097
2004-09-23,49505.7526217252,51431.776939349525,49505.7526217252,50938.68513146213,551248
2004-09-24,50938.68513146213,50938.68513146213,48545.80050500437,48808.061966236375,444915
2004-09-27,48808.061966236375,51678.29113851124,48808.061966236375,51371.74428844165,512840
2004-09-28,51371.74428844165,55212.61488987898,51371.74428844165,54938.638225294955,434140
2004-09-29,54938.638225294955,54938.638225294955,52572.954666838275,53034.85173736339,450578
2004-09-30,53034.85173736339,53671.0226721173,53034.85173736339,53654.891353487525,430319
2004-10-01,53654.891353487525,55721.61374028778,53654.891353487525,55014.41926525147,464663
2004-10-04,55014.41926525147,56671.91155297772,55014.41926525147,56535.352281055944,488632
2004-10-05,56535.352281055944,58141.89507758938,56535.352281055944,57442.2766604747,517412
2004-10-06,57442.2766604747,57540.17413176833,56973.392944470026,57172.00248568251,405378
2004-10-07,57172.00248568251,58694.3699255386,57157.66881080071,57897.53654937502,418949
2004-10-08,57897.53654937502,57897.53654937502,51445.55142411718,52203.4737673779,472217
2004-10-11,52203.4737673779,52203.4737673779,51575.081446902164,51619.709061144116,474833
2004-10-12,51619.709061144116,53433.65758070466,51619.709061144116,53027.02124647832,596613
2004-10-13,53027.02124647832,54061.39627478975,53027.02124647832,53755.82954849393,349259
2004-10-14,53755.82954849393,54124.102492596394,53035.17336065446,53361.162296845076,647703
2004-10-15,53361.162296845076,53641.08881956657,52934.38300374639,53502.49354404774,517932
2004-10-18,53502.49354404774,54927.866590817874,53502.49354404774,54404.36785905525,411133
2004-10-19,54404.36785905525,55403.098352584806,53948.35032478002,54611.77782229325,570817
2004-10-20,54611.77782229325,54611.77782229325,52140.44159532157,52820.15057181759,595364
2004-10-21,52820.15057181759,54221.629733186805,52820.15057181759,54204.00155651123,389521
2004-10-22,54204.00155651123,56365.529216741925,54204.00155651123,55583.24848925199,527794
2004-10-25,55583.24848925199,57808.46254896964,55583.24848925199,57805.141865250145,417070
2004-10-26,57805.141865250145,57805.141865250145,55018.258250159044,55066.74243476484,494740
2004-10-27,55066.74243476484,55066.74243476484,45505.97056174394,45680.75540380739,388737
2004-10-28,45680.75540380739,46969.651770449,45680.75540380739,46817.578149351386,674143
2004-10-29,46817.578149351386,46817.578149351386,45767.70733490064,46340.49917178145,465913
2004-11-01,46340.49917178145,46340.49917178145,45307.76995803803,45930.200204592926,441661
2004-11-02,45930.200204592926,45930.200204592926,44942.081967993065,45425.859177537655,506862
2004-11-03,45425.859177537655,46057.07746560215,45425.859177537655,46008.02177548642,407008
2004-11-04,46008.02177548642,46008.02177548642,43314.17413981372,43745.23518176499,468744
2004-11-05,43745.23518176499,45087.23548407496,43745.23518176499,44647.48714664335,455693
2004-11-08,44647.48714664335,44647.48714664335,41875.229975875474,41908.83595606211,453078
2004-11-09,41908.83595606211,41908.83595606211,40546.99998278797,41107.75191038644,460909
2004-11-10,41107.75191038644,41107.75191038644,39471.744334086565,40003.90860307926,593078
2004-11-11,40003.90860307926,40003.90860307926,38753.01122339041,39016.391087426964,523320
2004-11-12,39016.391087426964,39016.391087426964,38246.06506150097,38628.99556080265,477131
2004-11-15,38628.99556080265,38965.728338884466,38559.50133938639,38632.62815271872,404607
2004-11-16,38632.62815271872,38632.62815271872,37621.420865939355,38192.102333719646,540846
2004-11-17,38192.102333719646,39287.43246408927,38192.102333719646,39087.83685100311,373675
2004-11-18,39087.83685100311,39087.83685100311,37379.790819128015,37585.35116037972,481907
2004-11-19,37585.35116037972,39490.73726011376,37585.35116037972,39078.89225738637,532690
2004-11-22,39078.89225738637,39266.88718117877,38752.10176146342,39167.53015837009,500149
2004-11-23,39167.53015837009,40365.29956402382,39167.53015837009,40048.787396495376,571880
2004-11-24,40048.787396495376,40048.787396495376,38458.97688487047,38645.328214657064,407775
2004-11-25,38645.328214657064,40246.3178895417,38645.328214657064,39798.31485703083,445911
2004-11-26,39798.31485703083,39798.31485703083,38965.94510558341,39134.25926026382,422287
2004-11-29,39134.25926026382,39134.25926026382,36839.455664173176,37184.23491770186,504470
2004-11-30,37184.23491770186,37184.23491770186,34874.09749006776,35047.97119370451,483920
2004-12-01,35047.97119370451,35546.869910864385,34897.59882426247,35040.11095250842,580440
2004-12-02,35040.11095250842,35829.21686951194,35040.11095250842,35410.870962524925,452233
2004-12-03,35410.870962524925,35410.870962524925,33893.44305666413,34146.99171513505,515421
2004-12-06,34146.99171513505,34998.64291901497,34146.99171513505,34886.555825019364,507192
2004-12-07,34886.555825019364,34886.555825019364,34249.71819265038,34769.358789518235,407870
2004-12-08,34769.358789518235,36592.91155174768,34769.358789518235,36085.520526792825,468620
2004-12-09,36085.520526792825,36834.90152860024,36085.520526792825,36536.66952020929,485058
2004-12-10,36536.66952020929,37951.57925137056,36536.66952020929,37394.101773701914,455231
2004-12-13,37394.101773701914,37394.101773701914,36127.76646916074,36524.09844225375,451569
2004-12-14,36524.09844225375,38502.372922149305,36524.09844225375,38122.872176195175,645112
2004-12-15,38122.872176195175,39608.63447199384,38122.872176195175,39595.30539841023,461510
2004-12-16,39595.30539841023,39595.30539841023,38229.12400383884,38516.10852444937,460844
2004-12-17,38516.10852444937,38516.10852444937,37379.009124005344,37745.02151193821,549906
2004-12-20,37745.02151193821,39522.859500147,37745.02151193821,38956.12991855891,383473
2004-12-21,38956.12991855891,38956.12991855891,37405.83672546033,37885.10970310296,617192
2004-12-22,37885.10970310296,39092.53107635122,37885.10970310296,38901.75234920332,596041
2004-12-23,38901.75234920332,39169.013515341205,38868.58646301891,39116.120729127775,538080
2004-12-24,39116.120729127775,39863.02657484642,39085.56555622994,39297.27734227655,500935
2004-12-27,39297.27734227655,39297.27734227655,38405.453934193356,38727.11984081256,457088
2004-12-28,38727.11984081256,38727.11984081256,36936.98705507279,37272.16214840153,464047
2004-12-29,37272.16214840153,37283.259606044514,36569.84184905073,36994.0991487015,463135
2004-12-30,36994.0991487015,38788.685762038214,36994.0991487015,38462.9032618457,429625
2004-12-31,38462.9032618457,39839.3407672564,38462.9032618457,39462.79310844266,517479
2005-01-03,39462.79310844266,41891.14929920918,39462.79310844266,41852.092178694584,471101
2005-01-04,41852.092178694584,43996.69900807772,41852.092178694584,43745.6340149286,440594
2005-01-05,43745.6340149286,45251.951186098995,43745.6340149286,44732.81267309921,463073
2005-01-06,44732.81267309921,45218.58003008685,44381.83428015389,44622.72787999958,533492
2005-01-07,44622.72787999958,45134.95471800664,44622.72787999958,44994.11788501101,435347
2005-01-10,44994.11788501101,46873.90421910709,44994.11788501101,46596.97630845072,469973
2005-01-11,46596.97630845072,46596.97630845072,45728.26690584274,46136.40290484384,470664
2005-01-12,46136.40290484384,46136.40290484384,44134.65371512749,44773.69889145204,505670
2005-01-13,44773.69889145204,44773.69889145204,42358.443631244416,42647.07627025482,648827
2005-01-14,42647.07627025482,42943.27414130975,42214.03381054,42600.45994729293,513540
2005-01-17,42600.45994729293,42600.45994729293,40498.21426208579,40803.812435128304,497347
2005-01-18,40803.812435128304,40803.812435128304,39674.046703392065,39893.45541532986,378986
2005-01-19,39893.45541532986,40100.793247028836,39799.33240282269,40093.23110300074,519804
2005-01-20,40093.23110300074,41229.61645740235,40093.23110300074,40917.378808273876,535083
2005-01-21,40917.378808273876,41718.65264100308,40899.365512859185,41261.56815935874,469439
2005-01-24,41261.56815935874,41261.56815935874,39092.99433980533,39475.43052050902,331677
2005-01-25,39475.43052050902,41717.47368079327,39475.43052050902,41337.25914959001,549033
2005-01-26,41337.25914959001,41389.955105833906,41137.75405101764,41341.550217627875,371579
2005-01-27,41341.550217627875,42343.002758601404,41341.550217627875,41802.82064748303,370836
2005-01-28,41802.82064748303,41802.82064748303,40307.05984407172,40749.36815200951,578098
2005-01-31,40749.36815200951,40920.43100160143,40547.89662702011,40713.60946577232,445638
2005-02-01,40713.60946577232,44223.40124434901,40713.60946577232,43720.28025897653,572695
2005-02-02,43720.28025897653,43720.28025897653,43306.17302720163,43391.01966902158,396476
2005-02-03,43391.01966902158,44852.23180633424,43391.01966902158,44283.69977889743,414108
2005-02-04,44283.69977889743,45230.26433515487,44283.69977889743,45002.7564008004,466621
2005-02-07,45002.7564008004,45030.97629011227,44592.74868625227,44863.993021407914,537939
2005-02-08,44863.993021407914,44863.993021407914,43325.76606283804,43533.430493214415,287713
2005-02-09,43533.430493214415,45278.1365524082,43533.430493214415,45053.19763299624,538789
2005-02-10,45053.19763299624,46351.17373544759,45053.19763299624,46182.752581957626,649399
2005-02-11,46182.752581957626,48434.832977384984,46182.752581957626,47992.99310269347,401682
2005-02-14,47992.99310269347,47992.99310269347,45669.48593336739,46246.87971889233,532082
2005-02-15,46246.87971889233,48129.36452689144,46246.87971889233,47841.16552331718,391719
2005-02-16,47841.16552331718,48110.78008078161,47506.62184648887,48072.24002894357,582714
2005-02-17,48072.24002894357,50012.27077053209,48072.24002894357,49361.2446163573,609765
2005-02-18,49361.2446163573,49361.2446163573,47606.11670968636,48302.82355574659,538271
2005-02-21,48302.82355574659,48302.82355574659,46908.204368478764,47417.19427440854,502533
2005-02-22,47417.19427440854,47417.19427440854,45589.93899566681,46214.950413780054,371471
2005-02-23,46214.950413780054,46214.950413780054,43776.55127834929,44194.58300813813,399837
2005-02-24,44194.58300813813,44194.58300813813,43220.63673174916,43723.22132970798,505077
2005-02-25,43723.22132970798,43723.22132970798,41843.174029635644,41966.30769681442,582331
2005-02-28,41966.30769681442,42622.68119305877,41966.30769681442,42089.588234425486,345530
2005-03-01,42089.588234425486,42089.588234425486,40578.5691096796,40971.66904926283,542471
2005-03-02,40971.66904926283,43553.58556101186,40971.66904926283,43133.00704689687,492830
2005-03-03,43133.00704689687,43133.00704689687,41387.122114453705,41904.9143027408,448580
2005-03-04,41904.9143027408,42609.60010909452,41816.09140596432,42379.741695478304,495260
2005-03-07,42379.741695478304,43683.48668594928,42379.741695478304,43044.26388670565,512271
2005-03-08,43044.26388670565,44554.11956270806,43044.26388670565,43962.580586136566,461764
2005-03-09,43962.580586136566,43962.580586136566,42104.79814075851,42293.18693561004,514562
2005-03-10,42293.18693561004,42293.18693561004,40617.7010957389,40706.84770130499,381760
2005-03-11,40706.84770130499,43020.49786686937,40706.84770130499,42498.01723291759,577112
2005-03-14,42498.01723291759,42911.76015528105,42015.293774391,42300.00718275195,389319
2005-03-15,42300.00718275195,43235.245963136585,42300.00718275195,43002.43393812793,527557
2005-03-16,43002.43393812793,43002.43393812793,42070.84999343945,42202.64728087569,443609
2005-03-17,42202.64728087569,45465.076643854634,42202.64728087569,45304.69926875622,546368
2005-03-18,45304.69926875622,45304.69926875622,44505.57337089177,44957.712524339884,512806
2005-03-21,44957.712524339884,45192.57453195966,44411.360801895156,44570.99940897476,584073
2005-03-22,44570.99940897476,46293.39128316044,44570.99940897476,45961.739642480374,577129
2005-03-23,45961.739642480374,45968.16327215421,45080.17938785851,45519.94865078987,426409
2005-03-24,45519.94865078987,45838.378541455895,45519.94865078987,45786.66786748305,521207
2005-03-25,45786.66786748305,46721.60198137091,45786.66786748305,46417.777352322795,632322
2005-03-28,46417.777352322795,46830.130567686785,46404.248893593445,46817.28714040746,532714
2005-03-29,46817.28714040746,46817.28714040746,45499.81432374972,46141.9604176544,371888
2005-03-30,46141.9604176544,46141.9604176544,43458.062948679006,43864.813772279966,514349
2005-03-31,43864.813772279966,45589.45259919849,43864.813772279966,45152.630805929024,524255
2005-04-01,45152.630805929024,45152.630805929024,43841.790014195336,44062.7535048837,519163
2005-04-04,44062.7535048837,45746.046654063786,44062.7535048837,45430.80787449622,572456
2005-04-05,45430.80787449622,49127.38465419878,45430.80787449622,48628.58821839207,443705
2005-04-06,48628.58821839207,48628.58821839207,46667.170870657326,46957.68560807288,619085
2005-04-07,46957.68560807288,47267.778012079936,46666.445727200175,47003.38996739332,494495
2005-04-08,47003.38996739332,48305.69203174619,47003.38996739332,47692.39779380433,455066
2005-04-11,47692.39779380433,49592.459469009984,47692.39779380433,48989.63812795807,468212
2005-04-12,48989.63812795807,51359.39526052447,48989.63812795807,50998.81690164901,419998
2005-04-13,50998.81690164901,52127.054384668794,50734.58800277062,51423.933489898234,535629
2005-04-14,51423.933489898234,51423.933489898234,48871.173343372066,49307.0289768415,458902
2005-04-15,49307.0289768415,49429.68175684905,48840.198983100985,49324.408211904614,508885
2005-04-18,49324.408211904614,50150.79844903935,49324.408211904614,50082.25867385573,417870
2005-04-19,50082.25867385573,50082.25867385573,47675.98377997528,47784.89748106089,546727
2005-04-20,47784.89748106089,48351.96669964402,47512.27209460015,47942.01527619132,436059
2005-04-21,47942.01527619132,47942.01527619132,46399.01401051201,47063.25255445918,455786
2005-04-22,47063.25255445918,47499.05234876333,47063.25255445918,47387.31536399032,427856
2005-04-25,47387.31536399032,48263.36195856145,47387.31536399032,48100.06488278729,584523
2005-04-26,48100.06488278729,48100.06488278729,47254.71024925744,47490.31298107942,610271
2005-04-27,47490.31298107942,48069.06509484262,47490.31298107942,47865.33189242683,549426
2005-04-28,47865.33189242683,48305.22272681267,47220.36723511677,47851.12178404808,467796
2005-04-29,47851.12178404808,48996.43288742013,47851.12178404808,48449.88220941278,525846
2005-05-02,48449.88220941278,49975.87452874997,48449.88220941278,49864.68768997856,523711
2005-05-03,49864.68768997856,51982.4192709281,49864.68768997856,51373.916695804335,482154
2005-05-04,51373.916695804335,51373.916695804335,50419.63574193156,51092.50026045233,686265
2005-05-05,51092.50026045233,51958.98686048507,51092.50026045233,51730.08918482299,594129
2005-05-06,51730.08918482299,51730.08918482299,50693.687439755624,51055.714995400835,523929
2005-05-09,51055.714995400835,54127.92484132892,51055.714995400835,53415.06389093327,469918
2005-05-10,53415.06389093327,53415.391085217016,52913.08094732275,53028.663203259006,301643
2005-05-11,53028.663203259006,53816.662451580814,53028.663203259006,53483.786152575594,364844
2005-05-12,53483.786152575594,54197.821199346145,53163.76472034966,53551.41527700804,493670
2005-05-13,53551.41527700804,53575.61021704109,53047.47986264327,53347.66955752416,499991
2005-05-16,53347.66955752416,53347.66955752416,51273.527898273205,51534.83193975493,545625
2005-05-17,51534.83193975493,51534.83193975493,49020.37727984587,49292.4852615361,396218
2005-05-18,49292.4852615361,50660.592287389365,49292.4852615361,50149.65247590534,637270
2005-05-19,50149.65247590534,50149.65247590534,48919.557740505275,49510.47692005699,494983
2005-05-20,49510.47692005699,49896.49660654101,48952.72261713728,49680.48327759811,474040
2005-05-23,49680.48327759811,53150.90528776803,49680.48327759811,52503.26427879224,441053
2005-05-24,52503.26427879224,54612.828141964834,52503.26427879224,54217.124523752966,595233
2005-05-25,54217.124523752966,54805.401287259425,53584.94343215951,54306.309884066955,411574
2005-05-26,54306.309884066955,54306.309884066955,53088.60218466358,53625.214729983585,550866
2005-05-27,53625.214729983585,54148.83455655408,53093.62706833503,53779.858292983525,514072
2005-05-30,53779.858292983525,55331.058416365326,53779.858292983525,55097.55725529939,561009
2005-05-31,55097.55725529939,55644.18820442385,54898.4409676273,55207.222925329064,477325
2005-06-01,55207.222925329064,58834.978378155814,55207.222925329064,58421.27886015476,494520
2005-06-02,58421.27886015476,59002.13931960774,58312.674583627464,58893.65642666231,563722
2005-06-03,58893.65642666231,59272.062380553856,58785.17728160915,58846.180706294464,515574
2005-06-06,58846.180706294464,58846.180706294464,57244.6821653863,58017.866131988245,479002
2005-06-07,58017.866131988245,58017.866131988245,54894.570114618895,55630.371458735295,517638
2005-06-08,55630.371458735295,56068.31302928622,54721.46349675316,55425.4962644465,472603
2005-06-09,55425.4962644465,58551.92982777902,55425.4962644465,58077.069916276625,562707
2005-06-10,58077.069916276625,58077.069916276625,56178.58090893926,56366.33228973561,543332
2005-06-13,56366.33228973561,59764.13347848429,56366.33228973561,59150.933079357004,300816
2005-06-14,59150.933079357004,59581.218422489765,58725.74461947435,58837.546238049064,530042
2005-06-15,58837.546238049064,60937.13162846883,58837.546238049064,60535.559608029354,502397
2005-06-16,60535.559608029354,62286.91090675491,60535.559608029354,61390.36106015377,430419
2005-06-17,61390.36106015377,61390.36106015377,58789.60902048228,58895.28691762777,453377
2005-06-20,58895.28691762777,59957.48598672164,58895.28691762777,59914.80087217843,379136
2005-06-21,59914.80087217843,59914.80087217843,56518.74384844469,56996.13026143174,523317
2005-06-22,56996.13026143174,58287.93886873454,56996.13026143174,57722.94082371814,476353
2005-06-23,57722.94082371814,57722.94082371814,56420.54598475358,56703.1150753923,600924
2005-06-24,56703.1150753923,56703.1150753923,54460.15460961067,54475.07975869078,346431
2005-06-27,54475.07975869078,57016.52629053922,54475.07975869078,56982.932871052864,526268
2005-06-28,56982.932871052864,57684.06545230101,56337.601697072074,56832.538061355364,531951
2005-06-29,56832.538061355364,57432.93927959362,56747.41115473743,57030.51918578762,411039
2005-06-30,57030.51918578762,57030.51918578762,54642.14250201117,55365.248120065284,569147
2005-07-01,55365.248120065284,56635.90403669262,55365.248120065284,56276.89801301811,460547
2005-07-04,56276.89801301811,57808.172493292426,56276.89801301811,57050.962899190774,379127
2005-07-05,57050.962899190774,58226.27087442035,56624.980167294874,57414.0891259775,470860
2005-07-06,57414.0891259775,57414.0891259775,53943.80584180267,54669.84318705696,584348
2005-07-07,54669.84318705696,56524.68896659177,54669.84318705696,55715.543296113305,439490
2005-07-08,55715.543296113305,55715.543296113305,53010.70738243868,53702.50678584995,518608
2005-07-11,53702.50678584995,54427.666872239344,53546.7934280522,53867.55215796276,459156
2005-07-12,53867.55215796276,55261.129459871976,53867.55215796276,54479.42389100988,441171
2005-07-13,54479.42389100988,54479.42389100988,52546.570005669215,53038.4657970166,617474
2005-07-14,53038.4657970166,54399.705252901935,53038.4657970166,54154.01646287547,481543
2005-07-15,54154.01646287547,54681.14796531381,53705.69659565515,54172.17334430221,465161
2005-07-18,54172.17334430221,54963.45553770343,53898.17658908145,54269.75645997132,562717
2005-07-19,54269.75645997132,54890.18270029001,54269.75645997132,54516.332000002076,561075
2005-07-20,54516.332000002076,56289.84642484715,54516.332000002076,55546.82450230727,561361
2005-07-21,55546.82450230727,56202.214438866846,55113.89972334941,55633.77759945003,524630
2005-07-22,55633.77759945003,57921.45789872523,55633.77759945003,57233.23250100173,524976
2005-07-25,57233.23250100173,57233.23250100173,55578.52950063126,55929.6534554428,479072
2005-07-26,55929.6534554428,58156.658173113305,55929.6534554428,57832.463377249966,378498
2005-07-27,57832.463377249966,60255.37161291874,57832.463377249966,59418.2902146207,519164
2005-07-28,59418.2902146207,59579.35783418306,58371.028836907164,58923.84723774703,456042
2005-07-29,58923.84723774703,58923.84723774703,56104.85990803119,56888.17642284768,460052
2005-08-01,56888.17642284768,59778.37026537577,56888.17642284768,59478.72110109326,416920
2005-08-02,59478.72110109326,60197.49573198061,58935.57279530497,59554.77244985119,495000
2005-08-03,59554.77244985119,59554.77244985119,57182.71852184164,57284.60122064408,459964
2005-08-04,57284.60122064408,57284.60122064408,55943.82810362089,56069.788017133644,500033
2005-08-05,56069.788017133644,56069.788017133644,55199.392234087594,55484.10070272523,491432
2005-08-08,55484.10070272523,55484.10070272523,53500.491972001415,54066.80061945153,520873
2005-08-09,54066.80061945153,55231.15783782824,54066.80061945153,54694.27230440509,590547
2005-08-10,54694.27230440509,56678.28601667228,54694.27230440509,56175.50027816927,397355
2005-08-11,56175.50027816927,56175.50027816927,54893.87680503542,55662.62058901565,539193
2005-08-12,55662.62058901565,56886.522524650376,55662.62058901565,56566.2943409922,518633
2005-08-15,56566.2943409922,56566.2943409922,55114.3303952384,55533.99444114452,564733
2005-08-16,55533.99444114452,55827.13379077985,55477.119934285925,55746.29126597212,478811
2005-08-17,55746.29126597212,58497.32865000051,55746.29126597212,58070.09458848809,527245
2005-08-18,58070.09458848809,58227.519686561645,57298.30188324055,57777.97129081303,379407
2005-08-19,57777.97129081303,59484.877084390755,57777.97129081303,58942.67868006666,543722
2005-08-22,58942.67868006666,61249.935506179965,58942.67868006666,61175.109341074705,480600
2005-08-23,61175.109341074705,61175.109341074705,59735.056520546204,60254.86019475731,565703
2005-08-24,60254.86019475731,61289.878686773205,60254.86019475731,60568.27769616292,473230
2005-08-25,60568.27769616292,61678.76421329575,60568.27769616292,61528.11263339279,570057
2005-08-26,61528.11263339279,61528.11263339279,60647.21931406918,60916.55088493225,524164
2005-08-29,60916.55088493225,64049.37824326829,60916.55088493225,63301.762128243194,581271
2005-08-30,63301.762128243194,64849.35717253053,63301.762128243194,64413.672335985866,579104
2005-08-31,64413.672335985866,64413.672335985866,61641.946710052085,62527.35407585655,432058
2005-09-01,62527.35407585655,64958.388978235365,62527.35407585655,64086.49137626207,589100
2005-09-02,64086.49137626207,64086.49137626207,61693.61844419368,61898.03772650505,353522
2005-09-05,61898.03772650505,62463.278521295455,61898.03772650505,62284.0227359981,449873
2005-09-06,62284.0227359981,64974.914397694265,62284.0227359981,64284.34341786642,519043
2005-09-07,64284.34341786642,68041.33327932387,64284.34341786642,67620.9115923979,600923
2005-09-08,67620.9115923979,67765.66780279498,66202.91661735074,66893.93799521057,479629
2005-09-09,66893.93799521057,66893.93799521057,65471.342260957324,65948.3291682839,488461
2005-09-12,65948.3291682839,65948.3291682839,64663.58911762005,65557.87586377203,462899
2005-09-13,65557.87586377203,67344.76847541967,65557.87586377203,66414.22321113438,449166
2005-09-14,66414.22321113438,66574.49294474543,65501.36690557045,66181.44853838593,468364
2005-09-15,66181.44853838593,69357.8683964676,66181.44853838593,69315.03622383862,475049
2005-09-16,69315.03622383862,69315.03622383862,65911.6242951418,66658.57298706577,570356
2005-09-19,66658.57298706577,67608.41130365751,66658.57298706577,67264.77291981611,519372
2005-09-20,67264.77291981611,67264.77291981611,66002.20256658204,66210.69818068457,465822
2005-09-21,66210.69818068457,67848.13111984155,66210.69818068457,67382.64384198577,542124
2005-09-22,67382.64384198577,70515.30545518645,67382.64384198577,69661.5494024835,431131
2005-09-23,69661.5494024835,70258.47294915361,69661.5494024835,70246.81052354975,446815
2005-09-26,70246.81052354975,71774.50179228805,70246.81052354975,71733.47045975679,577605
2005-09-27,71733.47045975679,71733.47045975679,67649.74894273859,68439.01809468845,557431
2005-09-28,68439.01809468845,70224.60038755507,68439.01809468845,69373.64797132269,361366
2005-09-29,69373.64797132269,69373.64797132269,67128.88792383621,68121.65234112716,462023
2005-09-30,68121.65234112716,68183.07591386346,67400.5967443889,67602.58570816084,526646
2005-10-03,67602.58570816084,69363.9080722564,67602.58570816084,68660.38699156011,635340
2005-10-04,68660.38699156011,68660.38699156011,64565.05282203204,64733.96842384684,414320
2005-10-05,64733.96842384684,64733.96842384684,64094.73196799338,64195.55540453285,587438
2005-10-06,64195.55540453285,65325.03155931658,63797.99961381523,64575.56004926951,488331
2005-10-07,64575.56004926951,64575.56004926951,63849.9149061141,64060.29211455048,514451
2005-10-10,64060.29211455048,64624.6410238469,63074.76001691723,63816.61169365155,574665
2005-10-11,63816.61169365155,64973.45618043729,63642.091041161715,64095.22722665219,582360
2005-10-12,64095.22722665219,64095.22722665219,62405.22788665504,62529.76153379176,517688
2005-10-13,62529.76153379176,62529.76153379176,60502.52534646732,60520.335033495445,584953
2005-10-14,60520.335033495445,60520.335033495445,59226.98272731381,59932.92874769551,658207
2005-10-17,59932.92874769551,59932.92874769551,58135.610875720944,58276.266641757546,634285
2005-10-18,58276.266641757546,58276.266641757546,56753.647897972616,57021.39772882017,487444
2005-10-19,57021.39772882017,57219.28079408676,56380.45843628358,57216.42641733041,464739
2005-10-20,57216.42641733041,57216.42641733041,55652.41265741673,56493.03062924913,335944
2005-10-21,56493.03062924913,57404.98573205825,56493.03062924913,57174.83285917944,336290
2005-10-24,57174.83285917944,57445.29627608211,56798.840405427036,56924.689009333844,447645
2005-10-25,56924.689009333844,56924.689009333844,55788.01073588007,56542.71035739357,429704
2005-10-26,56542.71035739357,58218.78450158858,56542.71035739357,57699.622134966754,499843
2005-10-27,57699.622134966754,59636.40713030693,57699.622134966754,59148.13309411944,499035
2005-10-28,59148.13309411944,59148.13309411944,56791.654627141455,57606.62374236251,564318
2005-10-31,57606.62374236251,58505.31873597646,57307.66558946958,57705.68601366486,431581
2005-11-01,57705.68601366486,60424.54081870459,57705.68601366486,60398.46123962379,554805
2005-11-02,60398.46123962379,60398.46123962379,58716.763302392355,59347.16846263469,559893
2005-11-03,59347.16846263469,61738.88844228864,59347.16846263469,61109.401297221586,579930
2005-11-04,61109.401297221586,62040.50187786484,61109.401297221586,61621.19771264197,502251
2005-11-07,61621.19771264197,61621.19771264197,58302.59202343404,58918.623356183336,469397
2005-11-08,58918.623356183336,60192.22577574238,58918.623356183336,59652.111846810265,487627
2005-11-09,59652.111846810265,59733.23548121916,58623.596026188585,59079.839816338485,467180
2005-11-10,59079.839816338485,59079.839816338485,56979.784259489556,57073.75510879834,533195
2005-11-11,57073.75510879834,57073.75510879834,55282.01839396913,56082.709458038655,486734
2005-11-14,56082.709458038655,56324.12310031032,55202.7513598823,55837.87884032918,456513
2005-11-15,55837.87884032918,55837.87884032918,52044.2462632337,52800.12055572593,440295
2005-11-16,52800.12055572593,53737.38287246334,52800.12055572593,53305.86854190892,639962
2005-11-17,53305.86854190892,53305.86854190892,51580.36983252357,52148.758414568074,611356
2005-11-18,52148.758414568074,54109.43277266822,52148.758414568074,53323.35362967799,622089
2005-11-21,53323.35362967799,54320.347014958454,53307.91072619739,53863.256033444944,632334
2005-11-22,53863.256033444944,53863.256033444944,52591.189392417255,52939.307729267224,533043
2005-11-23,52939.307729267224,52939.307729267224,52092.30464784644,52396.6372451064,539152
2005-11-24,52396.6372451064,52396.6372451064,50705.140690325265,50742.14304972712,533825
2005-11-25,50742.14304972712,52186.16776600684,50742.14304972712,51542.22303142909,643574
2005-11-28,51542.22303142909,51542.22303142909,49941.96544983725,50272.506757812866,627794
2005-11-29,50272.506757812866,51708.50685228088,50272.506757812866,51599.99584896639,549555
2005-11-30,51599.99584896639,51599.99584896639,50496.021176941766,51016.37850274707,530123
2005-12-01,51016.37850274707,51016.37850274707,50837.590081215756,50842.75179201828,547693
2005-12-02,50842.75179201828,51834.604734860535,50628.46149703986,51308.426500787325,463434
2005-12-05,51308.426500787325,51308.426500787325,50255.86543763575,50357.37339668196,712350
2005-12-06,50357.37339668196,51980.9689982497,50357.37339668196,51353.327680669936,567584
2005-12-07,51353.327680669936,51584.86717822205,51068.70239049034,51108.76844034738,502284
2005-12-08,51108.76844034738,51108.76844034738,48626.20849635912,49029.39445687101,503893
2005-12-09,49029.39445687101,49029.39445687101,46932.93141194731,47605.10015310732,478805
2005-12-12,47605.10015310732,49773.51893041609,47605.10015310732,49247.19980001684,475956
2005-12-13,49247.19980001684,49937.41205364949,49247.19980001684,49757.51745824407,679440
2005-12-14,49757.51745824407,50631.01183507037,49569.57742404154,49976.8420601667,482342
2005-12-15,49976.8420601667,51579.75111015398,49976.8420601667,50927.33285483134,645107
2005-12-16,50927.33285483134,51146.91460512353,50784.69487510162,51036.354444901786,568202
2005-12-19,51036.354444901786,51675.695610924755,50841.354985741295,51429.34692350075,344384
2005-12-20,51429.34692350075,51429.34692350075,49703.99882990534,50059.891616228015,567097
2005-12-21,50059.891616228015,50059.891616228015,48466.59809288368,48804.43973112555,398181
2005-12-22,48804.43973112555,49192.110683327475,48804.43973112555,49184.24563680556,653044
2005-12-23,49184.24563680556,49184.24563680556,48952.28054314917,49018.37598505749,586777
2005-12-26,49018.37598505749,50188.50910035273,49018.37598505749,49495.44126752672,584209
2005-12-27,49495.44126752672,49495.44126752672,49121.061712086426,49134.45284430785,546961
2005-12-28,49134.45284430785,49648.79247871351,48532.660209593385,49208.496990844826,637575
2005-12-29,49208.496990844826,49208.496990844826,48759.169100309846,48857.0027559438,483289
2005-12-30,48857.0027559438,48857.0027559438,46342.07276492195,46998.7549500714,537440
2006-01-02,46998.7549500714,46998.7549500714,45662.16090566712,46027.75830308006,506925
2006-01-03,46027.75830308006,48299.576780928684,46027.75830308006,48265.02621569021,329394
2006-01-04,48265.02621569021,49072.15969528259,48217.93367901041,48660.031512309775,556939
2006-01-05,48660.031512309775,49783.424123612385,48660.031512309775,49301.538911719246,492364
2006-01-06,49301.538911719246,49711.52570322553,48488.07727456506,49080.52155952216,471144
2006-01-09,49080.52155952216,49322.66124972054,48591.33608606796,49159.89307057629,391094
2006-01-10,49159.89307057629,50008.18476785283,49063.17393099451,49515.01302584982,345891
2006-01-11,49515.01302584982,49515.01302584982,47890.80681225416,48175.86314391008,461026
2006-01-12,48175.86314391008,50002.08307825662,48175.86314391008,49567.421330227684,545822
2006-01-13,49567.421330227684,49888.33589080172,49133.590636397625,49278.21965622881,518608
2006-01-16,49278.21965622881,49278.21965622881,47140.19405713606,47780.24835597621,393524
2006-01-17,47780.24835597621,47780.24835597621,46150.83825320954,46724.393832470196,537345
2006-01-18,46724.393832470196,46724.393832470196,45164.889035689455,45567.034673116344,590454
2006-01-19,45567.034673116344,46976.3603439639,45567.034673116344,46581.23864531148,544769
2006-01-20,46581.23864531148,47783.870823671205,46517.145792188894,47157.25028793349,534128
2006-01-23,47157.25028793349,47157.25028793349,44445.521692842536,44740.477698040064,532032
2006-01-24,44740.477698040064,44740.477698040064,43194.57583451778,43309.23500397736,559534
2006-01-25,43309.23500397736,43309.23500397736,42441.39755527913,42850.70308953793,403146
2006-01-26,42850.70308953793,43606.22829000909,42815.76944670153,43120.754247460594,234361
2006-01-27,43120.754247460594,43517.1631109667,42715.67477041407,43316.96801688628,425195
2006-01-30,43316.96801688628,44661.85746099599,43316.96801688628,44126.35154697958,690875
2006-01-31,44126.35154697958,44126.35154697958,42432.612105076,42987.19378954776,499499
2006-02-01,42987.19378954776,42987.19378954776,41458.68756931257,41957.70074779078,588121
2006-02-02,41957.70074779078,41957.70074779078,39988.75271633958,40054.67576450815,489371
2006-02-03,40054.67576450815,40614.1857438814,39908.949417142285,40451.27122293026,650158
2006-02-06,40451.27122293026,42319.62080230602,40451.27122293026,41830.822446264785,531558
2006-02-07,41830.822446264785,43347.758327082905,41830.822446264785,42715.17067498376,408590
2006-02-08,42715.17067498376,43630.006224826655,42715.17067498376,43499.62891368801,534950
2006-02-09,43499.62891368801,45103.94739388214,43499.62891368801,44553.766138137595,643409
2006-02-10,44553.766138137595,44553.766138137595,43537.05799984701,44055.80306602316,683971
2006-02-13,44055.80306602316,44190.835764729294,43192.67366087426,43815.91238119899,395026
2006-02-14,43815.91238119899,44153.25973670093,43226.80063441558,43864.297943440506,452677
2006-02-15,43864.297943440506,43997.34775279385,43549.461222278405,43993.85543361512,462008
2006-02-16,43993.85543361512,47461.14358347589,43993.85543361512,47222.53563144803,502415
2006-02-17,47222.53563144803,48608.803387572814,47222.53563144803,47968.02936219823,543954
2006-02-20,47968.02936219823,47968.02936219823,45002.212122860314,45094.47630481399,377408
2006-02-21,45094.47630481399,45094.47630481399,41419.91194837363,41478.756163987506,555178
2006-02-22,41478.756163987506,42582.57325771258,41478.756163987506,42138.80946730187,379779
2006-02-23,42138.80946730187,42138.80946730187,41756.52832994408,41957.45513730799,557716
2006-02-24,41957.45513730799,41957.45513730799,40222.64439379188,40763.05386526068,480194
2006-02-27,40763.05386526068,41757.12094008293,40763.05386526068,41356.454505034504,557273
2006-02-28,41356.454505034504,41356.454505034504,40275.27578311824,40404.80994336308,600208
2006-03-01,40404.80994336308,41722.30572809539,40404.80994336308,41562.98544523095,326615
2006-03-02,41562.98544523095,41562.98544523095,40783.87253068144,40917.02491778169,514227
2006-03-03,40917.02491778169,40917.02491778169,39438.875518958135,39822.719521716324,557702
2006-03-06,39822.719521716324,41077.08984784577,39822.719521716324,40517.36886626623,390279
2006-03-07,40517.36886626623,40517.36886626623,39897.01446704162,40169.90272185487,545426
2006-03-08,40169.90272185487,40822.53701011815,39895.04409187866,40374.781678134284,570119
2006-03-09,40374.781678134284,42461.0395452802,40374.781678134284,41995.572464201454,577133
2006-03-10,41995.572464201454,44092.81589095693,41995.572464201454,43759.20058961244,427257
2006-03-13,43759.20058961244,43759.20058961244,41465.71685569374,42039.01618480579,412499
2006-03-14,42039.01618480579,43161.23519474663,42039.01618480579,43156.70848823706,547821
2006-03-15,43156.70848823706,45595.67465862856,43156.70848823706,45357.497529212254,552700
2006-03-16,45357.497529212254,45357.497529212254,43490.80285222806,44108.46377252366,508822
2006-03-17,44108.46377252366,44977.4821299263,44108.46377252366,44453.776321587524,547923
2006-03-20,44453.776321587524,46609.89243253708,44453.776321587524,46493.446331518775,673280
2006-03-21,46493.446331518775,47731.82912376642,46468.14798749092,47075.229958586846,409549
2006-03-22,47075.229958586846,52088.465869216554,47075.229958586846,51890.02604751969,460881
2006-03-23,51890.02604751969,51890.02604751969,47295.917057194456,47569.03239672396,600318
2006-03-24,47569.03239672396,49707.82333970445,47569.03239672396,49299.27584663227,521425
2006-03-27,49299.27584663227,49299.27584663227,46865.62916624689,47439.52208686668,419044
2006-03-28,47439.52208686668,47439.52208686668,46529.61158719029,46823.498940082885,443331
2006-03-29,46823.498940082885,50542.337908242815,46823.498940082885,50351.51677071863,577260
2006-03-30,50351.51677071863,53621.875505498654,50351.51677071863,53080.119740180366,481304
2006-03-31,53080.119740180366,53084.36642740669,52164.66704145588,52789.56669413253,427225
2006-04-03,52789.56669413253,52789.56669413253,51748.86387594803,52154.886346961146,536951
2006-04-04,52154.886346961146,52154.886346961146,50602.76114499042,51213.38881759232,552882
2006-04-05,51213.38881759232,51213.38881759232,48274.54762944166,48379.58390673408,501758
2006-04-06,48379.58390673408,50932.53530455291,48379.58390673408,50708.27573448218,391484
2006-04-07,50708.27573448218,51783.06219142178,50708.27573448218,51473.93918877842,376324
2006-04-10,51473.93918877842,51688.714404669765,50644.1551233945,51388.07698560806,478089
2006-04-11,51388.07698560806,55453.18575709543,51388.07698560806,55005.52544065311,518710
2006-04-12,55005.52544065311,59484.767524984185,55005.52544065311,59454.77791305817,445181
2006-04-13,59454.77791305817,62146.61107153024,59454.77791305817,61602.97620224171,634318
2006-04-14,61602.97620224171,62913.79381056415,61602.97620224171,62577.4861278906,636707
2006-04-17,62577.4861278906,62577.4861278906,60309.330395242105,60809.16568926582,481298
2006-04-18,60809.16568926582,60809.16568926582,59823.39693300197,59973.75143711847,483944
2006-04-19,59973.75143711847,61676.298866969424,59973.75143711847,61178.19576332637,519159
2006-04-20,61178.19576332637,63237.350774062725,61178.19576332637,62945.76978018556,440282
2006-04-21,62945.76978018556,64294.11187025079,62478.45993809457,63351.94422804879,517141
2006-04-24,63351.94422804879,63351.94422804879,61007.84953511598,61646.308077815076,526348
2006-04-25,61646.308077815076,65626.03447486427,61646.308077815076,65579.12989702003,486233
2006-04-26,65579.12989702003,65579.12989702003,63809.71304903213,64584.733637303165,563896
2006-04-27,64584.733637303165,64584.733637303165,62155.840518844896,62832.55578964282,467360
2006-04-28,62832.55578964282,64172.91051314838,62832.55578964282,63684.46238997595,324589
2006-05-01,63684.46238997595,67542.04083865263,63684.46238997595,66949.37009555117,527647
2006-05-02,66949.37009555117,71723.87388918053,66949.37009555117,70789.15600507753,516061
2006-05-03,70789.15600507753,73245.4474697041,70789.15600507753,72569.93876056414,564228
2006-05-04,72569.93876056414,72569.93876056414,71192.04262758803,72106.25786899409,443046
2006-05-05,72106.25786899409,72106.25786899409,70396.5562863798,71235.25446103729,554601
2006-05-08,71235.25446103729,71235.25446103729,68789.03279556645,68818.86380216628,500997
2006-05-09,68818.86380216628,68818.86380216628,67557.22167625302,68293.61576806588,440562
2006-05-10,68293.61576806588,70046.18424377049,68293.61576806588,69051.45833031725,354722
2006-05-11,69051.45833031725,69961.94516793377,69051.45833031725,69466.4432865024,310899
2006-05-12,69466.4432865024,69466.4432865024,68541.40417853178,68930.2101822332,467482
2006-05-15,68930.2101822332,69469.94662864905,68336.29737069807,68594.45610666202,510466
2006-05-16,68594.45610666202,68594.45610666202,67653.52411487684,68248.34474974818,527290
2006-05-17,68248.34474974818,68248.34474974818,66281.72376295985,66570.56705903838,460547
2006-05-18,66570.56705903838,66570.56705903838,61710.07644261322,62552.56950584582,390226
2006-05-19,62552.56950584582,62919.133831108426,61504.36133286935,62306.672967728446,483695
2006-05-22,62306.672967728446,63931.62228764844,62306.672967728446,63514.113069093706,364808
2006-05-23,63514.113069093706,65530.04541417059,63514.113069093706,64863.05974695385,640166
2006-05-24,64863.05974695385,70485.46771304478,64863.05974695385,70230.8026984046,373958
2006-05-25,70230.8026984046,70230.8026984046,68371.43394630658,69090.24401650444,583865
2006-05-26,69090.24401650444,70771.47696870899,69090.24401650444,69922.41407849517,532822
2006-05-29,69922.41407849517,69922.41407849517,67351.0145977208,67866.5219300437,304223
2006-05-30,67866.5219300437,68092.82078234674,66705.17225857305,67285.56334384897,458100
2006-05-31,67285.56334384897,68666.07422025345,67285.56334384897,67879.01341982304,488951
2006-06-01,67879.01341982304,67879.01341982304,65865.8051588842,66474.50118557533,429585
2006-06-02,66474.50118557533,66474.50118557533,59527.46386087552,60061.90149055281,505475
2006-06-05,60061.90149055281,60061.90149055281,57147.883513060486,57171.579628846725,511548
2006-06-06,57171.579628846725,59670.56043380863,57171.579628846725,59131.942909736,500169
2006-06-07,59131.942909736,60580.728903501375,59131.942909736,60018.451865758034,373301
2006-06-08,60018.451865758034,61801.81434693441,60018.451865758034,61120.1653110801,316348
2006-06-09,61120.1653110801,61120.1653110801,58645.53082734315,58647.4460949296,559898
2006-06-12,58647.4460949296,59992.24487216503,58641.095976833436,59496.03490328499,502594
2006-06-13,59496.03490328499,59496.03490328499,57694.9698760466,58314.26965939598,631149
2006-06-14,58314.26965939598,59036.83663470172,58314.26965939598,59020.50388810251,482423
2006-06-15,59020.50388810251,60837.46556681166,59020.50388810251,60143.6533273356,407517
2006-06-16,60143.6533273356,62808.62649186222,60143.6533273356,62256.685229262526,487952
2006-06-19,62256.685229262526,62256.685229262526,60456.83090834587,60721.28824124985,454580
2006-06-20,60721.28824124985,60721.28824124985,58159.27730158064,58854.55308284077,503825
2006-06-21,58854.55308284077,58854.55308284077,57958.84042585528,57994.15065740165,402258
2006-06-22,57994.15065740165,60564.00519729494,57994.15065740165,60537.03575313776,460536
2006-06-23,60537.03575313776,60537.03575313776,57387.40438933224,57421.917473596586,601394
2006-06-26,57421.917473596586,57421.917473596586,53694.70985581374,54442.84550907943,568400
2006-06-27,54442.84550907943,54442.84550907943,52901.909750192186,53041.1638591675,550240
2006-06-28,53041.1638591675,54992.390442230215,53041.1638591675,54756.35413311397,445318
2006-06-29,54756.35413311397,58614.336505297426,54756.35413311397,57944.54432983385,528237
2006-06-30,57944.54432983385,57944.54432983385,56637.90590451847,57342.680447234496,522428
2006-07-03,57342.680447234496,57581.49091673632,57091.43040395688,57271.51314470596,507290
2006-07-04,57271.51314470596,59600.07395496024,57271.51314470596,59366.160981867826,576817
2006-07-05,59366.160981867826,59366.160981867826,57324.51641273094,57990.05300676955,578050
2006-07-06,57990.05300676955,57990.05300676955,55111.06994904641,55848.017733890134,305185
2006-07-07,55848.017733890134,55848.017733890134,53280.609616146285,54023.40857282145,504040
2006-07-10,54023.40857282145,55059.00718000127,53900.139183690946,54323.13944124939,489407
2006-07-11,54323.13944124939,54323.13944124939,51920.32230185828,52143.861266635045,398924
2006-07-12,52143.861266635045,52143.861266635045,49194.90734988102,49679.70594142558,488484
2006-07-13,49679.70594142558,49679.70594142558,45744.41979668297,46084.52259875066,378278
2006-07-14,46084.52259875066,46084.52259875066,44953.87960720768,45595.003456939936,470803
2006-07-17,45595.003456939936,46379.693722453536,45520.09060561261,45815.57190299771,505463
2006-07-18,45815.57190299771,45815.57190299771,44053.418113214604,44589.2220825323,408672
2006-07-19,44589.2220825323,44589.2220825323,42420.032970057175,42602.00283826861,514255
2006-07-20,42602.00283826861,42602.00283826861,41422.66318236346,41551.76838057427,508763
2006-07-21,41551.76838057427,41551.76838057427,40593.97985053522,40796.387018737616,476790
2006-07-24,40796.387018737616,41369.39913287806,40796.387018737616,41062.84140245714,459857
2006-07-25,41062.84140245714,41062.84140245714,40211.85381944709,40611.082450592156,478889
2006-07-26,40611.082450592156,41588.01908291057,40611.082450592156,41531.091580793465,586461
2006-07-27,41531.091580793465,43987.95231666782,41531.091580793465,43546.55894697363,566257
2006-07-28,43546.55894697363,43546.55894697363,42435.18448543539,42915.6816503676,606168
2006-07-31,42915.6816503676,47171.28026470474,42915.6816503676,46688.5502441982,415125
2006-08-01,46688.5502441982,48442.39440630353,46688.5502441982,48084.90550962991,528000
2006-08-02,48084.90550962991,49795.704576516735,48084.90550962991,49746.38654706426,506037
2006-08-03,49746.38654706426,50819.44184976166,49746.38654706426,50360.930874505546,475011
2006-08-04,50360.930874505546,54174.4130541689,50360.930874505546,53536.43886413015,531221
2006-08-07,53536.43886413015,53536.43886413015,51919.74264848336,52173.89798939122,488276
2006-08-08,52173.89798939122,52173.89798939122,49811.15287606576,50204.849075838734,490669
2006-08-09,50204.849075838734,50204.849075838734,49078.4640851245,49329.894921062114,367146
2006-08-10,49329.894921062114,49329.894921062114,48264.18358936896,48272.028974255234,602420
2006-08-11,48272.028974255234,48272.028974255234,46233.40074751346,46369.53485715333,525710
2006-08-14,46369.53485715333,46369.53485715333,43295.73310816818,43374.9184697233,607589
2006-08-15,43374.9184697233,43374.9184697233,41556.85254114989,42026.44785860876,407830
2006-08-16,42026.44785860876,42026.44785860876,41455.009769640936,41528.735967855755,503651
2006-08-17,41528.735967855755,42621.79864018927,41528.735967855755,42294.1643071475,603065
2006-08-18,42294.1643071475,43506.527209538326,42294.1643071475,43025.34984712387,535216
2006-08-21,43025.34984712387,43395.16383362693,42479.87356296849,42810.03054593261,496265
2006-08-22,42810.03054593261,43003.620563688186,42132.96756628983,42610.37728284713,557210
2006-08-23,42610.37728284713,44862.021189653344,42610.37728284713,44412.03712501054,492881
2006-08-24,44412.03712501054,46890.68563747472,44412.03712501054,46741.9950305194,489715
2006-08-25,46741.9950305194,46741.9950305194,44203.24454265047,44488.25929715538,587647
2006-08-28,44488.25929715538,44570.21438088134,43673.65060695622,44053.317799591816,408869
2006-08-29,44053.317799591816,44412.0201016189,43739.8341266697,44064.47223685712,547546
2006-08-30,44064.47223685712,44164.10345630809,43286.1022199996,43680.34492616814,635245
2006-08-31,43680.34492616814,45123.16800760635,43680.34492616814,44950.2428021371,455387
2006-09-01,44950.2428021371,46141.76448043456,44950.2428021371,45534.252023775036,337051
2006-09-04,45534.252023775036,45534.252023775036,45005.652915607156,45460.24844499438,468147
2006-09-05,45460.24844499438,45460.24844499438,44560.12598410908,44741.01980246995,519618
2006-09-06,44741.01980246995,47349.19795066963,44741.01980246995,46802.90334376227,418166
2006-09-07,46802.90334376227,50982.787391085796,46802.90334376227,50752.786292463155,613684
2006-09-08,50752.786292463155,51268.763809955766,50619.62244863144,51105.960541636254,606462
2006-09-11,51105.960541636254,52436.10284911009,51105.960541636254,52118.93138551853,431841
2006-09-12,52118.93138551853,52118.93138551853,49428.74358819986,50133.00141458636,545125
2006-09-13,50133.00141458636,50533.85788517288,49990.48989205421,50451.57762867082,474754
2006-09-14,50451.57762867082,56300.141598328664,50451.57762867082,56127.45187303717,670251
2006-09-15,56127.45187303717,56600.4008753477,55423.19856932655,56080.689825840054,507276
2006-09-18,56080.689825840054,56592.04528852736,55932.249512351846,56024.16065957086,690070
2006-09-19,56024.16065957086,56348.11018209408,55503.41359414082,55577.94200640668,405606
2006-09-20,55577.94200640668,55577.94200640668,53058.418418958085,53269.25951464559,577862
2006-09-21,53269.25951464559,53785.60611723474,53082.432559306886,53642.70575073617,542299
2006-09-22,53642.70575073617,53979.62797429765,52773.20780184194,53567.9863695996,499982
2006-09-25,53567.9863695996,54587.658661737936,53565.474713705444,54217.422155193766,344452
2006-09-26,54217.422155193766,54217.422155193766,50327.341061150095,50788.64884467768,471491
2006-09-27,50788.64884467768,50788.64884467768,49878.78224628152,50188.19317399205,471447
2006-09-28,50188.19317399205,52002.47835971932,50188.19317399205,51708.742143693664,432421
2006-09-29,51708.742143693664,52336.93350607339,51502.53466191627,51615.33948792062,489708
2006-10-02,51615.33948792062,53667.90145447787,51615.33948792062,53487.25123585677,510940
2006-10-03,53487.25123585677,54566.83924984952,53233.557402803046,53858.286814690604,476675
2006-10-04,53858.286814690604,57169.22397340625,53858.286814690604,56435.71423957341,574776
2006-10-05,56435.71423957341,56735.994243935515,55791.56522305658,56138.37471833093,447842
2006-10-06,56138.37471833093,56138.37471833093,54984.88098091612,55395.9927605355,572124
2006-10-09,55395.9927605355,56353.85497945627,55395.9927605355,55918.24383790276,610023
2006-10-10,55918.24383790276,61289.699425002415,55918.24383790276,60770.60908699402,548010
2006-10-11,60770.60908699402,60770.60908699402,59050.5766550654,59777.564570685456,335708
2006-10-12,59777.564570685456,65377.4292892483,59777.564570685456,64759.34260363308,467995
2006-10-13,64759.34260363308,64759.34260363308,59421.709238833704,59534.31835122423,589637
2006-10-16,59534.31835122423,59534.31835122423,58744.33737949575,58783.65845449434,608320
2006-10-17,58783.65845449434,58783.65845449434,55677.829103537675,56457.03287610799,467925
2006-10-18,56457.03287610799,56900.272733316466,56151.97543957945,56894.12795309722,557914
2006-10-19,56894.12795309722,58642.4086188947,56894.12795309722,57996.07360358892,427281
2006-10-20,57996.07360358892,63954.112351430245,57996.07360358892,63479.706302644605,478756
2006-10-23,63479.706302644605,69753.4632205072,63479.706302644605,68930.7763179502,597122
2006-10-24,68930.7763179502,68930.7763179502,65061.62244358227,66026.18977927188,552645
2006-10-25,66026.18977927188,66551.57634521024,65252.10836942137,65818.63284812208,438457
2006-10-26,65818.63284812208,65818.63284812208,63190.15911950741,63993.1412519227,475063
2006-10-27,63993.1412519227,68054.95459111837,63993.1412519227,67577.12878876389,587294
2006-10-30,67577.12878876389,67577.12878876389,66151.02075451541,66843.09266306993,543568
2006-10-31,66843.09266306993,72238.98925028759,66843.09266306993,71253.41511766214,588258
2006-11-01,71253.41511766214,71253.41511766214,66126.40224713484,66957.53952955504,432956
2006-11-02,66957.53952955504,68300.32311876687,66500.32726284121,67316.28521607224,533961
2006-11-03,67316.28521607224,68301.16911155234,66760.4486927019,67740.90551477048,515864
2006-11-06,67740.90551477048,69071.47455988612,67740.90551477048,69029.36940996355,437253
2006-11-07,69029.36940996355,70680.53118567054,69029.36940996355,69763.99778371165,581066
2006-11-08,69763.99778371165,74233.22578904683,69763.99778371165,74105.87331245675,397940
2006-11-09,74105.87331245675,74105.87331245675,71244.1093695927,71511.11438688016,555960
2006-11-10,71511.11438688016,71623.07829753796,70340.92396470657,70732.69845181481,426462
2006-11-13,70732.69845181481,70732.69845181481,67041.1396769494,67907.42004356203,515324
2006-11-14,67907.42004356203,69310.27040212703,67768.09745800537,68383.2402800982,541635
2006-11-15,68383.2402800982,68383.2402800982,67301.68291451837,68056.02857431797,434522
2006-11-16,68056.02857431797,68056.02857431797,66137.0549179926,66249.34505723542,396448
2006-11-17,66249.34505723542,66249.34505723542,62774.46211483607,63678.10336057052,516783
2006-11-20,63678.10336057052,68429.64347107998,63678.10336057052,67711.77162923451,447375
2006-11-21,67711.77162923451,68360.82884100472,67124.80960366149,68122.8136059952,505432
2006-11-22,68122.8136059952,69638.7573609184,68122.8136059952,68901.0027121817,506108
2006-11-23,68901.0027121817,68901.0027121817,65838.32306546037,66518.8601093959,443937
2006-11-24,66518.8601093959,68926.36878741796,66518.8601093959,68612.06042023413,497287
2006-11-27,68612.06042023413,70434.87921091818,68612.06042023413,70029.11641268074,531937
2006-11-28,70029.11641268074,70029.11641268074,68638.12094482077,69398.88575891957,482885
2006-11-29,69398.88575891957,73644.29519731108,69398.88575891957,73464.2646032133,590907
2006-11-30,73464.2646032133,75132.81826184993,73464.2646032133,75132.7733414006,581468
2006-12-01,75132.7733414006,79439.988946812,75132.7733414006,78557.7621119735,617276
2006-12-04,78557.7621119735,82687.5994586638,78557.7621119735,82610.55433363125,382807
2006-12-05,82610.55433363125,82610.55433363125,80599.42806482589,81497.47248947376,410281
2006-12-06,81497.47248947376,81949.4243518101,81497.47248947376,81884.71724640694,547578
2006-12-07,81884.71724640694,81884.71724640694,79429.35846524766,79707.43276068041,504633
2006-12-08,79707.43276068041,81320.82004990827,79464.52504595,80417.54859987868,483198
2006-12-11,80417.54859987868,80417.54859987868,78213.05016292124,78895.01772376677,424224
2006-12-12,78895.01772376677,78895.01772376677,74203.70621662287,75068.34329106584,457933
2006-12-13,75068.34329106584,78010.03645816128,75068.34329106584,77666.48773622881,338814
2006-12-14,77666.48773622881,79853.02655497214,77666.48773622881,79181.32523372029,628589
2006-12-15,79181.32523372029,80288.27860223225,79103.6684355102,79372.85377533144,499484
2006-12-18,79372.85377533144,81868.41950734305,79372.85377533144,81114.45074511725,583865
2006-12-19,81114.45074511725,83031.4433550208,81114.45074511725,82102.1909198828,498560
2006-12-20,82102.1909198828,83933.70810517995,82102.1909198828,83903.46878263554,645605
2006-12-21,83903.46878263554,87765.07324258484,83903.46878263554,87326.00093186685,455309
2006-12-22,87326.00093186685,87326.00093186685,83350.46662699412,83572.3367878131,562412
2006-12-25,83572.3367878131,83572.3367878131,78959.10429758053,80040.56621840561,614751
2006-12-26,80040.56621840561,84529.80982622929,80040.56621840561,83619.3933793919,462220
2006-12-27,83619.3933793919,90327.74705252366,83619.3933793919,89258.0421566095,577646
2006-12-28,89258.0421566095,89258.0421566095,83999.67861803687,84613.74111302148,536636
2006-12-29,84613.74111302148,84613.74111302148,81377.18548647859,82313.65379710175,682324
2007-01-01,82313.65379710175,82313.65379710175,77718.99116124895,78654.57820672865,460529
2007-01-02,78654.57820672865,78654.57820672865,76080.73520851164,77171.75899449449,568011
2007-01-03,77171.75899449449,80875.3041454176,77171.75899449449,79872.80790038388,483187
2007-01-04,79872.80790038388,79872.80790038388,78066.68153637173,78572.59453192759,495984
2007-01-05,78572.59453192759,82927.8082033106,78572.59453192759,81744.03657457109,458459
2007-01-08,81744.03657457109,81744.03657457109,75958.55266251127,76238.19102422537,529079
2007-01-09,76238.19102422537,84728.48181287317,76238.19102422537,83665.23144244157,561753
2007-01-10,83665.23144244157,86142.9903554294,83665.23144244157,85416.1268060252,341352
2007-01-11,85416.1268060252,85416.1268060252,81778.85701161725,82397.609212142,590547
2007-01-12,82397.609212142,82814.14010361997,80879.37341434683,81591.81656961332,557342
2007-01-15,81591.81656961332,81969.04001062276,81147.69978155247,81232.96127984891,513714
2007-01-16,81232.96127984891,81232.96127984891,79304.81565786115,79315.56872696825,547733
2007-01-17,79315.56872696825,79315.56872696825,74700.26959726917,74970.06038382355,492877
2007-01-18,74970.06038382355,77365.4784687017,74970.06038382355,76382.36180400041,484394
2007-01-19,76382.36180400041,76382.36180400041,74394.3433961381,74635.63370132247,330403
2007-01-22,74635.63370132247,79024.64415748816,74635.63370132247,78737.74321717388,512719
2007-01-23,78737.74321717388,78737.74321717388,76069.56398975888,76503.52363678494,526331
2007-01-24,76503.52363678494,81551.57958823175,76503.52363678494,81404.52221953603,460874
2007-01-25,81404.52221953603,81404.52221953603,76339.63740984476,77291.96990251164,354117
2007-01-26,77291.96990251164,77495.20886543614,76853.82549513284,76927.64814952812,534322
2007-01-29,76927.64814952812,77999.68864692068,76927.64814952812,77616.77243673193,515076
2007-01-30,77616.77243673193,81901.9414011641,77616.77243673193,80952.97029142878,627662
2007-01-31,80952.97029142878,80952.97029142878,78976.93456130172,79717.50878794657,595137
2007-02-01,79717.50878794657,79717.50878794657,73678.72082885068,74794.49038914063,569720
2007-02-02,74794.49038914063,74794.49038914063,72482.26871737839,72567.57481122467,639575
2007-02-05,72567.57481122467,74392.92899649763,72567.57481122467,73577.99061896799,604329
2007-02-06,73577.99061896799,73577.99061896799,68459.18799797639,68974.20636192494,543964
2007-02-07,68974.20636192494,68974.20636192494,67115.10519664068,67997.42773696281,476760
2007-02-08,67997.42773696281,69230.38863327817,67997.42773696281,68841.70037972895,550045
2007-02-09,68841.70037972895,68841.70037972895,67563.07070413056,68414.731597733,530273
2007-02-12,68414.731597733,68414.731597733,62541.316976018956,63382.493969248164,533646
2007-02-13,63382.493969248164,63382.493969248164,61456.7243253735,62171.87212146068,581325
2007-02-14,62171.87212146068,62171.87212146068,58576.26923717527,58861.23222394213,456979
2007-02-15,58861.23222394213,58861.23222394213,57922.21912471867,58257.14244345167,387719
2007-02-16,58257.14244345167,58257.14244345167,56390.82679416196,57203.77272889879,410847
2007-02-19,57203.77272889879,58488.340454062236,57203.77272889879,58065.31399251725,456989
2007-02-20,58065.31399251725,58065.31399251725,56169.94800397233,56932.66867901222,493680
2007-02-21,56932.66867901222,57164.3741587617,55817.286083696126,56388.162109048004,347445
2007-02-22,56388.162109048004,56971.379958879814,56236.62422919857,56497.84262845927,554958
2007-02-23,56497.84262845927,56497.84262845927,54505.253192923505,54835.67204981538,480395
2007-02-26,54835.67204981538,54835.67204981538,53060.87000437117,53311.33301019306,570265
2007-02-27,53311.33301019306,53311.33301019306,48689.6878012642,49410.42976202111,391219
2007-02-28,49410.42976202111,50213.379571449535,49067.87167531326,49804.21027083855,565984
2007-03-01,49804.21027083855,49998.914672075596,49800.25259440544,49963.069248227606,528193
2007-03-02,49963.069248227606,49963.069248227606,48900.63848244278,49379.33968206681,531176
2007-03-05,49379.33968206681,49379.33968206681,47357.46226431655,47808.02060180941,433103
2007-03-06,47808.02060180941,50181.40654859941,47808.02060180941,49586.951449672866,564787
2007-03-07,49586.951449672866,49586.951449672866,48314.86252864668,48838.837217567925,542540
2007-03-08,48838.837217567925,50567.907283970155,48838.837217567925,50072.4011383106,593614
2007-03-09,50072.4011383106,50569.78106193224,50007.845219462084,50055.63054166957,486059
2007-03-12,50055.63054166957,54012.24048923601,50055.63054166957,53592.67763704813,426412
2007-03-13,53592.67763704813,54328.35655386766,53592.67763704813,54178.58919217323,501091
2007-03-14,54178.58919217323,54178.58919217323,52978.349793712216,53655.34686005388,611286
2007-03-15,53655.34686005388,53655.34686005388,51666.154170414804,52001.23315748229,461358
2007-03-16,52001.23315748229,53281.443484897325,52001.23315748229,52801.54764080473,573800
2007-03-19,52801.54764080473,52801.54764080473,50880.469106569355,51108.89308960011,367725
2007-03-20,51108.89308960011,54220.93450529131,51108.89308960011,54198.153236862934,370261
2007-03-21,54198.153236862934,58685.05799643086,54198.153236862934,57995.24407283827,495014
2007-03-22,57995.24407283827,57995.24407283827,57109.76665342457,57475.7660910352,399845
2007-03-23,57475.7660910352,57475.7660910352,55126.31403297721,55842.30142467581,340378
2007-03-26,55842.30142467581,55842.30142467581,54539.80312825445,55239.40466291921,373898
2007-03-27,55239.40466291921,57093.476626135096,55239.40466291921,56368.936239431525,545972
2007-03-28,56368.936239431525,59258.50432192571,56368.936239431525,58777.11144160633,614488
2007-03-29,58777.11144160633,59098.523984596846,58539.60217945673,58659.76160655503,546747
2007-03-30,58659.76160655503,61054.90974770882,58659.76160655503,60999.28298494823,360770
2007-04-02,60999.28298494823,63946.36215093488,60999.28298494823,63102.56184337193,558976
2007-04-03,63102.56184337193,63986.56204505861,62808.48249709836,63752.536872901175,414908
2007-04-04,63752.536872901175,65749.73875178919,63752.536872901175,65122.04287650594,488298
2007-04-05,65122.04287650594,70863.66011938588,65122.04287650594,70007.83113405439,355361
2007-04-06,70007.83113405439,70062.46357699943,69171.92371825554,69786.24600622286,537399
2007-04-09,69786.24600622286,75977.61861797993,69786.24600622286,75334.49385630545,537785
2007-04-10,75334.49385630545,75633.39691463005,74926.6154801578,75207.01467941202,514611
2007-04-11,75207.01467941202,83147.22424495869,75207.01467941202,81936.51274728838,491029
2007-04-12,81936.51274728838,81936.51274728838,77112.9510951727,78063.37248253329,455658
2007-04-13,78063.37248253329,82694.65028994104,78063.37248253329,81668.74534828305,359192
2007-04-16,81668.74534828305,82742.07463844033,81505.352176969,82254.98670712589,414246
2007-04-17,82254.98670712589,82254.98670712589,78231.03044507305,78941.72638666727,490715
2007-04-18,78941.72638666727,81028.03172590285,78941.72638666727,80068.33774724923,582631
2007-04-19,80068.33774724923,84515.51405961186,80068.33774724923,84065.64790799501,486735
2007-04-20,84065.64790799501,89401.46004245609,84065.64790799501,88098.72772768645,408655
2007-04-23,88098.72772768645,92143.96250809994,88098.72772768645,90941.66727975148,608331
2007-04-24,90941.66727975148,97287.3138773213,90941.66727975148,96590.87437684041,486643
2007-04-25,96590.87437684041,101144.0230864013,96590.87437684041,101122.16726980377,429835
2007-04-26,101122.16726980377,102804.56246221057,101122.16726980377,101884.6358594856,539841
2007-04-27,101884.6358594856,101884.6358594856,98658.33654712477,98813.52344905106,514007
2007-04-30,98813.52344905106,103688.47607725576,98813.52344905106,103670.19703254628,475005
2007-05-01,103670.19703254628,103792.13962413139,101812.05094673578,103297.18132217776,615632
2007-05-02,103297.18132217776,107093.97218975073,103297.18132217776,106774.93395230627,649544
2007-05-03,106774.93395230627,106774.93395230627,104652.57926834284,105191.32592197957,482285
2007-05-04,105191.32592197957,105191.32592197957,97132.32117443164,97759.22683127475,413368
2007-05-07,97759.22683127475,98172.77354970791,96969.20729158781,96990.36767922362,390478
2007-05-08,96990.36767922362,98092.77532936003,96518.49511228068,97849.15898587048,626899
2007-05-09,97849.15898587048,97849.15898587048,93244.97666020786,93537.08329026782,614075
2007-05-10,93537.08329026782,93537.08329026782,91177.45240501515,92156.43764484851,647092
2007-05-11,92156.43764484851,92996.64687450699,91759.66754307077,92181.9029376642,624460
2007-05-14,92181.9029376642,92181.9029376642,90522.01110453569,91854.0101733854,437092
2007-05-15,91854.0101733854,91854.0101733854,89339.28584400057,89821.92091509602,462967
2007-05-16,89821.92091509602,89821.92091509602,88520.77489057786,88807.79121611053,358568
2007-05-17,88807.79121611053,90136.23464962203,88745.97922292764,88895.4599209055,595407
2007-05-18,88895.4599209055,92714.9002610439,88895.4599209055,92143.78184073944,511978
2007-05-21,92143.78184073944,92143.78184073944,89942.06850720326,90926.65730457862,554715
2007-05-22,90926.65730457862,90926.65730457862,85184.22459955064,85488.56840988077,536943
2007-05-23,85488.56840988077,88214.85278749117,85488.56840988077,87347.68265209453,529255
2007-05-24,87347.68265209453,91556.25546821048,87347.68265209453,91554.9376396227,614460
2007-05-25,91554.9376396227,92520.66529404589,91542.39513817526,92014.69218422708,416764
2007-05-28,92014.69218422708,92495.01600145645,91625.47088408399,92390.54366912339,493025
2007-05-29,92390.54366912339,92962.84407671505,92099.40346730212,92846.95153587147,521542
2007-05-30,92846.95153587147,92846.95153587147,88803.29320813755,90007.96516673955,504242
2007-05-31,90007.96516673955,91968.93096816856,90007.96516673955,91024.7915568995,488530
2007-06-01,91024.7915568995,91024.7915568995,87837.53906986001,88328.90189699612,465820
2007-06-04,88328.90189699612,90965.40835803955,88328.90189699612,90855.6748874661,541888
2007-06-05,90855.6748874661,90855.6748874661,89367.8051618614,90678.14090435172,431299
2007-06-06,90678.14090435172,94254.63152275619,90678.14090435172,93374.17573022719,465550
2007-06-07,93374.17573022719,93374.17573022719,91185.12471658496,91989.87782992786,529814
2007-06-08,91989.87782992786,93738.56777917755,91989.87782992786,93379.13390723873,534755
2007-06-11,93379.13390723873,93379.13390723873,89595.10497894579,90689.43608140903,492573
2007-06-12,90689.43608140903,92953.4874546211,90689.43608140903,92089.4266521764,556280
2007-06-13,92089.4266521764,93097.64078789596,92089.4266521764,92856.6653957396,610981
2007-06-14,92856.6653957396,95068.29945848818,92856.6653957396,94170.06679813917,597763
2007-06-15,94170.06679813917,97586.35845046485,94170.06679813917,97466.94850788321,546975
2007-06-18,97466.94850788321,98314.54946465026,97466.94850788321,98304.57257532146,563844
2007-06-19,98304.57257532146,100708.62741156924,98304.57257532146,99943.6265591932,598243
2007-06-20,99943.6265591932,104461.01301459526,99943.6265591932,103011.91357869802,495503
2007-06-21,103011.91357869802,103011.91357869802,100137.71426320293,100655.84369389471,558598
2007-06-22,100655.84369389471,100655.84369389471,98900.28251496502,99510.0013694166,444546
2007-06-25,99510.0013694166,99510.0013694166,97239.60914025042,98155.23982246438,570988
2007-06-26,98155.23982246438,98155.23982246438,95911.81751647659,95917.43620188085,511579
2007-06-27,95917.43620188085,95966.864347792,94512.97704009354,95233.41194690378,428500
2007-06-28,95233.41194690378,104518.02713979372,95233.41194690378,103318.11643129191,467151
2007-06-29,103318.11643129191,103964.15018198815,103121.19072100395,103225.98435877956,508555
2007-07-02,103225.98435877956,103344.48270095495,101077.18018128416,102510.05457135667,365235
2007-07-03,102510.05457135667,107238.6505949779,102510.05457135667,106584.8500731614,595676
2007-07-04,106584.8500731614,111578.12247513239,106584.8500731614,110326.04210353892,423609
2007-07-05,110326.04210353892,118085.50980480852,110326.04210353892,117288.95484637037,519456
2007-07-06,117288.95484637037,119484.62503381043,117288.95484637037,118635.59161460072,617323
2007-07-09,118635.59161460072,125639.57250325399,118635.59161460072,124993.6822583006,515195
2007-07-10,124993.6822583006,124993.6822583006,122510.52386777071,124134.68284129951,423783
2007-07-11,124134.68284129951,130239.09804959835,124134.68284129951,128330.25609837363,454149
2007-07-12,128330.25609837363,129476.33423690875,127959.82295152816,128366.70666954225,474119
2007-07-13,128366.70666954225,128366.70666954225,122389.20679767887,123664.21011806709,535295
2007-07-16,123664.21011806709,128140.18659736827,123664.21011806709,126280.03068931351,480091
2007-07-17,126280.03068931351,128628.37499557374,125980.09478486901,127261.00524425083,546356
2007-07-18,127261.00524425083,132339.71429664493,127261.00524425083,130628.7032394885,430629
2007-07-19,130628.7032394885,136880.82188670678,130628.7032394885,135422.6566602954,444426
2007-07-20,135422.6566602954,135422.6566602954,130999.37119593791,132646.93467788,448422
2007-07-23,132646.93467788,132646.93467788,124990.26276475353,125702.52921752508,552637
2007-07-24,125702.52921752508,132757.21151533345,125702.52921752508,130947.3001379049,348425
2007-07-25,130947.3001379049,133170.36182001678,130947.3001379049,132670.5485006243,435262
2007-07-26,132670.5485006243,132670.5485006243,123639.30231486938,125142.71841666628,552282
2007-07-27,125142.71841666628,125142.71841666628,118865.09720816804,120367.52676355572,581979
2007-07-30,120367.52676355572,120367.52676355572,115047.4696877868,115783.99188319841,641231
2007-07-31,115783.99188319841,115849.1652912795,113547.38220567605,114901.94362370741,602573
2007-08-01,114901.94362370741,114906.11757713975,112493.25518634092,113713.13113236442,491702
2007-08-02,113713.13113236442,115706.97096350761,113713.13113236442,115479.92234051322,495051
2007-08-03,115479.92234051322,116070.34597771449,115476.50952966002,115623.33237443813,648987
2007-08-06,115623.33237443813,115623.33237443813,104093.96579473394,104287.6837170268,469245
2007-08-07,104287.6837170268,106608.50781808037,104287.6837170268,106154.56352276196,513287
2007-08-08,106154.56352276196,106154.56352276196,101829.48296335657,102728.06629418532,616025
2007-08-09,102728.06629418532,104833.29939491572,102728.06629418532,103533.03496530373,520311
2007-08-10,103533.03496530373,103533.03496530373,98216.81689394325,98951.17727630866,634402
2007-08-13,98951.17727630866,98951.17727630866,96575.10272369567,96739.08560756617,511050
2007-08-14,96739.08560756617,100200.02986598104,96739.08560756617,98802.24659648605,381519
2007-08-15,98802.24659648605,104696.74011838493,98802.24659648605,103528.89732832204,515080
2007-08-16,103528.89732832204,103528.89732832204,100948.61021280629,101739.59838382236,476273
2007-08-17,101739.59838382236,101739.59838382236,99910.30118079732,99995.58090648528,494736
2007-08-20,99995.58090648528,105287.03375856762,99995.58090648528,103977.95580314574,588130
2007-08-21,103977.95580314574,103977.95580314574,103615.58210409807,103717.61419541988,445537
2007-08-22,103717.61419541988,103717.61419541988,98975.9550635325,99323.02881529447,537968
2007-08-23,99323.02881529447,101809.82331422191,99323.02881529447,100332.16793539142,538188
2007-08-24,100332.16793539142,100332.16793539142,98764.34754501749,99047.40604973107,409462
2007-08-27,99047.40604973107,100901.97744722174,99047.40604973107,100712.01588055308,604639
2007-08-28,100712.01588055308,100712.01588055308,97987.67238997445,98294.17349023538,474212
2007-08-29,98294.17349023538,99612.79145807617,97154.15689522817,98191.51527820891,504635
2007-08-30,98191.51527820891,98191.51527820891,95255.9662240019,95855.15658114867,301386
2007-08-31,95855.15658114867,97347.65291891592,95855.15658114867,96874.01780064224,465803
2007-09-03,96874.01780064224,97605.51633690752,96415.83430574933,96900.53657195292,493013
2007-09-04,96900.53657195292,97140.69893647167,95820.35075460523,96527.37920343096,360257
2007-09-05,96527.37920343096,96527.37920343096,96118.50579578387,96405.94438676,397689
2007-09-06,96405.94438676,99427.96187730643,96405.94438676,98942.37663755128,544357
2007-09-07,98942.37663755128,105025.86288620031,98942.37663755128,104363.21768128504,392410
2007-09-10,104363.21768128504,104363.21768128504,102650.45105328235,103878.19705528773,505214
2007-09-11,103878.19705528773,106315.18417524331,103878.19705528773,105538.51453035475,412925
2007-09-12,105538.51453035475,107367.87357051291,104873.5473264898,105850.1557944394,500778
2007-09-13,105850.1557944394,111347.60379877679,105850.1557944394,110862.5082886486,551620
2007-09-14,110862.5082886486,112055.0094252461,109325.40487571983,110943.53837587021,586398
2007-09-17,110943.53837587021,112006.33999218982,110943.53837587021,111537.63051270219,489570
2007-09-18,111537.63051270219,111664.03422211739,110750.48389411053,111016.9136706551,476417
2007-09-19,111016.9136706551,112349.48012166892,111016.9136706551,112109.92454870741,513691
2007-09-20,112109.92454870741,113748.14120177194,111826.10654703839,112626.16908040995,377079
2007-09-21,112626.16908040995,116308.6153601726,112626.16908040995,115323.87864180574,552381
2007-09-24,115323.87864180574,115323.87864180574,113783.57916499703,114309.17404806732,615336
2007-09-25,114309.17404806732,114309.17404806732,110985.65494830401,112276.66092551418,526528
2007-09-26,112276.66092551418,115682.6523795523,112276.66092551418,115174.45664015572,457216
2007-09-27,115174.45664015572,115673.31851232742,113132.13662058077,114506.7969436159,381130
2007-09-28,114506.7969436159,116600.54631237629,114506.7969436159,116098.5973942138,670007
2007-10-01,116098.5973942138,116098.5973942138,114125.96244622982,114609.25596498829,451262
2007-10-02,114609.25596498829,114609.25596498829,113019.49289727354,113879.0062715325,508385
2007-10-03,113879.0062715325,121678.96084969517,113879.0062715325,120807.31148040292,419992
2007-10-04,120807.31148040292,120807.31148040292,117936.27899619091,118886.48978250446,466144
2007-10-05,118886.48978250446,118909.19656768318,116379.4566259529,118037.37091868598,441030
2007-10-08,118037.37091868598,118037.37091868598,112899.01472836813,113841.13323760871,431310
2007-10-09,113841.13323760871,115756.16282208491,113791.49214907507,115306.82965878489,449648
2007-10-10,115306.82965878489,117618.77869713126,115306.82965878489,117415.12932563724,382702
2007-10-11,117415.12932563724,119116.32217593989,117316.25045429543,117872.46952235846,614151
2007-10-12,117872.46952235846,119058.14146735164,116820.62867558296,117816.59170048648,580209
2007-10-15,117816.59170048648,117816.59170048648,114048.2811909221,114202.4482259692,459885
2007-10-16,114202.4482259692,114660.93806317144,112437.08198344773,113012.33822081394,367949
2007-10-17,113012.33822081394,116730.05586576424,113012.33822081394,116225.71111183656,574953
2007-10-18,116225.71111183656,119933.94741821641,116225.71111183656,119358.22616595298,453184
2007-10-19,119358.22616595298,120481.20980578591,118040.30837097093,119806.78791781898,431874
2007-10-22,119806.78791781898,120871.78845814541,118576.77975773303,119511.05984622364,363441
2007-10-23,119511.05984622364,121774.88807699292,119157.49495329353,120345.4767529293,439136
2007-10-24,120345.4767529293,120693.65477759851,119163.86507541787,119816.8283652842,673947
2007-10-25,119816.8283652842,121099.85502208094,117591.14281253306,119348.37130466015,522862
2007-10-26,119348.37130466015,119348.37130466015,112701.46610884421,114256.78373213035,532073
2007-10-29,114256.78373213035,116541.86844959721,114256.78373213035,115361.49615741358,637895
2007-10-30,115361.49615741358,118663.48080243058,115361.49615741358,117432.97027195795,380855
2007-10-31,117432.97027195795,122164.62354269833,117432.97027195795,121481.02841714217,517100
2007-11-01,121481.02841714217,126718.43768261105,121481.02841714217,125751.7996744864,501372
2007-11-02,125751.7996744864,125751.7996744864,121144.21829160553,121796.91095023051,495900
2007-11-05,121796.91095023051,121796.91095023051,117321.86992101718,117893.71401971209,341776
2007-11-06,117893.71401971209,127381.59829352218,117893.71401971209,125925.83452925415,466996
2007-11-07,125925.83452925415,127038.30519509704,125925.83452925415,126276.18143365033,496167
2007-11-08,126276.18143365033,126276.18143365033,123092.36644325602,123146.98008108286,516291
2007-11-09,123146.98008108286,124699.35884544002,123119.47582781494,124384.78184357699,488077
2007-11-12,124384.78184357699,124384.78184357699,122707.4641744456,123963.67619291336,580870
2007-11-13,123963.67619291336,126670.0463824549,123367.5644511585,124906.43638872904,499535
2007-11-14,124906.43638872904,130275.47885227356,124906.43638872904,128510.48017063986,415549
2007-11-15,128510.48017063986,129997.98029479734,128243.34473297402,128912.34804722405,674810
2007-11-16,128912.34804722405,134292.90804208923,128912.34804722405,132397.5679714117,504309
2007-11-19,132397.5679714117,137173.74218477597,132397.5679714117,135339.52906349508,695730
2007-11-20,135339.52906349508,139298.1537255365,135339.52906349508,138975.13566231594,410276
2007-11-21,138975.13566231594,141036.78784816462,138771.3224408566,139623.6562321116,447084
2007-11-22,139623.6562321116,147681.46018142634,139623.6562321116,146218.91289028365,478890
2007-11-23,146218.91289028365,147982.82519646687,145722.28155575844,146241.0120578083,532984
2007-11-26,146241.0120578083,147334.60765615662,145038.57680604447,146946.86401899703,520820
2007-11-27,146946.86401899703,146946.86401899703,143911.49857562705,143963.2576965806,594611
2007-11-28,143963.2576965806,149318.45839271566,143963.2576965806,147564.6363744115,357912
2007-11-29,147564.6363744115,147564.6363744115,145985.11093028856,146040.44198852542,433022
2007-11-30,146040.44198852542,147370.3079896013,144843.61404843125,146422.31663575248,452511
2007-12-03,146422.31663575248,146422.31663575248,139696.2384898428,141267.02999011087,485681
2007-12-04,141267.02999011087,142196.40976531152,139148.568342713,140446.252504956,549371
2007-12-05,140446.252504956,140700.1026997521,139422.87309446814,139558.0121179323,428264
2007-12-06,139558.0121179323,146062.7128880589,139558.0121179323,145321.16723000238,418088
2007-12-07,145321.16723000238,146306.83883590964,144496.7416447181,145649.92621819655,507670
2007-12-10,145649.92621819655,146371.2136117172,144663.44563407474,145831.98288019036,517891
2007-12-11,145831.98288019036,145831.98288019036,140006.05994696528,140110.5808665055,618069
2007-12-12,140110.5808665055,140110.5808665055,138030.3894057974,138884.70924495338,399281
2007-12-13,138884.70924495338,138884.70924495338,133769.20043785177,134795.22407798786,533733
2007-12-14,134795.22407798786,141242.3718093235,134795.22407798786,140679.20874337657,491658
2007-12-17,140679.20874337657,146895.7848578491,140679.20874337657,146306.7198745621,412632
2007-12-18,146306.7198745621,147441.13214828543,146306.7198745621,147010.53206132728,582757
2007-12-19,147010.53206132728,151287.72048305164,147010.53206132728,149093.5978110917,409938
2007-12-20,149093.5978110917,158380.6560491789,149093.5978110917,158051.28672506358,429140
2007-12-21,158051.28672506358,158051.28672506358,152387.60344338208,153105.77937993428,499942
2007-12-24,153105.77937993428,156169.42467088636,153105.77937993428,155415.04078869225,570157
2007-12-25,155415.04078869225,157721.9869207423,153707.31012148646,155633.98786800567,580762
2007-12-26,155633.98786800567,155633.98786800567,151037.96042570478,153328.5827320601,538352
2007-12-27,153328.5827320601,160073.6141743665,153328.5827320601,158132.4910833059,569711
2007-12-28,158132.4910833059,158132.4910833059,154001.7006211052,155803.76828215472,578717
2007-12-31,155803.76828215472,158887.54732597273,155803.76828215472,157931.33259565436,493066
2008-01-01,157931.33259565436,157931.33259565436,156298.99275793444,156772.01464460933,493349
2008-01-02,156772.01464460933,158217.55787930952,155124.357559814,157214.7022306794,496645
2008-01-03,157214.7022306794,157214.7022306794,152877.41599926035,153252.40535943978,387771
2008-01-04,153252.40535943978,156494.42804702045,153252.40535943978,155705.48895849774,562235
2008-01-07,155705.48895849774,161583.35446561265,155705.48895849774,159914.24094804682,476389
2008-01-08,159914.24094804682,159914.24094804682,156415.3416339815,156980.56281486704,634420
2008-01-09,156980.56281486704,156980.56281486704,152189.0412502013,154196.709505091,539045
2008-01-10,154196.709505091,154196.709505091,150483.3345456127,150800.98345500394,399152
2008-01-11,150800.98345500394,152868.30295510098,149631.25436323104,150788.16380644776,431618
2008-01-14,150788.16380644776,150788.16380644776,148193.15230859374,148651.4370449966,543664
2008-01-15,148651.4370449966,151119.04464631213,148179.80144004987,149770.36774661072,448759
2008-01-16,149770.36774661072,149770.36774661072,146411.4541618617,146475.55126060275,555840
2008-01-17,146475.55126060275,146475.55126060275,142225.33963352093,143121.44825507695,543018
2008-01-18,143121.44825507695,143121.44825507695,138370.3435283435,139482.9040134726,419640
2008-01-21,139482.9040134726,139482.9040134726,136613.66242148084,136715.08163866316,515956
2008-01-22,136715.08163866316,140128.137196452,136715.08163866316,139435.9657416959,507029
2008-01-23,139435.9657416959,141537.8675716892,139435.9657416959,140690.2312514265,642430
2008-01-24,140690.2312514265,143895.988694654,140690.2312514265,143717.0715247747,431473
2008-01-25,143717.0715247747,153829.69332874514,143717.0715247747,152193.54332481543,578190
2008-01-28,152193.54332481543,152193.54332481543,149026.09764251794,149763.80655066072,490524
2008-01-29,149763.80655066072,159275.5106314899,149763.80655066072,158541.18123482683,421092
2008-01-30,158541.18123482683,158541.18123482683,154005.69602627517,155308.8799785603,621443
2008-01-31,155308.8799785603,161522.61103332267,155308.8799785603,159924.71028263305,591254
2008-02-01,159924.71028263305,159924.71028263305,156620.9404787225,156655.2940055844,494704
2008-02-04,156655.2940055844,158269.71337404172,154574.84069198716,156220.33826662856,476101
2008-02-05,156220.33826662856,156220.33826662856,145290.74744057597,146079.17343910062,386945
2008-02-06,146079.17343910062,146079.17343910062,141746.82571478776,142418.23704859373,376438
2008-02-07,142418.23704859373,146532.27159103847,142418.23704859373,145949.49208819758,325912
2008-02-08,145949.49208819758,149673.54845545648,145949.49208819758,147591.3333142411,411452
2008-02-11,147591.3333142411,148661.51437454796,145543.33591653974,147592.0548576465,429658
2008-02-12,147592.0548576465,147592.0548576465,145247.36308538896,145631.15119568532,496779
2008-02-13,145631.15119568532,153294.28327590128,145631.15119568532,152057.18628278945,424954
2008-02-14,152057.18628278945,153230.67476718855,150499.92843869774,151393.16706382425,526591
2008-02-15,151393.16706382425,151393.16706382425,150735.1765684632,150854.41108398951,473928
2008-02-18,150854.41108398951,153280.7566285665,150625.67914771225,151132.79515090023,609641
2008-02-19,151132.79515090023,151132.79515090023,141429.1628889823,143040.9750110396,445080
2008-02-20,143040.9750110396,151158.4901749005,143040.9750110396,149305.57400251503,490560
2008-02-21,149305.57400251503,149305.57400251503,143782.0431218656,145629.514480221,629230
2008-02-22,145629.514480221,146211.76709210812,143075.70375409164,145029.51609233982,529470
2008-02-25,145029.51609233982,145029.51609233982,142867.1128275313,143679.07185460706,578959
2008-02-26,143679.07185460706,144567.19438826543,143514.3726374075,143921.8846163079,526517
2008-02-27,143921.8846163079,143921.8846163079,138346.4411622028,139998.20731418786,557482
2008-02-28,139998.20731418786,139998.20731418786,133902.85344436427,135553.72713995673,546713
2008-02-29,135553.72713995673,136194.99965933405,133627.0964708809,134219.42730649514,460385
2008-03-03,134219.42730649514,135370.23780613058,133321.81416253478,134249.67029647558,568133
2008-03-04,134249.67029647558,134249.67029647558,131208.13343261927,131761.82299049446,489743
2008-03-05,131761.82299049446,131761.82299049446,124631.03365182791,126229.08748738382,531176
2008-03-06,126229.08748738382,128973.34832932483,126229.08748738382,127801.07380786285,532354
2008-03-07,127801.07380786285,128619.01358143361,125577.22681863025,127320.24789223408,455938
2008-03-10,127320.24789223408,127863.07612322234,125121.6542050964,126053.7251602956,475370
2008-03-11,126053.7251602956,126053.7251602956,122314.81844761004,122471.46569689628,374243
2008-03-12,122471.46569689628,122471.46569689628,120173.43651550417,120830.27054022827,443073
2008-03-13,120830.27054022827,125819.13132815078,120830.27054022827,124475.05196169217,506689
2008-03-14,124475.05196169217,130174.69454542937,124475.05196169217,128583.19899864902,447590
2008-03-17,128583.19899864902,129497.3908542263,128583.19899864902,128907.39289966143,465764
2008-03-18,128907.39289966143,128907.39289966143,125142.79879029848,126984.04369147238,430492
2008-03-19,126984.04369147238,128766.3609925738,126581.4970549425,127648.52612697818,558266
2008-03-20,127648.52612697818,129439.56844753618,127648.52612697818,128826.76626588732,453639
2008-03-21,128826.76626588732,130685.03023192889,128826.76626588732,130438.50829311855,403648
2008-03-24,130438.50829311855,135417.29450494066,130438.50829311855,133634.21084831105,478115
2008-03-25,133634.21084831105,136186.77687367413,133634.21084831105,135997.58494472393,422907
2008-03-26,135997.58494472393,140930.00897186252,135997.58494472393,140512.8367638758,553475
2008-03-27,140512.8367638758,145988.74911622112,140512.8367638758,145368.854030748,431018
2008-03-28,145368.854030748,147499.2306395141,145368.854030748,147307.05710478013,430955
2008-03-31,147307.05710478013,147307.05710478013,141042.41293930012,141298.60106521976,559896
2008-04-01,141298.60106521976,143566.66216326627,141298.60106521976,141801.3800721006,518446
2008-04-02,141801.3800721006,147196.33416853362,141801.3800721006,146249.59022907141,560017
2008-04-03,146249.59022907141,146249.59022907141,143495.336781332,143998.96269679297,469259
2008-04-04,143998.96269679297,147626.90992229196,143998.96269679297,146148.44763311552,555247
2008-04-07,146148.44763311552,152506.60851004146,146148.44763311552,152405.71557720666,550581
2008-04-08,152405.71557720666,152405.71557720666,148550.1960708903,150594.24840846827,464382
2008-04-09,150594.24840846827,152978.4502577415,148650.23140071117,150862.6656105067,548772
2008-04-10,150862.6656105067,159719.40150958268,150862.6656105067,158132.77075331414,453043
2008-04-11,158132.77075331414,163520.38502572596,158132.77075331414,161647.38794203656,549165
2008-04-14,161647.38794203656,171940.5926581643,161647.38794203656,171795.5196860254,433230
2008-04-15,171795.5196860254,171795.5196860254,165751.37958963885,167181.5774436012,385458
2008-04-16,167181.5774436012,167181.5774436012,158927.65825973413,160199.94562640684,376572
2008-04-17,160199.94562640684,170023.56647570748,160199.94562640684,168144.75217194852,433725
2008-04-18,168144.75217194852,169528.86063532342,168144.75217194852,169519.15408138628,423953
2008-04-21,169519.15408138628,172650.50095007487,168232.82586207567,170261.02916660425,467019
2008-04-22,170261.02916660425,170261.02916660425,165514.99327554973,167776.6554019807,516754
2008-04-23,167776.6554019807,167776.6554019807,163611.88962898802,164621.24620049464,461711
2008-04-24,164621.24620049464,164621.24620049464,157108.1788437982,157688.26739650423,503067
2008-04-25,157688.26739650423,157688.26739650423,151667.4575616729,152790.68006226353,456077
2008-04-28,152790.68006226353,154630.43155641024,152151.54558995945,153730.6290959395,504727
2008-04-29,153730.6290959395,154190.84552979836,152570.45225012078,153051.52757222235,520880
2008-04-30,153051.52757222235,153051.52757222235,151174.04793141165,151635.70147706667,597029
2008-05-01,151635.70147706667,151635.70147706667,146260.6369439387,148452.04250073462,602999
2008-05-02,148452.04250073462,148452.04250073462,143295.74884915163,144131.73198430968,521596
2008-05-05,144131.73198430968,150228.29124725744,144131.73198430968,148930.21227771736,465867
2008-05-06,148930.21227771736,150849.20900754802,148930.21227771736,149387.7224679567,546152
2008-05-07,149387.7224679567,156654.4284140529,149387.7224679567,155484.9488802447,484519
2008-05-08,155484.9488802447,155484.9488802447,146304.8297061416,147870.51704458127,539819
2008-05-09,147870.51704458127,149550.68598869935,147870.51704458127,148626.76998985745,470675
2008-05-12,148626.76998985745,151987.76703967663,148626.76998985745,151647.29655349578,374167
2008-05-13,151647.29655349578,151647.29655349578,145718.7890300714,146342.38019799217,510051
2008-05-14,146342.38019799217,146342.38019799217,144522.09240894183,145485.09415342897,435601
2008-05-15,145485.09415342897,145485.09415342897,141416.23796834252,143207.87766420984,456270
2008-05-16,143207.87766420984,143207.87766420984,141351.32268917508,142611.45091448203,526090
2008-05-19,142611.45091448203,154976.8018281734,142611.45091448203,153176.07929375424,582735
2008-05-20,153176.07929375424,163501.69280362534,153176.07929375424,162800.99366265902,474770
2008-05-21,162800.99366265902,170453.7519739275,162800.99366265902,168386.09806436574,587920
2008-05-22,168386.09806436574,168386.09806436574,162773.62028307465,163639.7085226108,607157
2008-05-23,163639.7085226108,163639.7085226108,156418.11744483555,158140.98434235764,515356
2008-05-26,158140.98434235764,172043.85238452806,158140.98434235764,170611.68721808758,495690
2008-05-27,170611.68721808758,177924.63970837154,170611.68721808758,177181.41912198503,508354
2008-05-28,177181.41912198503,177181.41912198503,168521.7083578366,168886.903905319,457762
2008-05-29,168886.903905319,183737.73220474675,168886.903905319,182649.52277324634,324414
2008-05-30,182649.52277324634,187286.70059523775,182649.52277324634,185676.9436828678,446294
2008-06-02,185676.9436828678,185676.9436828678,181548.36580631637,182896.2388336741,519504
2008-06-03,182896.2388336741,189668.5701824014,182896.2388336741,186963.82761097033,560954
2008-06-04,186963.82761097033,190060.22336568494,185937.05250766096,187527.14501647436,451212
2008-06-05,187527.14501647436,195219.78277703162,187527.14501647436,193791.23773215723,506538
2008-06-06,193791.23773215723,193791.23773215723,189909.44767511776,191535.06410089132,559256
2008-06-09,191535.06410089132,196368.710806813,191347.92136390787,193918.7264903998,602463
2008-06-10,193918.7264903998,193918.7264903998,181189.08373626362,183714.04690194636,488886
2008-06-11,183714.04690194636,196407.09827894167,183714.04690194636,195384.6710627223,390284
2008-06-12,195384.6710627223,197045.79500027202,192831.87124852053,195740.95704529382,555333
2008-06-13,195740.95704529382,204761.2100379503,195740.95704529382,203719.91403556446,489414
2008-06-16,203719.91403556446,203719.91403556446,200063.18782023733,201716.53204395415,407747
2008-06-17,201716.53204395415,201716.53204395415,195320.42024817804,198206.9155263856,609747
2008-06-18,198206.9155263856,201562.57790660718,197227.46014863232,200072.4113425857,545316
2008-06-19,200072.4113425857,200072.4113425857,190405.08504551047,190503.74342088905,584279
2008-06-20,190503.74342088905,190727.12985949774,186566.6547630118,188543.44255314665,517755
2008-06-23,188543.44255314665,188543.44255314665,177347.47388120685,177562.42187488705,427882
2008-06-24,177562.42187488705,178912.37397351212,177249.2708485734,178012.760690635,356726
2008-06-25,178012.760690635,178012.760690635,173221.7115748532,173251.56030394262,416117
2008-06-26,173251.56030394262,179900.6729415084,173251.56030394262,177477.05829515742,479344
2008-06-27,177477.05829515742,177477.05829515742,168954.69479018453,170497.61404608362,361993
2008-06-30,170497.61404608362,181375.1463693913,170497.61404608362,180184.92869885193,486893
2008-07-01,180184.92869885193,181679.689316923,177911.92682926546,179685.9349312166,400444
2008-07-02,179685.9349312166,179685.9349312166,167667.97099755198,168216.62723225364,541794
2008-07-03,168216.62723225364,169755.3933243617,166258.9208639825,167789.0210305757,462446
2008-07-04,167789.0210305757,167789.0210305757,160987.63346983708,162368.43686124796,541364
2008-07-07,162368.43686124796,162368.43686124796,158664.2862032794,159363.76505127156,577775
2008-07-08,159363.76505127156,159363.76505127156,155422.19148202566,155857.53501747161,545413
2008-07-09,155857.53501747161,162080.86899256744,155857.53501747161,160169.31572947642,382555
2008-07-10,160169.31572947642,166246.48996442257,160169.31572947642,165421.0287356011,592395
2008-07-11,165421.0287356011,175606.41568830574,165421.0287356011,173266.61638073102,509036
2008-07-14,173266.61638073102,173266.61638073102,163476.95202708815,164253.23318076285,427731
2008-07-15,164253.23318076285,166743.8008448783,164253.23318076285,166701.71148300453,507734
2008-07-16,166701.71148300453,171959.53091176256,166701.71148300453,171487.33514178495,486519
2008-07-17,171487.33514178495,171487.33514178495,166541.06082255495,168545.3212230754,514877
2008-07-18,168545.3212230754,169162.70179127928,167582.37985380917,168260.57311215138,502278
2008-07-21,168260.57311215138,171503.6144462029,168260.57311215138,170054.08196963943,656818
2008-07-22,170054.08196963943,176833.77857982164,170054.08196963943,176472.25687957753,583142
2008-07-23,176472.25687957753,176472.25687957753,169811.79954629784,170376.07851377295,474579
2008-07-24,170376.07851377295,178211.44489310126,170376.07851377295,176965.64699746564,489139
2008-07-25,176965.64699746564,176965.64699746564,168808.65429893747,170414.227489395,593459
2008-07-28,170414.227489395,170414.227489395,162612.7462323923,164688.56492611213,417137
2008-07-29,164688.56492611213,164688.56492611213,159864.39390503766,161568.4287418228,536881
2008-07-30,161568.4287418228,162920.24209003692,159882.95366874256,161423.67890295814,500148
2008-07-31,161423.67890295814,163042.80734602895,158717.97708097147,160948.4377302467,527960
2008-08-01,160948.4377302467,165784.20853887257,160948.4377302467,164497.71654696533,517413
2008-08-04,164497.71654696533,164497.71654696533,161499.56738251186,161756.5083133111,575886
2008-08-05,161756.5083133111,162114.29715779625,160169.62198845056,161170.56590267157,445519
2008-08-06,161170.56590267157,161170.56590267157,158371.9704965645,158498.9951010024,614931
2008-08-07,158498.9951010024,162844.2252358089,158498.9951010024,162501.44839096576,658277
2008-08-08,162501.44839096576,163371.81430362276,159055.33946612544,161215.14890850196,570768
2008-08-11,161215.14890850196,161215.14890850196,154560.156824718,156497.22554969645,367703
2008-08-12,156497.22554969645,156497.22554969645,153346.3020338946,153716.26462686766,431199
2008-08-13,153716.26462686766,154576.49358809122,152189.48737404757,153245.8912397443,609300
2008-08-14,153245.8912397443,158312.9894070409,153245.8912397443,157514.55599741678,546181
2008-08-15,157514.55599741678,161832.24904053338,157514.55599741678,159617.36809977877,375661
2008-08-18,159617.36809977877,159617.36809977877,156476.22732775897,157192.47207710563,403720
2008-08-19,157192.47207710563,162724.3285754514,157192.47207710563,162032.18997711336,394471
2008-08-20,162032.18997711336,164540.23012369542,160225.9916642729,162339.0139491703,494844
2008-08-21,162339.0139491703,165932.4467212098,162339.0139491703,164078.4153173152,525214
2008-08-22,164078.4153173152,164078.4153173152,157802.0404285065,157878.7311671635,512558
2008-08-25,157878.7311671635,158833.05593813627,157866.62072639447,158702.1173234966,597726
2008-08-26,158702.1173234966,160830.51646335315,158702.1173234966,160388.67718414523,500744
2008-08-27,160388.67718414523,166136.6109324654,160388.67718414523,165471.26096172057,503352
2008-08-28,165471.26096172057,165471.26096172057,164031.14280677232,164063.44154278014,556621
2008-08-29,164063.44154278014,170551.4160035895,164063.44154278014,170026.71709812377,529476
2008-09-01,170026.71709812377,175776.76489520326,170026.71709812377,174590.4560359393,437132
2008-09-02,174590.4560359393,180292.26832603163,174590.4560359393,178402.51811723728,495382
2008-09-03,178402.51811723728,178402.51811723728,174551.3450345983,176317.80430685385,543433
2008-09-04,176317.80430685385,176317.80430685385,172575.64437112462,174551.7559059669,455644
2008-09-05,174551.7559059669,188925.5562354792,174551.7559059669,187839.12105368348,465494
2008-09-08,187839.12105368348,189970.56753368425,186521.7844582185,189272.95427774402,570113
2008-09-09,189272.95427774402,190087.45149042396,187748.1663594105,188510.66969152368,502922
2008-09-10,188510.66969152368,190197.66717217778,188436.2833862998,189151.57644618803,509872
2008-09-11,189151.57644618803,189151.57644618803,181236.22919911728,181906.6069742954,525685
2008-09-12,181906.6069742954,186534.89486171864,181906.6069742954,184233.43544899594,467162
2008-09-15,184233.43544899594,188026.3381275986,184233.43544899594,187847.26674448358,563899
2008-09-16,187847.26674448358,187847.26674448358,178799.60121094706,179664.3396753523,513093
2008-09-17,179664.3396753523,182293.26998908326,179664.3396753523,181678.00524664661,503686
2008-09-18,181678.00524664661,190156.0782788695,181678.00524664661,189315.75057339328,435629
2008-09-19,189315.75057339328,189315.75057339328,181964.9856740809,182404.36854776664,603134
2008-09-22,182404.36854776664,182404.36854776664,167084.79646279197,167991.55891000092,407544
2008-09-23,167991.55891000092,183264.8209588042,167991.55891000092,181079.25247943346,503961
2008-09-24,181079.25247943346,181079.25247943346,176981.2683996192,177634.35678361185,423703
2008-09-25,177634.35678361185,177634.35678361185,169807.62898833628,170432.24269182986,487774
2008-09-26,170432.24269182986,170432.24269182986,163429.2121895714,164898.94400681267,380172
2008-09-29,164898.94400681267,168623.51351434883,164898.94400681267,166274.71423137255,599945
2008-09-30,166274.71423137255,166832.38913301483,165530.62801244232,165586.68870472902,522204
2008-10-01,165586.68870472902,165586.68870472902,161233.70455253168,161327.5156758309,472344
2008-10-02,161327.5156758309,161327.5156758309,158051.0859452657,158906.382467353,384170
2008-10-03,158906.382467353,166909.14363784154,158906.382467353,166719.81580311412,481475
2008-10-06,166719.81580311412,166719.81580311412,161122.93816775433,162013.3867164821,471623
2008-10-07,162013.3867164821,162013.3867164821,153420.17687881304,155725.73049498064,639853
2008-10-08,155725.73049498064,163209.70848652636,155725.73049498064,162207.0746276737,638795
2008-10-09,162207.0746276737,162207.0746276737,159254.58184169236,160112.74441815467,609175
2008-10-10,160112.74441815467,164282.95775399977,160112.74441815467,163993.85615336307,545785
2008-10-13,163993.85615336307,170090.07675071427,163993.85615336307,168097.6045203292,513734
2008-10-14,168097.6045203292,176191.1687918805,168097.6045203292,175029.96056790254,497232
2008-10-15,175029.96056790254,178268.91876433598,175029.96056790254,178261.8161594683,441563
2008-10-16,178261.8161594683,188493.69772251218,178261.8161594683,186185.13930229686,522065
2008-10-17,186185.13930229686,189681.83588027165,186185.13930229686,188477.8392401947,496339
2008-10-20,188477.8392401947,205156.8702668389,188477.8392401947,202789.96437273282,575130
2008-10-21,202789.96437273282,207469.18108580384,202789.96437273282,206538.01831547695,594711
2008-10-22,206538.01831547695,206538.01831547695,201317.35548830265,203087.57380320824,527025
2008-10-23,203087.57380320824,209982.61480052228,203087.57380320824,207177.44905726722,533918
2008-10-24,207177.44905726722,214105.26056132614,207177.44905726722,213086.04065620943,494644
2008-10-27,213086.04065620943,213086.04065620943,203291.2160415537,206359.46400060027,484509
2008-10-28,206359.46400060027,212454.3091675165,206359.46400060027,211005.5399456928,509600
2008-10-29,211005.5399456928,211074.4033015872,209035.23007314722,210143.16113303773,506620
2008-10-30,210143.16113303773,223930.7384348719,210143.16113303773,221326.13838003023,448118
2008-10-31,221326.13838003023,221326.13838003023,214497.3603723637,217506.2094246261,465389
2008-11-03,217506.2094246261,217506.2094246261,213981.97047381804,214348.17007596054,563908
2008-11-04,214348.17007596054,214348.17007596054,209780.20350607816,211981.8509470181,525849
2008-11-05,211981.8509470181,212286.66694241698,209771.73749638663,210516.7759567873,491765
2008-11-06,210516.7759567873,216557.37611040167,210516.7759567873,216029.03594163375,536647
2008-11-07,216029.03594163375,227772.0954320282,216029.03594163375,225895.5779257374,511675
2008-11-10,225895.5779257374,228563.0137989311,225895.5779257374,227921.2039244415,563278
2008-11-11,227921.2039244415,231228.28600029895,227921.2039244415,231060.44214444872,519201
2008-11-12,231060.44214444872,251572.78698344246,231060.44214444872,248116.50091477166,374375
2008-11-13,248116.50091477166,258356.00320824885,248116.50091477166,257384.84747768988,410291
2008-11-14,257384.84747768988,257384.84747768988,248134.6616598685,248738.50386038824,462443
2008-11-17,248738.50386038824,248738.50386038824,240362.7971029531,242190.27384618632,524205
2008-11-18,242190.27384618632,252619.89080988543,242190.27384618632,250706.28005116218,333047
2008-11-19,250706.28005116218,254327.9662112975,248947.10471351192,252487.02257593867,582934
2008-11-20,252487.02257593867,252487.02257593867,243050.25398416223,243726.4035704806,340986
2008-11-21,243726.4035704806,243726.4035704806,232845.1956021672,235357.51562831315,485822
2008-11-24,235357.51562831315,246710.02366947502,235357.51562831315,243068.14777143576,564796
2008-11-25,243068.14777143576,243068.14777143576,239092.75589241428,239995.14129216882,501111
2008-11-26,239995.14129216882,239995.14129216882,236743.54611898903,238860.31247138587,568291
2008-11-27,238860.31247138587,239732.30781742628,235112.44173867014,237394.30518014304,496656
2008-11-28,237394.30518014304,237394.30518014304,216440.10377268147,218601.35184223947,534671
2008-12-01,218601.35184223947,226666.32691657444,218601.35184223947,224140.85671467183,529911
2008-12-02,224140.85671467183,229719.79031025938,224140.85671467183,229690.8350052915,553879
2008-12-03,229690.8350052915,229690.8350052915,209508.35158256843,211521.44493547382,371859
2008-12-04,211521.44493547382,220986.5596767059,211521.44493547382,220013.00191416504,512245
2008-12-05,220013.00191416504,229304.741143066,220013.00191416504,225992.92502519971,495791
2008-12-08,225992.92502519971,247437.27027418782,225992.92502519971,244140.18843473832,422072
2008-12-09,244140.18843473832,244140.18843473832,232709.98392264493,234538.61876072054,370680
2008-12-10,234538.61876072054,234538.61876072054,226333.18611109228,228135.35243559364,532139
2008-12-11,228135.35243559364,240740.45874164166,228135.35243559364,238449.287300095,499873
2008-12-12,238449.287300095,238449.287300095,234555.84345759093,235199.1260950103,511572
2008-12-15,235199.1260950103,239797.7618412242,234253.8292164573,236523.5808103277,374814
2008-12-16,236523.5808103277,241367.5917800212,235366.20983516498,237874.00493170586,491869
2008-12-17,237874.00493170586,239269.8156840066,233634.35748389066,237053.56767605903,451662
2008-12-18,237053.56767605903,243490.18341870487,237053.56767605903,241832.01578776375,519730
2008-12-19,241832.01578776375,252288.05626917531,241832.01578776375,248586.314744749,631624
2008-12-22,248586.314744749,264159.78818225686,248586.314744749,261035.29238012523,483634
2008-12-23,261035.29238012523,261035.29238012523,232296.39793184085,232828.10743946736,431660
2008-12-24,232828.10743946736,233281.41674996374,228056.42429863234,231230.3985352751,477104
2008-12-25,231230.3985352751,236387.01311652374,231230.3985352751,234260.500981848,516245
2008-12-26,234260.500981848,240589.37368922395,234260.500981848,239479.5092840885,565023
2008-12-29,239479.5092840885,239479.5092840885,229617.18699627655,229865.87639474295,507381
2008-12-30,229865.87639474295,232027.35057712387,228814.91306859642,231023.8457696465,403137
2008-12-31,231023.8457696465,238762.02940124783,231023.8457696465,237555.43308586106,463856
2009-01-01,237555.43308586106,244669.19975149375,237555.43308586106,241951.1216324797,628853
2009-01-02,241951.1216324797,242858.91122749523,238418.59436550373,241024.76820056565,468037
2009-01-05,241024.76820056565,241024.76820056565,233394.2525438278,236614.08635414965,553255
2009-01-06,236614.08635414965,236614.08635414965,222800.92398272126,223515.9014148781,534309
2009-01-07,223515.9014148781,223515.9014148781,211822.17472430022,213056.3257968891,406232
2009-01-08,213056.3257968891,217015.8006184917,213056.3257968891,215164.05481565028,493747
2009-01-09,215164.05481565028,215164.05481565028,208273.01175655538,208338.99254138532,477990
2009-01-12,208338.99254138532,208338.99254138532,206390.98739834377,206421.8906997643,424512
2009-01-13,206421.8906997643,206421.8906997643,203015.84591279092,204041.45273470014,639348
2009-01-14,204041.45273470014,211995.69788756839,204041.45273470014,209876.38679688764,442814
2009-01-15,209876.38679688764,209876.38679688764,199410.8907830803,201837.70464517619,572073
2009-01-16,201837.70464517619,206996.20923832105,201837.70464517619,205359.74785651948,478012
2009-01-19,205359.74785651948,205986.01630027755,202472.4034669264,205338.83108023443,676258
2009-01-20,205338.83108023443,205338.83108023443,201029.75212396585,203993.85251804194,647454
2009-01-21,203993.85251804194,205452.4403629439,201142.49354741542,203848.2356586674,550703
2009-01-22,203848.2356586674,205970.6288446359,201509.77776739508,203413.8014586521,512926
2009-01-23,203413.8014586521,203413.8014586521,195531.8219130485,196595.4759592165,416361
2009-01-26,196595.4759592165,200991.0971185389,196595.4759592165,200939.05417680624,557839
2009-01-27,200939.05417680624,201044.8048413543,198852.1955268004,200750.82000425426,556114
2009-01-28,200750.82000425426,205086.80191369,200208.73878954948,202208.58362318558,621691
2009-01-29,202208.58362318558,202208.58362318558,197772.51195709853,199891.00049719136,535445
2009-01-30,199891.00049719136,207005.28246718016,199891.00049719136,205962.29606610327,642011
2009-02-02,205962.29606610327,205962.29606610327,194178.1171743323,194839.39698555967,549927
2009-02-03,194839.39698555967,207838.79028051786,194839.39698555967,206130.2652116167,370412
2009-02-04,206130.2652116167,206130.2652116167,200897.80947460045,201536.086245484,427410
2009-02-05,201536.086245484,203116.0097962215,200321.75130262997,202407.72814764397,319534
2009-02-06,202407.72814764397,208442.87803966503,202407.72814764397,207662.0461719859,512143
2009-02-09,207662.0461719859,209071.58526905224,203654.44006953915,206355.7667561237,437962
2009-02-10,206355.7667561237,206355.7667561237,196853.3280835568,197903.24871112613,457001
2009-02-11,197903.24871112613,205027.99016354894,197903.24871112613,203177.82027099098,503661
2009-02-12,203177.82027099098,214226.13530524343,203177.82027099098,213408.4851956089,494622
2009-02-13,213408.4851956089,219048.75133475204,213408.4851956089,217372.22317653452,483455
2009-02-16,217372.22317653452,225633.25810847335,217372.22317653452,223604.06474063869,532769
2009-02-17,223604.06474063869,245215.71034711995,223604.06474063869,241892.31914777425,534084
2009-02-18,241892.31914777425,243967.8581247085,237965.99054255272,240781.7805678648,399505
2009-02-19,240781.7805678648,242912.80613060805,237165.53546194948,240618.4489941766,630476
2009-02-20,240618.4489941766,240618.4489941766,238885.10870748686,239160.26992083597,600007
2009-02-23,239160.26992083597,245073.54720026275,239160.26992083597,241938.4905743701,507808
2009-02-24,241938.4905743701,254716.67016440476,241938.4905743701,254355.20718798967,462799
2009-02-25,254355.20718798967,254355.20718798967,251570.18447770007,252970.05668572165,615017
2009-02-26,252970.05668572165,265039.203223603,252970.05668572165,264885.50142203073,590398
2009-02-27,264885.50142203073,270295.45068405167,264885.50142203073,269114.3422870487,372697
2009-03-02,269114.3422870487,291408.0791685511,269114.3422870487,290041.23491916055,386042
2009-03-03,290041.23491916055,314453.5132553057,290041.23491916055,312186.52133132855,467792
2009-03-04,312186.52133132855,312186.52133132855,295135.0028214898,298746.05474484916,456389
2009-03-05,298746.05474484916,298746.05474484916,284460.50402000046,288054.7774908262,436529
2009-03-06,288054.7774908262,288054.7774908262,276718.1939268156,276857.0203816705,548345
2009-03-09,276857.0203816705,280733.9085331784,276857.0203816705,278948.1697064965,553452
2009-03-10,278948.1697064965,282382.82812949986,278948.1697064965,282339.30915594794,470832
2009-03-11,282339.30915594794,292448.3256783063,282339.30915594794,288896.2345572056,675964
2009-03-12,288896.2345572056,288896.2345572056,274531.2484892055,274825.9285352192,610975
2009-03-13,274825.9285352192,277802.83336242667,273053.6065818659,274993.542053032,497116
2009-03-16,274993.542053032,280977.5169715396,274993.542053032,280213.7356881867,477903
2009-03-17,280213.7356881867,282252.3113557075,276893.7712652812,279106.6829532773,601163
2009-03-18,279106.6829532773,307451.65187876683,279106.6829532773,303457.3723234922,564707
2009-03-19,303457.3723234922,319289.9347254283,303457.3723234922,318240.4165871866,471550
2009-03-20,318240.4165871866,331905.31267591444,318240.4165871866,331245.1414563663,558759
2009-03-23,331245.1414563663,337751.1486567642,331245.1414563663,337111.293100511,433087
2009-03-24,337111.293100511,337111.293100511,323776.60453366954,326301.3452250555,475978
2009-03-25,326301.3452250555,339776.7710075721,326301.3452250555,337566.765471257,408739
2009-03-26,337566.765471257,337566.765471257,324405.6028004195,328516.0247273816,523895
2009-03-27,328516.0247273816,333009.1710653581,324574.48519936536,329508.9858331341,511546
2009-03-30,329508.9858331341,347029.42325672373,329508.9858331341,346733.7205348662,513678
2009-03-31,346733.7205348662,355892.99130467616,346733.7205348662,355842.67662796256,407725
2009-04-01,355842.67662796256,367726.8898929586,355842.67662796256,365877.53912231885,440553
2009-04-02,365877.53912231885,385034.91049268324,365877.53912231885,383054.32133043814,441311
2009-04-03,383054.32133043814,383893.11388866475,378270.8695440523,383623.2696777486,389795
2009-04-06,383623.2696777486,392045.173546686,383584.79055213614,387180.85487867653,499263
2009-04-07,387180.85487867653,387180.85487867653,356159.0348733575,361459.87453319633,625811
2009-04-08,361459.87453319633,366295.39576058835,357857.93327149743,362620.10050722846,334385
2009-04-09,362620.10050722846,380018.5845860272,362620.10050722846,374763.91864983214,339152
2009-04-10,374763.91864983214,374763.91864983214,366126.4065135136,367957.4083864972,252135
2009-04-13,367957.4083864972,388270.57550799026,367957.4083864972,385089.7879987262,602277
2009-04-14,385089.7879987262,385089.7879987262,364262.54382523784,368595.72231690254,389453
2009-04-15,368595.72231690254,368595.72231690254,355506.6165759621,356444.1676909594,519031
2009-04-16,356444.1676909594,356444.1676909594,342283.98195014556,345028.3935707051,382459
2009-04-17,345028.3935707051,345028.3935707051,323021.06538031966,326881.3797614344,433693
2009-04-20,326881.3797614344,348610.1485042051,326881.3797614344,345886.23900102696,507013
2009-04-21,345886.23900102696,345886.23900102696,332053.11703894765,332277.39487011486,585489
2009-04-22,332277.39487011486,332277.39487011486,307524.48343618034,310166.7179894826,556281
2009-04-23,310166.7179894826,310166.7179894826,301759.6414858419,304920.73845193716,606435
2009-04-24,304920.73845193716,304920.73845193716,288353.7667509174,289257.48504321824,399698
2009-04-27,289257.48504321824,293798.1225143974,289257.48504321824,292848.22731084854,499375
2009-04-28,292848.22731084854,296627.8523162971,292848.22731084854,296534.1486059096,512546
2009-04-29,296534.1486059096,296534.1486059096,290051.8005767869,290678.62125227717,420079
2009-04-30,290678.62125227717,290678.62125227717,276193.5884397991,279858.4714034346,532565
2009-05-01,279858.4714034346,290670.91757128824,279858.4714034346,288077.79113435984,585260
2009-05-04,288077.79113435984,293528.47313201975,288022.14048217254,290950.29003039,507187
2009-05-05,290950.29003039,305601.9271126296,290950.29003039,302867.6905739987,519408
2009-05-06,302867.6905739987,302867.6905739987,296457.62077213824,300588.8086099961,417872
2009-05-07,300588.8086099961,300588.8086099961,280218.90426025615,281972.39740488864,502005
2009-05-08,281972.39740488864,291798.9295496648,281972.39740488864,289283.69597802014,553536
2009-05-11,289283.69597802014,292261.94113009475,289283.69597802014,290806.1511078543,460597
2009-05-12,290806.1511078543,311382.29861701996,290806.1511078543,309930.5318629815,431696
2009-05-13,309930.5318629815,329426.0149734598,309930.5318629815,329283.05771562096,646595
2009-05-14,329283.05771562096,334928.2454322699,327415.5159988546,331386.44723015523,458785
2009-05-15,331386.44723015523,335688.11416422063,329070.494823909,331370.4481835532,584059
2009-05-18,331370.4481835532,351295.41176161735,331370.4481835532,348210.66989310505,536583
2009-05-19,348210.66989310505,348210.66989310505,315993.1232193718,317504.8842223105,463416
2009-05-20,317504.8842223105,317504.8842223105,308839.9087954545,311378.64762791264,419931
2009-05-21,311378.64762791264,311378.64762791264,300194.23117544997,303384.6739341652,559374
2009-05-22,303384.6739341652,333866.3171075762,303384.6739341652,331172.59144092153,584169
2009-05-25,331172.59144092153,331172.59144092153,313466.9913768086,317306.2649913619,461943
2009-05-26,317306.2649913619,341881.01834733493,317306.2649913619,337384.2965072055,320593
2009-05-27,337384.2965072055,341001.81488564424,337384.2965072055,339416.2043843877,661513
2009-05-28,339416.2043843877,349975.49518987426,339416.2043843877,347993.4021957969,586798
2009-05-29,347993.4021957969,347993.4021957969,337469.0474530331,339637.49825731246,425266
2009-06-01,339637.49825731246,343977.6669455928,339161.86571424716,343552.7557296872,660629
2009-06-02,343552.7557296872,364030.96772852936,343552.7557296872,361934.2615938525,448500
2009-06-03,361934.2615938525,361934.2615938525,355183.78523203626,357984.590600077,514747
2009-06-04,357984.590600077,357984.590600077,324598.7823391627,328355.2156892906,210491
2009-06-05,328355.2156892906,335316.6788721345,327454.25050836644,331406.1352072187,509540
2009-06-08,331406.1352072187,349028.4501882841,331406.1352072187,347746.4006238574,561819
2009-06-09,347746.4006238574,349226.08841005777,346773.91408375377,348453.4757724855,370744
2009-06-10,348453.4757724855,350682.04598854366,346618.3141836243,349864.4002614798,351142
2009-06-11,349864.4002614798,361535.2778950474,349864.4002614798,357606.1300063981,490716
2009-06-12,357606.1300063981,381976.68090756354,357606.1300063981,379658.4955500376,525054
2009-06-15,379658.4955500376,392294.4046741705,379658.4955500376,391059.72815877764,562176
2009-06-16,391059.72815877764,406867.47877764894,391059.72815877764,402198.355972641,497925
2009-06-17,402198.355972641,428972.38530376146,402198.355972641,427623.1832763938,601177
2009-06-18,427623.1832763938,427623.1832763938,402595.07449771307,407835.7463059245,403191
2009-06-19,407835.7463059245,429202.60048638034,407835.7463059245,424119.74147851975,532697
2009-06-22,424119.74147851975,433594.16502014577,424119.74147851975,431451.1574523697,480698
2009-06-23,431451.1574523697,437433.19252932083,431451.1574523697,437074.29033502383,529433
2009-06-24,437074.29033502383,447157.10162413365,437074.29033502383,441480.431477893,469694
2009-06-25,441480.431477893,470905.0652903385,441480.431477893,466807.3604285917,474316
2009-06-26,466807.3604285917,466807.3604285917,442535.419103417,444889.97271164745,494534
2009-06-29,444889.97271164745,446673.45862458454,435476.00310876814,441645.5724189964,582728
2009-06-30,441645.5724189964,441645.5724189964,432545.00935339904,436566.80985834304,582506
2009-07-01,436566.80985834304,440909.2326940145,435111.72286996513,438809.63675364386,563022
2009-07-02,438809.63675364386,438809.63675364386,415288.71151387313,419771.8508969174,455247
2009-07-03,419771.8508969174,419771.8508969174,398129.5207775346,400260.0099897703,511236
2009-07-06,400260.0099897703,428081.3498421455,400260.0099897703,427197.6138933046,513520
2009-07-07,427197.6138933046,433113.6964632884,427197.6138933046,429737.5141467679,604594
2009-07-08,429737.5141467679,432728.3515531676,429737.5141467679,432269.5067200507,459697
2009-07-09,432269.5067200507,432269.5067200507,425833.6185615289,426332.290661441,408108
2009-07-10,426332.290661441,436400.77793344867,426254.2987365475,431325.89260645374,409669
2009-07-13,431325.89260645374,431325.89260645374,415457.95995230594,421164.559648866,474199
2009-07-14,421164.559648866,436651.3551669694,421164.559648866,433755.27258250414,564038
2009-07-15,433755.27258250414,455247.4403589557,433755.27258250414,448985.0398328049,509641
2009-07-16,448985.0398328049,482331.57153786323,448985.0398328049,480952.46296981437,433525
2009-07-17,480952.46296981437,481536.0757168741,475813.83457031386,477312.20640912576,639047
2009-07-20,477312.20640912576,477312.20640912576,454974.3842134655,456493.2420063186,471274
2009-07-21,456493.2420063186,456493.2420063186,434432.07206556696,439072.56336540694,602287
2009-07-22,439072.56336540694,439072.56336540694,398614.0031827731,403168.83971059043,534278
2009-07-23,403168.83971059043,403168.83971059043,396572.70422062307,396814.79310959944,419949
2009-07-24,396814.79310959944,396814.79310959944,385120.37129152485,390850.08605469903,672737
2009-07-27,390850.08605469903,390850.08605469903,380466.09724688873,383724.1841856374,572460
2009-07-28,383724.1841856374,383724.1841856374,357054.48524161486,358638.0450748583,504195
2009-07-29,358638.0450748583,370348.7306017878,358638.0450748583,369204.33804105123,468470
2009-07-30,369204.33804105123,373761.4277226445,369204.33804105123,373724.3672293145,444274
2009-07-31,373724.3672293145,373724.3672293145,363544.68361216865,364226.2121551277,434060
2009-08-03,364226.2121551277,364226.2121551277,357139.62074646173,358090.6401181668,504949
2009-08-04,358090.6401181668,364624.21473221073,357144.6293410826,360257.056718223,451758
2009-08-05,360257.056718223,360257.056718223,350446.74208322796,352987.82206851937,449825
2009-08-06,352987.82206851937,377023.5406129189,352987.82206851937,374576.92389313254,502945
2009-08-07,374576.92389313254,391342.1583608265,374576.92389313254,390005.60406712454,475521
2009-08-10,390005.60406712454,390005.60406712454,386481.3409402035,387177.1512620422,398073
2009-08-11,387177.1512620422,387177.1512620422,373301.66974761884,375054.940003243,578773
2009-08-12,375054.940003243,394377.9814647719,375054.940003243,389512.91818003677,550405
2009-08-13,389512.91818003677,389512.91818003677,373344.40407335985,378220.57274513587,520417
2009-08-14,378220.57274513587,378220.57274513587,369630.0070169648,371119.18610821257,681949
2009-08-17,371119.18610821257,380923.48466368497,371119.18610821257,377075.5168517587,555992
2009-08-18,377075.5168517587,403052.63279390393,377075.5168517587,400170.90145517973,351747
2009-08-19,400170.90145517973,400170.90145517973,394138.1466698983,399956.3463839781,425177
2009-08-20,399956.3463839781,399956.3463839781,381177.0112562025,382073.78910809517,396261
2009-08-21,382073.78910809517,401560.130959798,382073.78910809517,397245.0499371739,557561
2009-08-24,397245.0499371739,401927.7417743517,395015.0952538965,396354.121273301,690265
2009-08-25,396354.121273301,396471.01695123885,390783.357380691,394813.23599654564,452723
2009-08-26,394813.23599654564,394813.23599654564,366630.04655507696,371793.64111462736,557339
2009-08-27,371793.64111462736,371793.64111462736,361409.22790608916,364508.0518951896,413430
2009-08-28,364508.0518951896,364508.0518951896,349143.91660568555,350345.8173107792,468588
2009-08-31,350345.8173107792,350345.8173107792,334807.7272404698,338702.9008773951,686891
2009-09-01,338702.9008773951,339241.00567691756,335033.2760420897,337834.5969539928,637993
2009-09-02,337834.5969539928,337834.5969539928,318604.4094716397,323088.4451575305,416426
2009-09-03,323088.4451575305,331980.12548873003,323088.4451575305,330295.6446104392,532626
2009-09-04,330295.6446104392,330295.6446104392,321402.7686750426,324071.05331308773,553197
2009-09-07,324071.05331308773,324071.05331308773,313585.66793729266,316226.1465731176,533223
2009-09-08,316226.1465731176,316226.1465731176,309850.2256207839,314542.51074401464,485693
2009-09-09,314542.51074401464,318086.25836743455,313190.52551428933,313820.42551799683,484037
2009-09-10,313820.42551799683,330981.97522569186,313820.42551799683,330735.8617121067,411293
2009-09-11,330735.8617121067,330735.8617121067,323821.1795271189,325326.61602562043,646856
2009-09-14,325326.61602562043,325326.61602562043,299915.61922312656,303722.7877546474,460092
2009-09-15,303722.7877546474,305690.06569474324,301656.28181335086,305130.32261999266,423376
2009-09-16,305130.32261999266,332767.0963469565,305130.32261999266,331737.07558061526,442304
2009-09-17,331737.07558061526,331737.07558061526,321453.0820573228,324884.96598200366,430951
2009-09-18,324884.96598200366,324884.96598200366,319632.6563658404,321589.5413522758,521325
2009-09-21,321589.5413522758,321589.5413522758,305734.4807800961,310151.798624584,462346
2009-09-22,310151.798624584,312546.5441021764,310151.798624584,311115.6920892252,545023
2009-09-23,311115.6920892252,318055.62140871276,311115.6920892252,317528.79513193486,538921
2009-09-24,317528.79513193486,319379.23792472406,311987.1903406524,315163.0149855639,513873
2009-09-25,315163.0149855639,337792.8328687715,315163.0149855639,333823.982395528,536324
2009-09-28,333823.982395528,333823.982395528,325730.2068977185,327973.4578995474,569177
2009-09-29,327973.4578995474,327973.4578995474,324666.7323571506,325907.6937777981,547652
2009-09-30,325907.6937777981,325907.6937777981,313812.14178188733,317064.86360323685,556433
2009-10-01,317064.86360323685,317064.86360323685,298384.8453691075,300508.57531024044,508028
2009-10-02,300508.57531024044,300508.57531024044,290685.64005255006,293834.4548392227,652083
2009-10-05,293834.4548392227,312849.5027180727,293834.4548392227,308539.14620299375,647472
2009-10-06,308539.14620299375,308539.14620299375,299624.3284224393,303262.3079434047,576500
2009-10-07,303262.3079434047,312159.5296956098,303262.3079434047,308018.7294083103,589498
2009-10-08,308018.7294083103,314434.65436907945,308018.7294083103,312505.4208485462,486720
2009-10-09,312505.4208485462,312505.4208485462,302948.4617423754,306371.34543657413,573726
2009-10-12,306371.34543657413,314517.927121939,306371.34543657413,314273.36298573425,536864
2009-10-13,314273.36298573425,320251.9940225819,314273.36298573425,317703.6249006514,629847
2009-10-14,317703.6249006514,317703.6249006514,301974.28695843276,305085.44509429875,514095
2009-10-15,305085.44509429875,307960.1657707769,303107.1903535898,303545.2632416483,458482
2009-10-16,303545.2632416483,303545.2632416483,295659.3822022305,297052.0698580555,499984
2009-10-19,297052.0698580555,297052.0698580555,293568.0881812393,295265.68562308396,561616
2009-10-20,295265.68562308396,302307.108563189,294024.5584364948,298110.47904787416,591938
2009-10-21,298110.47904787416,298110.47904787416,289386.9533273661,292636.12782122684,480019
2009-10-22,292636.12782122684,292636.12782122684,271623.15601417125,273005.170531669,401469
2009-10-23,273005.170531669,281219.30919590197,273005.170531669,278229.52759357693,560244
2009-10-26,278229.52759357693,279483.6264727409,275326.76792716386,277949.9853226624,498811
2009-10-27,277949.9853226624,277949.9853226624,274782.3389974271,276550.9848420293,382748
2009-10-28,276550.9848420293,280116.76958489424,276550.9848420293,278424.56338626693,484333
2009-10-29,278424.56338626693,278424.56338626693,271225.55410965806,274787.47775776667,708894
2009-10-30,274787.47775776667,286115.1919679638,274787.47775776667,283736.7583803131,566547
2009-11-02,283736.7583803131,285320.4130377628,281173.13044887554,282992.9625156146,454034
2009-11-03,282992.9625156146,282992.9625156146,271425.0788446379,273742.193400912,576633
2009-11-04,273742.193400912,273742.193400912,263683.4005069023,266574.8222592025,314591
2009-11-05,266574.8222592025,266574.8222592025,258365.3426396565,260478.08373980632,450493
2009-11-06,260478.08373980632,269799.0077558222,260478.08373980632,268599.36638832785,519785
2009-11-09,268599.36638832785,272319.818112815,268480.30853493634,269904.9270433182,578141
2009-11-10,269904.9270433182,276867.53268781054,269904.9270433182,273536.2428212027,589624
2009-11-11,273536.2428212027,276080.5272091031,273536.2428212027,275638.9264047,534436
2009-11-12,275638.9264047,275638.9264047,259897.06122797658,263688.1230878568,690307
2009-11-13,263688.1230878568,268106.09292245534,263688.1230878568,267518.45739551407,521605
2009-11-16,267518.45739551407,267518.45739551407,259430.81862910374,262175.5054856453,574587
2009-11-17,262175.5054856453,280922.0999207929,262175.5054856453,277461.6462502374,506929
2009-11-18,277461.6462502374,281546.3909353862,277461.6462502374,279779.0240322735,411952
2009-11-19,279779.0240322735,279779.0240322735,268027.45736318134,270358.4541881471,355274
2009-11-20,270358.4541881471,270358.4541881471,255561.4240797058,259041.2054013854,405391
2009-11-23,259041.2054013854,260585.41171184173,255032.61446530107,258500.49685876872,401176
2009-11-24,258500.49685876872,260984.5165592749,256416.18393729065,257728.9793485602,487886
2009-11-25,257728.9793485602,257867.69822622603,254276.9589962781,256444.4578702703,514140
2009-11-26,256444.4578702703,256444.4578702703,250671.44195204618,252794.19950425765,514771
2009-11-27,252794.19950425765,252794.19950425765,242662.9723243718,244783.36226286963,391431
2009-11-30,244783.36226286963,246733.3368308069,243044.26426093958,244681.7308560769,596912
2009-12-01,244681.7308560769,246028.22531987622,241528.92912639587,245123.07210884432,454347
2009-12-02,245123.07210884432,254896.98186873895,245123.07210884432,251265.0949446009,574727
2009-12-03,251265.0949446009,251265.0949446009,245620.08410974452,245956.4926318814,650384
2009-12-04,245956.4926318814,254748.09779377875,245956.4926318814,251888.08266446245,538838
2009-12-07,251888.08266446245,251888.08266446245,240703.0030627314,243208.53067117732,475158
2009-12-08,243208.53067117732,243208.53067117732,234878.41853762613,235495.37442338307,452831
2009-12-09,235495.37442338307,235495.37442338307,231838.68851482877,232146.27682090667,509533
2009-12-10,232146.27682090667,242701.9577357402,232146.27682090667,240219.9739401944,442478
2009-12-11,240219.9739401944,244532.42266467362,238801.2267528391,242118.35883157508,463821
2009-12-14,242118.35883157508,242118.35883157508,233092.31096257892,236066.97687593492,420731
2009-12-15,236066.97687593492,239493.3310244877,236066.97687593492,239415.24804716744,415305
2009-12-16,239415.24804716744,242056.91692385526,236425.50297166986,239577.59263227115,472911
2009-12-17,239577.59263227115,239587.76638947235,235118.53064429393,238457.66584639993,432945
2009-12-18,238457.66584639993,240160.98728026456,238457.66584639993,239778.10989105172,502119
2009-12-21,239778.10989105172,243337.10604709917,239778.10989105172,243189.33352737396,508826
2009-12-22,243189.33352737396,247850.05914103016,243189.33352737396,246517.13193074317,453874
2009-12-23,246517.13193074317,246517.13193074317,239429.0253874624,241290.2490342256,487670
2009-12-24,241290.2490342256,241290.2490342256,237677.97210423686,241071.98627622402,381718
2009-12-25,241071.98627622402,241071.98627622402,236420.9379693269,236635.68185079933,484662
2009-12-28,236635.68185079933,238769.3752587007,236635.68185079933,237891.29551019648,501179
2009-12-29,237891.29551019648,240261.6957892968,236551.4721127276,238387.18876576755,530511
2009-12-30,238387.18876576755,238387.18876576755,231750.98182165422,233012.05199761686,680242
2009-12-31,233012.05199761686,233012.05199761686,226652.80270769936,228012.63411917575,464905
2010-01-01,228012.63411917575,230217.03109617566,225495.52237461484,228057.78064170975,491489
2010-01-04,228057.78064170975,235599.12869153838,228057.78064170975,233459.82246991456,463661
2010-01-05,233459.82246991456,238548.1406060236,233459.82246991456,236123.5903228761,536022
2010-01-06,236123.5903228761,240382.20244973624,235808.99217099903,237493.9408037993,498619
2010-01-07,237493.9408037993,247593.877320935,237493.9408037993,244088.91613184422,551569
2010-01-08,244088.91613184422,244088.91613184422,238313.47527064048,240964.05931502694,524123
2010-01-11,240964.05931502694,242888.95941104385,239902.4681556759,240020.46299585042,460291
2010-01-12,240020.46299585042,240335.80580804378,235867.0838965545,238331.89903931602,444928
2010-01-13,238331.89903931602,241046.01212288532,236083.45990693194,238789.7083879448,289919
2010-01-14,238789.7083879448,240285.66156854955,236713.4568714483,237687.04868849146,458861
2010-01-15,237687.04868849146,242598.0915263262,237687.04868849146,240617.84444194852,522895
2010-01-18,240617.84444194852,244931.09178148868,240617.84444194852,242704.21972487232,490158
2010-01-19,242704.21972487232,246324.08902227855,240078.19666109784,242877.26594156714,571236
2010-01-20,242877.26594156714,242877.26594156714,237917.5837772058,239264.2464229652,500332
2010-01-21,239264.2464229652,239264.2464229652,231998.07359468588,234022.56085248213,379554
2010-01-22,234022.56085248213,234022.56085248213,219449.33281691108,221358.88654983745,436115
2010-01-25,221358.88654983745,226049.5260766726,221195.5491102939,222956.240153465,440699
2010-01-26,222956.240153465,222956.240153465,215430.38591103835,218334.8857277159,608581
2010-01-27,218334.8857277159,218334.8857277159,214432.25646573084,215366.24701442965,552927
2010-01-28,215366.24701442965,228574.95825620004,215366.24701442965,225309.35117004425,562332
2010-01-29,225309.35117004425,229808.04551478656,224486.99846520953,227274.95032691883,501063
2010-02-01,227274.95032691883,233182.21184562135,227274.95032691883,230335.4674244183,451384
2010-02-02,230335.4674244183,238685.99765617878,230335.4674244183,236148.8975355817,470503
2010-02-03,236148.8975355817,246673.22339192827,236148.8975355817,243598.76020638278,499770
2010-02-04,243598.76020638278,249685.1655524556,243598.76020638278,249601.98264117955,476011
2010-02-05,249601.98264117955,249601.98264117955,244324.96450381912,246668.01038460218,309855
2010-02-08,246668.01038460218,246948.45752730034,244808.7114458518,245694.91868648835,519937
2010-02-09,245694.91868648835,254489.7586222883,245694.91868648835,251678.5047415507,473955
2010-02-10,251678.5047415507,251678.5047415507,245853.23636133,249060.26348625362,464413
2010-02-11,249060.26348625362,258064.78602071817,249060.26348625362,255869.4231823114,558416
2010-02-12,255869.4231823114,266611.941295138,255869.4231823114,264635.6219181652,597679
2010-02-15,264635.6219181652,270256.04546380043,264635.6219181652,266894.8776684585,395674
2010-02-16,266894.8776684585,277699.8472735746,266894.8776684585,274290.60618046334,598740
2010-02-17,274290.60618046334,286556.92155040655,274290.60618046334,285864.2324023021,477083
2010-02-18,285864.2324023021,285864.2324023021,281493.5673615254,282856.0392323427,613498
2010-02-19,282856.0392323427,297712.07518542383,282856.0392323427,293797.6403617439,598462
2010-02-22,293797.6403617439,293797.6403617439,289779.56041031145,290208.7215862397,604415
2010-02-23,290208.7215862397,296312.5949989365,290208.7215862397,295935.94859584305,622866
2010-02-24,295935.94859584305,298130.22532811743,295741.6415982849,297341.7248498627,484134
2010-02-25,297341.7248498627,297341.7248498627,291917.7535116928,293025.4605678949,601713
2010-02-26,293025.4605678949,293213.6516988634,289589.67262094485,291445.1662693106,401639
2010-03-01,291445.1662693106,291445.1662693106,282128.705065534,283339.0331447707,464910
2010-03-02,283339.0331447707,289986.9731781644,283339.0331447707,286445.5689030621,521158
2010-03-03,286445.5689030621,290879.16986707225,286445.5689030621,288435.9694758269,492382
2010-03-04,288435.9694758269,300848.61879380734,288435.9694758269,296666.86059977947,702014
2010-03-05,296666.86059977947,304413.5530747868,296666.86059977947,301332.8461658024,468030
2010-03-08,301332.8461658024,301332.8461658024,284717.9399306193,284963.31815889786,444308
2010-03-09,284963.31815889786,284963.31815889786,279304.75654451374,281382.28363694,559444
2010-03-10,281382.28363694,281382.28363694,271633.3419501775,275641.7690271066,466677
2010-03-11,275641.7690271066,289580.1802792805,275641.7690271066,288667.2688201867,460395
2010-03-12,288667.2688201867,288667.2688201867,282825.67957897077,285047.3006372439,593567
2010-03-15,285047.3006372439,285047.3006372439,277228.3153522929,281092.64332820807,378655
2010-03-16,281092.64332820807,281092.64332820807,275143.8096374938,278199.8911479121,470989
2010-03-17,278199.8911479121,280483.16572907806,278199.8911479121,279435.5668614085,567812
2010-03-18,279435.5668614085,281569.8611644604,276607.14592526865,277835.4816891435,338797
2010-03-19,277835.4816891435,286054.52848297014,277835.4816891435,283595.6800479835,648998
2010-03-22,283595.6800479835,295591.95068053267,283595.6800479835,291806.2273157273,478195
2010-03-23,291806.2273157273,302605.5916062119,291806.2273157273,299844.3696211368,400294
2010-03-24,299844.3696211368,300475.1620468541,295412.4890634609,296152.3064710627,449236
2010-03-25,296152.3064710627,301823.10060077737,296152.3064710627,299535.19100429147,483596
2010-03-26,299535.19100429147,304649.1528777878,299535.19100429147,301877.7208274292,409313
2010-03-29,301877.7208274292,307425.6971974322,301134.7950045176,305090.0675159709,504766
2010-03-30,305090.0675159709,305090.0675159709,301498.0796689984,301714.2544541642,571272
2010-03-31,301714.2544541642,301714.2544541642,289893.22360573,292145.788412279,494004
2010-04-01,292145.788412279,295894.2104728172,292145.788412279,295267.97510128346,514370
2010-04-02,295267.97510128346,295850.3418360103,289931.801965369,292729.48635469546,460666
2010-04-05,292729.48635469546,298754.705269495,292729.48635469546,296211.6029961099,512946
2010-04-06,296211.6029961099,308642.1576314788,296211.6029961099,307377.1071506663,570073
2010-04-07,307377.1071506663,340761.4747751134,307377.1071506663,336143.1593556082,486841
2010-04-08,336143.1593556082,352965.3155236704,336143.1593556082,348085.1974219709,455313
2010-04-09,348085.1974219709,348085.1974219709,339071.33733699983,343263.7019252193,501754
2010-04-12,343263.7019252193,349122.54832420114,342212.0117521429,346256.17673807003,558991
2010-04-13,346256.17673807003,346256.17673807003,344040.1736693707,344800.7770372225,536018
2010-04-14,344800.7770372225,362638.89407186396,344800.7770372225,357384.31125479203,599662
2010-04-15,357384.31125479203,360846.2168046462,352744.23338112264,355640.7162448037,562439
2010-04-16,355640.7162448037,360965.7333323655,354571.4857323014,358305.8182313039,491610
2010-04-19,358305.8182313039,365192.4587280111,358305.8182313039,362713.607675412,506166
2010-04-20,362713.607675412,368533.833867049,362713.607675412,365103.3894914449,423739
2010-04-21,365103.3894914449,376498.64518524916,365103.3894914449,374606.54139049246,446599
2010-04-22,374606.54139049246,374606.54139049246,365629.0928784829,367110.93750594294,342274
2010-04-23,367110.93750594294,376329.042423459,367110.93750594294,375534.72097749094,553404
2010-04-26,375534.72097749094,375534.72097749094,372133.4040983978,372834.72039333585,589662
2010-04-27,372834.72039333585,377735.1273826955,370132.30775315006,374273.34880097845,334599
2010-04-28,374273.34880097845,402403.55029165396,374273.34880097845,400259.40836774325,515428
2010-04-29,400259.40836774325,400259.40836774325,393057.15510309424,395633.14984714077,396120
2010-04-30,395633.14984714077,399518.3557438383,393833.33171380067,399319.324428599,452454
2010-05-03,399319.324428599,399319.324428599,387992.836727349,389879.7371861234,485808
2010-05-04,389879.7371861234,389879.7371861234,378103.3570872289,382262.07380811876,496118
2010-05-05,382262.07380811876,383125.0622271994,381131.6967605664,381761.67678587313,560330
2010-05-06,381761.67678587313,382551.40630526573,378568.04051025846,381078.6396392723,361679
2010-05-07,381078.6396392723,384687.8736381646,381078.6396392723,383406.6899591972,646512
2010-05-10,383406.6899591972,394549.72729506076,383406.6899591972,393156.5689741228,591307
2010-05-11,393156.5689741228,408450.1108403732,393156.5689741228,406521.33831920143,403051
2010-05-12,406521.33831920143,406521.33831920143,398653.4663049578,404085.36892409605,559256
2010-05-13,404085.36892409605,420521.534526026,404085.36892409605,414416.1439588372,472174
2010-05-14,414416.1439588372,422286.55690419173,414416.1439588372,421724.1300787431,441225
2010-05-17,421724.1300787431,421724.1300787431,408907.0921367247,412093.3414111527,530481
2010-05-18,412093.3414111527,412093.3414111527,399799.5918732156,403448.0264014658,613475
2010-05-19,403448.0264014658,403448.0264014658,379970.57933350076,385751.9876607157,468741
2010-05-20,385751.9876607157,385751.9876607157,370276.032161975,373775.94600169134,452067
2010-05-21,373775.94600169134,373775.94600169134,366998.94156856765,370921.96447196254,445605
2010-05-24,370921.96447196254,381854.1267169208,370921.96447196254,376337.0338657928,347600
2010-05-25,376337.0338657928,376337.0338657928,362356.3423057639,367510.2074671005,460977
2010-05-26,367510.2074671005,399671.88031464536,367510.2074671005,396698.9348390945,464310
2010-05-27,396698.9348390945,401520.0913500204,393220.54166627926,398133.334398058,636947
2010-05-28,398133.334398058,416884.19643095275,398133.334398058,414158.4440624816,491801
2010-05-31,414158.4440624816,414158.4440624816,404033.6748090274,405036.14787893876,431310
2010-06-01,405036.14787893876,408667.73645263736,403418.24309552344,407950.86748271086,522967
2010-06-02,407950.86748271086,410226.80118111527,404449.4033889245,406703.8281706333,551209
2010-06-03,406703.8281706333,417361.93885662075,406703.8281706333,414249.5088667171,308897
2010-06-04,414249.5088667171,414249.5088667171,395797.8712508478,401166.75328742026,378016
2010-06-07,401166.75328742026,427784.87369345786,401166.75328742026,422161.331224252,578005
2010-06-08,422161.331224252,446868.51613766217,422161.331224252,442474.63847852865,447630
2010-06-09,442474.63847852865,455597.7731119041,442474.63847852865,455595.7451779071,581522
2010-06-10,455595.7451779071,458297.1820573443,449898.14032182476,456552.2388296764,493445
2010-06-11,456552.2388296764,462519.78626078344,455823.8219091144,459470.75590164645,508315
2010-06-14,459470.75590164645,467163.74222680397,456095.89581843815,460284.9183695578,657583
2010-06-15,460284.9183695578,476774.3362973397,460284.9183695578,470431.08122466103,470027
2010-06-16,470431.08122466103,470431.08122466103,460199.0508008707,463864.9855682938,555834
2010-06-17,463864.9855682938,463864.9855682938,450054.18411603675,453940.89805266657,537469
2010-06-18,453940.89805266657,490782.12270264723,453940.89805266657,485954.8368299362,579452
2010-06-21,485954.8368299362,485954.8368299362,460342.7141192009,464889.039278802,508517
2010-06-22,464889.039278802,486689.7838533388,464889.039278802,482727.37895301986,509300
2010-06-23,482727.37895301986,505986.14824125974,482727.37895301986,499733.162606185,629174
2010-06-24,499733.162606185,520721.69921386015,499733.162606185,514773.65296039585,431735
2010-06-25,514773.65296039585,530051.5739334639,514773.65296039585,527555.8179246121,458560
2010-06-28,527555.8179246121,527555.8179246121,492639.19052781357,499912.4385857246,572237
2010-06-29,499912.4385857246,502227.0258178484,496147.15067819535,498438.47382001876,370209
2010-06-30,498438.47382001876,518634.7341149675,498438.47382001876,517573.0989995511,566176
2010-07-01,517573.0989995511,532587.9744058762,517573.0989995511,525693.7488245318,471513
2010-07-02,525693.7488245318,525693.7488245318,505149.6555952222,510832.9355292323,518187
2010-07-05,510832.9355292323,510832.9355292323,476876.07873078465,481196.55709026015,551478
2010-07-06,481196.55709026015,484679.55742727395,477070.83646871004,484186.91239126003,458533
2010-07-07,484186.91239126003,484186.91239126003,470775.57417089137,472580.7296513565,430307
2010-07-08,472580.7296513565,473956.5428738659,471672.8537406522,473124.27648892405,512056
2010-07-09,473124.27648892405,473124.27648892405,468946.00707477867,469499.3471064046,565982
2010-07-12,469499.3471064046,469499.3471064046,460554.2176703701,462510.6556525048,584431
2010-07-13,462510.6556525048,462510.6556525048,444538.6975908906,444637.07849159214,474492
2010-07-14,444637.07849159214,458672.871856942,444637.07849159214,456667.8757636115,542139
2010-07-15,456667.8757636115,456667.8757636115,437907.53157766856,440341.9109895031,574319
2010-07-16,440341.9109895031,443697.56166941073,440341.9109895031,443268.2813938238,421928
2010-07-19,443268.2813938238,455623.6326291055,443268.2813938238,449882.13814895105,398213
2010-07-20,449882.13814895105,453253.848839598,446164.1394210969,447984.95885330875,416967
2010-07-21,447984.95885330875,447984.95885330875,433473.34579540056,437812.62119897926,479077
2010-07-22,437812.62119897926,437812.62119897926,419678.78698989964,421715.0557709746,532037
2010-07-23,421715.0557709746,447521.464258534,421715.0557709746,443415.04220791854,430487
2010-07-26,443415.04220791854,443415.04220791854,411046.4213254818,413603.7083694721,425401
2010-07-27,413603.7083694721,428202.3015753669,413603.7083694721,426412.72252433625,608581
2010-07-28,426412.72252433625,430714.9876229899,426412.72252433625,430176.7043690626,519652
2010-07-29,430176.7043690626,442155.962472557,430176.7043690626,436442.79358212836,573246
2010-07-30,436442.79358212836,445095.34779161745,436442.79358212836,444663.23648585804,572230
2010-08-02,444663.23648585804,450777.979482628,444311.79500594985,449723.98487284675,700553
2010-08-03,449723.98487284675,449723.98487284675,441252.06635349186,442238.573826448,434589
2010-08-04,442238.573826448,459498.27627731126,442238.573826448,459229.0316926989,705129
2010-08-05,459229.0316926989,472412.03299164353,459229.0316926989,469491.2126808182,325949
2010-08-06,469491.2126808182,496739.2518789962,469491.2126808182,493930.10448604723,572883
2010-08-09,493930.10448604723,503569.0445316062,493930.10448604723,498797.7961083366,480711
2010-08-10,498797.7961083366,512226.22183638695,498797.7961083366,508099.1086491978,516312
2010-08-11,508099.1086491978,508099.1086491978,485805.3592792006,486194.15200357995,576732
2010-08-12,486194.15200357995,488564.2949008005,481102.8777909736,482361.3446706997,338141
2010-08-13,482361.3446706997,490720.3452261787,482361.3446706997,484791.5878066219,463361
2010-08-16,484791.5878066219,484791.5878066219,444469.82114530954,447921.50812431925,467309
2010-08-17,447921.50812431925,462685.1625995884,447921.50812431925,461258.2986201342,562924
2010-08-18,461258.2986201342,468841.66100973194,461258.2986201342,465432.82751553046,493391
2010-08-19,465432.82751553046,465432.82751553046,432175.9768861208,437562.551876685,495881
2010-08-20,437562.551876685,437562.551876685,424452.8903772775,429404.1354496969,554428
2010-08-23,429404.1354496969,429404.1354496969,400068.3129942187,400099.15002002,635107
2010-08-24,400099.15002002,400099.15002002,382578.54238965886,386391.5540849723,583194
2010-08-25,386391.5540849723,397698.4274518743,386391.5540849723,394359.0894375378,564341
2010-08-26,394359.0894375378,405551.386171011,394359.0894375378,402585.9883680753,548277
2010-08-27,402585.9883680753,416662.9439439357,402585.9883680753,415552.0630821331,535505
2010-08-30,415552.0630821331,434013.8826159584,415552.0630821331,430179.06401386694,362691
2010-08-31,430179.06401386694,430179.06401386694,409885.60465823556,414783.42483903246,437045
2010-09-01,414783.42483903246,422672.0124090184,414783.42483903246,421785.9981495457,607541
2010-09-02,421785.9981495457,424941.7135677355,417379.46339524083,418940.81572777743,553588
2010-09-03,418940.81572777743,427434.16948527546,418940.81572777743,426585.65366002807,418270
2010-09-06,426585.65366002807,460682.22688626114,426585.65366002807,456932.18944210553,517649
2010-09-07,456932.18944210553,482374.26178538206,456932.18944210553,478734.3195280595,431972
2010-09-08,478734.3195280595,478734.3195280595,458982.67916054913,459999.08273310727,477474
2010-09-09,459999.08273310727,459999.08273310727,442435.8074934433,443362.70882568497,351471
2010-09-10,443362.70882568497,454197.3522640192,443362.70882568497,448543.6588101552,438348
2010-09-13,448543.6588101552,456519.6814679944,448543.6588101552,454250.03239058104,565862
2010-09-14,454250.03239058104,470078.5915517471,454250.03239058104,468849.69576587045,584208
2010-09-15,468849.69576587045,469465.61871951044,458838.6043626127,465306.4148480547,453302
2010-09-16,465306.4148480547,465306.4148480547,442564.19185525004,444256.15577613254,503603
2010-09-17,444256.15577613254,444256.15577613254,434065.64350655815,439031.4499324748,448841
2010-09-20,439031.4499324748,439031.4499324748,431867.2433190417,436467.36298718414,382884
2010-09-21,436467.36298718414,451327.1932949308,436467.36298718414,446872.3280900856,636656
2010-09-22,446872.3280900856,446872.3280900856,425252.52073937265,431162.5536430397,496043
2010-09-23,431162.5536430397,457786.2162532881,431162.5536430397,453032.6849747712,548379
2010-09-24,453032.6849747712,462242.317327102,453032.6849747712,458515.3972159365,509761
2010-09-27,458515.3972159365,464330.0220108815,456120.32667080825,460929.39339972567,603073
2010-09-28,460929.39339972567,461575.768476072,451220.4136078376,455496.5621327751,588327
2010-09-29,455496.5621327751,455496.5621327751,436632.43558058015,442629.8014426546,526791
2010-09-30,442629.8014426546,442629.8014426546,427925.030443409,433341.90165804845,455363
2010-10-01,433341.90165804845,441608.5698111227,433341.90165804845,437856.71139863646,480789
2010-10-04,437856.71139863646,437856.71139863646,414746.81626038544,417627.85260505904,500809
2010-10-05,417627.85260505904,431546.17989251117,417627.85260505904,430488.7130842295,533366
2010-10-06,430488.7130842295,430488.7130842295,408943.4719887063,412735.41296036146,520661
2010-10-07,412735.41296036146,412735.41296036146,393727.6580549871,394692.0918212548,568648
2010-10-08,394692.0918212548,408365.13593941246,394692.0918212548,403342.2265897994,562226
2010-10-11,403342.2265897994,414036.56943622394,403342.2265897994,413221.8406278747,559369
2010-10-12,413221.8406278747,426045.10642207746,413221.8406278747,419964.30809604726,404200
2010-10-13,419964.30809604726,431279.2377360219,419964.30809604726,426267.48369212454,562155
2010-10-14,426267.48369212454,453214.4231593429,426267.48369212454,446733.71895905136,483669
2010-10-15,446733.71895905136,446733.71895905136,425141.78632245085,430365.61319901724,523812
2010-10-18,430365.61319901724,430365.61319901724,414402.1331740282,414678.6673130624,390017
2010-10-19,414678.6673130624,414678.6673130624,374411.4291638362,378205.94928031013,574883
2010-10-20,378205.94928031013,378205.94928031013,363480.34622233984,366915.6365638643,655925
2010-10-21,366915.6365638643,366915.6365638643,355947.10612078547,356208.1259185358,510230
2010-10-22,356208.1259185358,356208.1259185358,348226.7083387434,350005.8883134769,522819
2010-10-25,350005.8883134769,367957.04252432653,350005.8883134769,365437.8225761132,638970
2010-10-26,365437.8225761132,376326.3388551096,365437.8225761132,370851.2250789732,575333
2010-10-27,370851.2250789732,370851.2250789732,359453.2034161414,360174.5718795197,377151
2010-10-28,360174.5718795197,360174.5718795197,348698.365795295,351805.43129124463,641635
2010-10-29,351805.43129124463,355376.30032068904,351646.77844740555,354157.7734942137,467328
2010-11-01,354157.7734942137,354157.7734942137,340769.86323426425,341753.8096156337,610135
2010-11-02,341753.8096156337,367478.9266875059,341753.8096156337,364980.59886965586,483111
2010-11-03,364980.59886965586,378409.25481512595,364980.59886965586,373103.49102500716,577082
2010-11-04,373103.49102500716,391835.5541106275,373103.49102500716,389893.9923295779,311836
2010-11-05,389893.9923295779,389893.9923295779,381269.9075500866,382499.3641296789,532167
2010-11-08,382499.3641296789,411935.08045847266,382499.3641296789,407344.22812933737,409544
2010-11-09,407344.22812933737,407344.22812933737,380843.09056375624,384310.40203247947,357572
2010-11-10,384310.40203247947,384310.40203247947,368318.5954709684,369305.36118401564,421779
2010-11-11,369305.36118401564,369305.36118401564,348885.21731139027,349499.67748925585,466873
2010-11-12,349499.67748925585,371205.9039947015,349499.67748925585,366672.39585999615,497996
2010-11-15,366672.39585999615,386976.53027897177,366672.39585999615,385285.5140552012,532618
2010-11-16,385285.5140552012,385285.5140552012,374513.983247233,375333.7306484724,580914
2010-11-17,375333.7306484724,399240.8505998675,375333.7306484724,395328.72643658577,384277
2010-11-18,395328.72643658577,409572.8281305326,395328.72643658577,406660.9444687308,477429
2010-11-19,406660.9444687308,421594.2374204884,406660.9444687308,417285.69862003915,511901
2010-11-22,417285.69862003915,421189.67664713954,417285.69862003915,417926.6453446874,613013
2010-11-23,417926.6453446874,431851.1274923846,417926.6453446874,427048.32566696004,282980
2010-11-24,427048.32566696004,430902.3437974986,427048.32566696004,429695.09251759393,535426
2010-11-25,429695.09251759393,450993.0947067252,429695.09251759393,444455.96856250294,533327
2010-11-26,444455.96856250294,444455.96856250294,427125.85466289934,432929.0545499653,596204
2010-11-29,432929.0545499653,449319.29454481654,432929.0545499653,448529.9202428047,446552
2010-11-30,448529.9202428047,462932.6711015222,448529.9202428047,456237.52916559303,442519
2010-12-01,456237.52916559303,472005.93222924724,456237.52916559303,468500.40129199787,702851
2010-12-02,468500.40129199787,468500.40129199787,449594.64493387216,450559.9554046378,547453
2010-12-03,450559.9554046378,450559.9554046378,445301.0141962122,446306.91963571304,620032
2010-12-06,446306.91963571304,446306.91963571304,419167.85220077576,424802.93329659273,541944
2010-12-07,424802.93329659273,424802.93329659273,410096.4007277119,413208.9350811049,360738
2010-12-08,413208.9350811049,433696.95827749587,413208.9350811049,433293.049133119,542575
2010-12-09,433293.049133119,433293.049133119,422730.53438970115,424893.5459666819,409195
2010-12-10,424893.5459666819,433655.0501817832,424862.52240481804,427538.9324972386,531753
2010-12-13,427538.9324972386,430478.13171854615,422453.62410773773,425458.2921985673,593902
2010-12-14,425458.2921985673,426216.3946427087,419154.9950885884,425193.83769438136,444512
2010-12-15,425193.83769438136,446955.4143630537,425193.83769438136,443066.03938119364,526334
2010-12-16,443066.03938119364,443066.03938119364,439267.64800877776,439866.68665362574,474928
2010-12-17,439866.68665362574,439866.68665362574,420563.5450801652,424249.4598873725,484864
2010-12-20,424249.4598873725,429783.11465184,422555.6693672591,426148.5104239332,450558
2010-12-21,426148.5104239332,431787.246566967,426122.1329604679,428928.82000612863,536785
2010-12-22,428928.82000612863,452812.53162450786,428928.82000612863,447936.73970671545,691329
2010-12-23,447936.73970671545,447936.73970671545,440036.37435393245,446651.2513970706,435448
2010-12-24,446651.2513970706,459155.9688927221,446651.2513970706,455578.8938506534,507307
2010-12-27,455578.8938506534,474915.6276159277,455578.8938506534,471096.2382914282,486562
2010-12-28,471096.2382914282,505496.4718383942,471096.2382914282,503046.7799773844,461279
2010-12-29,503046.7799773844,503046.7799773844,486690.4683497774,488851.41452655947,509924
2010-12-30,488851.41452655947,515256.3878701651,488851.41452655947,514188.9091731341,576443
2010-12-31,514188.9091731341,514188.9091731341,502611.32131236186,503284.9208197261,500385
2011-01-03,503284.9208197261,513382.0442015285,503284.9208197261,510538.49870490003,573528
2011-01-04,510538.49870490003,538638.5048332233,510538.49870490003,532964.906213249,405816
2011-01-05,532964.906213249,532964.906213249,507916.5398731039,512093.3050097494,381678
2011-01-06,512093.3050097494,527715.3979924094,512093.3050097494,523399.45657809655,356267
2011-01-07,523399.45657809655,523399.45657809655,505699.87200442347,510697.039960248,654582
2011-01-10,510697.039960248,523799.85501678166,510697.039960248,517233.7516274147,373528
2011-01-11,517233.7516274147,539405.7600276731,517233.7516274147,535272.4238248125,597026
2011-01-12,535272.4238248125,564699.9036806311,535272.4238248125,560696.3560366604,411150
2011-01-13,560696.3560366604,564667.17826254,559668.510167774,561841.0988782668,541849
2011-01-14,561841.0988782668,561841.0988782668,542140.1005540157,544810.0974828646,609216
2011-01-17,544810.0974828646,544810.0974828646,520993.20870251744,521217.7230578881,431666
2011-01-18,521217.7230578881,521217.7230578881,507017.35879591823,513081.3424419896,664934
2011-01-19,513081.3424419896,513081.3424419896,504167.62592224655,506503.09142784553,518033
2011-01-20,506503.09142784553,506503.09142784553,495978.7412778322,500178.9913303805,669174
2011-01-21,500178.9913303805,528496.8287796347,500178.9913303805,522378.49531994684,470415
2011-01-24,522378.49531994684,540756.9299833319,522378.49531994684,535217.7757630426,342223
2011-01-25,535217.7757630426,549015.0866697733,535217.7757630426,544702.936836831,450177
2011-01-26,544702.936836831,544815.8732392244,535856.3624132593,536857.016601649,349553
2011-01-27,536857.016601649,552313.105224247,536857.016601649,550023.6787840134,574641
2011-01-28,550023.6787840134,556475.7690963551,547692.8986926837,554050.5003128855,613581
2011-01-31,554050.5003128855,556693.009931746,548877.5122731454,551728.1794052257,378721
2011-02-01,551728.1794052257,566127.2864619698,551728.1794052257,562262.3257435604,429318
2011-02-02,562262.3257435604,579025.5956118952,562262.3257435604,571624.6479892177,496588
2011-02-03,571624.6479892177,592231.9261304733,571624.6479892177,586340.994633896,393183
2011-02-04,586340.994633896,604707.3329688762,586340.994633896,598614.9399168047,517039
2011-02-07,598614.9399168047,635024.5109462333,598614.9399168047,627118.8041007493,562449
2011-02-08,627118.8041007493,627118.8041007493,608682.1469484576,615677.344883859,497059
2011-02-09,615677.344883859,615677.344883859,577679.6127010854,579633.315612602,585001
2011-02-10,579633.315612602,583296.2688608828,579463.5442305789,581124.2123208228,571112
2011-02-11,581124.2123208228,593433.7285666433,581124.2123208228,591786.9152841012,578680
2011-02-14,591786.9152841012,599438.8322882408,586285.1966395981,595140.9429030342,434236
2011-02-15,595140.9429030342,623685.8029285647,595140.9429030342,617162.9966547987,521034
2011-02-16,617162.9966547987,640566.8194096148,617162.9966547987,634511.164912182,429282
2011-02-17,634511.164912182,634511.164912182,606955.9585479464,609807.1187739669,490113
2011-02-18,609807.1187739669,609807.1187739669,580238.5316499588,583587.7293929795,346181
2011-02-21,583587.7293929795,596995.9496197499,583587.7293929795,592629.6134656252,490802
2011-02-22,592629.6134656252,592629.6134656252,555549.4036836376,561781.2771837992,387207
2011-02-23,561781.2771837992,561781.2771837992,538037.5885397259,541312.9781602257,497037
2011-02-24,541312.9781602257,541312.9781602257,514967.14766099973,522308.37338397035,458118
2011-02-25,522308.37338397035,581158.6175455006,522308.37338397035,573378.1877727997,538217
2011-02-28,573378.1877727997,573378.1877727997,551158.8702973665,556797.8850971254,397935
2011-03-01,556797.8850971254,556797.8850971254,543579.5960427832,548543.3420810914,450726
2011-03-02,548543.3420810914,548543.3420810914,533482.6181664611,533622.4025937298,512518
2011-03-03,533622.4025937298,533622.4025937298,517556.69236745144,520204.30214673805,604466
2011-03-04,520204.30214673805,520204.30214673805,510998.1772085708,512892.8729567246,482453
2011-03-07,512892.8729567246,522837.76410118403,512892.8729567246,520304.20486823545,415993
2011-03-08,520304.20486823545,547055.6557068636,520304.20486823545,543042.6213131447,418253
2011-03-09,543042.6213131447,558886.2711286008,543042.6213131447,557816.66497941,493984
2011-03-10,557816.66497941,559235.3115479088,554705.4179831633,555876.4649433551,521902
2011-03-11,555876.4649433551,556613.3582179752,549433.6312197506,554688.4749146964,503108
2011-03-14,554688.4749146964,562540.9657387342,553479.881256361,561313.0069449405,487267
2011-03-15,561313.0069449405,561313.0069449405,548259.0787776967,555001.6593792395,458662
2011-03-16,555001.6593792395,555001.6593792395,542676.4669192539,550617.9026220202,542375
2011-03-17,550617.9026220202,550617.9026220202,531586.5577038774,533770.057489246,473344
2011-03-18,533770.057489246,536981.6977532072,531098.6006496073,534158.3641947332,539548
2011-03-21,534158.3641947332,563677.7100924919,534158.3641947332,559962.510074896,500468
2011-03-22,559962.510074896,559962.510074896,537438.5935472954,543734.3568019025,603413
2011-03-23,543734.3568019025,554381.7587380768,543734.3568019025,546817.9134255844,529206
2011-03-24,546817.9134255844,578888.6137993246,546817.9134255844,570814.4290740733,408635
2011-03-25,570814.4290740733,570814.4290740733,550125.5813146518,552602.3558545769,449655
2011-03-28,552602.3558545769,556991.316934054,551749.0372625659,554280.2553641897,566790
2011-03-29,554280.2553641897,561142.6236263087,554280.2553641897,560405.7427808876,599698
2011-03-30,560405.7427808876,560405.7427808876,525815.2380849583,526391.7000806005,469742
2011-03-31,526391.7000806005,526391.7000806005,510470.0333350286,512921.864704413,536440
2011-04-01,512921.864704413,512921.864704413,476793.008743816,482896.81794178474,496209
2011-04-04,482896.81794178474,482896.81794178474,477787.33347147645,480599.34946023964,493282
2011-04-05,480599.34946023964,486656.1886945574,477133.8687865696,479646.4162726243,544114
2011-04-06,479646.4162726243,500268.893870616,479646.4162726243,495673.4619119001,515339
2011-04-07,495673.4619119001,503121.81235061085,489860.2987190258,496963.5744329671,492812
2011-04-08,496963.5744329671,525251.0401518657,496963.5744329671,522761.3376703567,568251
2011-04-11,522761.3376703567,543168.851410027,522761.3376703567,535412.5468617334,514954
2011-04-12,535412.5468617334,541680.6960891257,535412.5468617334,540628.1548414811,519949
2011-04-13,540628.1548414811,560503.9612818515,540628.1548414811,558485.3614709325,556320
2011-04-14,558485.3614709325,558485.3614709325,541207.3419797105,542652.2746255067,411599
2011-04-15,542652.2746255067,567906.1863323177,542652.2746255067,566998.923621722,452971
2011-04-18,566998.923621722,566998.923621722,541946.7569326303,545732.7165210348,487819
2011-04-19,545732.7165210348,545732.7165210348,518548.206019415,523381.3697226806,540907
2011-04-20,523381.3697226806,560419.965840066,523381.3697226806,556394.5471283543,637069
2011-04-21,556394.5471283543,577140.4347410845,556394.5471283543,570373.3578395499,521111
2011-04-22,570373.3578395499,570373.3578395499,559704.0507995279,563676.7375543024,472713
2011-04-25,563676.7375543024,568569.4716943766,558175.7251458269,565798.4045244453,435223
2011-04-26,565798.4045244453,587213.779208905,565798.4045244453,584209.1494331425,553454
2011-04-27,584209.1494331425,584209.1494331425,552266.670377949,556412.3447165417,414459
2011-04-28,556412.3447165417,589488.5670621688,556412.3447165417,583555.0429554213,453788
2011-04-29,583555.0429554213,610543.7457836729,583555.0429554213,609023.356094803,599292
2011-05-02,609023.356094803,624682.9229142746,609023.356094803,616856.5711881185,583939
2011-05-03,616856.5711881185,662658.7990479543,616856.5711881185,653734.8740654507,634019
2011-05-04,653734.8740654507,668586.929348837,653734.8740654507,664409.0619364042,361355
2011-05-05,664409.0619364042,664409.0619364042,623890.7366404918,626371.0961666427,523604
2011-05-06,626371.0961666427,626371.0961666427,587021.9360292907,589071.3178092482,491851
2011-05-09,589071.3178092482,589071.3178092482,572815.3107797271,573565.7113933681,600020
2011-05-10,573565.7113933681,573565.7113933681,546133.0495838377,551083.6637147313,493930
2011-05-11,551083.6637147313,551083.6637147313,548260.9789912325,549526.3527378684,491764
2011-05-12,549526.3527378684,575156.5874829293,549526.3527378684,569422.8656553164,508107
2011-05-13,569422.8656553164,569422.8656553164,554957.2787980668,558145.9944156929,555015
2011-05-16,558145.9944156929,558145.9944156929,540373.3047996839,544545.4468541439,497774
2011-05-17,544545.4468541439,584013.5852306762,544545.4468541439,580121.3329001889,446654
2011-05-18,580121.3329001889,590411.7176104564,577266.9546182554,583511.0313874574,524353
2011-05-19,583511.0313874574,583511.0313874574,573058.3183507009,575670.6891951164,550964
2011-05-20,575670.6891951164,591972.5204776856,575670.6891951164,585873.3332698772,447375
2011-05-23,585873.3332698772,603505.2863584996,585873.3332698772,602677.3916220448,511274
2011-05-24,602677.3916220448,622580.0889276488,602677.3916220448,614036.2893957688,471118
2011-05-25,614036.2893957688,614036.2893957688,604731.2849401596,612470.7770907705,492471
2011-05-26,612470.7770907705,619712.2329366945,612470.7770907705,617693.4298084582,383577
2011-05-27,617693.4298084582,678971.4789742242,617693.4298084582,670778.2282008497,439494
2011-05-30,670778.2282008497,694241.6434407244,670778.2282008497,693167.5661087909,426723
2011-05-31,693167.5661087909,703379.5974372528,693167.5661087909,696184.7148034471,451705
2011-06-01,696184.7148034471,751954.0483213875,696184.7148034471,746181.1145449815,490696
2011-06-02,746181.1145449815,774555.4672524175,746181.1145449815,772275.8042420367,531849
2011-06-03,772275.8042420367,791305.1644174915,772275.8042420367,783818.8099043198,429364
2011-06-06,783818.8099043198,783818.8099043198,753684.289914608,763161.9319101053,493457
2011-06-07,763161.9319101053,765687.3454086714,760724.711331172,765158.2697426061,411874
2011-06-08,765158.2697426061,765158.2697426061,751917.5285044276,761581.4285503956,564220
2011-06-09,761581.4285503956,761581.4285503956,747461.7261997323,748727.7744119326,517278
2011-06-10,748727.7744119326,753967.0682995127,737684.033505565,743231.4241425364,649983
2011-06-13,743231.4241425364,769970.8916592239,743231.4241425364,768860.9541647116,613878
2011-06-14,768860.9541647116,768860.9541647116,750450.3422567868,754521.0200319593,537454
2011-06-15,754521.0200319593,801165.0672343812,754521.0200319593,794707.4922687808,447520
2011-06-16,794707.4922687808,808521.6988231244,792524.7777154562,797838.9860217863,403427
2011-06-17,797838.9860217863,797838.9860217863,764029.9134249074,765388.0326160894,494245
2011-06-20,765388.0326160894,791629.1939305639,765388.0326160894,784873.3681370299,564761
2011-06-21,784873.3681370299,832438.030457198,784873.3681370299,821229.4901236432,550236
2011-06-22,821229.4901236432,851254.1750690686,821229.4901236432,840056.9830409164,567753
2011-06-23,840056.9830409164,840056.9830409164,796914.3143403032,801118.8444208193,408690
2011-06-24,801118.8444208193,866858.6206403492,801118.8444208193,857231.7859370119,379910
2011-06-27,857231.7859370119,858538.1692808642,847381.5755435264,855326.2613793317,592138
2011-06-28,855326.2613793317,882420.6697190221,855326.2613793317,880405.400690158,502193
2011-06-29,880405.400690158,895148.9657662024,880405.400690158,895014.8263110907,415855
2011-06-30,895014.8263110907,895014.8263110907,871818.4884575335,877587.7240459884,492200
2011-07-01,877587.7240459884,900824.7468557368,877587.7240459884,898507.7779056586,386490
2011-07-04,898507.7779056586,933050.1536378061,898507.7779056586,924181.615088612,587334
2011-07-05,924181.615088612,956423.7355727268,924181.615088612,945996.1816001257,637325
2011-07-06,945996.1816001257,1001923.4352477753,945996.1816001257,996097.891408826,453852
2011-07-07,996097.891408826,1024642.3857840506,996097.891408826,1017186.7093321845,493078
2011-07-08,1017186.7093321845,1017186.7093321845,979531.7289177419,992582.885220741,390846
2011-07-11,992582.885220741,992582.885220741,956352.9897666869,968774.8275959748,451757
2011-07-12,968774.8275959748,1011682.4114377095,968774.8275959748,1000703.1425784929,641864
2011-07-13,1000703.1425784929,1000703.1425784929,943375.4976631316,943893.5606047265,510682
2011-07-14,943893.5606047265,943893.5606047265,913505.87831838,916919.5731029534,508676
2011-07-15,916919.5731029534,916919.5731029534,885910.545173537,892444.6165732937,406165
2011-07-18,892444.6165732937,892444.6165732937,848458.304150259,848485.692089401,506533
2011-07-19,848485.692089401,909327.2655113096,848485.692089401,896589.751624127,299265
2011-07-20,896589.751624127,904487.0787724314,892063.575961321,899569.7407694231,460805
2011-07-21,899569.7407694231,899569.7407694231,882466.066648977,889042.425070768,621174
2011-07-22,889042.425070768,948369.6145423205,889042.425070768,941852.2911252228,421852
2011-07-25,941852.2911252228,941852.2911252228,917144.0493399582,923852.3347417437,567127
2011-07-26,923852.3347417437,947827.759738161,923852.3347417437,945846.9382326449,507650
2011-07-27,945846.9382326449,948259.9504606121,935803.9443595833,936213.063966639,419393
2011-07-28,936213.063966639,985351.2499727323,936213.063966639,974925.4007403228,423761
2011-07-29,974925.4007403228,990581.0242027343,968575.1369158085,978346.6350561228,576535
2011-08-01,978346.6350561228,978346.6350561228,942590.6205068855,944939.5472379811,442835
2011-08-02,944939.5472379811,960105.8889051554,944939.5472379811,954887.0435667358,502000
2011-08-03,954887.0435667358,954887.0435667358,926900.8292208441,933939.7165131135,327968
2011-08-04,933939.7165131135,933939.7165131135,919424.6976467005,929674.1255781283,567635
2011-08-05,929674.1255781283,954733.9207171947,929674.1255781283,950531.6546621618,541113
2011-08-08,950531.6546621618,979434.9468332424,950531.6546621618,973152.5221514365,413442
2011-08-09,973152.5221514365,979461.2145909774,957953.915095138,970325.1331536332,496922
2011-08-10,970325.1331536332,979743.6795432713,963170.8570672033,974490.3792795496,445129
2011-08-11,974490.3792795496,974490.3792795496,950512.3851112126,960982.2556987862,549554
2011-08-12,960982.2556987862,964388.3012150887,953852.1787688778,961106.2073457759,500019
2011-08-15,961106.2073457759,991482.6994764918,961106.2073457759,989166.6371439651,443589
2011-08-16,989166.6371439651,989166.6371439651,914736.8563862189,923261.4978340262,418261
2011-08-17,923261.4978340262,943684.019997021,923261.4978340262,942633.1518505712,478890
2011-08-18,942633.1518505712,942633.1518505712,924686.7862514857,927477.909838065,560731
2011-08-19,927477.909838065,927477.909838065,894777.1139479908,895861.8370322841,500289
2011-08-22,895861.8370322841,895861.8370322841,853144.3141984681,864511.3706034796,507722
2011-08-23,864511.3706034796,907482.3328164184,864511.3706034796,896335.0564881146,529155
2011-08-24,896335.0564881146,912999.7112965116,896335.0564881146,902672.0664284751,540595
2011-08-25,902672.0664284751,902672.0664284751,882442.6622017054,885958.7047349707,516133
2011-08-26,885958.7047349707,901583.6989508877,885958.7047349707,898157.010279129,578635
2011-08-29,898157.010279129,918800.9211738827,898157.010279129,912969.1903919923,444728
2011-08-30,912969.1903919923,912969.1903919923,891682.1149988283,893196.773332415,463409
2011-08-31,893196.773332415,905061.9852825764,889633.2033811582,900944.1753260844,634124
2011-09-01,900944.1753260844,903030.207054553,897641.0111914835,901446.8277682805,541059
2011-09-02,901446.8277682805,907949.9709347998,901446.8277682805,904725.1333001053,476678
2011-09-05,904725.1333001053,936425.1878022343,904725.1333001053,936079.256274216,457397
2011-09-06,936079.256274216,936079.256274216,898150.4030125635,907504.5984736502,597200
2011-09-07,907504.5984736502,944188.4009691087,907504.5984736502,934674.5181626967,496265
2011-09-08,934674.5181626967,934674.5181626967,909443.9006054113,910503.6520889249,437694
2011-09-09,910503.6520889249,910503.6520889249,884278.6132989523,893578.3701437202,443381
2011-09-12,893578.3701437202,917093.8796359969,893578.3701437202,905685.285970424,489165
2011-09-13,905685.285970424,930664.2048182958,905685.285970424,918402.282184783,470349
2011-09-14,918402.282184783,918402.282184783,909439.1216445968,910838.3022485215,436761
2011-09-15,910838.3022485215,939817.7979350034,910838.3022485215,931812.2162802846,542179
2011-09-16,931812.2162802846,931812.2162802846,894849.2513375614,905009.9572058386,769565
2011-09-19,905009.9572058386,905009.9572058386,864664.256832318,868125.5778534894,603401
2011-09-20,868125.5778534894,883088.9035871645,868125.5778534894,882124.8355920654,638836
2011-09-21,882124.8355920654,899010.165193946,882124.8355920654,891166.4324610512,389373
2011-09-22,891166.4324610512,932864.0239131383,891166.4324610512,928036.5483144571,494174
2011-09-23,928036.5483144571,930241.6403278722,914232.1832061345,918297.5736904201,523077
2011-09-26,918297.5736904201,918297.5736904201,902845.1244547486,905304.7640457758,472116
2011-09-27,905304.7640457758,940160.4307406162,905304.7640457758,927442.9077094853,606109
2011-09-28,927442.9077094853,950993.3610600353,927442.9077094853,937047.330597898,386728
2011-09-29,937047.330597898,937047.330597898,915926.5455822661,916245.8073460698,782480
2011-09-30,916245.8073460698,1019938.64445622,916245.8073460698,1013598.7255252943,553715
2011-10-03,1013598.7255252943,1037875.3167028619,1013598.7255252943,1025301.4154670576,573117
2011-10-04,1025301.4154670576,1025301.4154670576,945220.2185851408,955571.2376228851,588874
2011-10-05,955571.2376228851,989209.570120598,955571.2376228851,982208.041131815,566416
2011-10-06,982208.041131815,1008179.027795618,982208.041131815,996369.9300853644,472872
2011-10-07,996369.9300853644,996369.9300853644,977537.5366925605,989879.7678367224,492668
2011-10-10,989879.7678367224,989879.7678367224,957493.0483099037,960547.2636404864,594973
2011-10-11,960547.2636404864,968735.8906036087,960547.2636404864,968511.4270451849,408732
2011-10-12,968511.4270451849,968511.4270451849,901948.2534663519,906777.4808368903,388959
2011-10-13,906777.4808368903,906777.4808368903,852380.6038250484,863727.0167407168,421710
2011-10-14,863727.0167407168,908266.0401372785,863727.0167407168,900107.4150057758,597928
2011-10-17,900107.4150057758,900107.4150057758,885008.3579307698,891193.0772619518,448950
2011-10-18,891193.0772619518,903237.7555286895,882801.0122625967,893182.886515785,493905
2011-10-19,893182.886515785,893182.886515785,847001.6559171985,851327.966050159,437136
2011-10-20,851327.966050159,908784.2692310462,851327.966050159,903380.1554898311,266504
2011-10-21,903380.1554898311,903380.1554898311,879598.4065785109,888794.0087395896,462464
2011-10-24,888794.0087395896,932096.641690184,888794.0087395896,920757.2290738842,650566
2011-10-25,920757.2290738842,953952.8498340222,920757.2290738842,941717.5619893256,378416
2011-10-26,941717.5619893256,964757.5262619505,941717.5619893256,963567.4568321395,513683
2011-10-27,963567.4568321395,963567.4568321395,943349.496582778,953611.9170910416,405550
2011-10-28,953611.9170910416,980282.157516352,953611.9170910416,968596.8744712775,455146
2011-10-31,968596.8744712775,968596.8744712775,948406.5925891211,953070.9497927793,619727
2011-11-01,953070.9497927793,1024139.4995661638,953070.9497927793,1015616.8661236501,633965
2011-11-02,1015616.8661236501,1015616.8661236501,976208.5435448556,980690.0640104903,507653
2011-11-03,980690.0640104903,980690.0640104903,950083.5706338917,957136.2068885361,531603
2011-11-04,957136.2068885361,969933.5345342458,950243.0771341892,959614.0469005575,327591
2011-11-07,959614.0469005575,998267.0119561689,959614.0469005575,988802.9402829084,653275
2011-11-08,988802.9402829084,988802.9402829084,966185.597290004,967952.8980784765,478477
2011-11-09,967952.8980784765,967952.8980784765,943303.0786655571,954078.1210747707,498723
2011-11-10,954078.1210747707,954078.1210747707,930436.6774184619,932811.5953144674,515114
2011-11-11,932811.5953144674,939357.1703226896,927398.4302553434,936025.6158625646,530148
2011-11-14,936025.6158625646,949320.1791930288,936025.6158625646,942608.2555789991,443852
2011-11-15,942608.2555789991,973041.3305133291,942608.2555789991,965814.4067752757,421392
2011-11-16,965814.4067752757,971870.7819788464,961998.6384981504,970942.939931571,345497
2011-11-17,970942.939931571,970942.939931571,925154.242941343,933383.355652149,555691
2011-11-18,933383.355652149,933383.355652149,837137.7572550025,841007.1114579244,394581
2011-11-21,841007.1114579244,851551.7418849749,835426.2698977761,842857.478293166,568418
2011-11-22,842857.478293166,842857.478293166,834604.2684996409,834826.8345695322,599476
2011-11-23,834826.8345695322,834826.8345695322,811723.1713879447,816400.437088952,442380
2011-11-24,816400.437088952,824701.0593745369,812905.0454908411,822114.7189883135,434465
2011-11-25,822114.7189883135,828645.4354999751,818578.1048258147,825795.5591936477,513020
2011-11-28,825795.5591936477,839313.3985250103,823312.7463477579,828556.4049234794,705692
2011-11-29,828556.4049234794,828556.4049234794,802541.5785751718,810623.2033842278,443656
2011-11-30,810623.2033842278,810623.2033842278,781909.9209386667,792931.5689624698,421993
2011-12-01,792931.5689624698,816506.2387022644,792931.5689624698,815943.4181000076,414663
2011-12-02,815943.4181000076,872339.4681339143,815943.4181000076,865314.99214855,580865
2011-12-05,865314.99214855,873436.6932372815,858100.5476915496,866978.7384949812,402469
2011-12-06,866978.7384949812,866978.7384949812,824718.3423033111,835470.0189221905,510846
2011-12-07,835470.0189221905,848687.7565084279,835470.0189221905,838430.2577049866,546009
2011-12-08,838430.2577049866,838430.2577049866,816235.9483317664,820250.4018089296,521180
2011-12-09,820250.4018089296,826052.6634313164,815589.1106472577,824290.507628005,403189
2011-12-12,824290.507628005,827260.5696971124,814443.8484454973,820717.6087483102,483469
2011-12-13,820717.6087483102,825859.1082103455,815938.8554685832,821060.5946228668,607230
2011-12-14,821060.5946228668,821060.5946228668,812407.0180753315,813525.4197549692,482216
2011-12-15,813525.4197549692,813525.4197549692,794998.8437474063,798499.9527457136,360154
2011-12-16,798499.9527457136,798499.9527457136,781353.1756012632,787831.5920715833,426797
2011-12-19,787831.5920715833,787831.5920715833,750042.5034278805,755649.2094938465,540899
2011-12-20,755649.2094938465,787631.8323598902,755649.2094938465,778779.7022554094,488009
2011-12-21,778779.7022554094,778779.7022554094,770788.2344402038,774197.329335941,463933
2011-12-22,774197.329335941,774197.329335941,752259.129312902,756817.7300325288,328940
2011-12-23,756817.7300325288,756817.7300325288,740891.8055528494,742374.0228288153,496678
2011-12-26,742374.0228288153,767033.8310327184,742374.0228288153,756699.2520626517,528995
2011-12-27,756699.2520626517,784252.0608794264,756699.2520626517,774961.4408137979,550970
2011-12-28,774961.4408137979,778088.7474815305,761252.1900876458,771781.4244396248,445879
2011-12-29,771781.4244396248,798143.0917068863,771781.4244396248,791780.1040574929,373934
2011-12-30,791780.1040574929,791780.1040574929,783014.3907951536,789402.4014595316,436625
2012-01-02,789402.4014595316,789402.4014595316,756338.9265236423,764091.9849411504,514002
2012-01-03,764091.9849411504,791036.2116870366,764091.9849411504,781912.4893226147,502055
2012-01-04,781912.4893226147,781912.4893226147,753243.0863788695,761438.0830812644,363758
2012-01-05,761438.0830812644,761438.0830812644,723197.5109920476,728050.9386536796,446423
2012-01-06,728050.9386536796,746225.8799671065,728050.9386536796,745404.4830370413,451798
2012-01-09,745404.4830370413,789955.8918630179,745404.4830370413,779634.2274959916,502741
2012-01-10,779634.2274959916,787752.429362982,778627.2867475976,780680.8579797938,466215
2012-01-11,780680.8579797938,780680.8579797938,762283.311785544,770649.157997054,544929
2012-01-12,770649.157997054,770649.157997054,744987.55544577,752710.8689297785,318774
2012-01-13,752710.8689297785,787377.2690959495,752710.8689297785,786863.0510030534,348706
2012-01-16,786863.0510030534,819652.0635930502,786863.0510030534,813449.3469574531,547012
2012-01-17,813449.3469574531,853811.9743281468,813449.3469574531,841876.3169753075,514822
2012-01-18,841876.3169753075,851928.6722396356,841876.3169753075,848234.2133706454,453719
2012-01-19,848234.2133706454,890226.1928541273,848234.2133706454,880894.7634725971,506502
2012-01-20,880894.7634725971,913386.2440418976,880894.7634725971,902503.9800735936,532594
2012-01-23,902503.9800735936,919187.0090343333,899329.0410303834,906656.7007586325,471179
2012-01-24,906656.7007586325,907239.9395726221,900618.2951233225,903590.5509794804,591333
2012-01-25,903590.5509794804,937529.4901081668,903590.5509794804,934905.6966583133,435015
2012-01-26,934905.6966583133,979236.4112116229,934905.6966583133,974494.7097981239,550754
2012-01-27,974494.7097981239,1009556.456867005,974494.7097981239,999480.1401661736,482244
2012-01-30,999480.1401661736,999480.1401661736,977037.1870358726,979232.3463218791,430386
2012-01-31,979232.3463218791,979232.3463218791,927754.9459017819,940496.9846874373,463504
2012-02-01,940496.9846874373,947914.9148149105,921563.8069113843,934236.2906678666,574773
2012-02-02,934236.2906678666,979802.6923184735,934236.2906678666,965722.1727400568,392316
2012-02-03,965722.1727400568,965722.1727400568,944580.9738953912,946521.951742356,496707
2012-02-06,946521.951742356,966428.5924071972,946521.951742356,965783.6020230935,355322
2012-02-07,965783.6020230935,1051363.9173174133,965783.6020230935,1050587.4178377842,486420
2012-02-08,1050587.4178377842,1052097.152525954,1040566.5933539779,1046523.3617684724,442741
2012-02-09,1046523.3617684724,1046523.3617684724,1006643.2083370435,1017192.5638205154,582131
2012-02-10,1017192.5638205154,1023359.1508091206,1017192.5638205154,1022627.1643597698,425457
2012-02-13,1022627.1643597698,1067139.916391847,1022627.1643597698,1060695.6323175777,578452
2012-02-14,1060695.6323175777,1116692.8485650367,1060695.6323175777,1105278.894718166,469739
2012-02-15,1105278.894718166,1105278.894718166,1053493.536597915,1064514.279746658,494284
2012-02-16,1064514.279746658,1064514.279746658,1045032.7764726962,1047668.2249080678,522571
2012-02-17,1047668.2249080678,1059305.403661092,1038100.854754065,1051789.7191364525,503920
2012-02-20,1051789.7191364525,1051789.7191364525,982713.6150336724,987230.2066461963,383974
2012-02-21,987230.2066461963,987230.2066461963,949022.3302111301,958040.0218006048,602861
2012-02-22,958040.0218006048,1007359.0421825001,958040.0218006048,996408.3074839396,366052
2012-02-23,996408.3074839396,1007074.2704594671,993556.0165755268,995370.425310726,678042
2012-02-24,995370.425310726,995370.425310726,944448.8352704011,949815.1831615712,572718
2012-02-27,949815.1831615712,993661.7394097055,949815.1831615712,984096.3692647228,467014
2012-02-28,984096.3692647228,1068546.449704532,984096.3692647228,1057796.1684249963,460093
2012-02-29,1057796.1684249963,1057796.1684249963,1004596.80250322,1018984.8967306588,552394
2012-03-01,1018984.8967306588,1018984.8967306588,943183.698585006,954642.5870789465,465830
2012-03-02,954642.5870789465,954642.5870789465,867681.3674151334,876863.2018662164,418911
2012-03-05,876863.2018662164,905163.3918762087,876863.2018662164,898514.8074117547,555810
2012-03-06,898514.8074117547,910757.9450933563,894715.2798861599,903961.4279000645,503531
2012-03-07,903961.4279000645,1153612.2684073467,903961.4279000645,1153336.0318906566,464730
2012-03-08,1153336.0318906566,1187751.7407718974,1153336.0318906566,1180648.6734838951,696961
2012-03-09,1180648.6734838951,1180648.6734838951,1139207.9479549832,1156214.9857981435,535797
2012-03-12,1156214.9857981435,1156214.9857981435,1132022.4628263332,1134137.1394394017,507859
2012-03-13,1134137.1394394017,1134137.1394394017,1090514.0211979437,1102708.176392345,528453
2012-03-14,1102708.176392345,1106682.4163602511,1086729.9004496303,1094455.9555446042,543405
2012-03-15,1094455.9555446042,1094455.9555446042,1066083.5777442502,1077867.842001113,570659
2012-03-16,1077867.842001113,1077867.842001113,1063852.8085291348,1067513.7374345283,432866
2012-03-19,1067513.7374345283,1070041.0518902298,1054606.9308697868,1066704.6153052899,632633
2012-03-20,1066704.6153052899,1066704.6153052899,1040100.3646588967,1051734.8926436517,453540
2012-03-21,1051734.8926436517,1076364.5571517963,1051734.8926436517,1066306.5996817222,448222
2012-03-22,1066306.5996817222,1127226.5075808659,1066306.5996817222,1110814.2473873124,557964
2012-03-23,1110814.2473873124,1117065.9062088886,1094935.685951767,1107136.2773760715,537576
2012-03-26,1107136.2773760715,1107136.2773760715,1090332.131050946,1095179.2080139888,702015
2012-03-27,1095179.2080139888,1095179.2080139888,1075207.9739054171,1091078.2049391393,410725
2012-03-28,1091078.2049391393,1142360.8374879526,1091078.2049391393,1139580.0072129192,591383
2012-03-29,1139580.0072129192,1139580.0072129192,1098334.2543342002,1103930.7994952057,528593
2012-03-30,1103930.7994952057,1104564.563549315,1085948.3309205365,1102432.5511444206,486448
2012-04-02,1102432.5511444206,1102432.5511444206,1047957.5726600648,1056926.7400764963,505297
2012-04-03,1056926.7400764963,1077117.4774721072,1056926.7400764963,1070237.127249862,674971
2012-04-04,1070237.127249862,1070237.127249862,1049789.302899018,1057598.2436672684,366441
2012-04-05,1057598.2436672684,1072422.936317242,1057598.2436672684,1063592.3833232964,629145
2012-04-06,1063592.3833232964,1063592.3833232964,1021899.7178673496,1026928.8450641835,406316
2012-04-09,1026928.8450641835,1028251.2184260554,1009523.0371660249,1016435.8717458211,482115
2012-04-10,1016435.8717458211,1035340.9514208293,1008907.5360029422,1024121.4005607225,528843
2012-04-11,1024121.4005607225,1024121.4005607225,1001097.9812355693,1009285.8963140856,498230
2012-04-12,1009285.8963140856,1009285.8963140856,955486.6024101884,958835.0434277718,529284
2012-04-13,958835.0434277718,958835.0434277718,930274.7703108524,943807.3674591739,512979
2012-04-16,943807.3674591739,943807.3674591739,884148.5759604233,894852.0088050048,498660
2012-04-17,894852.0088050048,902735.2684856757,891947.2944820252,892766.9380176634,593938
2012-04-18,892766.9380176634,911488.8288841983,887611.0976783851,898605.3098053075,559109
2012-04-19,898605.3098053075,898605.3098053075,851812.2202674681,863261.6555773614,472467
2012-04-20,863261.6555773614,878021.509768329,861284.1781912153,871754.409434237,597017
2012-04-23,871754.409434237,871754.409434237,859550.930983773,862722.6218247277,474904
2012-04-24,862722.6218247277,903787.0892213688,862722.6218247277,895413.0072307358,556219
2012-04-25,895413.0072307358,925751.1492995168,895413.0072307358,913537.2216623747,496066
2012-04-26,913537.2216623747,913537.2216623747,902556.6391990954,902953.2097958996,570315
2012-04-27,902953.2097958996,902953.2097958996,889390.0060948125,895875.5619997032,664979
2012-04-30,895875.5619997032,895875.5619997032,873237.5437910422,877421.519566602,380106
2012-05-01,877421.519566602,885584.5154950403,877421.519566602,885111.9761285235,613699
2012-05-02,885111.9761285235,885111.9761285235,849501.1179198306,859194.8685524273,411475
2012-05-03,859194.8685524273,859194.8685524273,815714.8854823208,825073.338718713,389584
2012-05-04,825073.338718713,866769.3488135713,825073.338718713,860093.0105975133,542819
2012-05-07,860093.0105975133,860093.0105975133,835339.0632231046,837309.5607933074,440508
2012-05-08,837309.5607933074,860413.7780128905,837309.5607933074,858544.0465821204,468934
2012-05-09,858544.0465821204,858544.0465821204,827459.9788555966,831797.6972520512,344696
2012-05-10,831797.6972520512,831797.6972520512,815154.2418277679,818420.730388246,505766
2012-05-11,818420.730388246,827251.458194774,808674.5262960173,820417.1650748735,319232
2012-05-14,820417.1650748735,823565.0485865384,801025.2477785684,811507.6341647162,505620
2012-05-15,811507.6341647162,813337.0712049906,797651.8208232112,803002.8782454224,516008
2012-05-16,803002.8782454224,814687.3765468117,798340.9774296574,805474.4849655974,484580
2012-05-17,805474.4849655974,819396.196776882,805474.4849655974,817675.2524748154,623266
2012-05-18,817675.2524748154,817675.2524748154,796212.0421628893,806558.1509957585,336497
2012-05-21,806558.1509957585,844403.7800068599,806558.1509957585,842768.853877161,446179
2012-05-22,842768.853877161,842768.853877161,824357.7190179881,826724.9095061655,459650
2012-05-23,826724.9095061655,826724.9095061655,800097.4436320006,800787.416292978,495244
2012-05-24,800787.416292978,800787.416292978,787099.4860304594,798783.739981184,334262
2012-05-25,798783.739981184,798783.739981184,765915.2073834698,775541.2484295026,527645
2012-05-28,775541.2484295026,775541.2484295026,743887.9076638645,753875.2728014591,391544
2012-05-29,753875.2728014591,753875.2728014591,740482.3806772822,749464.1258493323,378589
2012-05-30,749464.1258493323,764292.9394360624,749464.1258493323,758695.3880458514,564905
2012-05-31,758695.3880458514,804269.4019995331,758695.3880458514,793675.6878147059,447712
2012-06-01,793675.6878147059,836853.8243448428,793675.6878147059,827441.626990526,470045
2012-06-04,827441.626990526,829386.3179386022,818002.884802445,828030.8834938485,370214
2012-06-05,828030.8834938485,867857.7524786188,828030.8834938485,860040.7610390657,305423
2012-06-06,860040.7610390657,893363.2777399055,860040.7610390657,888772.854899994,501537
2012-06-07,888772.854899994,888772.854899994,861557.570702767,874192.8188058302,522850
2012-06-08,874192.8188058302,910618.0828243308,874192.8188058302,901554.1868599703,538345
2012-06-11,901554.1868599703,905511.814684058,889689.7836906915,893628.0177818807,501412
2012-06-12,893628.0177818807,893628.0177818807,873775.4421361403,878637.3595639503,581092
2012-06-13,878637.3595639503,878637.3595639503,856745.2009961735,862118.0900818749,487174
2012-06-14,862118.0900818749,862118.0900818749,838240.1437501571,846598.0543281188,615650
2012-06-15,846598.0543281188,865412.0460168688,842753.1414552638,854255.133350864,537357
2012-06-18,854255.133350864,854255.133350864,819864.7567338952,826480.1575963018,431526
2012-06-19,826480.1575963018,826480.1575963018,807779.5543415012,818719.1676519281,585512
2012-06-20,818719.1676519281,818719.1676519281,792100.5461342314,795991.159702427,569591
2012-06-21,795991.159702427,795991.159702427,770355.6208519203,772713.5610297378,414130
2012-06-22,772713.5610297378,772713.5610297378,750048.6693393731,753917.335000588,543627
2012-06-25,753917.335000588,768104.4355250074,753917.335000588,761278.4769526462,461647
2012-06-26,761278.4769526462,784064.2576153942,761278.4769526462,777581.4552307586,397267
2012-06-27,777581.4552307586,799899.1210056948,777581.4552307586,790612.7225536151,472685
2012-06-28,790612.7225536151,817964.8799171422,790612.7225536151,815222.5124558687,502338
2012-06-29,815222.5124558687,815222.5124558687,769748.3621276336,775175.8250714887,562517
2012-07-02,775175.8250714887,775175.8250714887,747450.5665787973,755945.6039078815,412270
2012-07-03,755945.6039078815,790494.6989739186,755945.6039078815,784514.5166435216,529622
2012-07-04,784514.5166435216,795103.7852972414,784514.5166435216,795066.2236823294,443917
2012-07-05,795066.2236823294,795066.2236823294,786331.0598870444,788813.1569185614,555768
2012-07-06,788813.1569185614,788813.1569185614,763445.6438516447,765573.7396565431,413872
2012-07-09,765573.7396565431,765573.7396565431,741506.1013440969,748463.8007221929,534867
2012-07-10,748463.8007221929,758172.2152666511,743146.0134061788,750383.2863682209,534161
2012-07-11,750383.2863682209,755917.0686215613,749167.3226201041,751672.2876259129,461794
2012-07-12,751672.2876259129,784486.5571891431,751672.2876259129,773569.1403830464,464476
2012-07-13,773569.1403830464,773569.1403830464,753246.2879156844,760753.1728129702,425472
2012-07-16,760753.1728129702,781265.7759456136,760753.1728129702,771438.4935453165,640925
2012-07-17,771438.4935453165,792755.3404880877,771438.4935453165,790302.8970592825,493377
2012-07-18,790302.8970592825,790916.0261481068,776037.7792018487,783656.6705082958,373853
2012-07-19,783656.6705082958,783656.6705082958,739082.6652823682,750071.0743020577,510384
2012-07-20,750071.0743020577,750071.0743020577,732263.0367986015,741131.8707236303,424946
2012-07-23,741131.8707236303,745863.1147875591,741131.8707236303,743463.3605406291,663536
2012-07-24,743463.3605406291,743463.3605406291,699336.7246891053,707019.3236112557,386757
2012-07-25,707019.3236112557,736329.4095515716,707019.3236112557,729453.1781199421,408917
2012-07-26,729453.1781199421,739311.5401992631,729453.1781199421,737534.7837750406,513341
2012-07-27,737534.7837750406,758498.7214962007,737534.7837750406,748071.3255955605,452865
2012-07-30,748071.3255955605,754620.6051845687,748071.3255955605,752521.6040997324,535349
2012-07-31,752521.6040997324,760826.7830354194,748357.5806148609,753567.7960258067,478668
2012-08-01,753567.7960258067,794765.2250122357,753567.7960258067,784555.9895787581,433836
2012-08-02,784555.9895787581,784555.9895787581,758895.5148595106,762747.0366033772,264395
2012-08-03,762747.0366033772,765639.9021966058,748174.9261509114,756098.7254393242,607381
2012-08-06,756098.7254393242,761865.184517483,751528.1436237557,760955.0050613972,490056
2012-08-07,760955.0050613972,762691.9553329624,749617.7788849587,756620.4691612842,401424
2012-08-08,756620.4691612842,773655.3110953498,756620.4691612842,769418.914365487,580031
2012-08-09,769418.914365487,769418.914365487,743944.5564549054,752192.932504942,338741
2012-08-10,752192.932504942,752192.932504942,724854.7708440222,725705.4049259654,434291
2012-08-13,725705.4049259654,735405.6993246427,722558.3746104117,726818.5586118452,489014
2012-08-14,726818.5586118452,726818.5586118452,690732.155849126,695160.0523960299,493552
2012-08-15,695160.0523960299,703100.1334931045,689980.1968842406,692717.9741937127,518289
2012-08-16,692717.9741937127,703127.7433521003,692216.6111326938,695202.9793043383,531323
2012-08-17,695202.9793043383,695202.9793043383,678025.4001442794,682887.7054145304,622522
2012-08-20,682887.7054145304,692692.8167001476,682887.7054145304,686615.0220070711,399142
2012-08-21,686615.0220070711,686615.0220070711,669811.8807327164,676178.1284184317,471758
2012-08-22,676178.1284184317,679100.0772019533,670965.7360599849,676903.5865530872,433677
2012-08-23,676903.5865530872,676903.5865530872,636442.272230488,643455.6567233165,502143
2012-08-24,643455.6567233165,657824.3121154715,640490.2658908917,649494.7879344089,662939
2012-08-27,649494.7879344089,651270.8584341482,648466.0726917128,648868.1542446979,342349
2012-08-28,648868.1542446979,648868.1542446979,624492.6644954118,629248.6911039123,638243
2012-08-29,629248.6911039123,638025.9536044911,627879.0647229016,632270.485814268,567893
2012-08-30,632270.485814268,635856.8001458035,621031.345076892,630069.5277350536,458669
2012-08-31,630069.5277350536,653543.3370205545,630069.5277350536,651788.9834285387,458084
2012-09-03,651788.9834285387,651788.9834285387,634951.3012947891,643622.2655220514,652266
2012-09-04,643622.2655220514,643622.2655220514,633808.9651488666,638839.5624136956,497440
2012-09-05,638839.5624136956,643408.3526345952,630642.6280923354,635082.2341265989,463827
2012-09-06,635082.2341265989,648897.4158039538,632433.9451079334,640717.7626107758,550929
2012-09-07,640717.7626107758,645757.8989658783,638133.3011751223,644766.880530965,573663
2012-09-10,644766.880530965,644766.880530965,634712.3634138965,638243.3879393461,588432
2012-09-11,638243.3879393461,638243.3879393461,610738.1079110174,616116.5628218319,551316
2012-09-12,616116.5628218319,627429.4261037897,615992.4354546091,624760.4074938084,638154
2012-09-13,624760.4074938084,628542.8256957874,623720.4979937789,626623.3734045867,485558
2012-09-14,626623.3734045867,634707.6328933779,626623.3734045867,634045.8987473048,486440
2012-09-17,634045.8987473048,659425.4559865146,634045.8987473048,653231.6701404904,559351
2012-09-18,653231.6701404904,705093.6599750794,653231.6701404904,697861.6647987177,469045
2012-09-19,697861.6647987177,697861.6647987177,678565.0791007106,686931.3758166516,431967
2012-09-20,686931.3758166516,720230.1949779249,686931.3758166516,718166.7964956914,554181
2012-09-21,718166.7964956914,720751.9114302146,705594.1507808291,710619.4171861751,469090
2012-09-24,710619.4171861751,730543.0914186516,710619.4171861751,728577.511437563,427541
2012-09-25,728577.511437563,737981.2831700216,728577.511437563,736874.1328820572,586931
2012-09-26,736874.1328820572,736874.1328820572,685701.8287209397,686186.2440093671,334582
2012-09-27,686186.2440093671,700864.9095436833,683866.2549696373,690532.0524756395,500696
2012-09-28,690532.0524756395,690532.0524756395,668120.0987058856,678057.4616850077,543759
2012-10-01,678057.4616850077,679794.3001050277,670118.6582164054,677664.1478065461,504635
2012-10-02,677664.1478065461,678594.0322155438,672804.4764988469,677993.6792262871,391946
2012-10-03,677993.6792262871,677993.6792262871,662574.3284618722,664045.406273485,554925
2012-10-04,664045.406273485,664045.406273485,643599.7761852681,650458.4357270712,533726
2012-10-05,650458.4357270712,650458.4357270712,622695.5820748978,625873.0780526367,462703
2012-10-08,625873.0780526367,625873.0780526367,621608.2805552516,623987.8638039883,389496
2012-10-09,623987.8638039883,623987.8638039883,603521.4522806006,609630.5307792767,639150
2012-10-10,609630.5307792767,617989.6723227925,606881.1397326712,614868.2483358298,537991
2012-10-11,614868.2483358298,614868.2483358298,586083.3832646708,594258.8095014432,445355
2012-10-12,594258.8095014432,594258.8095014432,574368.2868003467,581215.4864304125,532372
2012-10-15,581215.4864304125,581215.4864304125,575965.706756415,576893.0259960789,574890
2012-10-16,576893.0259960789,583156.604070214,569828.568686566,577765.1469969703,547702
2012-10-17,577765.1469969703,579834.5931574716,570162.8796394145,575051.3765311922,433543
2012-10-18,575051.3765311922,577761.3989535228,570707.6397108813,571940.5184807731,417995
2012-10-19,571940.5184807731,594665.0343373825,571940.5184807731,588706.2522435564,435087
2012-10-22,588706.2522435564,588706.2522435564,579890.9068909046,585658.518991757,586274
2012-10-23,585658.518991757,587138.2203370008,577504.974190458,582917.7676346955,579285
2012-10-24,582917.7676346955,582917.7676346955,560747.2075426865,562237.9217045506,512502
2012-10-25,562237.9217045506,562237.9217045506,538214.1618384523,546301.6049932486,582401
2012-10-26,546301.6049932486,546301.6049932486,534579.6335830903,537033.2189321794,541850
2012-10-29,537033.2189321794,562802.3823611245,537033.2189321794,556531.6057859042,571416
2012-10-30,556531.6057859042,559300.5683185164,552730.2489630209,555709.8785249396,376349
2012-10-31,555709.8785249396,572540.8971670318,555709.8785249396,568217.6899373742,585347
2012-11-01,568217.6899373742,568217.6899373742,549143.2365409571,550423.104462859,525970
2012-11-02,550423.104462859,558284.367217328,550423.104462859,557820.2822501453,593099
2012-11-05,557820.2822501453,560544.0496876249,545955.0414740174,554211.6948063041,498378
2012-11-06,554211.6948063041,554211.6948063041,544582.9426027368,552792.434308444,382899
2012-11-07,552792.434308444,571929.2404304112,552792.434308444,564776.358344078,463358
2012-11-08,564776.358344078,564776.358344078,553328.1670352627,555639.2205199953,553335
2012-11-09,555639.2205199953,571270.4927397844,555639.2205199953,571125.2266668403,455999
2012-11-12,571125.2266668403,605784.1859889654,571125.2266668403,597792.711457205,594042
2012-11-13,597792.711457205,603238.8317555072,591766.6173923888,598583.0912829064,496906
2012-11-14,598583.0912829064,624576.2289375536,598583.0912829064,618658.9969678003,550142
2012-11-15,618658.9969678003,618658.9969678003,607300.2793381505,608034.1613328791,560593
2012-11-16,608034.1613328791,608034.1613328791,588052.5393139599,594672.507473987,661913
2012-11-19,594672.507473987,594672.507473987,590992.0329582087,591348.9906643286,495426
2012-11-20,591348.9906643286,591348.9906643286,581904.1332621863,583559.4850994532,513756
2012-11-21,583559.4850994532,583559.4850994532,570817.5043370982,574271.8053431693,531134
2012-11-22,574271.8053431693,578742.4888611815,566801.8067884251,572107.0631769671,374823
2012-11-23,572107.0631769671,572453.2482625252,561620.7432619662,569927.5097217914,445059
2012-11-26,569927.5097217914,597039.6182413478,569927.5097217914,597032.1856624598,407650
2012-11-27,597032.1856624598,598928.6574795254,597032.1856624598,598866.0081197903,676184
2012-11-28,598866.0081197903,598866.0081197903,576852.6097743355,584572.3048761451,348416
2012-11-29,584572.3048761451,587166.7530851471,576173.3724931702,581185.7055659514,610821
2012-11-30,581185.7055659514,585820.2514858803,580538.3009382458,580599.2403906323,352355
2012-12-03,580599.2403906323,580599.2403906323,568783.3988485689,570288.7218504702,422863
2012-12-04,570288.7218504702,574437.0187712074,560685.0641386628,568173.2016671587,491673
2012-12-05,568173.2016671587,568173.2016671587,542542.9664528178,546966.8185890382,418360
2012-12-06,546966.8185890382,565397.1511437517,546966.8185890382,561263.6364486841,527258
2012-12-07,561263.6364486841,582457.6814038244,561263.6364486841,574375.4738489127,457315
2012-12-10,574375.4738489127,578294.8700358194,567973.505879277,571842.3234451106,412964
2012-12-11,571842.3234451106,571842.3234451106,563165.4505766769,563840.7970884155,599213
2012-12-12,563840.7970884155,604849.8556265971,563840.7970884155,602291.7381056513,621510
2012-12-13,602291.7381056513,615538.4162842169,602291.7381056513,614510.4557064457,541163
2012-12-14,614510.4557064457,646187.1643208588,614510.4557064457,642280.4463297753,480435
2012-12-17,642280.4463297753,649039.9239316491,636647.7597608524,645650.6491032547,367023
2012-12-18,645650.6491032547,665154.4790345987,645650.6491032547,660501.7711384869,525670
2012-12-19,660501.7711384869,668220.0587338642,660501.7711384869,666264.3243483946,469488
2012-12-20,666264.3243483946,666264.3243483946,651560.4442042868,656683.0004320622,553580
2012-12-21,656683.0004320622,656683.0004320622,644161.3928588905,644929.132348372,504619
2012-12-24,644929.132348372,654089.7118343012,644929.132348372,649526.3563066259,653351
2012-12-25,649526.3563066259,650782.2275027984,640339.6829316446,642057.3344213373,565491
2012-12-26,642057.3344213373,642057.3344213373,622456.8345794734,627774.2610794993,369543
2012-12-27,627774.2610794993,630311.2258109812,623479.4971602762,623544.3188165544,433674
2012-12-28,623544.3188165544,623544.3188165544,609706.7194751991,610265.2148038404,476554
2012-12-31,610265.2148038404,631340.1315715358,610265.2148038404,628294.6855455702,444547
2013-01-01,628294.6855455702,638770.2347493247,628294.6855455702,632529.8206002293,526269
2013-01-02,632529.8206002293,678281.3983306981,632529.8206002293,672579.2153004485,494339
2013-01-03,672579.2153004485,672579.2153004485,654004.740002111,657466.3386071386,585200
2013-01-04,657466.3386071386,660253.2561686346,646014.864992015,653901.2687517796,545208
2013-01-07,653901.2687517796,653901.2687517796,639048.2921052143,642822.3714630995,441593
2013-01-08,642822.3714630995,645855.0178902132,635444.6788817485,636800.9090050219,518543
2013-01-09,636800.9090050219,655881.7743998829,636800.9090050219,655030.2142357082,460647
2013-01-10,655030.2142357082,666857.417212116,653490.5143004425,660595.3900120825,470152
2013-01-11,660595.3900120825,712435.1989293029,660595.3900120825,708875.1203756693,427877
2013-01-14,708875.1203756693,720397.3734496168,708875.1203756693,710869.473075104,506823
2013-01-15,710869.473075104,710869.473075104,697807.6681735849,698971.1371920999,540265
2013-01-16,698971.1371920999,721379.1930223516,698971.1371920999,716477.1601387938,574748
2013-01-17,716477.1601387938,716477.1601387938,702668.2070720884,711505.0661802796,610206
2013-01-18,711505.0661802796,729894.1805368238,711505.0661802796,729105.2385587571,487586
2013-01-21,729105.2385587571,729105.2385587571,694570.46517135,696150.2574389124,508240
2013-01-22,696150.2574389124,707732.3329328255,692804.2260510083,697740.9759468079,501808
2013-01-23,697740.9759468079,697740.9759468079,668606.7687625217,678391.4350670172,415220
2013-01-24,678391.4350670172,703789.8149667965,678391.4350670172,703330.6512391992,415029
2013-01-25,703330.6512391992,720628.5681345856,703330.6512391992,710353.1642200678,332901
2013-01-28,710353.1642200678,710353.1642200678,671212.4730137994,678878.3296684958,381915
2013-01-29,678878.3296684958,695684.9670470855,678878.3296684958,694488.2613093958,625648
2013-01-30,694488.2613093958,695949.2035021965,681781.0202927887,688608.936578835,609716
2013-01-31,688608.936578835,708062.6593275651,688608.936578835,698918.3087949686,575952
2013-02-01,698918.3087949686,698918.3087949686,691977.3195484831,693812.7164158528,413475
2013-02-04,693812.7164158528,734098.1827270915,693812.7164158528,733943.4357741096,436675
2013-02-05,733943.4357741096,800857.4671130488,733943.4357741096,797325.5532380024,614921
2013-02-06,797325.5532380024,799649.9158557237,787254.5802055143,795674.4395251645,448824
2013-02-07,795674.4395251645,817372.6065118675,795674.4395251645,816201.5531377658,501591
2013-02-08,816201.5531377658,829459.8767994035,816201.5531377658,819060.4067888117,490679
2013-02-11,819060.4067888117,819060.4067888117,803341.6507436101,804071.1431215152,515695
2013-02-12,804071.1431215152,812864.495636215,800094.5084529136,804696.0272402557,438578
2013-02-13,804696.0272402557,804696.0272402557,771284.5238400375,774186.6863753808,629664
2013-02-14,774186.6863753808,774186.6863753808,752186.0326501913,755863.0267508312,388238
2013-02-15,755863.0267508312,758338.825496715,749634.1114131783,753546.0935227025,503013
2013-02-18,753546.0935227025,762965.3284276692,753546.0935227025,758681.143961635,442248
2013-02-19,758681.143961635,790618.6426509816,758681.143961635,780881.3316101318,412667
2013-02-20,780881.3316101318,780881.3316101318,755202.171132831,757070.2315276176,496615
2013-02-21,757070.2315276176,757070.2315276176,743758.9314742532,752087.4856427984,417178
2013-02-22,752087.4856427984,752087.4856427984,720484.9914247647,727880.4274408136,390201
2013-02-25,727880.4274408136,727880.4274408136,690535.3769327591,697960.8514489409,596033
2013-02-26,697960.8514489409,697960.8514489409,655659.0244926603,659030.0408508031,435858
2013-02-27,659030.0408508031,692394.9816873586,659030.0408508031,682754.854154766,338604
2013-02-28,682754.854154766,703631.7884030464,682754.854154766,697549.9101040596,493361
2013-03-01,697549.9101040596,705824.9862596937,695288.0674983084,700342.9604037706,714252
2013-03-04,700342.9604037706,717772.9359948875,700342.9604037706,717667.2207490331,593569
2013-03-05,717667.2207490331,717667.2207490331,679641.4962317555,687997.987102103,490907
2013-03-06,687997.987102103,715071.0218793158,687997.987102103,713275.8149956965,400769
2013-03-07,713275.8149956965,713275.8149956965,687369.5519794958,694571.6242766774,443138
2013-03-08,694571.6242766774,710641.550002591,694571.6242766774,704579.5623789198,535383
2013-03-11,704579.5623789198,709091.5839345652,693771.7403133343,701528.0198907527,720843
2013-03-12,701528.0198907527,754632.221502635,701528.0198907527,746101.7937812783,445335
2013-03-13,746101.7937812783,756862.5004601189,743827.071619546,748064.326578028,355948
2013-03-14,748064.326578028,755323.1204923795,738080.9758696099,747974.1239824581,440166
2013-03-15,747974.1239824581,760343.5736057275,746202.3355159838,754308.9011447146,504512
2013-03-18,754308.9011447146,754308.9011447146,708423.782428971,713573.8661519592,541572
2013-03-19,713573.8661519592,763385.1333208587,713573.8661519592,753689.6703700774,437713
2013-03-20,753689.6703700774,788001.8436977657,753689.6703700774,781007.3639635318,477408
2013-03-21,781007.3639635318,790260.83104455,774764.1453075788,782280.663856474,496673
2013-03-22,782280.663856474,791467.6532552318,775685.2569468528,787324.29851711,564686
2013-03-25,787324.29851711,793621.0495852596,787231.4765745251,788989.8813344768,502290
2013-03-26,788989.8813344768,788989.8813344768,753434.3916709475,763079.9626998133,531561
2013-03-27,763079.9626998133,763079.9626998133,715388.737865927,722635.5649256415,444194
2013-03-28,722635.5649256415,753331.4396992505,722635.5649256415,745693.7645963562,581443
2013-03-29,745693.7645963562,755724.359716021,744124.7188091916,744801.5613716261,398007
2013-04-01,744801.5613716261,748752.2579126828,744801.5613716261,748469.1132195682,558899
2013-04-02,748469.1132195682,748469.1132195682,731078.8612700464,733112.1326537651,559758
2013-04-03,733112.1326537651,773516.7320017223,733112.1326537651,770101.7303444353,564752
2013-04-04,770101.7303444353,796920.2008540978,770101.7303444353,787027.6582437382,498776
2013-04-05,787027.6582437382,836365.722465514,787027.6582437382,828368.5295027003,567203
2013-04-08,828368.5295027003,828368.5295027003,811006.908450418,811381.0983976002,568538
2013-04-09,811381.0983976002,870224.0972151005,811381.0983976002,863601.4308260778,449527
2013-04-10,863601.4308260778,873286.6273670471,862393.3565193029,865118.393185482,483667
2013-04-11,865118.393185482,869286.4297648588,848589.7924695768,861454.7232919559,602555
2013-04-12,861454.7232919559,912075.2684002374,861454.7232919559,906001.5667181872,527166
2013-04-15,906001.5667181872,906001.5667181872,867325.8614632554,868931.3720794946,583674
2013-04-16,868931.3720794946,881900.7865596301,868931.3720794946,881356.768215684,499801
2013-04-17,881356.768215684,923939.0445593188,881356.768215684,923513.4841385841,517238
2013-04-18,923513.4841385841,938335.0448484491,923513.4841385841,932016.7148136074,493507
2013-04-19,932016.7148136074,932016.7148136074,913724.7552618365,921080.5067022846,491285
2013-04-22,921080.5067022846,957846.893066339,921080.5067022846,954757.3896696223,365613
2013-04-23,954757.3896696223,968448.4734951066,948924.8452530433,962518.5665790676,499766
2013-04-24,962518.5665790676,962518.5665790676,905884.1670867439,910142.677423868,512051
2013-04-25,910142.677423868,958264.6201805947,910142.677423868,946056.7720541775,582252
2013-04-26,946056.7720541775,946056.7720541775,884567.1443846518,896707.8967874661,562834
2013-04-29,896707.8967874661,896707.8967874661,847561.3371846228,848779.623446331,486279
2013-04-30,848779.623446331,848779.623446331,758781.22657319,759834.3078958738,493681
2013-05-01,759834.3078958738,815339.7866226858,759834.3078958738,808557.6141618898,504193
2013-05-02,808557.6141618898,808557.6141618898,785894.6753180576,791149.3043651922,455938
2013-05-03,791149.3043651922,791149.3043651922,763988.4031285259,768341.1359194511,467246
2013-05-06,768341.1359194511,768341.1359194511,743849.7361411253,745979.1785263079,451041
2013-05-07,745979.1785263079,755248.178633975,743952.8497880881,751320.06802894,460783
2013-05-08,751320.06802894,789183.5462949534,751320.06802894,787673.2424599733,422385
2013-05-09,787673.2424599733,794478.8657985377,784020.8642453452,792847.7274052246,485420
2013-05-10,792847.7274052246,792847.7274052246,737175.4412548529,739323.7462964773,538164
2013-05-13,739323.7462964773,739323.7462964773,723343.5214334757,723598.4889687073,464817
2013-05-14,723598.4889687073,723598.4889687073,714447.5938928286,720066.1689176799,427546
2013-05-15,720066.1689176799,720066.1689176799,686839.8282004627,694762.1929607006,595669
2013-05-16,694762.1929607006,694762.1929607006,670438.2143766326,679730.54926537,517510
2013-05-17,679730.54926537,699789.353393246,679730.54926537,690816.946694199,331337
2013-05-20,690816.946694199,690816.946694199,655286.4532105172,662732.9324824759,415244
2013-05-21,662732.9324824759,662732.9324824759,639721.261071983,648276.8056756533,440491
2013-05-22,648276.8056756533,648276.8056756533,601659.5671099814,604985.9422492627,542620
2013-05-23,604985.9422492627,618588.3279668939,602075.4388854958,609779.4637325394,554331
2013-05-24,609779.4637325394,634052.2621648517,609779.4637325394,630403.0200006376,583997
2013-05-27,630403.0200006376,637857.4579261685,630403.0200006376,636412.7471068643,531301
2013-05-28,636412.7471068643,666765.4984319002,636412.7471068643,659081.7232037191,528374
2013-05-29,659081.7232037191,682146.0444781033,659081.7232037191,676133.8166143788,586810
2013-05-30,676133.8166143788,676133.8166143788,661551.5674888596,662126.3495318234,588779
2013-05-31,662126.3495318234,662126.3495318234,614306.4663346319,623156.8874751296,506106
2013-06-03,623156.8874751296,623156.8874751296,614459.2042472292,614695.5881829438,613633
2013-06-04,614695.5881829438,614695.5881829438,598631.3104369999,605826.65702219,471355
2013-06-05,605826.65702219,639064.254170598,605826.65702219,630114.98823523,572240
2013-06-06,630114.98823523,639760.1869151617,630114.98823523,637516.1340245686,530626
2013-06-07,637516.1340245686,700271.0843227761,637516.1340245686,692057.9676715641,512106
2013-06-10,692057.9676715641,692057.9676715641,676093.9915467569,681532.6661699781,478211
2013-06-11,681532.6661699781,681532.6661699781,655271.1257126216,661673.5240593398,510094
2013-06-12,661673.5240593398,661673.5240593398,597633.4278384768,605589.017383215,314768
2013-06-13,605589.017383215,624648.079177458,605589.017383215,620877.4465785905,605787
2013-06-14,620877.4465785905,660698.6549249988,620877.4465785905,657863.9025491482,438385
2013-06-17,657863.9025491482,657863.9025491482,641238.4002786845,647343.3592133266,485932
2013-06-18,647343.3592133266,647343.3592133266,637728.1772780846,638905.2202365622,490129
2013-06-19,638905.2202365622,638905.2202365622,606342.4036251236,608922.2669261737,514408
2013-06-20,608922.2669261737,622055.0454179113,608922.2669261737,616649.0478804442,571222
2013-06-21,616649.0478804442,616649.0478804442,591295.2569584644,597989.9554505134,553397
2013-06-24,597989.9554505134,597989.9554505134,587362.1956935651,592198.7038349075,489609
2013-06-25,592198.7038349075,613507.8651502789,592198.7038349075,611282.8878592816,550736
2013-06-26,611282.8878592816,641558.4254091635,611282.8878592816,641523.8988192645,611510
2013-06-27,641523.8988192645,641523.8988192645,615623.7569572948,624496.8152764392,454526
2013-06-28,624496.8152764392,689599.3400853194,624496.8152764392,680904.4954893617,507802
2013-07-01,680904.4954893617,715162.1170235192,680904.4954893617,705130.5565064414,613716
2013-07-02,705130.5565064414,709789.522511061,703444.9205417802,704795.3169496773,612454
2013-07-03,704795.3169496773,704795.3169496773,669381.2427893485,677649.639897445,522784
2013-07-04,677649.639897445,677649.639897445,661963.7873102452,662563.9047211881,533518
2013-07-05,662563.9047211881,723006.1027937792,662563.9047211881,720423.8730971086,483409
2013-07-08,720423.8730971086,740245.2243775646,720423.8730971086,740175.0214742419,651350
2013-07-09,740175.0214742419,740175.0214742419,658594.7877074179,667231.7532019435,636279
2013-07-10,667231.7532019435,716756.3821674241,667231.7532019435,714572.9026315933,690743
2013-07-11,714572.9026315933,791202.6972559992,714572.9026315933,780708.09176249,568786
2013-07-12,780708.09176249,815354.8518900223,780708.09176249,805322.8168821385,529537
2013-07-15,805322.8168821385,850570.3202988473,805322.8168821385,846741.4391119072,495629
2013-07-16,846741.4391119072,849328.2272118896,839555.5598335934,841266.740807215,419464
2013-07-17,841266.740807215,841266.740807215,826163.8388846888,828875.8169603185,540756
2013-07-18,828875.8169603185,876895.2417260987,828875.8169603185,864219.4767485295,620202
2013-07-19,864219.4767485295,864219.4767485295,854859.3363984918,856633.3490121653,494094
2013-07-22,856633.3490121653,856633.3490121653,829521.9239118098,834206.6497605679,488148
2013-07-23,834206.6497605679,834206.6497605679,810981.7075390865,816074.750642156,459140
2013-07-24,816074.750642156,826983.4819331046,810492.2885637255,817269.4772860591,450440
2013-07-25,817269.4772860591,817269.4772860591,791605.017750481,798767.7511654141,648958
2013-07-26,798767.7511654141,798767.7511654141,744738.9053953383,753438.3962844197,462148
2013-07-29,753438.3962844197,781982.23481749,753438.3962844197,776776.6140366814,583114
2013-07-30,776776.6140366814,776776.6140366814,767997.9391258887,768478.9628247212,529831
2013-07-31,768478.9628247212,768478.9628247212,756676.57249564,761642.3678263703,536190
2013-08-01,761642.3678263703,761642.3678263703,703726.175648051,707449.7209474619,508312
2013-08-02,707449.7209474619,707449.7209474619,667481.9104590826,675068.2883253121,420773
2013-08-05,675068.2883253121,675068.2883253121,626887.6681770671,627779.026094942,438339
2013-08-06,627779.026094942,627779.026094942,620987.3827670019,622765.8055329237,602504
2013-08-07,622765.8055329237,661375.1621455925,622765.8055329237,651874.4442476031,634020
2013-08-08,651874.4442476031,651874.4442476031,638960.2329605673,647837.7546607511,528790
2013-08-09,647837.7546607511,647837.7546607511,639863.2742036984,643188.3190475886,571992
2013-08-12,643188.3190475886,663877.5448182507,643188.3190475886,656599.4553488176,521963
2013-08-13,656599.4553488176,672856.3548897217,656599.4553488176,667186.5685976483,624524
2013-08-14,667186.5685976483,712634.5288395633,667186.5685976483,707833.4492803131,555696
2013-08-15,707833.4492803131,722748.6972908451,707833.4492803131,718166.1373253366,543619
2013-08-16,718166.1373253366,726035.3583679288,713328.3797126473,723191.1045409971,480320
2013-08-19,723191.1045409971,723191.1045409971,710698.9029917553,713585.02543067,496402
2013-08-20,713585.02543067,715574.7219905413,702669.7636022866,708444.362819239,393118
2013-08-21,708444.362819239,708444.362819239,697873.7431773208,703786.271248456,524712
2013-08-22,703786.271248456,710330.46714273,692991.3031332267,702890.2129757213,365968
2013-08-23,702890.2129757213,751979.5406822211,702890.2129757213,745436.2647305721,656813
2013-08-26,745436.2647305721,745436.2647305721,729222.7570485875,738665.112426432,373929
2013-08-27,738665.112426432,738665.112426432,709855.0609339917,710838.7364234393,471426
2013-08-28,710838.7364234393,710838.7364234393,682810.9406445025,687186.7923606837,567165
2013-08-29,687186.7923606837,713662.8801946065,687186.7923606837,709466.7090991345,460201
2013-08-30,709466.7090991345,709466.7090991345,697040.1678323153,697295.8993489449,559615
2013-09-02,697295.8993489449,697295.8993489449,679200.3220534342,680484.1187909843,471202
2013-09-03,680484.1187909843,707126.157575277,680484.1187909843,699460.4465978465,484530
2013-09-04,699460.4465978465,732079.831641983,699460.4465978465,727185.8351505651,559210
2013-09-05,727185.8351505651,749557.6960321872,727185.8351505651,738688.8297898318,524568
2013-09-06,738688.8297898318,746395.4069946676,726866.0658637936,737040.569816129,550492
2013-09-09,737040.569816129,757693.0273717216,737040.569816129,753399.4116898027,530870
2013-09-10,753399.4116898027,759534.3065058817,749563.4348510276,758187.2086967995,507907
2013-09-11,758187.2086967995,779601.2899925051,758187.2086967995,777955.4215503061,522852
2013-09-12,777955.4215503061,777955.4215503061,743926.3461449525,747330.9247181374,423652
2013-09-13,747330.9247181374,811438.4152898844,747330.9247181374,804664.9686950477,639764
2013-09-16,804664.9686950477,867100.2551291006,804664.9686950477,856522.7590093942,538740
2013-09-17,856522.7590093942,862017.7228107918,856522.7590093942,859819.6146675282,369660
2013-09-18,859819.6146675282,867299.0875393789,856924.9799322616,857584.8588233914,441687
2013-09-19,857584.8588233914,902951.409533026,857584.8588233914,890140.5697716417,512646
2013-09-20,890140.5697716417,939524.8168890913,890140.5697716417,931000.3017838191,485114
2013-09-23,931000.3017838191,931000.3017838191,901740.1384760035,910637.8059303008,628611
2013-09-24,910637.8059303008,973823.1048678809,910637.8059303008,962281.9168760714,585712
2013-09-25,962281.9168760714,962281.9168760714,942709.2509750272,943052.4591703278,536534
2013-09-26,943052.4591703278,987089.5151000401,943052.4591703278,973750.8013707624,358476
2013-09-27,973750.8013707624,973750.8013707624,927545.0151159554,936800.5849288654,493081
2013-09-30,936800.5849288654,940661.5777308022,920879.8519084222,933521.3008593607,481886
2013-10-01,933521.3008593607,933521.3008593607,893619.1413078778,895836.650690219,555937
2013-10-02,895836.650690219,944615.0538959594,895836.650690219,935326.4868984543,590885
2013-10-03,935326.4868984543,935326.4868984543,918952.3458464405,920447.9381374215,539495
2013-10-04,920447.9381374215,932966.5100544165,919768.4425909846,922832.2919666239,589270
2013-10-07,922832.2919666239,945361.3249690274,922832.2919666239,942699.1968025106,435114
2013-10-08,942699.1968025106,1057711.2799955125,942699.1968025106,1054595.4396233975,376311
2013-10-09,1054595.4396233975,1111312.383501375,1054595.4396233975,1100718.1353556737,520511
2013-10-10,1100718.1353556737,1100718.1353556737,1062848.4584992682,1067237.0395428578,503647
2013-10-11,1067237.0395428578,1067237.0395428578,1029750.6825300663,1034364.0768782902,508571
2013-10-14,1034364.0768782902,1083473.3954291383,1034364.0768782902,1073471.3436901167,520093
2013-10-15,1073471.3436901167,1077343.085811834,1067768.5465944107,1075067.5097455757,548897
2013-10-16,1075067.5097455757,1121220.3985475414,1075067.5097455757,1108301.2537979395,426279
2013-10-17,1108301.2537979395,1124160.609014108,1096298.6587858663,1109814.0311922466,482117
2013-10-18,1109814.0311922466,1153243.1865969899,1109814.0311922466,1139750.5498912486,362689
2013-10-21,1139750.5498912486,1256594.5439833773,1139750.5498912486,1254783.7976460566,511498
2013-10-22,1254783.7976460566,1263072.7718444197,1235528.4968362597,1245495.4611120275,502792
2013-10-23,1245495.4611120275,1257573.5231334213,1245495.4611120275,1253888.4349598188,558379
2013-10-24,1253888.4349598188,1335685.1510922571,1253888.4349598188,1320728.4618593447,517740
2013-10-25,1320728.4618593447,1330565.8919453295,1307956.1491075386,1323244.3648809511,393618
2013-10-28,1323244.3648809511,1331853.0859865348,1319910.302289595,1327305.9091627777,471434
2013-10-29,1327305.9091627777,1330754.0028282674,1326298.8510937432,1326839.9586621474,501813
2013-10-30,1326839.9586621474,1326839.9586621474,1261263.8597195058,1265074.081863666,371614
2013-10-31,1265074.081863666,1270320.593419691,1256717.8912129807,1259647.119942444,412994
2013-11-01,1259647.119942444,1259647.119942444,1216200.5815690337,1229285.8172271873,420374
2013-11-04,1229285.8172271873,1300917.0411497187,1229285.8172271873,1287021.396481411,507752
2013-11-05,1287021.396481411,1300076.526069197,1285218.528697547,1294055.1593006875,394375
2013-11-06,1294055.1593006875,1294055.1593006875,1275531.242471446,1278867.7856461804,549217
2013-11-07,1278867.7856461804,1341321.982718535,1278867.7856461804,1321974.669441212,459106
2013-11-08,1321974.669441212,1321974.669441212,1216880.9515118725,1230442.8704003026,709470
2013-11-11,1230442.8704003026,1290083.2018944172,1230442.8704003026,1271900.8787964496,525293
2013-11-12,1271900.8787964496,1339443.003663774,1271900.8787964496,1335086.166429942,585670
2013-11-13,1335086.166429942,1381831.4794416155,1335086.166429942,1372215.6417322159,419691
2013-11-14,1372215.6417322159,1378742.6615164168,1351667.4490084304,1362820.3826581875,492076
2013-11-15,1362820.3826581875,1477272.3766078204,1362820.3826581875,1460799.9153948473,486900
2013-11-18,1460799.9153948473,1460799.9153948473,1407838.846926343,1417173.2806818658,464047
2013-11-19,1417173.2806818658,1417173.2806818658,1320511.2291556313,1330666.4528256706,526205
2013-11-20,1330666.4528256706,1433428.1200761462,1330666.4528256706,1424368.6187351367,497741
2013-11-21,1424368.6187351367,1464938.598305865,1424368.6187351367,1459991.94101746,453708
2013-11-22,1459991.94101746,1536896.0497482845,1459991.94101746,1525552.8873738053,426544
2013-11-25,1525552.8873738053,1563076.0413216709,1525211.7794567167,1541103.1911703302,443204
2013-11-26,1541103.1911703302,1566224.8248218277,1540874.6027251869,1559192.2619656024,742443
2013-11-27,1559192.2619656024,1559192.2619656024,1487693.7637702036,1495650.1409400853,423273
2013-11-28,1495650.1409400853,1498262.1826063616,1469702.702173481,1489232.5994731095,542434
2013-11-29,1489232.5994731095,1608113.5991807976,1489232.5994731095,1587554.2474961278,562617
2013-12-02,1587554.2474961278,1616709.356531347,1585863.1488600443,1594026.0197102586,574009
2013-12-03,1594026.0197102586,1594026.0197102586,1571759.9707188716,1582376.9115972843,438076
2013-12-04,1582376.9115972843,1582376.9115972843,1548297.641546738,1569269.5276231414,488854
2013-12-05,1569269.5276231414,1674166.371640632,1569269.5276231414,1671699.09462013,658581
2013-12-06,1671699.09462013,1757294.2681554926,1671699.09462013,1733408.8686109884,460993
2013-12-09,1733408.8686109884,1833516.3002830574,1733408.8686109884,1820291.3301186892,441037
2013-12-10,1820291.3301186892,1885765.8388573555,1820291.3301186892,1865583.3078523746,399557
2013-12-11,1865583.3078523746,1865583.3078523746,1662821.117929971,1663724.5062656659,486745
2013-12-12,1663724.5062656659,1663724.5062656659,1597228.4757131524,1617045.956718095,731143
2013-12-13,1617045.956718095,1706356.3171337564,1617045.956718095,1684768.0728862116,396384
2013-12-16,1684768.0728862116,1684768.0728862116,1643191.804542838,1651228.846369726,335277
2013-12-17,1651228.846369726,1651228.846369726,1585966.4884680547,1599754.7252201529,423136
2013-12-18,1599754.7252201529,1700840.675410529,1599754.7252201529,1694294.6808019786,384444
2013-12-19,1694294.6808019786,1694294.6808019786,1602899.4649822942,1607293.881514422,567521
2013-12-20,1607293.881514422,1607293.881514422,1511640.5193676779,1522139.0101875784,523522
2013-12-23,1522139.0101875784,1522139.0101875784,1487249.8765988841,1498019.1349544504,557179
2013-12-24,1498019.1349544504,1498019.1349544504,1444195.905249761,1457058.0043619021,550356
2013-12-25,1457058.0043619021,1548616.523086732,1457058.0043619021,1537281.2789200023,562530
2013-12-26,1537281.2789200023,1537281.2789200023,1401044.7498813942,1402766.6948309138,414724
2013-12-27,1402766.6948309138,1402766.6948309138,1383689.684008204,1383807.6068455812,564044
2013-12-30,1383807.6068455812,1383807.6068455812,1369521.952165398,1381291.092854532,526083
2013-12-31,1381291.092854532,1381291.092854532,1272604.988377391,1290507.9763282964,407106
2014-01-01,1290507.9763282964,1303833.9620084385,1282328.0157356462,1291313.1112998507,486529
2014-01-02,1291313.1112998507,1302755.7398271046,1291313.1112998507,1298908.3384528197,407508
2014-01-03,1298908.3384528197,1350724.5813254905,1298908.3384528197,1345005.8832930927,515141
2014-01-06,1345005.8832930927,1423439.5539850653,1345005.8832930927,1402740.1737883403,496470
2014-01-07,1402740.1737883403,1500781.085281914,1402740.1737883403,1483197.8533413552,713825
2014-01-08,1483197.8533413552,1483197.8533413552,1357757.027862653,1365758.8675257317,543764
2014-01-09,1365758.8675257317,1376914.9908839331,1352173.362037314,1370416.920418854,636336
2014-01-10,1370416.920418854,1412960.8273487478,1370416.920418854,1403992.6495712798,437405
2014-01-13,1403992.6495712798,1403992.6495712798,1351230.9231064324,1364652.0542918867,678605
2014-01-14,1364652.0542918867,1393649.6140938366,1364652.0542918867,1374536.3834027937,433332
2014-01-15,1374536.3834027937,1400986.1595874391,1374536.3834027937,1383946.9825504164,436750
2014-01-16,1383946.9825504164,1383946.9825504164,1300745.6145974454,1304418.7624442372,546074
2014-01-17,1304418.7624442372,1341748.754103776,1304418.7624442372,1339293.4946074672,571761
2014-01-20,1339293.4946074672,1442439.6797166795,1339293.4946074672,1439519.510115009,446763
2014-01-21,1439519.510115009,1491660.7824399017,1439519.510115009,1479137.3502693733,693560
2014-01-22,1479137.3502693733,1523390.846165507,1479137.3502693733,1506217.5337523976,527173
2014-01-23,1506217.5337523976,1535345.4754786529,1506217.5337523976,1529491.0354529007,523569
2014-01-24,1529491.0354529007,1534173.7858742708,1518668.1037642462,1523786.6677734272,483451
2014-01-27,1523786.6677734272,1523786.6677734272,1447722.8602835035,1449551.1724033244,526320
2014-01-28,1449551.1724033244,1449551.1724033244,1398642.5717992208,1409523.906608597,443897
2014-01-29,1409523.906608597,1409523.906608597,1352392.317640586,1365948.2278929923,531269
2014-01-30,1365948.2278929923,1365948.2278929923,1322789.8943812232,1336424.2116807103,475922
2014-01-31,1336424.2116807103,1336424.2116807103,1269397.992872925,1276091.384924248,408097
2014-02-03,1276091.384924248,1302465.9550461853,1276091.384924248,1288947.7762859112,556043
2014-02-04,1288947.7762859112,1340259.025128184,1288947.7762859112,1330339.614849068,541478
2014-02-05,1330339.614849068,1377737.9197901443,1330339.614849068,1372731.2029264632,351192
2014-02-06,1372731.2029264632,1420999.2401304329,1372731.2029264632,1406178.7217999368,413172
2014-02-07,1406178.7217999368,1457522.5177245887,1406178.7217999368,1439648.1578878849,483757
2014-02-10,1439648.1578878849,1449705.1454635996,1437171.2580715732,1440552.4670721777,375892
2014-02-11,1440552.4670721777,1441217.221939616,1405031.83147622,1423985.8416375746,505666
2014-02-12,1423985.8416375746,1423985.8416375746,1388435.4814886013,1402586.4188899398,674110
2014-02-13,1402586.4188899398,1433019.604640125,1402586.4188899398,1412846.0735443851,565325
2014-02-14,1412846.0735443851,1507512.9175588011,1412846.0735443851,1491001.747739724,488010
2014-02-17,1491001.747739724,1523448.4724226731,1491001.747739724,1518049.6921494477,557719
2014-02-18,1518049.6921494477,1596091.3501651092,1518049.6921494477,1587046.6666881924,409307
2014-02-19,1587046.6666881924,1587046.6666881924,1556099.0831367911,1568095.364743724,715681
2014-02-20,1568095.364743724,1673928.112939134,1568095.364743724,1673409.7578028932,517432
2014-02-21,1673409.7578028932,1727391.2224816168,1673409.7578028932,1715042.0196377132,580978
2014-02-24,1715042.0196377132,1715042.0196377132,1675364.8405852134,1692215.1212270733,407863
2014-02-25,1692215.1212270733,1716432.8758657535,1670841.9165808687,1693928.4196963226,486977
2014-02-26,1693928.4196963226,1717685.3494724636,1687316.9715764986,1694871.191806659,468298
2014-02-27,1694871.191806659,1694871.191806659,1662215.3708063813,1666836.0434920613,594297
2014-02-28,1666836.0434920613,1726026.2247923582,1666836.0434920613,1718856.0169703509,580937
2014-03-03,1718856.0169703509,1718856.0169703509,1675378.1525688206,1688496.684821156,464786
2014-03-04,1688496.684821156,1708730.6613416756,1676784.0507457305,1690176.077655038,416448
2014-03-05,1690176.077655038,1727273.9350202389,1682642.7261956374,1703409.2114374053,423702
2014-03-06,1703409.2114374053,1744520.480736633,1703409.2114374053,1728867.7681408867,590573
2014-03-07,1728867.7681408867,1728867.7681408867,1686565.241967039,1703341.3974160529,432782
2014-03-10,1703341.3974160529,1738174.8004260696,1703341.3974160529,1718810.3607221504,486797
2014-03-11,1718810.3607221504,1718810.3607221504,1621333.554633392,1636776.726031226,503414
2014-03-12,1636776.726031226,1681344.876281928,1636776.726031226,1658100.3935070063,479956
2014-03-13,1658100.3935070063,1696586.436097927,1656798.3717607257,1676611.5898349604,461855
2014-03-14,1676611.5898349604,1732207.8309229726,1676611.5898349604,1708401.598011202,485683
2014-03-17,1708401.598011202,1740821.6936225903,1708401.598011202,1734449.7295017554,466865
2014-03-18,1734449.7295017554,1764441.5243705902,1734449.7295017554,1762850.7456403826,581854
2014-03-19,1762850.7456403826,1803126.4535536577,1762850.7456403826,1800966.5071683237,373445
2014-03-20,1800966.5071683237,1826971.2187543614,1800966.5071683237,1824056.1180764853,498772
2014-03-21,1824056.1180764853,1833505.0809919196,1813253.5463595963,1831854.8011118833,529742
2014-03-24,1831854.8011118833,1831854.8011118833,1798502.3692672618,1821209.6821998996,503976
2014-03-25,1821209.6821998996,1853397.8567217959,1821209.6821998996,1831483.8222096576,475229
2014-03-26,1831483.8222096576,1900207.6157552737,1831483.8222096576,1878606.0539210534,576800
2014-03-27,1878606.0539210534,1926917.1250821082,1878606.0539210534,1920046.8146671294,590803
2014-03-28,1920046.8146671294,1925510.5648038401,1907395.185188305,1912372.699987625,429200
2014-03-31,1912372.699987625,1977107.6091319355,1912372.699987625,1965927.1611227673,487344
2014-04-01,1965927.1611227673,1965927.1611227673,1882953.6468209212,1894616.3477242223,552622
2014-04-02,1894616.3477242223,1927125.3462598172,1894616.3477242223,1922379.1835273844,581395
2014-04-03,1922379.1835273844,1922379.1835273844,1781730.7631833088,1800107.3727346566,458244
2014-04-04,1800107.3727346566,1859540.0220515411,1800107.3727346566,1835871.6043296566,364567
2014-04-07,1835871.6043296566,1837128.2886400237,1816609.8999737878,1826088.4185716044,536182
2014-04-08,1826088.4185716044,1826088.4185716044,1777190.172240567,1784757.2686845355,499822
2014-04-09,1784757.2686845355,1885102.740611163,1784757.2686845355,1859253.1482280907,482432
2014-04-10,1859253.1482280907,1859253.1482280907,1811933.8699597863,1835920.6813340231,546370
2014-04-11,1835920.6813340231,1835920.6813340231,1784555.216278568,1808804.6510948285,516881
2014-04-14,1808804.6510948285,1808804.6510948285,1770841.2032888485,1790396.5551940878,487944
2014-04-15,1790396.5551940878,1793288.2775453425,1772337.723880894,1780771.8070936503,546180
2014-04-16,1780771.8070936503,1780771.8070936503,1733668.231108271,1747163.6735847548,436619
2014-04-17,1747163.6735847548,1795051.574391945,1747163.6735847548,1780291.1118192105,427210
2014-04-18,1780291.1118192105,1833587.749570053,1780291.1118192105,1816345.8638949962,576266
2014-04-21,1816345.8638949962,1816345.8638949962,1778713.4123681283,1789183.1821794503,434498
2014-04-22,1789183.1821794503,1817705.3351995556,1789183.1821794503,1813343.4866739598,568118
2014-04-23,1813343.4866739598,1890197.5674271837,1813343.4866739598,1882220.2057383382,479754
2014-04-24,1882220.2057383382,1887273.014468933,1868176.109268319,1886449.0028406556,455421
2014-04-25,1886449.0028406556,1886449.0028406556,1848558.0750353185,1863367.7164084252,596151
2014-04-28,1863367.7164084252,1863367.7164084252,1802840.8453589585,1809237.5924869878,553644
2014-04-29,1809237.5924869878,1809237.5924869878,1748453.375368336,1754011.3656986186,465135
2014-04-30,1754011.3656986186,1789162.4740787784,1754011.3656986186,1772348.648985708,581207
2014-05-01,1772348.648985708,1772348.648985708,1732972.439183829,1750566.9873255293,495433
2014-05-02,1750566.9873255293,1752445.5937476302,1721115.6935848005,1738456.1464662896,567426
2014-05-05,1738456.1464662896,1738456.1464662896,1640855.339325056,1650056.3109524308,506199
2014-05-06,1650056.3109524308,1650056.3109524308,1569076.3827246642,1577118.3917980122,508468
2014-05-07,1577118.3917980122,1667701.1459109047,1577118.3917980122,1648587.6447158528,412441
2014-05-08,1648587.6447158528,1675754.5286564787,1648587.6447158528,1666822.1337111813,596589
2014-05-09,1666822.1337111813,1666822.1337111813,1545187.6125047065,1560038.6510764626,444382
2014-05-12,1560038.6510764626,1560038.6510764626,1512483.330906774,1519141.79936488,620978
2014-05-13,1519141.79936488,1519141.79936488,1482264.0117999024,1488920.207111472,492707
2014-05-14,1488920.207111472,1488920.207111472,1435133.4594059612,1444967.2658311634,501925
2014-05-15,1444967.2658311634,1469841.9984664614,1444967.2658311634,1450035.1697424832,471057
2014-05-16,1450035.1697424832,1486434.2920438803,1450035.1697424832,1478865.0334224328,445189
2014-05-19,1478865.0334224328,1495217.174311163,1460935.376303041,1473606.4882015993,401095
2014-05-20,1473606.4882015993,1506868.6685348104,1473606.4882015993,1501842.0584306933,518513
2014-05-21,1501842.0584306933,1535306.7229908118,1501842.0584306933,1527119.396869641,472855
2014-05-22,1527119.396869641,1562241.7412214985,1527119.396869641,1550379.2236060218,558395
2014-05-23,1550379.2236060218,1550379.2236060218,1498188.142329847,1503101.4474565845,480985
2014-05-26,1503101.4474565845,1503101.4474565845,1470840.6037450202,1474895.6888916711,502017
2014-05-27,1474895.6888916711,1517543.7749575174,1474895.6888916711,1512795.2446739594,672568
2014-05-28,1512795.2446739594,1540122.3486946863,1504659.6569620953,1520429.0452986006,603392
2014-05-29,1520429.0452986006,1524490.9954528182,1507430.5448098835,1512337.9051510699,360029
2014-05-30,1512337.9051510699,1512337.9051510699,1478604.7977377612,1498420.080669312,469003
2014-06-02,1498420.080669312,1640250.244834582,1498420.080669312,1627485.0208089289,620728
2014-06-03,1627485.0208089289,1728549.803471145,1627485.0208089289,1704644.3162658496,578048
2014-06-04,1704644.3162658496,1704644.3162658496,1637125.7112379286,1648449.7343995757,458641
2014-06-05,1648449.7343995757,1677657.9005464115,1637698.1259119094,1656430.6223486643,311412
2014-06-06,1656430.6223486643,1745569.1353114797,1656430.6223486643,1725545.698514905,626109
2014-06-09,1725545.698514905,1755105.1686179389,1718453.4782693833,1739768.0690210392,359724
2014-06-10,1739768.0690210392,1801518.388592515,1739768.0690210392,1776569.623167069,585488
2014-06-11,1776569.623167069,1808500.5972131335,1768729.9811985514,1794306.6228354797,570068
2014-06-12,1794306.6228354797,1794306.6228354797,1731872.073383575,1757516.7712551185,482223
2014-06-13,1757516.7712551185,1757516.7712551185,1723557.3661779386,1736970.7742651075,610900
2014-06-16,1736970.7742651075,1745456.8034051873,1719813.54824407,1730849.3579652498,555599
2014-06-17,1730849.3579652498,1730849.3579652498,1693994.643172531,1702718.81761428,502891
2014-06-18,1702718.81761428,1702718.81761428,1656198.1668927267,1674596.952677199,589159
2014-06-19,1674596.952677199,1753638.1774264192,1674596.952677199,1742709.5017169912,500479
2014-06-20,1742709.5017169912,1742709.5017169912,1674407.2013307838,1699032.3187924859,561082
2014-06-23,1699032.3187924859,1699032.3187924859,1656403.1065937916,1679247.8571370507,521624
2014-06-24,1679247.8571370507,1681584.8848659543,1644989.376336403,1664653.640007758,642181
2014-06-25,1664653.640007758,1664653.640007758,1650787.567536037,1655555.3348483648,421983
2014-06-26,1655555.3348483648,1655555.3348483648,1632217.9230915485,1646190.3792415517,373592
2014-06-27,1646190.3792415517,1646190.3792415517,1580388.5598127174,1594918.599834716,637439
2014-06-30,1594918.599834716,1594918.599834716,1557016.0455963747,1576629.3296502968,602135
2014-07-01,1576629.3296502968,1576629.3296502968,1544507.2100356992,1558290.1174458172,604014
2014-07-02,1558290.1174458172,1558290.1174458172,1516235.5973981614,1518260.3197117294,371522
2014-07-03,1518260.3197117294,1518260.3197117294,1482272.2255262076,1499446.961567799,512203
2014-07-04,1499446.961567799,1501895.5180539014,1485988.7465091206,1491026.3161093183,431613
2014-07-07,1491026.3161093183,1533358.3483401535,1491026.3161093183,1523866.3067997484,793597
2014-07-08,1523866.3067997484,1561760.2431702877,1523866.3067997484,1538797.5656121077,597305
2014-07-09,1538797.5656121077,1549883.500605024,1533591.404574824,1535024.8352211206,596100
2014-07-10,1535024.8352211206,1584309.4450112039,1535024.8352211206,1578733.8645124359,558845
2014-07-11,1578733.8645124359,1581995.1066464973,1554657.6874130524,1567871.576595982,548073
2014-07-14,1567871.576595982,1596754.4218230352,1567871.576595982,1583686.8886489372,619608
2014-07-15,1583686.8886489372,1583686.8886489372,1502211.2297551183,1517912.1052668726,519381
2014-07-16,1517912.1052668726,1517912.1052668726,1487670.8202485363,1500149.5083685012,741970
2014-07-17,1500149.5083685012,1632550.0128650216,1500149.5083685012,1616848.6565693875,518942
2014-07-18,1616848.6565693875,1616848.6565693875,1568638.658420852,1592133.5464250413,636312
2014-07-21,1592133.5464250413,1592133.5464250413,1527620.3751416365,1528530.225033217,406401
2014-07-22,1528530.225033217,1528530.225033217,1417104.9327041022,1434420.6735774982,462568
2014-07-23,1434420.6735774982,1434420.6735774982,1332880.3295750327,1344852.3971898032,579159
2014-07-24,1344852.3971898032,1367227.4508368983,1339797.780507741,1352419.642089264,532233
2014-07-25,1352419.642089264,1405121.756962584,1352419.642089264,1402727.2677607806,494479
2014-07-28,1402727.2677607806,1420496.3976669493,1400525.5728227862,1402620.4033975163,475826
2014-07-29,1402620.4033975163,1420590.0290461534,1402325.9957901968,1414713.668677347,453177
2014-07-30,1414713.668677347,1414713.668677347,1379675.2175257434,1394422.9314376088,463163
2014-07-31,1394422.9314376088,1400913.5481023283,1378102.9008597336,1391914.476389308,449631
2014-08-01,1391914.476389308,1436353.3922613282,1391914.476389308,1416194.04661948,509815
2014-08-04,1416194.04661948,1487367.7896167517,1416194.04661948,1486020.2721045816,547061
2014-08-05,1486020.2721045816,1486020.2721045816,1379770.5273442287,1385974.852044773,387442
2014-08-06,1385974.852044773,1395193.3873697196,1362083.6957588815,1379250.5762697544,543660
2014-08-07,1379250.5762697544,1441102.0771665566,1379250.5762697544,1430780.2150760742,495531
2014-08-08,1430780.2150760742,1430780.2150760742,1410990.8210197412,1411958.9558857174,450667
2014-08-11,1411958.9558857174,1480759.622164368,1411958.9558857174,1466564.3229362934,653962
2014-08-12,1466564.3229362934,1503493.0722798768,1464767.4392250935,1484677.8814875667,476464
2014-08-13,1484677.8814875667,1484677.8814875667,1393396.6879483697,1398280.8610593323,537714
2014-08-14,1398280.8610593323,1416656.8441640737,1398280.8610593323,1410132.2142542345,478403
2014-08-15,1410132.2142542345,1410132.2142542345,1383020.5235987033,1386173.46766147,608783
2014-08-18,1386173.46766147,1413262.2742206221,1386173.46766147,1405147.5181379712,536577
2014-08-19,1405147.5181379712,1432590.539768555,1405147.5181379712,1423100.3075638402,338802
2014-08-20,1423100.3075638402,1442215.855190553,1423100.3075638402,1430201.7055300681,529811
2014-08-21,1430201.7055300681,1435769.4338363733,1408641.2598320828,1428442.0982157858,553473
2014-08-22,1428442.0982157858,1472921.0680390575,1428442.0982157858,1456626.5436187673,533113
2014-08-25,1456626.5436187673,1456626.5436187673,1393659.3843441969,1394168.4345462176,502168
2014-08-26,1394168.4345462176,1394168.4345462176,1356756.8152428449,1367332.4320434497,528639
2014-08-27,1367332.4320434497,1376269.5653162114,1357743.3287828416,1366170.5430372956,585075
2014-08-28,1366170.5430372956,1366170.5430372956,1332527.3072386982,1350148.476343956,567194
2014-08-29,1350148.476343956,1373128.5219385307,1350148.476343956,1363738.6165657209,554297
2014-09-01,1363738.6165657209,1374878.0038819292,1348646.5980810795,1362707.8163748302,545830
2014-09-02,1362707.8163748302,1362707.8163748302,1285810.3794831843,1304617.44585204,487421
2014-09-03,1304617.44585204,1362011.8139680158,1304617.44585204,1352103.3726806955,398618
2014-09-04,1352103.3726806955,1386412.3917223427,1352103.3726806955,1373295.3337651228,454890
2014-09-05,1373295.3337651228,1392440.7089303322,1370336.4199575915,1376960.5402572416,596922
2014-09-08,1376960.5402572416,1387652.958292632,1348464.3844619703,1367843.8521462902,588539
2014-09-09,1367843.8521462902,1387702.468200771,1362530.1852189507,1377196.437285297,459496
2014-09-10,1377196.437285297,1391372.9109361006,1371381.575248547,1378294.4523818428,451749
2014-09-11,1378294.4523818428,1378294.4523818428,1345501.0781493357,1357218.3486301363,489929
2014-09-12,1357218.3486301363,1361785.914657323,1354676.488121852,1355988.6202701384,608091
2014-09-15,1355988.6202701384,1415912.9244352428,1355988.6202701384,1399781.243006621,449800
2014-09-16,1399781.243006621,1427777.4732173313,1394729.0527769646,1412316.3854548512,408093
2014-09-17,1412316.3854548512,1412316.3854548512,1376069.4821579745,1379539.162444588,522404
2014-09-18,1379539.162444588,1429839.6858931996,1379539.162444588,1425176.8339008961,469265
2014-09-19,1425176.8339008961,1479404.5479948171,1425176.8339008961,1479051.610661966,599997
2014-09-22,1479051.610661966,1492975.4632457884,1473141.8404548473,1481527.7941858945,590490
2014-09-23,1481527.7941858945,1524993.143001519,1481527.7941858945,1511950.7782882594,498674
2014-09-24,1511950.7782882594,1511950.7782882594,1471302.1896255177,1493666.3175701394,576048
2014-09-25,1493666.3175701394,1610956.5613759228,1493666.3175701394,1587178.9937088126,375290
2014-09-26,1587178.9937088126,1624647.7757880837,1587178.9937088126,1608876.9185604479,383692
2014-09-29,1608876.9185604479,1776335.2855906268,1608876.9185604479,1751239.2784339827,571290
2014-09-30,1751239.2784339827,1816212.0942951213,1751239.2784339827,1795064.0237638361,591142
2014-10-01,1795064.0237638361,1809529.3688905463,1776497.2344241154,1799828.5367389717,550247
2014-10-02,1799828.5367389717,1872311.8486430089,1799828.5367389717,1850110.0034524568,491732
2014-10-03,1850110.0034524568,1889621.9282943709,1850110.0034524568,1879325.6099248086,619507
2014-10-06,1879325.6099248086,1899310.5503395125,1851286.874507341,1878409.561329406,590904
2014-10-07,1878409.561329406,1878409.561329406,1795254.9142561436,1798110.8490389555,575764
2014-10-08,1798110.8490389555,1923351.5046410423,1798110.8490389555,1908817.449940006,517085
2014-10-09,1908817.449940006,1994864.769362017,1908817.449940006,1972789.0968493528,569350
2014-10-10,1972789.0968493528,2005849.4860437505,1972789.0968493528,1980953.5816893212,395696
2014-10-13,1980953.5816893212,1980953.5816893212,1893143.4898775436,1909592.8531823612,507989
2014-10-14,1909592.8531823612,1913928.2065394665,1882647.9538554316,1891547.8386140584,487288
2014-10-15,1891547.8386140584,1927271.608167193,1891547.8386140584,1906029.6320497708,471584
2014-10-16,1906029.6320497708,1906029.6320497708,1827790.6102359507,1844052.507311544,438861
2014-10-17,1844052.507311544,1894695.1703702384,1844052.507311544,1883564.0875135115,400700
2014-10-20,1883564.0875135115,1966332.0952891225,1883564.0875135115,1962052.1923079237,533604
2014-10-21,1962052.1923079237,2040526.4122589491,1962052.1923079237,2036940.6130033128,428264
2014-10-22,2036940.6130033128,2036940.6130033128,1947401.2830889947,1960761.4284249195,537114
2014-10-23,1960761.4284249195,2042721.1182808878,1960761.4284249195,2014107.6057737314,455732
2014-10-24,2014107.6057737314,2052752.3015092546,2014107.6057737314,2046609.5973020897,472959
2014-10-27,2046609.5973020897,2163973.403352574,2046609.5973020897,2163099.8074829034,570764
2014-10-28,2163099.8074829034,2255363.5732387,2163099.8074829034,2245834.1704443493,480950
2014-10-29,2245834.1704443493,2291868.6491322573,2239791.375567673,2258564.1938334117,673034
2014-10-30,2258564.1938334117,2394927.7061635717,2258564.1938334117,2383350.2448281767,323304
2014-10-31,2383350.2448281767,2383350.2448281767,2286815.19161225,2316944.377590627,499733
2014-11-03,2316944.377590627,2316944.377590627,2196353.5310587147,2218669.1125379084,534522
2014-11-04,2218669.1125379084,2218669.1125379084,2091755.6667304302,2098235.3392324448,431891
2014-11-05,2098235.3392324448,2103697.148596436,2072260.2382050364,2088324.9245241997,569336
2014-11-06,2088324.9245241997,2204506.9119194346,2088324.9245241997,2176085.3696954767,407738
2014-11-07,2176085.3696954767,2199786.244998378,2176085.3696954767,2185851.840296793,587006
2014-11-10,2185851.840296793,2289540.075784786,2185851.840296793,2262772.971463851,611416
2014-11-11,2262772.971463851,2262772.971463851,2244563.634907438,2262309.959683539,545932
2014-11-12,2262309.959683539,2485578.433216813,2262309.959683539,2458904.3393714926,535100
2014-11-13,2458904.3393714926,2463645.678337719,2420069.6097267857,2431715.8192714527,648293
2014-11-14,2431715.8192714527,2450080.0969060767,2403746.9300452555,2420387.6569062457,512008
2014-11-17,2420387.6569062457,2444207.41050722,2402374.495719137,2423238.7371756574,584538
2014-11-18,2423238.7371756574,2439740.2766460297,2399531.909118001,2417226.666669895,396128
2014-11-19,2417226.666669895,2540848.1173855523,2417226.666669895,2508712.8022202575,485324
2014-11-20,2508712.8022202575,2612440.1539928117,2508712.8022202575,2601250.1016487456,499563
2014-11-21,2601250.1016487456,2601250.1016487456,2526034.104772268,2534158.832049692,544713
2014-11-24,2534158.832049692,2590622.4626230765,2534158.832049692,2583028.7049131435,487502
2014-11-25,2583028.7049131435,2583028.7049131435,2517102.793673174,2520518.753970028,626038
2014-11-26,2520518.753970028,2601326.2201519744,2520518.753970028,2575249.789045747,526506
2014-11-27,2575249.789045747,2575249.789045747,2441655.083165468,2455041.1213395824,514264
2014-11-28,2455041.1213395824,2466784.378524625,2417473.3489016485,2452704.432121101,431278
2014-12-01,2452704.432121101,2535707.4870011974,2452704.432121101,2515836.817658669,452253
2014-12-02,2515836.817658669,2515836.817658669,2443097.0407093153,2456424.1089795376,350656
2014-12-03,2456424.1089795376,2456424.1089795376,2383563.075883488,2403873.518647027,604424
2014-12-04,2403873.518647027,2462507.9556912496,2403873.518647027,2430517.909541857,569485
2014-12-05,2430517.909541857,2487051.8887641914,2430517.909541857,2469147.3614428192,516479
2014-12-08,2469147.3614428192,2481578.0215076413,2444809.328525456,2451015.155155491,476570
2014-12-09,2451015.155155491,2464295.788583021,2440310.5766793415,2456107.835398935,587554
2014-12-10,2456107.835398935,2579348.22489115,2456107.835398935,2560145.2218876625,394273
2014-12-11,2560145.2218876625,2560145.2218876625,2419806.859122373,2450601.755818385,597210
2014-12-12,2450601.755818385,2467433.2318486758,2426791.4939298257,2454052.9971869523,429028
2014-12-15,2454052.9971869523,2454052.9971869523,2367819.5929440595,2371210.7216604804,518254
2014-12-16,2371210.7216604804,2371210.7216604804,2310688.9388095015,2340330.93917145,561366
2014-12-17,2340330.93917145,2369083.2450898685,2340330.93917145,2363069.0574350674,390142
2014-12-18,2363069.0574350674,2363069.0574350674,2295001.1265265187,2297012.136364334,256206
2014-12-19,2297012.136364334,2342785.4336188864,2297012.136364334,2318636.411821738,674989
2014-12-22,2318636.411821738,2319408.499103604,2309989.6551203467,2316293.389804204,439133
2014-12-23,2316293.389804204,2316293.389804204,2256443.057183842,2277553.332088272,499366
2014-12-24,2277553.332088272,2277553.332088272,2153081.8008973254,2174021.609178944,337999
2014-12-25,2174021.609178944,2181501.151862463,2143738.880849072,2159383.084927508,491669
2014-12-26,2159383.084927508,2216830.1098823547,2159383.084927508,2199902.1132848933,538147
2014-12-29,2199902.1132848933,2199902.1132848933,2144537.0128309242,2156108.6206847555,521478
2014-12-30,2156108.6206847555,2156108.6206847555,2097439.0442285,2122663.096297204,492543
2014-12-31,2122663.096297204,2142855.927055077,2122663.096297204,2129447.773920549,503620
2015-01-01,2129447.773920549,2171963.2105787923,2129447.773920549,2158582.514577973,643539
2015-01-02,2158582.514577973,2158582.514577973,2082115.335228162,2101720.9049704187,535134
2015-01-05,2101720.9049704187,2157062.9834510433,2101720.9049704187,2139462.423704057,512765
2015-01-06,2139462.423704057,2139462.423704057,2083097.112795651,2113277.623079033,457689
2015-01-07,2113277.623079033,2113277.623079033,2086239.6845987428,2088443.4479147377,472330
2015-01-08,2088443.4479147377,2094211.8592645696,2080912.6269924745,2094205.7298077391,572665
2015-01-09,2094205.7298077391,2094205.7298077391,2014131.341303266,2028477.1237570744,598683
2015-01-12,2028477.1237570744,2181901.90049935,2028477.1237570744,2153234.2162696165,449786
2015-01-13,2153234.2162696165,2197433.8138779197,2153234.2162696165,2191865.4572464447,489652
2015-01-14,2191865.4572464447,2191865.4572464447,2168008.6256743795,2179718.6595916227,430423
2015-01-15,2179718.6595916227,2199390.5492373453,2179718.6595916227,2182264.834752555,472700
2015-01-16,2182264.834752555,2211440.4769297056,2181129.1235675975,2200843.282750673,440417
2015-01-19,2200843.282750673,2200843.282750673,2116097.8755554915,2129648.16160811,366569
2015-01-20,2129648.16160811,2129648.16160811,2076385.7024022485,2082315.7631976886,527429
2015-01-21,2082315.7631976886,2082315.7631976886,2059830.708249317,2071626.824426357,356861
2015-01-22,2071626.824426357,2126997.468968954,2071626.824426357,2103079.3214376136,438755
2015-01-23,2103079.3214376136,2171119.373922682,2103079.3214376136,2168576.550624813,527015
2015-01-26,2168576.550624813,2216083.2213750994,2168576.550624813,2198890.893137205,654319
2015-01-27,2198890.893137205,2238212.22702775,2187428.575292069,2219843.028199658,457642
2015-01-28,2219843.028199658,2219843.028199658,2181625.5012854463,2182911.231285756,342046
2015-01-29,2182911.231285756,2295535.636832525,2182911.231285756,2276876.587601069,519716
2015-01-30,2276876.587601069,2277890.4086506115,2255244.1843704865,2262736.4480086495,603874
2015-02-02,2262736.4480086495,2267212.381768554,2254561.930048311,2255492.4707202474,377744
2015-02-03,2255492.4707202474,2326300.3841126757,2255492.4707202474,2293299.8534728466,567503
2015-02-04,2293299.8534728466,2325020.4224521313,2293299.8534728466,2322716.6414740104,538121
2015-02-05,2322716.6414740104,2397449.255590227,2322716.6414740104,2363404.075628339,399255
2015-02-06,2363404.075628339,2363404.075628339,2213245.7966590403,2246865.478522603,472006
2015-02-09,2246865.478522603,2312628.8839485226,2246865.478522603,2281118.0166810127,463458
2015-02-10,2281118.0166810127,2281118.0166810127,2175104.107882163,2206276.226928881,380770
2015-02-11,2206276.226928881,2210296.7200885946,2201426.869244721,2202058.720515449,544317
2015-02-12,2202058.720515449,2202058.720515449,2137643.2592558595,2168362.491895235,452916
2015-02-13,2168362.491895235,2173766.9729705993,2120879.940057534,2142111.6346015236,489151
2015-02-16,2142111.6346015236,2168070.5426338357,2139925.617518102,2142366.9664576766,498468
2015-02-17,2142366.9664576766,2144612.0671651224,2101239.198270462,2115895.384420497,514596
2015-02-18,2115895.384420497,2121051.918912748,2103803.8645206457,2119889.9084694963,457931
2015-02-19,2119889.9084694963,2144132.47374663,2101594.6782712797,2128053.25912596,391582
2015-02-20,2128053.25912596,2175195.1732404144,2128053.25912596,2158021.958096632,429934
2015-02-23,2158021.958096632,2158021.958096632,2112509.0792729706,2130478.538916658,577796
2015-02-24,2130478.538916658,2130478.538916658,2049124.3641793,2070548.5119232812,469934
2015-02-25,2070548.5119232812,2147271.7480399194,2070548.5119232812,2118244.12463824,584416
2015-02-26,2118244.12463824,2118244.12463824,2043991.4444791882,2057817.5508675897,522283
2015-02-27,2057817.5508675897,2057817.5508675897,1983812.1634004258,2005619.9722335604,683682
2015-03-02,2005619.9722335604,2005619.9722335604,1966358.9911384266,1986045.0594112154,405665
2015-03-03,1986045.0594112154,1986045.0594112154,1903287.5272825896,1916670.2740396874,438275
2015-03-04,1916670.2740396874,1938442.1290818064,1911496.6149548164,1916189.6968700476,510352
2015-03-05,1916189.6968700476,1923230.9651247093,1876138.9859882924,1903586.7393807322,534671
2015-03-06,1903586.7393807322,1939050.8254215575,1884783.004778332,1911731.7482804435,341988
2015-03-09,1911731.7482804435,1911731.7482804435,1903539.8497779788,1905098.3034537286,593691
2015-03-10,1905098.3034537286,1925845.8269744783,1905098.3034537286,1923593.195601165,630974
2015-03-11,1923593.195601165,1923593.195601165,1840318.302383796,1844220.7247588893,383722
2015-03-12,1844220.7247588893,1874720.4558743923,1844220.7247588893,1870239.591290882,556469
2015-03-13,1870239.591290882,1870239.591290882,1831602.653380748,1840079.6793321338,515331
2015-03-16,1840079.6793321338,1840079.6793321338,1800804.3063938129,1810428.621693464,665450
2015-03-17,1810428.621693464,1819581.6731450274,1800066.5527006453,1814538.2249549706,507281
2015-03-18,1814538.2249549706,1814538.2249549706,1730346.0310020617,1744262.6625298245,439865
2015-03-19,1744262.6625298245,1806282.635142751,1744262.6625298245,1789835.1565363985,512747
2015-03-20,1789835.1565363985,1854706.0528936195,1789835.1565363985,1854227.5048600193,405865
2015-03-23,1854227.5048600193,1854227.5048600193,1820388.5768843754,1834603.4414108398,540915
2015-03-24,1834603.4414108398,1953897.068793836,1834603.4414108398,1947342.7075711591,481904
2015-03-25,1947342.7075711591,1974293.4297287478,1942201.5446459025,1960537.871160576,437995
2015-03-26,1960537.871160576,1960537.871160576,1836060.2193175587,1852944.6141834022,617592
2015-03-27,1852944.6141834022,1852944.6141834022,1829120.7654881077,1831134.0341615374,537114
2015-03-30,1831134.0341615374,1831134.0341615374,1759185.775761538,1765531.4589527634,531847
2015-03-31,1765531.4589527634,1765531.4589527634,1693258.17444351,1706209.9391534524,427400
2015-04-01,1706209.9391534524,1790964.3362272638,1706209.9391534524,1787979.8553546555,467694
2015-04-02,1787979.8553546555,1958256.4252465246,1787979.8553546555,1937490.0009229886,489284
2015-04-03,1937490.0009229886,1940621.250121636,1889261.5945084207,1914074.677977664,465466
2015-04-06,1914074.677977664,1914074.677977664,1871145.49158351,1875337.2949475744,340031
2015-04-07,1875337.2949475744,1996465.011252082,1875337.2949475744,1967562.3524598193,614268
2015-04-08,1967562.3524598193,2051125.6674890555,1967562.3524598193,2035802.4690877025,510563
2015-04-09,2035802.4690877025,2123568.579491891,2035802.4690877025,2097632.83051218,548052
2015-04-10,2097632.83051218,2200537.860457054,2097632.83051218,2182386.5387890963,369613
2015-04-13,2182386.5387890963,2187452.1828459566,2146917.340113988,2175714.3865585984,694777
2015-04-14,2175714.3865585984,2193431.177561603,2149074.9826267217,2167284.7062194454,544620
2015-04-15,2167284.7062194454,2167284.7062194454,2126874.48264196,2138697.03162006,462326
2015-04-16,2138697.03162006,2138697.03162006,2098189.5592820956,2106573.27779903,472784
2015-04-17,2106573.27779903,2190370.885742358,2106573.27779903,2184153.7506661275,502939
2015-04-20,2184153.7506661275,2216423.593313465,2165772.0105237095,2189405.7813132172,626038
2015-04-21,2189405.7813132172,2275419.3324616305,2189405.7813132172,2263309.011214685,529667
2015-04-22,2263309.011214685,2263309.011214685,2138483.4260191773,2153327.367186214,466800
2015-04-23,2153327.367186214,2153327.367186214,2093203.1384786165,2103460.6797078587,489504
2015-04-24,2103460.6797078587,2103460.6797078587,2068361.1101264395,2081875.9011217204,443948
2015-04-27,2081875.9011217204,2102655.2882169057,2066496.051312208,2073054.0158503514,517263
2015-04-28,2073054.0158503514,2152051.7073743134,2073054.0158503514,2144408.516136924,376270
2015-04-29,2144408.516136924,2144408.516136924,2090690.2861886327,2100132.933750034,456306
2015-04-30,2100132.933750034,2100132.933750034,1989288.0527078263,2016885.8839011388,533324
2015-05-01,2016885.8839011388,2050526.401013283,2016885.8839011388,2026578.41055155,610394
2015-05-04,2026578.41055155,2052073.464983049,2022887.6141287088,2031875.5931642512,603304
2015-05-05,2031875.5931642512,2129529.6975821843,2031875.5931642512,2116049.8797330884,547623
2015-05-06,2116049.8797330884,2116049.8797330884,2061533.1150891467,2071022.7549309272,544137
2015-05-07,2071022.7549309272,2071022.7549309272,2003607.348565735,2009378.8522468866,385802
2015-05-08,2009378.8522468866,2009378.8522468866,1980675.3193916024,1994595.5801675813,537182
2015-05-11,1994595.5801675813,2085389.7868463672,1994595.5801675813,2058013.1696717264,395395
2015-05-12,2058013.1696717264,2175424.766779181,2058013.1696717264,2171588.2372115036,434151
2015-05-13,2171588.2372115036,2187972.927706865,2130604.6308080456,2156099.9257719773,548481
2015-05-14,2156099.9257719773,2156099.9257719773,2065921.0156017493,2085935.0949663513,561542
2015-05-15,2085935.0949663513,2159112.5763644055,2085935.0949663513,2133145.296027708,510176
2015-05-18,2133145.296027708,2136102.483985133,2092916.53653164,2106179.6212538187,555313
2015-05-19,2106179.6212538187,2139195.2287036,2106179.6212538187,2121271.227919566,557135
2015-05-20,2121271.227919566,2121271.227919566,2031421.723395868,2061034.2904878168,505506
2015-05-21,2061034.2904878168,2061034.2904878168,1990982.0966219644,2007179.9708819217,602697
2015-05-22,2007179.9708819217,2007179.9708819217,1991236.4438770367,1994598.085321925,484177
2015-05-25,1994598.085321925,2010263.1967332053,1974123.4537932223,1994571.603983265,575597
2015-05-26,1994571.603983265,2020025.5679187938,1994571.603983265,2002430.7441897676,457620
2015-05-27,2002430.7441897676,2027228.0280691313,1990774.6706571619,1999327.8691464013,465169
2015-05-28,1999327.8691464013,1999327.8691464013,1679569.800161355,1696957.3906101133,502055
2015-05-29,1696957.3906101133,1696957.3906101133,1679513.4647395075,1681500.9034060729,426561
2015-06-01,1681500.9034060729,1744509.1406751545,1681500.9034060729,1730933.1316902894,558366
2015-06-02,1730933.1316902894,1734681.9218193444,1716356.7000588446,1730269.2232469965,532324
2015-06-03,1730269.2232469965,1760141.9678286721,1729040.6819116832,1749287.7102959317,436600
2015-06-04,1749287.7102959317,1771779.9447818883,1749287.7102959317,1754745.3983741628,497267
2015-06-05,1754745.3983741628,1754745.3983741628,1667504.8963655806,1687999.0891207973,442905
2015-06-08,1687999.0891207973,1716963.5279973696,1682920.9989070545,1704566.8187345474,534881
2015-06-09,1704566.8187345474,1704566.8187345474,1658181.6970983755,1658518.8479778501,649246
2015-06-10,1658518.8479778501,1665371.499286484,1634123.077569848,1646047.168957877,565944
2015-06-11,1646047.168957877,1706186.4973059278,1646047.168957877,1700013.662884072,475281
2015-06-12,1700013.662884072,1700013.662884072,1662587.5628761828,1675657.2540859482,498934
2015-06-15,1675657.2540859482,1681035.9594290904,1661578.8119046441,1674171.6684890748,468027
2015-06-16,1674171.6684890748,1674171.6684890748,1659715.0788680005,1660529.447253524,315993
2015-06-17,1660529.447253524,1696555.5205154773,1657291.160388805,1677485.3869583954,443891
2015-06-18,1677485.3869583954,1737338.0559653393,1677485.3869583954,1721619.1835262182,555202
2015-06-19,1721619.1835262182,1721619.1835262182,1632719.6098641644,1648331.6715086715,528339
2015-06-22,1648331.6715086715,1721744.7359136515,1648331.6715086715,1712945.403500931,533899
2015-06-23,1712945.403500931,1759425.2737784751,1712945.403500931,1746472.5628390252,471377
2015-06-24,1746472.5628390252,1746472.5628390252,1659013.3563541044,1662258.6099244629,377542
2015-06-25,1662258.6099244629,1738367.6859512636,1662258.6099244629,1733951.6420442164,443464
2015-06-26,1733951.6420442164,1766554.0016286545,1731404.2815892056,1753174.392516276,549910
2015-06-29,1753174.392516276,1761955.257626683,1735767.3526579384,1754367.5323868054,480538
2015-06-30,1754367.5323868054,1789647.7116533592,1754367.5323868054,1776096.5759573446,489429
2015-07-01,1776096.5759573446,1840414.6008003885,1776096.5759573446,1837946.9138855622,524550
2015-07-02,1837946.9138855622,1837946.9138855622,1750132.1403771508,1753482.7867086898,522867
2015-07-03,1753482.7867086898,1791672.917210814,1746503.8922430177,1772770.7098733056,482560
2015-07-06,1772770.7098733056,1796460.2376547437,1772770.7098733056,1794670.1303409417,617728
2015-07-07,1794670.1303409417,1834636.8623622984,1794670.1303409417,1819217.709635204,404994
2015-07-08,1819217.709635204,1819217.709635204,1771602.045918885,1793680.319802637,544950
2015-07-09,1793680.319802637,1836242.5162075004,1793680.319802637,1819304.9263504238,500842
2015-07-10,1819304.9263504238,1842511.7555631255,1819304.9263504238,1839951.7438201343,575689
2015-07-13,1839951.7438201343,1902571.3250763426,1839951.7438201343,1887118.4314540452,499264
2015-07-14,1887118.4314540452,1990638.4322366512,1887118.4314540452,1961792.6960208828,447682
2015-07-15,1961792.6960208828,1984427.3984044492,1952307.6969907165,1973453.7533538882,573622
2015-07-16,1973453.7533538882,1973453.7533538882,1945339.7527089952,1957119.7794110402,523178
2015-07-17,1957119.7794110402,2133524.8630034593,1957119.7794110402,2121399.378393521,537393
2015-07-20,2121399.378393521,2121399.378393521,2036301.8339541978,2066002.3706340236,531451
2015-07-21,2066002.3706340236,2082308.2406250117,2038444.2966555646,2061420.1650909118,529333
2015-07-22,2061420.1650909118,2115688.4839075957,2061420.1650909118,2106437.962401368,611919
2015-07-23,2106437.962401368,2110479.65949106,2070893.650406917,2093197.0297098127,505244
2015-07-24,2093197.0297098127,2093197.0297098127,1952357.3621861227,1976514.93343139,608241
2015-07-27,1976514.93343139,1976514.93343139,1928107.8023230573,1939617.3617674164,448361
2015-07-28,1939617.3617674164,1939617.3617674164,1924657.3607359712,1933700.6045788082,499145
2015-07-29,1933700.6045788082,1989494.4668869074,1933700.6045788082,1963113.9713286732,368519
2015-07-30,1963113.9713286732,2046575.0023837832,1963113.9713286732,2026615.7021830701,388498
2015-07-31,2026615.7021830701,2026615.7021830701,1928076.6025453962,1957010.4600716892,577526
2015-08-03,1957010.4600716892,1998581.7358838967,1957010.4600716892,1988801.9133794655,692582
2015-08-04,1988801.9133794655,2011238.921917912,1988801.9133794655,2002011.7804556051,522266
2015-08-05,2002011.7804556051,2002011.7804556051,1925515.6754613353,1942661.9264238826,575275
2015-08-06,1942661.9264238826,1942661.9264238826,1884904.1617386928,1906101.0317458333,423588
2015-08-07,1906101.0317458333,2013286.4827795953,1906101.0317458333,1993879.5247757458,473704
2015-08-10,1993879.5247757458,1993879.5247757458,1937642.5989026395,1947319.2984886465,464223
2015-08-11,1947319.2984886465,2017617.9996986254,1947319.2984886465,2015735.4222343634,402184
2015-08-12,2015735.4222343634,2015735.4222343634,1962799.054834222,1981066.4466614225,466564
2015-08-13,1981066.4466614225,2006074.2355757144,1980425.830206983,1993837.9772147485,423057
2015-08-14,1993837.9772147485,1993837.9772147485,1962922.2121605692,1969458.7185347388,452041
2015-08-17,1969458.7185347388,1984769.9444463698,1969458.7185347388,1975242.7207554423,544566
2015-08-18,1975242.7207554423,1975242.7207554423,1946923.9559641026,1964361.5996476007,362470
2015-08-19,1964361.5996476007,1964361.5996476007,1911935.2189875518,1915878.090619383,449886
2015-08-20,1915878.090619383,1915878.090619383,1878099.4012572402,1901288.2029515526,491911
2015-08-21,1901288.2029515526,1945740.219489086,1901288.2029515526,1932294.245965382,570827
2015-08-24,1932294.245965382,1974518.5305899882,1932294.245965382,1960892.8251181908,498607
2015-08-25,1960892.8251181908,1982631.2775137837,1960892.8251181908,1965531.070107736,581907
2015-08-26,1965531.070107736,1965531.070107736,1885149.067898297,1907899.674853077,485355
2015-08-27,1907899.674853077,1907899.674853077,1797796.8473986902,1812793.0607198544,512945
2015-08-28,1812793.0607198544,1812793.0607198544,1762122.2583626218,1788542.9704832835,485082
2015-08-31,1788542.9704832835,1827009.9256616058,1774022.0161998232,1800738.4359793572,438584
2015-09-01,1800738.4359793572,1866079.3837809735,1800738.4359793572,1840442.1094177454,586444
2015-09-02,1840442.1094177454,1840442.1094177454,1789828.1761941467,1807270.0893999848,559909
2015-09-03,1807270.0893999848,1807270.0893999848,1790966.7758579147,1802845.5987816248,415282
2015-09-04,1802845.5987816248,1902540.020711639,1802845.5987816248,1881589.2306265354,536957
2015-09-07,1881589.2306265354,1918449.132438466,1881589.2306265354,1911245.7390794458,362074
2015-09-08,1911245.7390794458,1939142.415532886,1911245.7390794458,1932982.7135435168,494024
2015-09-09,1932982.7135435168,1932982.7135435168,1844973.2663775224,1854554.3110359637,427363
2015-09-10,1854554.3110359637,1857046.7511211822,1838441.7043021638,1846754.342900192,449310
2015-09-11,1846754.342900192,1846754.342900192,1841198.866554254,1844006.98744931,628313
2015-09-14,1844006.98744931,1977133.7916655508,1844006.98744931,1950312.7891206115,548528
2015-09-15,1950312.7891206115,1973406.2403933757,1936607.4575983586,1965037.128705101,617181
2015-09-16,1965037.128705101,1965037.128705101,1913941.228102859,1938611.9645885918,458231
2015-09-17,1938611.9645885918,1938611.9645885918,1874551.0260881318,1884668.1053547983,516860
2015-09-18,1884668.1053547983,1896408.031826793,1853543.1008079636,1877700.6438242975,618011
2015-09-21,1877700.6438242975,1877700.6438242975,1816627.8822621456,1837595.1635769354,521999
2015-09-22,1837595.1635769354,1894697.4289721658,1837595.1635769354,1888384.7406936863,448655
2015-09-23,1888384.7406936863,1888384.7406936863,1839468.679119682,1843822.8845157824,424261
2015-09-24,1843822.8845157824,1843822.8845157824,1779895.0260139874,1788182.0705005229,435634
2015-09-25,1788182.0705005229,1831575.3203111326,1788182.0705005229,1829988.8543193724,481349
2015-09-28,1829988.8543193724,1829988.8543193724,1736956.7966150665,1755441.2198952718,616336
2015-09-29,1755441.2198952718,1820436.646566815,1755441.2198952718,1799532.060317181,541182
2015-09-30,1799532.060317181,1799532.060317181,1762911.0011665062,1781427.6187803138,580048
2015-10-01,1781427.6187803138,1781427.6187803138,1754157.692973929,1777534.1582135877,608688
2015-10-02,1777534.1582135877,1777534.1582135877,1702184.2988239215,1714669.8271692283,394340
2015-10-05,1714669.8271692283,1714669.8271692283,1646813.337839894,1666661.352955332,625585
2015-10-06,1666661.352955332,1707161.9263208075,1666661.352955332,1705127.8049707473,430262
2015-10-07,1705127.8049707473,1774713.556780325,1705127.8049707473,1756242.1866062249,469008
2015-10-08,1756242.1866062249,1817630.4381284895,1756242.1866062249,1791997.350453732,591085
2015-10-09,1791997.350453732,1888398.094888728,1791997.350453732,1875355.6631865206,533743
2015-10-12,1875355.6631865206,1929238.8457389935,1875355.6631865206,1925201.0505495372,462756
2015-10-13,1925201.0505495372,1966793.006436038,1925201.0505495372,1950687.5946898481,406952
2015-10-14,1950687.5946898481,2020992.179977204,1950687.5946898481,2020352.3567119825,533857
2015-10-15,2020352.3567119825,2199330.0715676737,2020352.3567119825,2167427.8703397475,700277
2015-10-16,2167427.8703397475,2167427.8703397475,2023214.9080680697,2053501.7018181337,460387
2015-10-19,2053501.7018181337,2125355.668922954,2053501.7018181337,2108118.1272723326,524909
2015-10-20,2108118.1272723326,2213730.837416368,2108118.1272723326,2191631.156799134,407910
2015-10-21,2191631.156799134,2191631.156799134,2120064.5279120044,2141235.2978596655,382981
2015-10-22,2141235.2978596655,2141235.2978596655,2070333.919595284,2090414.2772082535,375792
2015-10-23,2090414.2772082535,2090414.2772082535,2038218.6772496826,2047766.6662074786,471159
2015-10-26,2047766.6662074786,2059106.191662174,2038823.5429256784,2047249.5491760448,525723
2015-10-27,2047249.5491760448,2047249.5491760448,2013589.5527685906,2018555.0848928748,376610
2015-10-28,2018555.0848928748,2070244.80380019,2018555.0848928748,2042599.012751345,350462
2015-10-29,2042599.012751345,2042599.012751345,1873372.469607077,1884053.2963625963,375623
2015-10-30,1884053.2963625963,1934699.9751538516,1884053.2963625963,1914633.6919728469,406593
2015-11-02,1914633.6919728469,1992938.7657279454,1914633.6919728469,1980414.6033594678,414568
2015-11-03,1980414.6033594678,2023856.1463208685,1980414.6033594678,1996313.3002930225,468874
2015-11-04,1996313.3002930225,1996313.3002930225,1905283.7135135215,1930071.2986103594,622379
2015-11-05,1930071.2986103594,1949737.0141786996,1921228.985630005,1935351.0529843443,552773
2015-11-06,1935351.0529843443,2042451.6798530184,1935351.0529843443,2024128.5784904421,499744
2015-11-09,2024128.5784904421,2024128.5784904421,1966221.316638156,1976580.3774640248,470772
2015-11-10,1976580.3774640248,2055009.5913638389,1976580.3774640248,2027476.9146791599,614495
2015-11-11,2027476.9146791599,2027476.9146791599,1947157.669227958,1953043.1347786072,353878
2015-11-12,1953043.1347786072,2009877.693609736,1953043.1347786072,1983122.4515623122,326623
2015-11-13,1983122.4515623122,1983122.4515623122,1931861.960394588,1939717.8163932632,408717
2015-11-16,1939717.8163932632,1967669.964447876,1939717.8163932632,1951473.7542903626,509987
2015-11-17,1951473.7542903626,1951473.7542903626,1901516.583828262,1926256.3458182025,390091
2015-11-18,1926256.3458182025,1958054.1737035431,1923140.6290301178,1936565.2547482383,545083
2015-11-19,1936565.2547482383,2031719.5629194868,1936565.2547482383,2026452.7483641866,453073
2015-11-20,2026452.7483641866,2086958.504535074,2026452.7483641866,2080719.7495422175,518743
2015-11-23,2080719.7495422175,2080719.7495422175,1971461.854378479,1985729.422208403,385027
2015-11-24,1985729.422208403,2037844.4364114553,1985729.422208403,2031500.3967053066,627097
2015-11-25,2031500.3967053066,2096659.396771811,2031500.3967053066,2087358.718498756,422505
2015-11-26,2087358.718498756,2087358.718498756,1969836.9623819694,1973949.6345735753,516324
2015-11-27,1973949.6345735753,1973949.6345735753,1909253.3640126765,1922605.747692471,485016
2015-11-30,1922605.747692471,1965778.1545048065,1922605.747692471,1963485.1775417204,583931
2015-12-01,1963485.1775417204,2076934.2249249732,1963485.1775417204,2053062.0282382218,596941
2015-12-02,2053062.0282382218,2064898.1168060363,2034380.7015099472,2041090.6182308232,464766
2015-12-03,2041090.6182308232,2074426.6120429365,2037458.5095225575,2066926.3045209798,437725
2015-12-04,2066926.3045209798,2256466.0184794054,2066926.3045209798,2225697.709543033,489171
2015-12-07,2225697.709543033,2306134.3650533673,2225697.709543033,2304426.6456132885,567780
2015-12-08,2304426.6456132885,2367514.1539254035,2304426.6456132885,2353850.4235682953,406687
2015-12-09,2353850.4235682953,2472985.4566661436,2353850.4235682953,2450973.1631906354,481043
2015-12-10,2450973.1631906354,2540303.0040388075,2450973.1631906354,2513860.1525076358,470183
2015-12-11,2513860.1525076358,2513860.1525076358,2430696.3114878456,2444415.1849750318,580128
2015-12-14,2444415.1849750318,2517202.7010779716,2444415.1849750318,2497360.1624421747,486395
2015-12-15,2497360.1624421747,2505546.3858510507,2463157.97809185,2482792.9405253045,543273
2015-12-16,2482792.9405253045,2482792.9405253045,2368438.7539220206,2383466.2857848327,404870
2015-12-17,2383466.2857848327,2383466.2857848327,2323607.722830573,2337334.2922586054,524732
2015-12-18,2337334.2922586054,2337334.2922586054,2268218.6562918765,2295034.8632414537,429090
2015-12-21,2295034.8632414537,2295034.8632414537,2247797.7035906743,2261387.42116248,597872
2015-12-22,2261387.42116248,2314294.9048703304,2261387.42116248,2281047.532806044,573289
2015-12-23,2281047.532806044,2350848.580112218,2281047.532806044,2323536.782523922,375990
2015-12-24,2323536.782523922,2323536.782523922,2263615.1100616725,2298062.157702325,436167
2015-12-25,2298062.157702325,2298062.157702325,2190351.4149423838,2194605.8511279337,375520
2015-12-28,2194605.8511279337,2294810.7288916144,2194605.8511279337,2270462.8532398855,478466
2015-12-29,2270462.8532398855,2360892.387645971,2270462.8532398855,2330280.958230798,433945
2015-12-30,2330280.958230798,2386569.754317645,2330280.958230798,2365842.0548644564,335232
2015-12-31,2365842.0548644564,2365842.0548644564,2305101.3177399687,2338234.811049307,495002
2016-01-01,2338234.811049307,2343920.8509574006,2317657.0779290465,2327244.6658949424,598519
2016-01-04,2327244.6658949424,2327244.6658949424,2231754.3773783366,2245339.1390738515,477055
2016-01-05,2245339.1390738515,2245339.1390738515,2151421.0040454906,2152343.1440279284,446338
2016-01-06,2152343.1440279284,2224263.9088073117,2152343.1440279284,2197749.8672813475,541869
2016-01-07,2197749.8672813475,2234217.499606208,2197749.8672813475,2225742.714987377,525434
2016-01-08,2225742.714987377,2225742.714987377,2108113.2535738507,2130020.388734127,334133
2016-01-11,2130020.388734127,2220106.2242925838,2130020.388734127,2190199.370441975,476853
2016-01-12,2190199.370441975,2190199.370441975,2100066.1610387904,2127412.7811812917,535904
2016-01-13,2127412.7811812917,2204214.573321387,2127412.7811812917,2196300.05831348,557851
2016-01-14,2196300.05831348,2252192.9072074196,2196300.05831348,2241731.527640537,658796
2016-01-15,2241731.527640537,2257952.4817119557,2229285.1731782034,2233488.4031033167,528674
2016-01-18,2233488.4031033167,2283787.3805094557,2222475.450290881,2252983.6351318737,525079
2016-01-19,2252983.6351318737,2252983.6351318737,2190346.5618717195,2202453.916822817,399092
2016-01-20,2202453.916822817,2240262.9228868494,2202453.916822817,2221825.527927163,602906
2016-01-21,2221825.527927163,2303254.898869156,2221825.527927163,2283137.514136132,424006
2016-01-22,2283137.514136132,2283213.856856696,2279650.1054659733,2280875.5035478724,361017
2016-01-25,2280875.5035478724,2280875.5035478724,2274504.0207736916,2279102.635305675,466219
2016-01-26,2279102.635305675,2405252.133093791,2279102.635305675,2403844.471349579,474007
2016-01-27,2403844.471349579,2403844.471349579,2319717.662829105,2350176.4707566765,441943
2016-01-28,2350176.4707566765,2394319.7833541203,2350176.4707566765,2390807.7276692833,440475
2016-01-29,2390807.7276692833,2390807.7276692833,2286915.3937133844,2316031.8461118485,569821
2016-02-01,2316031.8461118485,2316031.8461118485,2239716.0703281835,2257994.1751572224,467467
2016-02-02,2257994.1751572224,2331359.0297447606,2257994.1751572224,2312477.6504773144,550809
2016-02-03,2312477.6504773144,2424296.671406787,2312477.6504773144,2390468.9406951685,547960
2016-02-04,2390468.9406951685,2390468.9406951685,2337133.559068659,2337813.409956333,518400
2016-02-05,2337813.409956333,2546435.7580816243,2337813.409956333,2511400.2684159423,431033
2016-02-08,2511400.2684159423,2525499.0491192364,2503767.35681259,2512912.939418458,382648
2016-02-09,2512912.939418458,2656625.1336026094,2512912.939418458,2649362.845849553,571735
2016-02-10,2649362.845849553,2649362.845849553,2591443.8480114527,2621328.308652474,514006
2016-02-11,2621328.308652474,2653535.773209625,2617546.919546294,2618921.324296646,425718
2016-02-12,2618921.324296646,2645604.9251412204,2618921.324296646,2643294.8300952036,398335
2016-02-15,2643294.8300952036,2725387.902079733,2643294.8300952036,2712143.1681193705,397907
2016-02-16,2712143.1681193705,2763845.3559650225,2712143.1681193705,2753139.9278927892,580041
2016-02-17,2753139.9278927892,2753139.9278927892,2653195.58421171,2653732.9460616303,548621
2016-02-18,2653732.9460616303,2653732.9460616303,2574604.8410204607,2584706.798044177,613095
2016-02-19,2584706.798044177,2610131.277327764,2564864.873818068,2583881.9325239267,575645
2016-02-22,2583881.9325239267,2659272.138983089,2583881.9325239267,2636222.8686746606,442585
2016-02-23,2636222.8686746606,2731417.3533207364,2636222.8686746606,2726539.1897117756,340063
2016-02-24,2726539.1897117756,2726539.1897117756,2594203.0686405133,2628143.2839539256,631353
2016-02-25,2628143.2839539256,2630266.8631659304,2553859.5591136687,2591456.7132261833,627076
2016-02-26,2591456.7132261833,2640197.9219709635,2590463.9182228316,2614214.3123611286,620520
2016-02-29,2614214.3123611286,2706410.0483471644,2614214.3123611286,2691118.907238495,466353
2016-03-01,2691118.907238495,2691118.907238495,2601894.5908474876,2617270.188088251,532668
2016-03-02,2617270.188088251,2617270.188088251,2531595.775739527,2561266.240836984,542514
2016-03-03,2561266.240836984,2561266.240836984,2475292.797038553,2499490.748672804,418333
2016-03-04,2499490.748672804,2532869.2471108604,2495469.1616569236,2517658.2345402967,520854
2016-03-07,2517658.2345402967,2517658.2345402967,2463779.2603318156,2469883.043482918,474990
2016-03-08,2469883.043482918,2524634.3326586448,2469883.043482918,2497988.0358738606,506593
2016-03-09,2497988.0358738606,2497988.0358738606,2399891.0795149687,2413999.2917249203,439994
2016-03-10,2413999.2917249203,2414243.416399913,2382297.1697812676,2410344.8677186593,531437
2016-03-11,2410344.8677186593,2410344.8677186593,2374027.222102063,2375939.394842689,305361
2016-03-14,2375939.394842689,2386058.526900397,2363806.812421458,2364118.68087517,556001
2016-03-15,2364118.68087517,2364118.68087517,2222019.9980640775,2229084.6962561845,432811
2016-03-16,2229084.6962561845,2229084.6962561845,2139053.376974843,2167930.030205491,558137
2016-03-17,2167930.030205491,2268455.8979523964,2167930.030205491,2257880.7258663625,437928
2016-03-18,2257880.7258663625,2316428.0373864947,2257880.7258663625,2304209.8998904387,603479
2016-03-21,2304209.8998904387,2401825.6644651466,2304209.8998904387,2378151.8414129587,452662
2016-03-22,2378151.8414129587,2378151.8414129587,2264041.829290718,2270428.1255583274,532248
2016-03-23,2270428.1255583274,2280230.219455777,2268657.9453973765,2273306.1454661405,384360
2016-03-24,2273306.1454661405,2273306.1454661405,2247798.4294558554,2249151.311889076,450363
2016-03-25,2249151.311889076,2249151.311889076,2211106.036437078,2214973.6608217107,436638
2016-03-28,2214973.6608217107,2214973.6608217107,2178015.75916238,2180132.704574885,518337
2016-03-29,2180132.704574885,2187350.727054248,2149466.5207922994,2164102.875998554,563777
2016-03-30,2164102.875998554,2169965.5065472997,2115564.4986123536,2140516.740802002,558666
2016-03-31,2140516.740802002,2189349.5338556212,2140516.740802002,2165442.344124413,529467
2016-04-01,2165442.344124413,2218961.302638426,2165442.344124413,2194264.236789802,454913
2016-04-04,2194264.236789802,2251258.4666620214,2194264.236789802,2228866.0382152544,432423
2016-04-05,2228866.0382152544,2228866.0382152544,2077971.2116135887,2082777.4133332565,514755
2016-04-06,2082777.4133332565,2082777.4133332565,2053037.9840893552,2074856.4388432808,496734
2016-04-07,2074856.4388432808,2101091.2938964264,2068219.3538659422,2099630.127384813,580417
2016-04-08,2099630.127384813,2123033.2926394357,2071536.6371655485,2096150.5963284315,589875
2016-04-11,2096150.5963284315,2096150.5963284315,2013634.0639560104,2015917.2979185376,437183
2016-04-12,2015917.2979185376,2068093.6597853089,2015917.2979185376,2043053.552033784,390101
2016-04-13,2043053.552033784,2061176.5578312525,2039520.8474213786,2047247.8799343442,587058
2016-04-14,2047247.8799343442,2175397.9842615505,2047247.8799343442,2151096.4377840073,518645
2016-04-15,2151096.4377840073,2169842.680805024,2145420.3975280174,2154462.877607481,379936
2016-04-18,2154462.877607481,2154462.877607481,2047174.0833722705,2060713.3868883427,636650
2016-04-19,2060713.3868883427,2060713.3868883427,1925488.9479205112,1951966.8623358486,541232
2016-04-20,1951966.8623358486,1951966.8623358486,1855324.485844585,1873405.5096124234,393718
2016-04-21,1873405.5096124234,1968776.323204661,1873405.5096124234,1939899.2858785233,524073
2016-04-22,1939899.2858785233,1939899.2858785233,1859184.546478712,1879712.1756761896,606623
2016-04-25,1879712.1756761896,1879712.1756761896,1806290.7494087988,1821799.1064230886,438128
2016-04-26,1821799.1064230886,1821799.1064230886,1747130.9927053957,1768185.3497660442,493575
2016-04-27,1768185.3497660442,1832537.8337304522,1768185.3497660442,1826180.548356323,436486
2016-04-28,1826180.548356323,2012455.861942853,1826180.548356323,1990546.9085796787,484896
2016-04-29,1990546.9085796787,2070000.4811757994,1990546.9085796787,2041268.7066744599,454564
2016-05-02,2041268.7066744599,2041268.7066744599,1872935.803179067,1897362.7342716868,509802
2016-05-03,1897362.7342716868,1945310.2852769098,1897362.7342716868,1921707.469048112,301628
2016-05-04,1921707.469048112,1957446.4399558941,1915699.1648938502,1944832.013154246,447344
2016-05-05,1944832.013154246,1944832.013154246,1880946.4322175698,1889230.682443996,398006
2016-05-06,1889230.682443996,2002344.3377806654,1889230.682443996,1993246.355993746,550541
2016-05-09,1993246.355993746,2028562.32743126,1993246.355993746,2016019.675534369,563355
2016-05-10,2016019.675534369,2037346.3437400607,2015164.4307355233,2035751.8132945194,542398
2016-05-11,2035751.8132945194,2072960.662453416,2035751.8132945194,2061478.667525107,512574
2016-05-12,2061478.667525107,2143583.5763157783,2061478.667525107,2117889.247213451,461567
2016-05-13,2117889.247213451,2117889.247213451,1980954.1511187516,2003823.7679624935,581795
2016-05-16,2003823.7679624935,2080834.8528125128,2003823.7679624935,2066953.2046823332,583391
2016-05-17,2066953.2046823332,2066953.2046823332,1932560.070247234,1955519.5604473546,423886
2016-05-18,1955519.5604473546,1955519.5604473546,1908297.8589666411,1915679.011265447,541910
2016-05-19,1915679.011265447,2032813.884903432,1915679.011265447,2016020.1407171295,411720
2016-05-20,2016020.1407171295,2016020.1407171295,1955082.154178085,1969074.4324970923,549115
2016-05-23,1969074.4324970923,2007634.9371747845,1969074.4324970923,2002092.5009248352,429529
2016-05-24,2002092.5009248352,2036142.067693112,2002092.5009248352,2028833.2424122207,513717
2016-05-25,2028833.2424122207,2028833.2424122207,1985806.6406056106,2006012.0331637093,479194
2016-05-26,2006012.0331637093,2006012.0331637093,1962905.299226328,1988812.6258013211,487947
2016-05-27,1988812.6258013211,2062314.7687071154,1988812.6258013211,2036903.7429051234,434699
2016-05-30,2036903.7429051234,2072350.4111109525,2036903.7429051234,2065924.4159993932,675696
2016-05-31,2065924.4159993932,2119453.2894587354,2065924.4159993932,2109378.32195958,417562
2016-06-01,2109378.32195958,2141794.1174508636,2101426.516371905,2124355.6800030037,518721
2016-06-02,2124355.6800030037,2124355.6800030037,2032370.314057779,2055926.0067755803,575730
2016-06-03,2055926.0067755803,2075544.5881489161,2052227.8816861103,2059529.919683456,409670
2016-06-06,2059529.919683456,2152431.1438605585,2059529.919683456,2140706.995064143,563788
2016-06-07,2140706.995064143,2155003.6721307454,2132346.1495187464,2146701.9744204776,663841
2016-06-08,2146701.9744204776,2251169.7291081767,2146701.9744204776,2221148.5316599924,558229
2016-06-09,2221148.5316599924,2222095.752350983,2195041.7018713537,2204700.770003016,464128
2016-06-10,2204700.770003016,2321213.8915205016,2204700.770003016,2312297.482025087,492403
2016-06-13,2312297.482025087,2312297.482025087,2211602.68768105,2226230.903998924,445029
2016-06-14,2226230.903998924,2226230.903998924,2130394.728386659,2146054.1177474568,507736
2016-06-15,2146054.1177474568,2149403.5129064205,2107828.7411441808,2120623.035153511,482041
2016-06-16,2120623.035153511,2120623.035153511,2082720.0751366331,2093335.9364704108,473580
2016-06-17,2093335.9364704108,2108744.934638794,2055260.1417223127,2083483.1638792139,464209
2016-06-20,2083483.1638792139,2083483.1638792139,2022374.539183662,2026959.2482594962,533628
2016-06-21,2026959.2482594962,2069689.9338181482,2026959.2482594962,2065160.1341236995,492903
2016-06-22,2065160.1341236995,2071772.8332850577,2032521.7094909933,2051673.3479602851,486299
2016-06-23,2051673.3479602851,2051673.3479602851,1994298.8738592353,2021058.770830546,440851
2016-06-24,2021058.770830546,2052281.487336497,2021058.770830546,2036774.2803248286,450282
2016-06-27,2036774.2803248286,2070472.4567828325,2027219.3581421853,2040963.6000586092,603817
2016-06-28,2040963.6000586092,2140520.221532011,2040963.6000586092,2139624.594012525,472533
2016-06-29,2139624.594012525,2212019.291401218,2139624.594012525,2186487.817589918,438415
2016-06-30,2186487.817589918,2189156.3179819193,2171322.3259078395,2178998.9586301646,535308
2016-07-01,2178998.9586301646,2178998.9586301646,2126589.369949951,2137632.5597131974,617412
2016-07-04,2137632.5597131974,2240330.666712201,2137632.5597131974,2235349.634256832,589350
2016-07-05,2235349.634256832,2284720.218587454,2235349.634256832,2266161.4940325194,462164
2016-07-06,2266161.4940325194,2364182.458992649,2266161.4940325194,2345822.916430034,393138
2016-07-07,2345822.916430034,2345822.916430034,2314706.8689222964,2328998.382290586,347926
2016-07-08,2328998.382290586,2328998.382290586,2208582.696327283,2211352.818607758,488510
2016-07-11,2211352.818607758,2214355.4978726692,2183444.831843905,2191979.4041974046,528576
2016-07-12,2191979.4041974046,2323850.045745269,2191979.4041974046,2302232.605827254,343297
2016-07-13,2302232.605827254,2428264.0258078524,2302232.605827254,2422523.9104643664,456155
2016-07-14,2422523.9104643664,2431128.1972993985,2401182.759315089,2415929.3129876945,461444
2016-07-15,2415929.3129876945,2416894.965298624,2367704.497128365,2391434.7872404144,495031
2016-07-18,2391434.7872404144,2472233.9386994625,2391434.7872404144,2454470.910926723,420937
2016-07-19,2454470.910926723,2474327.534352983,2419455.5877545075,2453324.4859312675,451071
2016-07-20,2453324.4859312675,2547581.4214133956,2453324.4859312675,2524215.9673150307,385334
2016-07-21,2524215.9673150307,2571557.243877989,2511103.695244731,2537041.0113336146,519644
2016-07-22,2537041.0113336146,2567979.9641794777,2509899.8540830268,2545065.0601595184,392931
2016-07-25,2545065.0601595184,2597058.3381425184,2545065.0601595184,2592963.454843189,466736
2016-07-26,2592963.454843189,2603687.0628655003,2557488.2513998575,2588181.734309007,463879
2016-07-27,2588181.734309007,2670684.0936683198,2588181.734309007,2653145.2172288797,501292
2016-07-28,2653145.2172288797,2653145.2172288797,2537189.006910679,2574507.643019667,526210
2016-07-29,2574507.643019667,2574507.643019667,2489143.633615336,2499228.5940946913,575869
2016-08-01,2499228.5940946913,2499228.5940946913,2335569.195309719,2348614.3898371556,444594
2016-08-02,2348614.3898371556,2364529.7886323147,2344642.945129888,2344855.6503533963,665693
2016-08-03,2344855.6503533963,2395982.187235695,2344071.572796261,2375431.4521345333,470117
2016-08-04,2375431.4521345333,2375431.4521345333,2314347.047025962,2339010.498497226,250722
2016-08-05,2339010.498497226,2352083.1267786543,2310809.2176538724,2327049.9375565625,559716
2016-08-08,2327049.9375565625,2419223.1949397735,2327049.9375565625,2407542.5644449703,603733
2016-08-09,2407542.5644449703,2505574.5401125182,2407542.5644449703,2478179.3535412066,539296
2016-08-10,2478179.3535412066,2478179.3535412066,2417226.0976129873,2442458.939788891,481592
2016-08-11,2442458.939788891,2456565.005738144,2427253.167915942,2454666.5019344916,462064
2016-08-12,2454666.5019344916,2454666.5019344916,2356251.87486565,2365024.505036187,494625
2016-08-15,2365024.505036187,2365024.505036187,2288838.3840024048,2298168.594449452,442650
2016-08-16,2298168.594449452,2360577.944193359,2298168.594449452,2336689.4237376587,407684
2016-08-17,2336689.4237376587,2377529.28795444,2336689.4237376587,2363951.332301258,451124
2016-08-18,2363951.332301258,2454182.254895834,2363951.332301258,2436434.537041941,450473
2016-08-19,2436434.537041941,2436434.537041941,2388865.750987126,2404941.888527884,461769
2016-08-22,2404941.888527884,2506849.0149618327,2404941.888527884,2496453.8051199126,569736
2016-08-23,2496453.8051199126,2496453.8051199126,2396042.0803564354,2422388.712555075,598196
2016-08-24,2422388.712555075,2422388.712555075,2377895.0715374975,2392452.7246475974,562186
2016-08-25,2392452.7246475974,2501737.1645673974,2392452.7246475974,2468848.808810339,495538
2016-08-26,2468848.808810339,2557236.35117541,2468848.808810339,2532771.8495535073,453855
2016-08-29,2532771.8495535073,2602088.773621459,2532771.8495535073,2565883.012690088,661710
2016-08-30,2565883.012690088,2642315.8681176016,2565883.012690088,2633191.0592279416,608138
2016-08-31,2633191.0592279416,2633191.0592279416,2563241.9339709296,2583543.065837686,522467
2016-09-01,2583543.065837686,2614108.7810363267,2557490.109781587,2575972.1380594256,502382
2016-09-02,2575972.1380594256,2630045.0896594226,2575108.019574437,2594670.341860916,443439
2016-09-05,2594670.341860916,2680581.3925971924,2594670.341860916,2653998.319563625,505819
2016-09-06,2653998.319563625,2653998.319563625,2575348.698183576,2594618.1454696506,462469
2016-09-07,2594618.1454696506,2719277.1409050873,2594618.1454696506,2683355.8281047135,494611
2016-09-08,2683355.8281047135,2683355.8281047135,2629098.6737474585,2652397.778005925,366608
2016-09-09,2652397.778005925,2659796.3501446894,2615680.7348600863,2637881.598411286,453823
2016-09-12,2637881.598411286,2663775.3995093955,2634238.6367426408,2635017.242533737,505722
2016-09-13,2635017.242533737,2635017.242533737,2536250.0324661653,2559162.7750286898,468722
2016-09-14,2559162.7750286898,2559162.7750286898,2422245.077490358,2442629.5539662903,561187
2016-09-15,2442629.5539662903,2492379.709027289,2442629.5539662903,2483482.818472707,350007
2016-09-16,2483482.818472707,2654587.6882658117,2483482.818472707,2635398.2497812556,575303
2016-09-19,2635398.2497812556,2635398.2497812556,2561053.5363058713,2597401.717870331,678183
2016-09-20,2597401.717870331,2597401.717870331,2462566.1717055817,2478127.214025413,579810
2016-09-21,2478127.214025413,2478127.214025413,2406864.4136378067,2418662.5415340066,528234
2016-09-22,2418662.5415340066,2514550.9178580423,2418662.5415340066,2486644.4066689755,522515
2016-09-23,2486644.4066689755,2504436.5044435286,2486276.559987142,2493720.3366821543,506498
2016-09-26,2493720.3366821543,2493720.3366821543,2332245.59779475,2358160.52863735,537015
2016-09-27,2358160.52863735,2398182.805319517,2358160.52863735,2388302.3086688737,373314
2016-09-28,2388302.3086688737,2393373.1459695036,2378787.4251521095,2382411.658866975,431261
2016-09-29,2382411.658866975,2382411.658866975,2340057.8034741064,2340644.736399193,427357
2016-09-30,2340644.736399193,2340644.736399193,2290034.695137847,2293283.7398374383,460889
2016-10-03,2293283.7398374383,2293283.7398374383,2261542.3674389627,2275654.2326200115,560660
2016-10-04,2275654.2326200115,2275654.2326200115,2166271.80640294,2190134.513247191,596529
2016-10-05,2190134.513247191,2237733.05028171,2190134.513247191,2214910.119649428,563814
2016-10-06,2214910.119649428,2285098.2113990327,2214910.119649428,2254926.342049255,453696
2016-10-07,2254926.342049255,2324300.703132094,2254926.342049255,2303106.9780697157,523844
2016-10-10,2303106.9780697157,2303106.9780697157,2154717.9414444743,2166535.188040363,437691
2016-10-11,2166535.188040363,2166535.188040363,2109791.8251639623,2141081.939942384,636347
2016-10-12,2141081.939942384,2141081.939942384,2026153.563347535,2028506.613713334,522221
2016-10-13,2028506.613713334,2036231.494795937,2021173.4925438561,2023728.1359344884,553746
2016-10-14,2023728.1359344884,2023728.1359344884,1949801.4383726434,1962591.794903986,413734
2016-10-17,1962591.794903986,1962591.794903986,1923375.8158861268,1932094.404430573,476290
2016-10-18,1932094.404430573,2038105.6550691475,1932094.404430573,2011958.198878789,506953
2016-10-19,2011958.198878789,2129085.2564759534,2011958.198878789,2120716.002028221,671822
2016-10-20,2120716.002028221,2169231.2105711848,2120716.002028221,2158427.0729747433,639149
2016-10-21,2158427.0729747433,2158427.0729747433,2102762.5726483627,2114915.543397984,616441
2016-10-24,2114915.543397984,2124120.032545749,2076261.0740275187,2102170.9736133134,326314
2016-10-25,2102170.9736133134,2102170.9736133134,2049557.229982186,2077148.4150817369,484312
2016-10-26,2077148.4150817369,2142949.7460657936,2077148.4150817369,2128161.163661474,558627
2016-10-27,2128161.163661474,2132772.9895637357,2118669.010556584,2118752.0196759445,401931
2016-10-28,2118752.0196759445,2118752.0196759445,2034337.614999474,2058859.1078108414,449301
2016-10-31,2058859.1078108414,2058859.1078108414,2023032.9442115298,2026194.2706755132,493257
2016-11-01,2026194.2706755132,2042855.4042577227,2010124.949245272,2013526.1429840429,491843
2016-11-02,2013526.1429840429,2013526.1429840429,1947904.4106161671,1970360.786888495,443400
2016-11-03,1970360.786888495,2034472.0745620043,1970360.786888495,2020082.1266432032,552440
2016-11-04,2020082.1266432032,2020082.1266432032,1985698.6788968202,1988903.0098532946,394241
2016-11-07,1988903.0098532946,2007712.8645795472,1988903.0098532946,2005796.1469181979,611487
2016-11-08,2005796.1469181979,2005796.1469181979,1937137.4912996702,1955941.5409148368,506965
2016-11-09,1955941.5409148368,2010258.5257677964,1955941.5409148368,1996208.9128325353,515631
2016-11-10,1996208.9128325353,2034357.296152999,1987884.325095175,2009468.3529640436,459051
2016-11-11,2009468.3529640436,2106356.2324015056,2009468.3529640436,2102598.274977596,460487
2016-11-14,2102598.274977596,2102598.274977596,2047408.2883900881,2074257.0255986375,504696
2016-11-15,2074257.0255986375,2074257.0255986375,2003466.8649183323,2021794.6873073953,544263
2016-11-16,2021794.6873073953,2021794.6873073953,1936623.1676276596,1962174.49371785,425957
2016-11-17,1962174.49371785,2019744.608758456,1962174.49371785,2000356.417355043,492824
2016-11-18,2000356.417355043,2111988.55945825,2000356.417355043,2089554.4188808426,295932
2016-11-21,2089554.4188808426,2216260.783039477,2089554.4188808426,2207469.9207462044,491751
2016-11-22,2207469.9207462044,2223387.7767168437,2179955.625811568,2208528.0776936347,546548
2016-11-23,2208528.0776936347,2208528.0776936347,2170877.128219435,2195778.218144788,343399
2016-11-24,2195778.218144788,2273271.3671392603,2195778.218144788,2268540.730991133,549819
2016-11-25,2268540.730991133,2372474.388110101,2268540.730991133,2341958.593433049,479623
2016-11-28,2341958.593433049,2341958.593433049,2274255.5072104633,2293005.2282063286,544105
2016-11-29,2293005.2282063286,2293005.2282063286,2223912.9410830843,2251413.2762057856,502714
2016-11-30,2251413.2762057856,2251413.2762057856,2162203.453440579,2192411.271639101,553663
2016-12-01,2192411.271639101,2249946.233484448,2192411.271639101,2228682.132801828,399539
2016-12-02,2228682.132801828,2242258.936823945,2194095.1714134812,2224307.3976840028,496025
2016-12-05,2224307.3976840028,2224307.3976840028,2138436.2196245743,2151010.364059174,560405
2016-12-06,2151010.364059174,2232077.1395129613,2151010.364059174,2224579.695491141,525917
2016-12-07,2224579.695491141,2224579.695491141,2109111.0641154842,2125483.6918486073,589360
2016-12-08,2125483.6918486073,2150621.8616213673,2113104.191671398,2126067.515838181,494153
2016-12-09,2126067.515838181,2227724.2439240296,2126067.515838181,2212846.696776616,417128
2016-12-12,2212846.696776616,2380629.1217642864,2212846.696776616,2362968.2845404926,403449
2016-12-13,2362968.2845404926,2362968.2845404926,2182904.008221009,2208428.971612828,517506
2016-12-14,2208428.971612828,2208428.971612828,2173790.7273535277,2178167.697444552,533052
2016-12-15,2178167.697444552,2178167.697444552,2143681.8943536873,2152966.0396139524,464074
2016-12-16,2152966.0396139524,2158994.6662774608,2111183.4009357006,2138504.258107626,446217
2016-12-19,2138504.258107626,2168346.534246987,2122437.2184626907,2143027.239688654,368086
2016-12-20,2143027.239688654,2246829.845851438,2143027.239688654,2215772.417426181,404413
2016-12-21,2215772.417426181,2231714.89202247,2201609.005566318,2221400.1297679525,474938
2016-12-22,2221400.1297679525,2221400.1297679525,2124366.7246870394,2151089.5371440058,501583
2016-12-23,2151089.5371440058,2151089.5371440058,2031207.5999030056,2048087.3787300917,492826
2016-12-26,2048087.3787300917,2048087.3787300917,1967429.4331178952,1995360.7860938148,447658
2016-12-27,1995360.7860938148,1998744.1649838816,1976156.6620439892,1984876.5325433968,626611
2016-12-28,1984876.5325433968,2065484.0273963439,1984876.5325433968,2059569.3793640463,522360
2016-12-29,2059569.3793640463,2059569.3793640463,2012079.051877991,2040111.7041611965,468122
2016-12-30,2040111.7041611965,2040111.7041611965,1962209.9085550203,1982828.934242633,439482
2017-01-02,1982828.934242633,1982828.934242633,1910023.4254163732,1922580.7510063194,550012
2017-01-03,1922580.7510063194,1922580.7510063194,1844344.1288877316,1854251.9319657674,449787
2017-01-04,1854251.9319657674,1854251.9319657674,1807951.7915979591,1811042.294279511,454621
2017-01-05,1811042.294279511,1811042.294279511,1735064.7339331096,1739236.91881475,485930
2017-01-06,1739236.91881475,1739236.91881475,1694828.8488147785,1718375.118665463,459476
2017-01-09,1718375.118665463,1776377.354477382,1718375.118665463,1760606.7699011327,504773
2017-01-10,1760606.7699011327,1763627.0328920188,1734573.003650741,1755166.3977684157,464799
2017-01-11,1755166.3977684157,1779957.0626022907,1755166.3977684157,1777506.9572027999,572817
2017-01-12,1777506.9572027999,1796049.6110837124,1755282.0132371145,1778148.130399436,558369
2017-01-13,1778148.130399436,1778148.130399436,1695180.248224465,1713699.1215381373,635847
2017-01-16,1713699.1215381373,1747821.3358647162,1713699.1215381373,1744360.460646288,538260
2017-01-17,1744360.460646288,1744360.460646288,1662802.4671177943,1678731.057974323,477239
2017-01-18,1678731.057974323,1678731.057974323,1646906.895227978,1656294.9035332173,531097
2017-01-19,1656294.9035332173,1730938.0061694516,1656294.9035332173,1719985.7153696055,353770
2017-01-20,1719985.7153696055,1719985.7153696055,1621081.292131017,1641554.8637406866,588291
2017-01-23,1641554.8637406866,1667625.1463178438,1635270.8517188388,1644416.078502865,356565
2017-01-24,1644416.078502865,1644416.078502865,1590895.276966643,1610935.197551017,457186
2017-01-25,1610935.197551017,1630311.2992400688,1605890.521019876,1607506.4616334601,372771
2017-01-26,1607506.4616334601,1613185.6927410327,1597594.7201002717,1609166.469389582,531668
2017-01-27,1609166.469389582,1618335.7105353333,1588684.8674767038,1608197.0748807702,323128
2017-01-30,1608197.0748807702,1608197.0748807702,1574471.0551331055,1584409.3506606738,549162
2017-01-31,1584409.3506606738,1624194.9683809434,1584409.3506606738,1604866.9932800783,358984
2017-02-01,1604866.9932800783,1625009.0871616427,1594302.6770760284,1617315.245231925,612286
2017-02-02,1617315.245231925,1617315.245231925,1482365.4755526828,1490473.6294691071,523926
2017-02-03,1490473.6294691071,1564658.6574791477,1490473.6294691071,1543236.973284614,499633
2017-02-06,1543236.973284614,1543236.973284614,1486969.5702956936,1500951.9409192423,537045
2017-02-07,1500951.9409192423,1520811.7010642425,1500951.9409192423,1511987.0090519052,502959
2017-02-08,1511987.0090519052,1571587.093397043,1511987.0090519052,1566759.4542167212,362783
2017-02-09,1566759.4542167212,1566759.4542167212,1524885.891140627,1526712.0912194815,463527
2017-02-10,1526712.0912194815,1574013.5071989174,1526712.0912194815,1568727.6121335572,431484
2017-02-13,1568727.6121335572,1568727.6121335572,1488862.2413361527,1511279.5450540187,595079
2017-02-14,1511279.5450540187,1511279.5450540187,1465724.2185258633,1475791.1045639534,653872
2017-02-15,1475791.1045639534,1475791.1045639534,1444093.8499872359,1458659.5979358116,523296
2017-02-16,1458659.5979358116,1458659.5979358116,1395652.2131140162,1405661.1275350489,314304
2017-02-17,1405661.1275350489,1428984.5733975929,1405661.1275350489,1427281.598612484,523288
2017-02-20,1427281.598612484,1427281.598612484,1396011.4274514746,1406680.6293276525,542757
2017-02-21,1406680.6293276525,1479476.8554093232,1406680.6293276525,1460126.8732365645,564141
2017-02-22,1460126.8732365645,1460126.8732365645,1432023.2038757803,1450581.6950704497,592719
2017-02-23,1450581.6950704497,1453935.9992604288,1440443.5686559738,1447910.7823910606,362427
2017-02-24,1447910.7823910606,1447910.7823910606,1390264.65717428,1409252.766739043,528656
2017-02-27,1409252.766739043,1409252.766739043,1381803.3078336627,1402576.078546985,473382
2017-02-28,1402576.078546985,1418617.0408650448,1400115.4750020008,1411619.311102586,478906
2017-03-01,1411619.311102586,1411619.311102586,1369770.7262635536,1389967.995172993,565333
2017-03-02,1389967.995172993,1393936.0935052608,1383014.8194120382,1388168.6462281249,606866
2017-03-03,1388168.6462281249,1432452.4512583513,1388168.6462281249,1416145.2262035056,532340
2017-03-06,1416145.2262035056,1416145.2262035056,1379223.0611904087,1399279.0695956345,491572
2017-03-07,1399279.0695956345,1412798.0232319604,1399279.0695956345,1412174.4964858524,572822
2017-03-08,1412174.4964858524,1459234.0346697308,1412174.4964858524,1450980.3167235479,490297
2017-03-09,1450980.3167235479,1450980.3167235479,1408968.8470909563,1427857.3863630313,521952
2017-03-10,1427857.3863630313,1439432.0087283489,1425469.0818594638,1429755.3809422092,491620
2017-03-13,1429755.3809422092,1451478.4137395427,1427901.5671999895,1433411.1100472398,559719
2017-03-14,1433411.1100472398,1433411.1100472398,1421801.8966043247,1423538.220070801,439945
2017-03-15,1423538.220070801,1423538.220070801,1375835.8724806607,1394891.999982525,586689
2017-03-16,1394891.999982525,1394891.999982525,1348549.770083973,1363625.8958937721,348802
2017-03-17,1363625.8958937721,1363625.8958937721,1328977.4586582752,1329242.1047271525,512725
2017-03-20,1329242.1047271525,1338049.4123412562,1322305.2291308013,1331406.8260911412,525659
2017-03-21,1331406.8260911412,1370729.4922511328,1331406.8260911412,1359348.4398630972,583207
2017-03-22,1359348.4398630972,1362495.4938879218,1340844.9543175607,1357499.4184055664,657564
2017-03-23,1357499.4184055664,1357499.4184055664,1325568.2128475166,1338675.2348665327,497512
2017-03-24,1338675.2348665327,1338675.2348665327,1301131.4409658527,1317786.4316127873,384736
2017-03-27,1317786.4316127873,1317786.4316127873,1292861.9582529182,1305252.6832687852,472051
2017-03-28,1305252.6832687852,1305252.6832687852,1276795.979414603,1289413.28410203,594082
2017-03-29,1289413.28410203,1356265.3554908375,1289413.28410203,1347814.365625159,631838
2017-03-30,1347814.365625159,1383660.211981925,1347814.365625159,1369688.8485078232,607178
2017-03-31,1369688.8485078232,1396797.4265637454,1364373.1935071186,1379756.5011960352,400352
2017-04-03,1379756.5011960352,1379756.5011960352,1374035.9694552356,1375212.4229886248,717876
2017-04-04,1375212.4229886248,1375212.4229886248,1309157.1751191732,1323773.7725325366,572431
2017-04-05,1323773.7725325366,1323773.7725325366,1310497.742351358,1314764.8770709115,527756
2017-04-06,1314764.8770709115,1343391.3632148816,1314764.8770709115,1327717.39133978,416300
2017-04-07,1327717.39133978,1327717.39133978,1285964.3960151307,1299604.1797633856,412157
2017-04-10,1299604.1797633856,1330056.2188303133,1299604.1797633856,1314794.996051843,451262
2017-04-11,1314794.996051843,1314794.996051843,1299720.8199044853,1300923.853101796,390530
2017-04-12,1300923.853101796,1300923.853101796,1216915.177625342,1231795.538362792,514977
2017-04-13,1231795.538362792,1231795.538362792,1135561.6656896824,1143778.1022925482,558486
2017-04-14,1143778.1022925482,1171962.2308096727,1143778.1022925482,1161472.2593041598,313128
2017-04-17,1161472.2593041598,1193881.4828479742,1161472.2593041598,1180636.4572554708,620052
2017-04-18,1180636.4572554708,1180636.4572554708,1165584.743089731,1166266.1184198214,487335
2017-04-19,1166266.1184198214,1166266.1184198214,1125680.6256975327,1142291.9774021558,562265
2017-04-20,1142291.9774021558,1188059.513915347,1142291.9774021558,1187545.9497078808,452308
2017-04-21,1187545.9497078808,1201678.267800034,1184050.9030384927,1200382.6713078716,529807
2017-04-24,1200382.6713078716,1200382.6713078716,1168164.7160661647,1174472.7909464848,403009
2017-04-25,1174472.7909464848,1176172.942484193,1162418.7480026688,1169473.2092285976,367296
2017-04-26,1169473.2092285976,1212226.0102678114,1169473.2092285976,1205445.0151783647,434827
2017-04-27,1205445.0151783647,1240144.714904354,1205445.0151783647,1231673.5305740784,376654
2017-04-28,1231673.5305740784,1270104.8967230187,1231673.5305740784,1253544.4250527425,574432
2017-05-01,1253544.4250527425,1340999.7814507775,1253544.4250527425,1340707.8379896611,489778
2017-05-02,1340707.8379896611,1340707.8379896611,1315787.3186055608,1334747.066584023,554886
2017-05-03,1334747.066584023,1362032.0191925787,1334747.066584023,1356780.909370367,479478
2017-05-04,1356780.909370367,1356780.909370367,1313207.4885091453,1319467.8676738413,546877
2017-05-05,1319467.8676738413,1338284.0294552604,1304420.8263422945,1321505.2731098817,384222
2017-05-08,1321505.2731098817,1365625.943099695,1321505.2731098817,1350618.3461565631,373182
2017-05-09,1350618.3461565631,1373128.4324539637,1350618.3461565631,1356505.325151062,529906
2017-05-10,1356505.325151062,1362809.0518602794,1352293.1141642353,1361525.1057643513,475729
2017-05-11,1361525.1057643513,1361525.1057643513,1293996.4598861071,1301059.8384476856,568403
2017-05-12,1301059.8384476856,1301059.8384476856,1252384.982324322,1258315.3184855182,563775
2017-05-15,1258315.3184855182,1266738.366293106,1245253.4540100438,1252340.3984788687,435218
2017-05-16,1252340.3984788687,1252340.3984788687,1203657.0543689644,1207697.4299320097,474650
2017-05-17,1207697.4299320097,1230592.8997555238,1207697.4299320097,1228465.0363160558,502094
2017-05-18,1228465.0363160558,1228465.0363160558,1182485.3177904675,1182984.3187174073,553756
2017-05-19,1182984.3187174073,1182984.3187174073,1128017.9738328068,1138082.0059410338,460612
2017-05-22,1138082.0059410338,1138082.0059410338,1073581.6479608158,1089098.2988295609,546670
2017-05-23,1089098.2988295609,1137538.9853568447,1089098.2988295609,1134889.344627719,483692
2017-05-24,1134889.344627719,1147652.4385182422,1134889.344627719,1136801.9804010703,492483
2017-05-25,1136801.9804010703,1167721.8468881524,1136801.9804010703,1162899.4679747797,547081
2017-05-26,1162899.4679747797,1200080.6992846918,1162899.4679747797,1197310.5937153313,408252
2017-05-29,1197310.5937153313,1204532.9687501087,1192997.2855250263,1202279.2129602516,371435
2017-05-30,1202279.2129602516,1208373.314477224,1187197.0786886988,1198771.7484467218,477115
2017-05-31,1198771.7484467218,1198771.7484467218,1129278.1317828624,1138607.9614406445,426507
2017-06-01,1138607.9614406445,1195770.096282246,1138607.9614406445,1184366.8992296746,416680
2017-06-02,1184366.8992296746,1184366.8992296746,1111461.1887163909,1123953.5297066742,498807
2017-06-05,1123953.5297066742,1123953.5297066742,1082015.5180053168,1093370.730537603,426824
2017-06-06,1093370.730537603,1093370.730537603,1059964.7674561131,1073049.2206788326,527738
2017-06-07,1073049.2206788326,1073049.2206788326,1016000.0781956129,1029786.4346488598,612018
2017-06-08,1029786.4346488598,1029786.4346488598,998636.9605848164,1010942.0500157182,421737
2017-06-09,1010942.0500157182,1010942.0500157182,971428.7632362908,971733.7055657579,527993
2017-06-12,971733.7055657579,986202.0610420298,971733.7055657579,982703.1587628536,497236
2017-06-13,982703.1587628536,1010216.4101260318,982703.1587628536,1008998.3802815571,449352
2017-06-14,1008998.3802815571,1043020.585411827,1008998.3802815571,1031478.3268109555,577484
2017-06-15,1031478.3268109555,1051159.9791059538,1031478.3268109555,1050452.9653814605,442375
2017-06-16,1050452.9653814605,1082723.5408076812,1050452.9653814605,1068378.567356862,543041
2017-06-19,1068378.567356862,1101547.6552790538,1068378.567356862,1089502.2831100575,521674
2017-06-20,1089502.2831100575,1104552.7158736563,1089114.6987542175,1099921.867027768,504515
2017-06-21,1099921.867027768,1101426.5935549063,1082775.7816443408,1093977.6271741213,425063
2017-06-22,1093977.6271741213,1100331.3605548611,1084910.9254818617,1094790.6753451084,473596
2017-06-23,1094790.6753451084,1153995.9432759373,1094790.6753451084,1140707.4139389067,535761
2017-06-26,1140707.4139389067,1167050.5106632083,1140707.4139389067,1163948.0925132607,367853
2017-06-27,1163948.0925132607,1175474.0321882162,1155732.0530321468,1159389.2395442736,579226
2017-06-28,1159389.2395442736,1190648.8563840084,1159389.2395442736,1175133.8879957343,585056
2017-06-29,1175133.8879957343,1175133.8879957343,1161999.1923441854,1164752.796566994,425075
2017-06-30,1164752.796566994,1208803.4295134982,1164752.796566994,1193565.6514630206,563402
2017-07-03,1193565.6514630206,1207794.4645960971,1184872.4199687457,1192044.0759049295,461686
2017-07-04,1192044.0759049295,1192184.7108141303,1168736.038833677,1177771.574362637,453884
2017-07-05,1177771.574362637,1185433.0528722953,1159436.050578439,1176564.9346486449,479623
2017-07-06,1176564.9346486449,1220154.5788612461,1176564.9346486449,1219418.5091366572,376987
2017-07-07,1219418.5091366572,1226278.2538558543,1205606.5002941515,1208180.6175858537,514907
2017-07-10,1208180.6175858537,1244742.2825730029,1208180.6175858537,1238928.055934944,533550
2017-07-11,1238928.055934944,1249814.4556677293,1230433.992182189,1234060.9298765045,533097
2017-07-12,1234060.9298765045,1274560.1681840685,1234060.9298765045,1271254.9561652108,488336
2017-07-13,1271254.9561652108,1297888.554077671,1271254.9561652108,1284696.5618807985,553273
2017-07-14,1284696.5618807985,1308188.4336649964,1275877.649314646,1292966.0288548141,408438
2017-07-17,1292966.0288548141,1292966.0288548141,1272719.0701681306,1282966.2616701974,393153
2017-07-18,1282966.2616701974,1311854.5529245897,1282966.2616701974,1297301.7117799534,448461
2017-07-19,1297301.7117799534,1297993.9520815348,1272456.7042750646,1287186.9765311975,539597
2017-07-20,1287186.9765311975,1287186.9765311975,1255032.3550444287,1265539.935506913,518779
2017-07-21,1265539.935506913,1295408.520722004,1262185.163904135,1281375.0898706617,386944
2017-07-24,1281375.0898706617,1284953.12116931,1259429.493259671,1270927.2557679343,624551
2017-07-25,1270927.2557679343,1270927.2557679343,1240024.4378199717,1252204.0958364445,625233
2017-07-26,1252204.0958364445,1274008.5416817162,1251275.971027834,1257251.5304743873,531621
2017-07-27,1257251.5304743873,1280128.7490614282,1249589.5174656038,1267347.1285984768,445760
2017-07-28,1267347.1285984768,1267347.1285984768,1233413.7736700457,1247343.6005982466,570508
2017-07-31,1247343.6005982466,1353459.627907661,1247343.6005982466,1350272.1691638788,569386
2017-08-01,1350272.1691638788,1407609.0937761185,1350272.1691638788,1388664.8804432538,593312
2017-08-02,1388664.8804432538,1440597.9393806988,1388664.8804432538,1433088.0460790454,526632
2017-08-03,1433088.0460790454,1447122.8697487023,1433088.0460790454,1440779.5781563423,627205
2017-08-04,1440779.5781563423,1442520.011079459,1404790.5974700116,1425466.3463400607,533734
2017-08-07,1425466.3463400607,1455311.5596012934,1422135.878508539,1440821.225728247,548171
2017-08-08,1440821.225728247,1440821.225728247,1397649.1542943772,1413542.544932354,469960
2017-08-09,1413542.544932354,1430869.7861990377,1393217.3417994003,1410060.6572132008,428695
2017-08-10,1410060.6572132008,1502587.3761100788,1410060.6572132008,1496845.0016603845,530065
2017-08-11,1496845.0016603845,1496845.0016603845,1447601.1990470863,1461462.5294057836,501989
2017-08-14,1461462.5294057836,1462726.2618059334,1432817.0086942317,1447743.4995748978,540466
2017-08-15,1447743.4995748978,1447743.4995748978,1407553.9577951161,1421101.3405711239,442006
2017-08-16,1421101.3405711239,1423899.279695102,1413160.727185937,1413640.2285426147,539265
2017-08-17,1413640.2285426147,1413640.2285426147,1360461.4373009088,1378608.36242178,492466
2017-08-18,1378608.36242178,1397616.3601745833,1378451.4121878357,1384245.399067956,440994
2017-08-21,1384245.399067956,1385778.411013395,1372927.0005432053,1376830.2450549642,511277
2017-08-22,1376830.2450549642,1419164.158783959,1376830.2450549642,1415587.695643931,591370
2017-08-23,1415587.695643931,1415587.695643931,1409635.228739091,1411916.5956950972,512691
2017-08-24,1411916.5956950972,1411916.5956950972,1377884.8618636627,1379584.7325197617,513578
2017-08-25,1379584.7325197617,1401660.8585719096,1379584.7325197617,1401545.229462377,506461
2017-08-28,1401545.229462377,1526225.6800168639,1401545.229462377,1522402.2934485455,562938
2017-08-29,1522402.2934485455,1622989.5112890291,1522402.2934485455,1608631.2078487435,533100
2017-08-30,1608631.2078487435,1608631.2078487435,1529239.8618021857,1530930.4194418832,492408
2017-08-31,1530930.4194418832,1530930.4194418832,1498300.748753943,1501438.0865539534,532179
2017-09-01,1501438.0865539534,1501438.0865539534,1441202.3324617129,1452660.2287145986,456291
2017-09-04,1452660.2287145986,1486332.8544228761,1451419.358950663,1469638.735622935,379783
2017-09-05,1469638.735622935,1549423.4952989046,1469638.735622935,1536566.5287418342,451235
2017-09-06,1536566.5287418342,1656255.0038116674,1536566.5287418342,1638206.7161335463,448198
2017-09-07,1638206.7161335463,1638206.7161335463,1590540.4404835626,1605643.5428983879,467015
2017-09-08,1605643.5428983879,1605643.5428983879,1494154.723658869,1514604.6561964955,497165
2017-09-11,1514604.6561964955,1530376.7519295362,1514604.6561964955,1527726.7620982933,664837
2017-09-12,1527726.7620982933,1527726.7620982933,1504887.3439465095,1510110.566543611,680722
2017-09-13,1510110.566543611,1604582.3509440736,1510110.566543611,1599639.393031242,544673
2017-09-14,1599639.393031242,1611705.8301418114,1584481.074004044,1606816.3552727574,426288
2017-09-15,1606816.3552727574,1606816.3552727574,1494106.0056998604,1504030.3994481566,493297
2017-09-18,1504030.3994481566,1504569.7802974917,1496623.2234351998,1504023.2018809074,519237
2017-09-19,1504023.2018809074,1504023.2018809074,1478785.244475988,1491977.4509893663,416043
2017-09-20,1491977.4509893663,1528575.5738236017,1491977.4509893663,1513546.7372708838,455993
2017-09-21,1513546.7372708838,1551989.1234902877,1513546.7372708838,1542639.2254343247,428669
2017-09-22,1542639.2254343247,1542639.2254343247,1477205.345606246,1497201.258718383,696485
2017-09-25,1497201.258718383,1553402.1749453961,1497201.258718383,1549674.6522194655,428682
2017-09-26,1549674.6522194655,1549674.6522194655,1482878.0514483275,1491278.5464567267,338610
2017-09-27,1491278.5464567267,1523291.9464732534,1491278.5464567267,1523213.7580772846,485145
2017-09-28,1523213.7580772846,1539442.9206379426,1518025.3229364234,1534353.6802412241,352213
2017-09-29,1534353.6802412241,1572669.0245429033,1534353.6802412241,1566191.6331371802,518115
2017-10-02,1566191.6331371802,1566191.6331371802,1459840.815153485,1466838.6835221662,470146
2017-10-03,1466838.6835221662,1497339.2133595755,1466838.6835221662,1494208.70458004,527675
2017-10-04,1494208.70458004,1494208.70458004,1478606.972528504,1479168.5330606387,511832
2017-10-05,1479168.5330606387,1479168.5330606387,1461585.5207606063,1469155.2967954867,420221
2017-10-06,1469155.2967954867,1481331.1357017767,1464213.4396668181,1464838.0161534844,439349
2017-10-09,1464838.0161534844,1490113.9749964413,1459296.9446075652,1469767.0100772427,399578
2017-10-10,1469767.0100772427,1494353.0308787602,1467450.310625425,1472316.9284418651,572485
2017-10-11,1472316.9284418651,1538947.5266806963,1472316.9284418651,1523433.1104774536,547090
2017-10-12,1523433.1104774536,1573460.49564869,1523433.1104774536,1553609.3501165404,516297
2017-10-13,1553609.3501165404,1556126.841164317,1534752.8666263658,1548307.1655788075,513853
2017-10-16,1548307.1655788075,1548307.1655788075,1513710.3368641974,1522391.207648253,479571
2017-10-17,1522391.207648253,1522391.207648253,1460553.7628034698,1480781.5457835642,429535
2017-10-18,1480781.5457835642,1480781.5457835642,1458805.1011839595,1462806.576423279,455619
2017-10-19,1462806.576423279,1511142.9658792408,1462806.576423279,1510675.0206756731,568732
2017-10-20,1510675.0206756731,1514571.088314366,1489456.0860536958,1505290.9021309656,495954
2017-10-23,1505290.9021309656,1505290.9021309656,1446047.5928605427,1447543.4711566349,516076
2017-10-24,1447543.4711566349,1447543.4711566349,1411309.4065267898,1427661.6436585071,523476
2017-10-25,1427661.6436585071,1427661.6436585071,1358158.9953295062,1376115.1645678824,463687
2017-10-26,1376115.1645678824,1376115.1645678824,1331786.6874732692,1348659.9014254638,418110
2017-10-27,1348659.9014254638,1348659.9014254638,1311185.8731969853,1326603.2552530551,333573
2017-10-30,1326603.2552530551,1326603.2552530551,1290555.6803314555,1303509.498841174,428671
2017-10-31,1303509.498841174,1303509.498841174,1259642.5199210222,1272863.6959972715,355289
2017-11-01,1272863.6959972715,1272863.6959972715,1248917.4741520663,1252114.7420576562,480571
2017-11-02,1252114.7420576562,1311220.1869601866,1252114.7420576562,1309295.5236007504,426017
2017-11-03,1309295.5236007504,1309295.5236007504,1295106.4588654074,1304066.9286501303,516215
2017-11-06,1304066.9286501303,1304066.9286501303,1275482.6496875372,1277142.7442228426,587563
2017-11-07,1277142.7442228426,1329925.503227189,1277142.7442228426,1310912.5584245697,524880
2017-11-08,1310912.5584245697,1342051.8173272798,1310912.5584245697,1322411.4220028128,535368
2017-11-09,1322411.4220028128,1322411.4220028128,1300980.825018151,1317368.077026057,459851
2017-11-10,1317368.077026057,1317368.077026057,1281625.1524954091,1283064.2752829767,458875
2017-11-13,1283064.2752829767,1339759.012012698,1283064.2752829767,1327702.5738010241,465607
2017-11-14,1327702.5738010241,1327702.5738010241,1304243.0980234048,1318019.4981876928,517524
2017-11-15,1318019.4981876928,1361929.2790633508,1318019.4981876928,1360770.8885949124,464783
2017-11-16,1360770.8885949124,1386265.5551406941,1360770.8885949124,1373837.4024209077,391025
2017-11-17,1373837.4024209077,1456033.2994224902,1373837.4024209077,1441494.1507813851,343933
2017-11-20,1441494.1507813851,1441494.1507813851,1374312.2000955075,1378417.4169196873,687140
2017-11-21,1378417.4169196873,1378417.4169196873,1340909.491202093,1354180.3596598702,405765
2017-11-22,1354180.3596598702,1394426.943644314,1354180.3596598702,1391479.0208163718,219734
2017-11-23,1391479.0208163718,1391479.0208163718,1347751.5566176458,1366715.1705114103,477234
2017-11-24,1366715.1705114103,1388651.699139565,1363359.5189556442,1374316.14933664,380791
2017-11-27,1374316.14933664,1374316.14933664,1296557.8069364617,1308696.9776389163,520242
2017-11-28,1308696.9776389163,1328111.589794374,1304683.7116350592,1319718.304720387,426589
2017-11-29,1319718.304720387,1319718.304720387,1292020.1791250228,1300621.2088171854,300647
2017-11-30,1300621.2088171854,1328785.9491783148,1300621.2088171854,1311446.4622983465,413543
2017-12-01,1311446.4622983465,1311446.4622983465,1258855.7619631405,1275822.6064024293,460407
2017-12-04,1275822.6064024293,1275822.6064024293,1242677.6263390873,1252230.4241544912,435240
2017-12-05,1252230.4241544912,1255848.869363425,1227011.4398345726,1238460.851649355,424933
2017-12-06,1238460.851649355,1238460.851649355,1198173.375220014,1207202.1295006473,532761
2017-12-07,1207202.1295006473,1207202.1295006473,1152931.1282174746,1170287.413657637,392775
2017-12-08,1170287.413657637,1179983.321957111,1155451.4903288162,1170886.5498181095,437113
2017-12-11,1170886.5498181095,1170886.5498181095,1103084.8664964612,1118079.1487032548,419539
2017-12-12,1118079.1487032548,1122763.2171985006,1106711.4658479406,1121484.075200339,615066
2017-12-13,1121484.075200339,1121484.075200339,1090230.6034917952,1099293.1753269816,504199
2017-12-14,1099293.1753269816,1119369.6498054205,1099293.1753269816,1115411.2255742643,246518
2017-12-15,1115411.2255742643,1117453.578109797,1085390.3941288772,1101851.692720635,512033
2017-12-18,1101851.692720635,1101851.692720635,1080911.5247740333,1084845.7660638494,533931
2017-12-19,1084845.7660638494,1107617.6997581555,1084845.7660638494,1102416.1673963037,497195
2017-12-20,1102416.1673963037,1137778.5073240367,1102416.1673963037,1121012.2748246384,407164
2017-12-21,1121012.2748246384,1134558.2378317285,1103595.2991732724,1119821.414215828,386200
2017-12-22,1119821.414215828,1119821.414215828,1085554.8672958778,1092566.937339719,652324
2017-12-25,1092566.937339719,1122993.4302335228,1092566.937339719,1114721.3620734094,528076
2017-12-26,1114721.3620734094,1114721.3620734094,1078184.0930638018,1082839.0976861545,588352
2017-12-27,1082839.0976861545,1082839.0976861545,1045950.6076532281,1059753.785768978,509558
2017-12-28,1059753.785768978,1071595.4293348468,1059753.785768978,1071135.9349881778,337512
2017-12-29,1071135.9349881778,1103905.303576963,1071135.9349881778,1087698.4526570102,433036
2018-01-01,1087698.4526570102,1087698.4526570102,1050610.1724878047,1064673.5034601833,559962
2018-01-02,1064673.5034601833,1109123.6473814463,1064673.5034601833,1102367.086302968,462056
2018-01-03,1102367.086302968,1121560.8907310318,1101870.5046780433,1118476.015370991,481002
2018-01-04,1118476.015370991,1118476.015370991,1082497.852007055,1090369.8317882016,489483
2018-01-05,1090369.8317882016,1090369.8317882016,1061006.4267365716,1071891.49280705,606229
2018-01-08,1071891.49280705,1071891.49280705,1036743.4138123594,1048974.7459787803,631569
2018-01-09,1048974.7459787803,1108449.1502140376,1048974.7459787803,1099576.0786792936,372167
2018-01-10,1099576.0786792936,1133388.4797326645,1099576.0786792936,1126857.6319433972,525902
2018-01-11,1126857.6319433972,1131410.0482112605,1114127.4918225186,1119935.0974827255,537959
2018-01-12,1119935.0974827255,1119935.0974827255,1069141.4128927733,1080072.1480620045,589105
2018-01-15,1080072.1480620045,1080072.1480620045,1051973.4757025284,1053936.0101799585,591442
2018-01-16,1053936.0101799585,1053936.0101799585,1018881.660104698,1027911.4226441022,507213
2018-01-17,1027911.4226441022,1027911.4226441022,994885.1000902181,1001141.0250311962,410299
2018-01-18,1001141.0250311962,1014470.7707412618,992918.0890894241,1001022.1718026866,486406
2018-01-19,1001022.1718026866,1080045.788756957,1001022.1718026866,1079651.7295636544,586503
2018-01-22,1079651.7295636544,1079651.7295636544,1066461.760864775,1073880.3936993708,498639
2018-01-23,1073880.3936993708,1073880.3936993708,1030486.5007018155,1037328.3032432847,526032
2018-01-24,1037328.3032432847,1072963.1467036465,1037328.3032432847,1064989.712581647,479642
2018-01-25,1064989.712581647,1098636.781834143,1064989.712581647,1091532.6883012685,388879
2018-01-26,1091532.6883012685,1096246.6171535489,1081575.1689066736,1093528.91771527,576092
2018-01-29,1093528.91771527,1093528.91771527,1068443.8252145723,1072195.8946078594,490106
2018-01-30,1072195.8946078594,1078322.454987945,1056550.7754387704,1065777.2893986683,556746
2018-01-31,1065777.2893986683,1074133.8905931097,1055612.8222954609,1069083.9051928492,582029
2018-02-01,1069083.9051928492,1069083.9051928492,1049420.990221876,1057864.462999556,338845
2018-02-02,1057864.462999556,1057864.462999556,1025822.7860908137,1038631.9054372545,399001
2018-02-05,1038631.9054372545,1038631.9054372545,1007483.0058490732,1015436.3637458129,447935
2018-02-06,1015436.3637458129,1026982.1861818956,1008987.9847704568,1015989.6935227284,402745
2018-02-07,1015989.6935227284,1015989.6935227284,1004005.1427234793,1009984.9083687437,493473
2018-02-08,1009984.9083687437,1009984.9083687437,992346.1597377005,1002346.980821286,439493
2018-02-09,1002346.980821286,1039627.3966387595,1002346.980821286,1030248.4830413285,471004
2018-02-12,1030248.4830413285,1031646.8522566179,1020824.9279267078,1022589.0589449673,649573
2018-02-13,1022589.0589449673,1042918.2483283753,1022589.0589449673,1040493.9782667715,407041
2018-02-14,1040493.9782667715,1040493.9782667715,1008182.6911030245,1016778.2397317564,592261
2018-02-15,1016778.2397317564,1016778.2397317564,998406.6485104057,1001658.8469983843,432609
2018-02-16,1001658.8469983843,1001658.8469983843,923092.2498494807,932808.850576176,402325
2018-02-19,932808.850576176,942984.9700798673,923948.6565535995,936081.841994664,572808
2018-02-20,936081.841994664,981504.1826081834,936081.841994664,973344.9520336104,493602
2018-02-21,973344.9520336104,973344.9520336104,943903.3723487355,955617.0439206333,290727
2018-02-22,955617.0439206333,956437.5631857015,943839.6529983366,956396.2805644235,461214
2018-02-23,956396.2805644235,991665.7800161061,956396.2805644235,988821.7003699419,552315
2018-02-26,988821.7003699419,988821.7003699419,971395.8396901278,983756.6457259957,526073
2018-02-27,983756.6457259957,992282.0066087755,976335.5416837079,985773.8493764095,357229
2018-02-28,985773.8493764095,1026528.3048813896,985773.8493764095,1025552.3276471597,603291
2018-03-01,1025552.3276471597,1025552.3276471597,1016392.3722113672,1022022.5104013,479288
2018-03-02,1022022.5104013,1022022.5104013,994307.2112958241,999865.0549642715,569393
2018-03-05,999865.0549642715,1019797.4514969123,999865.0549642715,1011189.2813489885,556027
2018-03-06,1011189.2813489885,1017587.6083614522,990429.9839845446,1003030.2334778863,557881
2018-03-07,1003030.2334778863,1003030.2334778863,975314.9772939011,989982.9729940426,584949
2018-03-08,989982.9729940426,989982.9729940426,974129.9443854495,974647.4620289789,519543
2018-03-09,974647.4620289789,1017677.5563575256,974647.4620289789,1005919.9922456252,621739
2018-03-12,1005919.9922456252,1058795.7794482661,1005919.9922456252,1045122.144764358,302280
2018-03-13,1045122.144764358,1046046.1509870095,1041014.1368999113,1041972.4375555738,552044
2018-03-14,1041972.4375555738,1041972.4375555738,977129.6202999675,981781.6886253185,618898
2018-03-15,981781.6886253185,1020096.4894056866,981781.6886253185,1017760.4837348928,368491
2018-03-16,1017760.4837348928,1017760.4837348928,958242.863973278,971381.8941276232,557822
2018-03-19,971381.8941276232,997819.2904931082,971381.8941276232,989321.0404083994,531585
2018-03-20,989321.0404083994,1014841.4340947234,989321.0404083994,1004091.4305187311,574826
2018-03-21,1004091.4305187311,1050190.813036896,1004091.4305187311,1046155.2125664807,580230
2018-03-22,1046155.2125664807,1076273.6214738893,1046155.2125664807,1070173.4866788667,489166
2018-03-23,1070173.4866788667,1109633.5236528337,1070173.4866788667,1104029.3705597306,659002
2018-03-26,1104029.3705597306,1104029.3705597306,1088463.3634607652,1097107.5115699344,444763
2018-03-27,1097107.5115699344,1097107.5115699344,1079955.9350964203,1093252.9032769643,410301
2018-03-28,1093252.9032769643,1129587.3294060887,1093252.9032769643,1116024.0266221853,389672
2018-03-29,1116024.0266221853,1155722.3612927299,1116024.0266221853,1152152.5596633756,417061
2018-03-30,1152152.5596633756,1152152.5596633756,1126131.7987096072,1138566.6631187226,582811
2018-04-02,1138566.6631187226,1138566.6631187226,1098994.030034795,1109312.7398249554,344416
2018-04-03,1109312.7398249554,1132121.020350971,1108298.7383620646,1124665.4673574602,429251
2018-04-04,1124665.4673574602,1158033.5621817105,1124665.4673574602,1146798.2991054803,451014
2018-04-05,1146798.2991054803,1146798.2991054803,1135656.6670796515,1135925.3410765794,497426
2018-04-06,1135925.3410765794,1135925.3410765794,1109983.6878719027,1119085.0091252734,426332
2018-04-09,1119085.0091252734,1145437.8576346205,1119085.0091252734,1142494.6711380812,553310
2018-04-10,1142494.6711380812,1178100.380927631,1142494.6711380812,1169185.6401023958,358529
2018-04-11,1169185.6401023958,1183575.9201751512,1169185.6401023958,1182113.8762313232,415033
2018-04-12,1182113.8762313232,1182113.8762313232,1147622.9085177525,1156389.2840522397,412686
2018-04-13,1156389.2840522397,1213574.452027766,1156389.2840522397,1209399.0789991657,428591
2018-04-16,1209399.0789991657,1241043.4256138133,1209399.0789991657,1224418.7591957008,465477
2018-04-17,1224418.7591957008,1249721.7414551824,1217005.7115227063,1232359.2719706325,561605
2018-04-18,1232359.2719706325,1232359.2719706325,1195398.9183615085,1212560.4690669992,324516
2018-04-19,1212560.4690669992,1212560.4690669992,1188050.2014191407,1188083.0413835458,455930
2018-04-20,1188083.0413835458,1208116.8244311516,1183544.7674054375,1198512.6663508918,570539
2018-04-23,1198512.6663508918,1198512.6663508918,1175982.9711624067,1177038.5285449869,568090
2018-04-24,1177038.5285449869,1177038.5285449869,1153105.7158591507,1159718.8528238554,379304
2018-04-25,1159718.8528238554,1184084.0174442483,1156738.527110116,1173067.8772039462,473971
2018-04-26,1173067.8772039462,1186799.438299756,1169602.606077252,1175534.9407448433,610832
2018-04-27,1175534.9407448433,1184892.5286561607,1168137.7886756493,1177154.7669958994,524389
2018-04-30,1177154.7669958994,1186321.0358043013,1168188.0065479146,1173705.0460524068,492335
2018-05-01,1173705.0460524068,1173705.0460524068,1139339.9970084256,1144757.2717953,600192
2018-05-02,1144757.2717953,1144757.2717953,1115973.37000623,1128427.4683957603,405471
2018-05-03,1128427.4683957603,1218471.3874800636,1128427.4683957603,1205583.1832461515,442777
2018-05-04,1205583.1832461515,1205583.1832461515,1121329.2899895203,1129229.5882055394,436696
2018-05-07,1129229.5882055394,1173509.4473896467,1129229.5882055394,1161712.4392509381,389827
2018-05-08,1161712.4392509381,1185500.9837853299,1154878.0647789445,1168841.730192517,433961
2018-05-09,1168841.730192517,1168841.730192517,1100247.8359751715,1112428.4654378162,435833
2018-05-10,1112428.4654378162,1112428.4654378162,1065400.497582143,1070506.6742367046,493276
2018-05-11,1070506.6742367046,1070506.6742367046,1006026.7584344653,1018461.5709820689,460806
2018-05-14,1018461.5709820689,1037905.8496430072,1018461.5709820689,1033069.5605228343,488370
2018-05-15,1033069.5605228343,1053208.7680536811,1033069.5605228343,1052211.9159925005,436333
2018-05-16,1052211.9159925005,1052211.9159925005,1036863.856159786,1041463.8976990635,544780
2018-05-17,1041463.8976990635,1052667.9236354162,1041463.8976990635,1050082.9686122236,530135
2018-05-18,1050082.9686122236,1076094.1438198935,1050082.9686122236,1063576.968627718,452901
2018-05-21,1063576.968627718,1078661.4053964769,1059799.4832632015,1074561.5728824276,412276
2018-05-22,1074561.5728824276,1083342.6374838157,1060505.4219524227,1073990.0806861576,358457
2018-05-23,1073990.0806861576,1073990.0806861576,1056698.898860331,1060910.9603750089,524187
2018-05-24,1060910.9603750089,1060910.9603750089,1028657.7376455246,1032207.8001753348,732563
2018-05-25,1032207.8001753348,1032207.8001753348,1017134.0999894202,1023586.8976000577,540241
2018-05-28,1023586.8976000577,1036924.5578944129,1016966.0172222173,1024371.0503303359,577118
2018-05-29,1024371.0503303359,1029496.2431357256,1012013.8261480572,1018964.1601181958,427366
2018-05-30,1018964.1601181958,1018964.1601181958,992083.1744999274,992377.9140643935,310567
2018-05-31,992377.9140643935,992377.9140643935,975853.8309205112,979975.6960681117,494382
2018-06-01,979975.6960681117,979975.6960681117,937730.3361818667,945121.5115348921,621416
2018-06-04,945121.5115348921,945121.5115348921,914475.7035246214,928224.5349702786,514063
2018-06-05,928224.5349702786,939968.5528028064,921809.4071105836,931131.9617573164,507501
2018-06-06,931131.9617573164,931131.9617573164,904225.4037198724,917419.559767164,550423
2018-06-07,917419.559767164,925716.7751085684,917419.559767164,925129.6727989863,326960
2018-06-08,925129.6727989863,925129.6727989863,904239.4602224219,910361.8324343628,409975
2018-06-11,910361.8324343628,936555.9772414233,910361.8324343628,928935.1505392718,509623
2018-06-12,928935.1505392718,928935.1505392718,896471.2596472013,909985.8833357267,433819
2018-06-13,909985.8833357267,914055.3025919653,908798.7104725861,909997.2568325415,486205
2018-06-14,909997.2568325415,924047.377870603,909997.2568325415,917009.7986469244,476257
2018-06-15,917009.7986469244,917009.7986469244,882549.7724850427,883205.3136429315,529748
2018-06-18,883205.3136429315,914786.8711998257,883205.3136429315,903925.869586684,593091
2018-06-19,903925.869586684,903925.869586684,872730.2921592711,884323.5176206633,399582
2018-06-20,884323.5176206633,893353.8498195874,874833.9749279523,884026.7214778481,498246
2018-06-21,884026.7214778481,889791.7349860859,868622.4864512353,881638.6314015766,451264
2018-06-22,881638.6314015766,900968.3804013898,879942.8668502097,892949.7664413882,554105
2018-06-25,892949.7664413882,918305.2487196634,892949.7664413882,915011.4192498452,517755
2018-06-26,915011.4192498452,920375.5317452521,901991.8912342968,911551.9361734138,583106
2018-06-27,911551.9361734138,913260.6146217249,907740.5982807777,910933.9404469188,511743
2018-06-28,910933.9404469188,914882.9687597868,897508.8798246478,910422.0866058841,650793
2018-06-29,910422.0866058841,922812.6043700632,910422.0866058841,920226.2880915721,449952
2018-07-02,920226.2880915721,931430.2729995359,920226.2880915721,926848.9067077772,592009
2018-07-03,926848.9067077772,937664.8616068435,926848.9067077772,934974.4969336629,472562
2018-07-04,934974.4969336629,963547.1016134247,934974.4969336629,952870.7793574092,390672
2018-07-05,952870.7793574092,952870.7793574092,917858.4067687896,920746.5135550019,650575
2018-07-06,920746.5135550019,920746.5135550019,900702.8471514318,906663.3767717462,372622
2018-07-09,906663.3767717462,917933.3984198775,903260.1661951048,908433.4586910311,553383
2018-07-10,908433.4586910311,916139.2252166846,895045.6093597716,905742.7209950271,514680
2018-07-11,905742.7209950271,921368.6793627834,900809.3975831192,908778.8452079031,552588
2018-07-12,908778.8452079031,909736.2754591907,903619.9169717411,908296.2337589958,337452
2018-07-13,908296.2337589958,932082.6214054554,908296.2337589958,923849.4593079003,492276
2018-07-16,923849.4593079003,947007.1953440238,923849.4593079003,944579.6925283384,380156
2018-07-17,944579.6925283384,944579.6925283384,924563.3827801036,937299.5302186278,354484
2018-07-18,937299.5302186278,937299.5302186278,913121.4671670604,921309.1590965526,392122
2018-07-19,921309.1590965526,921309.1590965526,890770.7883937765,898989.1484789773,535226
2018-07-20,898989.1484789773,920279.4280460965,898989.1484789773,910238.7065070845,480865
2018-07-23,910238.7065070845,910238.7065070845,882635.5176442288,893606.6686715839,447044
2018-07-24,893606.6686715839,904549.2147411625,883714.7617281761,892823.4529515676,424894
2018-07-25,892823.4529515676,899391.1310660458,879032.485448256,886941.30873825,427928
2018-07-26,886941.30873825,892734.4216953706,879502.5930121741,887932.3931085059,561154
2018-07-27,887932.3931085059,904003.6357280008,882881.0865331304,894912.6729242457,621975
2018-07-30,894912.6729242457,894912.6729242457,866442.9112340072,875525.352040042,420720
2018-07-31,875525.352040042,875525.352040042,847818.1667585258,853983.9585785114,448116
2018-08-01,853983.9585785114,883387.959809731,853983.9585785114,877426.2493825878,448993
2018-08-02,877426.2493825878,877426.2493825878,842829.6915123009,851367.2753737529,461445
2018-08-03,851367.2753737529,851367.2753737529,800937.4990118115,804653.2375245098,380635
2018-08-06,804653.2375245098,826400.177221818,804353.6478800487,816105.5557205415,565462
2018-08-07,816105.5557205415,823236.2836887401,812989.8415239303,819985.34996458,499444
2018-08-08,819985.34996458,830258.0210837797,808321.1125114546,818953.4872811278,528530
2018-08-09,818953.4872811278,840100.5951073329,818953.4872811278,831637.1619419943,663768
2018-08-10,831637.1619419943,888801.2394815027,831637.1619419943,885637.5630101919,649507
2018-08-13,885637.5630101919,899440.1208448008,878326.5189940003,887752.7589115018,521764
2018-08-14,887752.7589115018,887752.7589115018,860496.4545144341,868530.8120988221,498249
2018-08-15,868530.8120988221,888812.1502454478,868530.8120988221,885649.8478728723,474256
2018-08-16,885649.8478728723,900095.0425494739,881938.7256648354,894503.160300181,450995
2018-08-17,894503.160300181,912244.6777610992,894503.160300181,906152.16455661,634599
2018-08-20,906152.16455661,906152.16455661,858057.2123856138,867834.6347739205,453661
2018-08-21,867834.6347739205,886118.3224132948,867834.6347739205,878935.9323848635,405656
2018-08-22,878935.9323848635,889115.374072703,878935.9323848635,884966.3759658405,610435
2018-08-23,884966.3759658405,915543.8014466037,884966.3759658405,909450.3204012144,503880
2018-08-24,909450.3204012144,909450.3204012144,876917.5887368674,879312.6159626363,488421
2018-08-27,879312.6159626363,890109.8544871791,879312.6159626363,887894.1825943888,505846
2018-08-28,887894.1825943888,887894.1825943888,833160.0253965093,841895.0382442824,367912
2018-08-29,841895.0382442824,898852.9342900951,841895.0382442824,893409.8890606491,449309
2018-08-30,893409.8890606491,893409.8890606491,854716.7150385374,867576.948730205,496931
2018-08-31,867576.948730205,867576.948730205,833977.8275803237,845481.4184194711,452918
2018-09-03,845481.4184194711,845481.4184194711,814014.4515387221,825250.7100018887,412118
2018-09-04,825250.7100018887,839171.3079637334,816224.7908928916,826863.4014146661,537561
2018-09-05,826863.4014146661,872945.9328636345,826863.4014146661,872224.8664382958,367453
2018-09-06,872224.8664382958,878339.8860557924,863280.0071934148,865572.637563235,506266
2018-09-07,865572.637563235,867020.7384349754,862434.0957674343,866367.1054451645,449402
2018-09-10,866367.1054451645,938438.5165996153,866367.1054451645,931083.7720961988,573391
2018-09-11,931083.7720961988,932880.5538888642,913585.3633884424,927327.8086920915,479107
2018-09-12,927327.8086920915,927327.8086920915,896701.7401663865,899808.8473127944,463725
2018-09-13,899808.8473127944,899808.8473127944,876139.7278850166,882855.4729190883,517329
2018-09-14,882855.4729190883,956552.5348286802,882855.4729190883,945175.8603488395,551058
2018-09-17,945175.8603488395,986177.640382517,945175.8603488395,983181.9803665787,498179
2018-09-18,983181.9803665787,983181.9803665787,954887.3088076225,962483.1243094688,345907
2018-09-19,962483.1243094688,970741.009122147,955522.4426239893,966664.8540085199,386546
2018-09-20,966664.8540085199,983722.8145643055,966664.8540085199,976800.7178446552,558497
2018-09-21,976800.7178446552,1001496.4855980395,976800.7178446552,998704.0747361509,414780
2018-09-24,998704.0747361509,998704.0747361509,955437.2090101145,964814.6726801645,645461
2018-09-25,964814.6726801645,964814.6726801645,935343.8472473809,938956.5399370779,506167
2018-09-26,938956.5399370779,999143.3051869685,938956.5399370779,986895.3252758267,555752
2018-09-27,986895.3252758267,994988.1370873636,981080.261890593,981924.4140479106,526331
2018-09-28,981924.4140479106,1002508.6129520766,980372.7428151099,990335.0435655016,309386
2018-10-01,990335.0435655016,990335.0435655016,957855.4325614992,962691.1778774236,579332
2018-10-02,962691.1778774236,1007683.1387244044,962691.1778774236,993055.274704363,521788
2018-10-03,993055.274704363,993055.274704363,977728.3523949026,978059.3379653844,426775
2018-10-04,978059.3379653844,992948.7958420243,978059.3379653844,980449.3705084476,590579
2018-10-05,980449.3705084476,999250.7948046286,980449.3705084476,999021.8192485082,378982
2018-10-08,999021.8192485082,999021.8192485082,956573.3675763145,958318.5187191159,474308
2018-10-09,958318.5187191159,1024171.0127059236,958318.5187191159,1012814.7764243315,677939
2018-10-10,1012814.7764243315,1012814.7764243315,953195.5252946682,964207.0540112903,557834
2018-10-11,964207.0540112903,964207.0540112903,949703.5455537933,954340.0690306138,440443
2018-10-12,954340.0690306138,962900.9052834049,945533.2890270383,958369.3454400963,609548
2018-10-15,958369.3454400963,1038446.3885271807,958369.3454400963,1025993.0165569864,469611
2018-10-16,1025993.0165569864,1025993.0165569864,996742.6816948116,1006686.3936705799,392829
2018-10-17,1006686.3936705799,1031056.9930654808,1006686.3936705799,1026939.3830789468,459490
2018-10-18,1026939.3830789468,1053558.5085063034,1026939.3830789468,1039889.1201947117,569913
2018-10-19,1039889.1201947117,1039889.1201947117,985767.2178811276,995636.6166333108,460903
2018-10-22,995636.6166333108,995636.6166333108,963407.6443051358,973938.53409638,480718
2018-10-23,973938.53409638,999018.5180784905,973938.53409638,988122.3729851503,525119
2018-10-24,988122.3729851503,989066.321554267,973137.4078870191,985967.0299843434,508299
2018-10-25,985967.0299843434,985967.0299843434,980842.7682280412,983865.0535020679,470047
2018-10-26,983865.0535020679,997289.7749490413,982070.5041033924,986478.5539404518,533032
2018-10-29,986478.5539404518,993115.8392250302,978116.7907085554,989305.5402040101,679522
2018-10-30,989305.5402040101,998702.6195261152,989305.5402040101,994701.4919989498,497244
2018-10-31,994701.4919989498,994701.4919989498,941506.1455352374,954780.9763946974,541916
2018-11-01,954780.9763946974,966611.5323229383,954780.9763946974,964388.1011093403,407861
2018-11-02,964388.1011093403,964388.1011093403,942557.0329425703,956389.3627118687,365399
2018-11-05,956389.3627118687,984022.6630886056,956389.3627118687,983443.2041433697,560309
2018-11-06,983443.2041433697,983521.4779992009,974671.3506047712,976312.9470379172,450512
2018-11-07,976312.9470379172,1003992.5435417878,976312.9470379172,998244.563936528,413612
2018-11-08,998244.563936528,1019047.3451404105,997357.5000300193,1007164.3181018905,344760
2018-11-09,1007164.3181018905,1011773.524268942,1005271.32908047,1006378.6216006492,366293
2018-11-12,1006378.6216006492,1039906.0649574166,1006378.6216006492,1037766.5298839062,623451
2018-11-13,1037766.5298839062,1037766.5298839062,1022600.9100141235,1026319.4826357607,505789
2018-11-14,1026319.4826357607,1070373.7748014529,1026319.4826357607,1063387.1341105287,429143
2018-11-15,1063387.1341105287,1076456.019372677,1062272.1690691214,1074923.4914931348,515179
2018-11-16,1074923.4914931348,1074923.4914931348,1008243.0388845743,1014127.5606741416,445163
2018-11-19,1014127.5606741416,1014127.5606741416,976339.7072051294,982630.8595442425,540771
2018-11-20,982630.8595442425,995936.8086717289,982630.8595442425,988798.6784334723,395076
2018-11-21,988798.6784334723,1002358.6206370008,988798.6784334723,993071.3613441649,455624
2018-11-22,993071.3613441649,993071.3613441649,964166.0337745516,969466.0318592999,437396
2018-11-23,969466.0318592999,974689.986704791,951150.3821051886,965399.1144204099,436636
2018-11-26,965399.1144204099,989318.7834962242,965399.1144204099,979945.6489801048,544576
2018-11-27,979945.6489801048,979945.6489801048,963425.484650247,966804.1902053992,503260
2018-11-28,966804.1902053992,966804.1902053992,941452.3570546345,947912.4789136746,532201
2018-11-29,947912.4789136746,976357.5021445438,947912.4789136746,970971.7298939885,630367
2018-11-30,970971.7298939885,970971.7298939885,957519.3049373553,966960.086246502,521327
2018-12-03,966960.086246502,985689.1711039277,966960.086246502,977422.4741383437,459480
2018-12-04,977422.4741383437,977422.4741383437,952803.3883415421,965577.4523465417,545516
2018-12-05,965577.4523465417,965577.4523465417,925406.0605674775,938858.3113234983,428484
2018-12-06,938858.3113234983,991166.9809065209,938858.3113234983,980377.4918105315,458646
2018-12-07,980377.4918105315,1016013.1572708023,980377.4918105315,1011145.7882207866,557860
2018-12-10,1011145.7882207866,1017412.4352916785,994354.5266418833,1005629.5077385608,465653
2018-12-11,1005629.5077385608,1052112.6591512721,1005629.5077385608,1038413.1440234312,530399
2018-12-12,1038413.1440234312,1081601.4431218328,1038413.1440234312,1074268.4141182855,530668
2018-12-13,1074268.4141182855,1085931.3192801203,1055614.5939536442,1069885.4081932793,520997
2018-12-14,1069885.4081932793,1069885.4081932793,1050173.4650593353,1058007.5992546992,546209
2018-12-17,1058007.5992546992,1064585.2200053094,1056030.6792329529,1062030.663521788,614847
2018-12-18,1062030.663521788,1062030.663521788,1029456.3877559389,1032792.437518071,629092
2018-12-19,1032792.437518071,1053412.2359105542,1032792.437518071,1045148.486680347,544301
2018-12-20,1045148.486680347,1084509.2350966814,1045148.486680347,1073674.299870206,450622
2018-12-21,1073674.299870206,1073674.299870206,1047854.8486303358,1054593.053220246,413095
2018-12-24,1054593.053220246,1067673.128481006,1054289.3604658628,1057543.583689897,405868
2018-12-25,1057543.583689897,1057543.583689897,1023697.1605439605,1029500.1632754691,496311
2018-12-26,1029500.1632754691,1094615.1255284427,1029500.1632754691,1094071.4542311546,432367
2018-12-27,1094071.4542311546,1094071.4542311546,1044672.6440603338,1047745.132665973,528880
2018-12-28,1047745.132665973,1047745.132665973,1026856.0933947101,1031171.9086679311,495838
2018-12-31,1031171.9086679311,1056275.0342774158,1028107.6793840578,1043095.5060743538,431237
2019-01-01,1043095.5060743538,1043095.5060743538,1025294.8033182787,1036386.0028831271,487499
2019-01-02,1036386.0028831271,1036386.0028831271,988259.6594195719,999501.1790533785,447065
2019-01-03,999501.1790533785,999501.1790533785,969472.5278261078,983918.2772938345,508085
2019-01-04,983918.2772938345,989904.5392319422,983918.2772938345,988889.7489333309,502492
2019-01-07,988889.7489333309,1018955.6599818453,988889.7489333309,1003924.3455565961,460715
2019-01-08,1003924.3455565961,1019603.6342299165,1002772.603049687,1010276.0435804003,763446
2019-01-09,1010276.0435804003,1023795.8674257499,994778.1801842443,1009607.3177927652,490968
2019-01-10,1009607.3177927652,1009607.3177927652,948758.5614032866,953246.0913462081,445954
2019-01-11,953246.0913462081,960247.4163596152,953246.0913462081,959937.8162054388,508881
2019-01-14,959937.8162054388,970931.9790064995,959937.8162054388,969974.2263557776,550920
2019-01-15,969974.2263557776,970128.69692417,952662.5580091153,956309.2638006989,576668
2019-01-16,956309.2638006989,967370.1371667072,949578.5741876555,956100.0186607824,492967
2019-01-17,956100.0186607824,967077.3596774823,945543.6933472785,958396.5338049041,401513
2019-01-18,958396.5338049041,958396.5338049041,936111.5076354766,936643.2724226161,493913
2019-01-21,936643.2724226161,970689.5455294367,936643.2724226161,962031.4648491361,525100
2019-01-22,962031.4648491361,988367.2120762717,961835.4328747148,974210.1082958865,552479
2019-01-23,974210.1082958865,974394.5553388322,967093.6787562431,970932.522208675,541649
2019-01-24,970932.522208675,970932.522208675,886203.6482243668,897415.7336226846,570801
2019-01-25,897415.7336226846,897415.7336226846,859438.4609763745,860469.541297522,456114
2019-01-28,860469.541297522,873047.3747035996,857721.4156787861,862083.5157303831,426185
2019-01-29,862083.5157303831,867293.6287377459,849865.5845658287,859640.9506961551,455448
2019-01-30,859640.9506961551,865052.8068947505,855588.8104821019,860307.1829995884,594929
2019-01-31,860307.1829995884,860307.1829995884,835102.9832374974,835866.239560467,514972
2019-02-01,835866.239560467,835866.239560467,812626.4335297856,819720.4974649822,519017
2019-02-04,819720.4974649822,830180.5180120455,813693.1407877036,823397.0545164709,649419
2019-02-05,823397.0545164709,835743.5233074275,821849.6523048035,824019.0204071279,553608
2019-02-06,824019.0204071279,836687.2106342213,821274.0016983968,830061.0034473,498946
2019-02-07,830061.0034473,830061.0034473,817629.0573404278,827004.3685593028,358020
2019-02-08,827004.3685593028,832558.7816485651,816538.2131140741,823591.0919710724,583788
2019-02-11,823591.0919710724,841918.321431673,823591.0919710724,836780.5081277775,419040
2019-02-12,836780.5081277775,836780.5081277775,796490.0655005089,798709.9176994404,475127
2019-02-13,798709.9176994404,798709.9176994404,771439.9377940277,782683.0418046844,446287
2019-02-14,782683.0418046844,816390.4725210936,782683.0418046844,805497.2748577927,533215
2019-02-15,805497.2748577927,805497.2748577927,782707.4466981379,789383.226370631,476325
2019-02-18,789383.226370631,789383.226370631,784920.601593792,787629.0129099436,434311
2019-02-19,787629.0129099436,787629.0129099436,767801.853249338,777066.1522512545,483725
2019-02-20,777066.1522512545,781456.3518542158,772263.4494883557,779845.2136859734,611765
2019-02-21,779845.2136859734,779845.2136859734,773082.1323087234,775028.0931198392,509518
2019-02-22,775028.0931198392,777912.763274684,761102.9444203745,767988.4203223158,598415
2019-02-25,767988.4203223158,767988.4203223158,746531.7835748803,757263.8730839716,527621
2019-02-26,757263.8730839716,759073.0331584159,745862.1069953548,754112.3172976165,486744
2019-02-27,754112.3172976165,775235.0149519723,754112.3172976165,763893.5646981854,505697
2019-02-28,763893.5646981854,798186.6923750509,763893.5646981854,789537.464350854,458320
2019-03-01,789537.464350854,809968.8072493151,789537.464350854,804374.1441644278,428880
2019-03-04,804374.1441644278,804374.1441644278,788660.498227777,796197.2069783768,460361
2019-03-05,796197.2069783768,796197.2069783768,782574.1439339248,791664.777598914,482419
2019-03-06,791664.777598914,791664.777598914,766865.9054387006,770581.6815688334,636909
2019-03-07,770581.6815688334,782391.76199242,767002.5758421377,773743.6029382363,522050
2019-03-08,773743.6029382363,802041.2745460379,773743.6029382363,798175.0525518243,544661
2019-03-11,798175.0525518243,839450.2088262871,798175.0525518243,827598.4479835434,595120
2019-03-12,827598.4479835434,873513.8341699789,827598.4479835434,865852.3752177139,475106
2019-03-13,865852.3752177139,865852.3752177139,837622.2484484419,839334.4761386808,436148
2019-03-14,839334.4761386808,839334.4761386808,826258.7385860018,832712.9451702702,392381
2019-03-15,832712.9451702702,873343.6881728816,832712.9451702702,870612.9329403104,633240
2019-03-18,870612.9329403104,870612.9329403104,860673.5814811584,866029.2297405096,494861
2019-03-19,866029.2297405096,891972.7632140751,866029.2297405096,880143.1236014161,598756
2019-03-20,880143.1236014161,908306.1538659384,880143.1236014161,895087.3525972358,681353
2019-03-21,895087.3525972358,911584.1244999291,892903.2292833677,904144.8388815505,409687
2019-03-22,904144.8388815505,913382.4600656093,897531.3017561578,911154.9272562087,584195
2019-03-25,911154.9272562087,977697.1979677017,911154.9272562087,964592.6170555404,575083
2019-03-26,964592.6170555404,1009740.072978377,964592.6170555404,999999.3999844113,573468
2019-03-27,999999.3999844113,999999.3999844113,932062.4990708835,936086.0169690165,556484
2019-03-28,936086.0169690165,936086.0169690165,913161.8036451847,914001.5284897634,513689
2019-03-29,914001.5284897634,955437.1290418386,914001.5284897634,946178.241017866,483485
2019-04-01,946178.241017866,966064.6625918323,946178.241017866,951805.0721159016,498994
2019-04-02,951805.0721159016,952261.3410534016,933405.0054533109,940237.6645935131,671233
2019-04-03,940237.6645935131,973540.8807336221,940237.6645935131,961557.8966468767,428488
2019-04-04,961557.8966468767,1002538.616303693,961557.8966468767,987957.0795824082,566813
2019-04-05,987957.0795824082,1022532.7157279726,987957.0795824082,1017465.4381537039,501714
2019-04-08,1017465.4381537039,1017465.4381537039,943729.9442029137,954784.4515864713,480903
2019-04-09,954784.4515864713,954784.4515864713,931224.7011829633,943236.5754694805,559099
2019-04-10,943236.5754694805,958859.4151507304,943236.5754694805,955433.8056406606,431975
2019-04-11,955433.8056406606,955433.8056406606,896726.6080732556,908728.2295054714,622482
2019-04-12,908728.2295054714,908728.2295054714,890991.0277448151,898631.309072893,718114
2019-04-15,898631.309072893,920291.6511636677,898631.309072893,911110.5227632124,549408
2019-04-16,911110.5227632124,960369.0815770689,911110.5227632124,948168.9858579495,546845
2019-04-17,948168.9858579495,948168.9858579495,900150.0238464995,913703.7777054751,498432
2019-04-18,913703.7777054751,921645.9918236664,908119.9355279782,920089.9113660547,617599
2019-04-19,920089.9113660547,920089.9113660547,868007.5915098577,874680.9772543523,515880
2019-04-22,874680.9772543523,876200.7717486126,871620.5155638389,876184.4477984327,505842
2019-04-23,876184.4477984327,877687.41721583,861139.0764035528,870137.4472019584,469746
2019-04-24,870137.4472019584,899971.2205270174,870137.4472019584,888180.8148278242,498524
2019-04-25,888180.8148278242,911223.4614904994,888180.8148278242,910599.9607876636,403710
2019-04-26,910599.9607876636,910599.9607876636,884134.4507409983,890185.4754449007,414812
2019-04-29,890185.4754449007,919688.4943565849,890185.4754449007,908795.3675528354,494910
2019-04-30,908795.3675528354,926206.403828575,908795.3675528354,920033.5598387343,234801
2019-05-01,920033.5598387343,996672.7657479886,920033.5598387343,985133.5866932651,559139
2019-05-02,985133.5866932651,986584.5641630557,975396.0568131716,978541.2713537505,541158
2019-05-03,978541.2713537505,978541.2713537505,913659.0725973154,915971.7597693971,616093
2019-05-06,915971.7597693971,915971.7597693971,897460.2074146832,898809.9795151767,587291
2019-05-07,898809.9795151767,898809.9795151767,895802.0251791116,896501.3102688947,622453
2019-05-08,896501.3102688947,901296.308410135,889749.7389432384,891689.6043178905,522267
2019-05-09,891689.6043178905,940437.6329600796,891689.6043178905,929436.4236412222,462700
2019-05-10,929436.4236412222,958107.1937760379,929436.4236412222,949758.3755604748,469928
2019-05-13,949758.3755604748,1037580.0752777776,949758.3755604748,1032196.4181493039,458013
2019-05-14,1032196.4181493039,1032871.7490766553,1020720.9668956662,1030016.6518201118,620714
2019-05-15,1030016.6518201118,1030016.6518201118,967437.5353945404,982143.077110009,532580
2019-05-16,982143.077110009,994774.969297101,982143.077110009,993118.735562503,524187
2019-05-17,993118.735562503,993118.735562503,987514.9465140497,992065.4958795549,610013
2019-05-20,992065.4958795549,1017651.828326717,992065.4958795549,1009572.7489252298,411217
2019-05-21,1009572.7489252298,1009572.7489252298,980380.5816135097,986744.0327031127,394403
2019-05-22,986744.0327031127,986744.0327031127,941038.6208699084,943936.4524707769,473084
2019-05-23,943936.4524707769,943936.4524707769,913918.5477429647,919654.7987219788,577656
2019-05-24,919654.7987219788,953651.1688970156,919654.7987219788,952718.896405792,562889
2019-05-27,952718.896405792,952718.896405792,931263.7853871781,936005.6097025245,499077
2019-05-28,936005.6097025245,936005.6097025245,920170.4281004715,922188.800459885,500727
2019-05-29,922188.800459885,951422.5621401401,922188.800459885,949758.4306960511,427049
2019-05-30,949758.4306960511,949758.4306960511,907863.576030385,917032.9738468364,612806
2019-05-31,917032.9738468364,965708.6970302936,917032.9738468364,958559.344153902,552553
2019-06-03,958559.344153902,1001675.4561333559,958559.344153902,987918.3352387263,550543
2019-06-04,987918.3352387263,1054478.835932126,987918.3352387263,1051078.0465166462,444733
2019-06-05,1051078.0465166462,1051078.0465166462,1016813.7043686779,1022746.0933531694,426704
2019-06-06,1022746.0933531694,1022746.0933531694,997727.4373829057,1008684.1381996574,511564
2019-06-07,1008684.1381996574,1065889.7088885757,1008684.1381996574,1059057.7775210112,546393
2019-06-10,1059057.7775210112,1078769.176120926,1059057.7775210112,1067691.295065801,556162
2019-06-11,1067691.295065801,1109277.548469175,1067691.295065801,1097953.0248267264,454913
2019-06-12,1097953.0248267264,1124501.3694977514,1097953.0248267264,1110916.3017695812,567746
2019-06-13,1110916.3017695812,1119586.1484025877,1096365.467924443,1107117.0835964305,540042
2019-06-14,1107117.0835964305,1107117.0835964305,1057776.2395511842,1064184.6448392423,606247
2019-06-17,1064184.6448392423,1106761.004991546,1064184.6448392423,1105107.7534141554,473019
2019-06-18,1105107.7534141554,1166839.8148401857,1105107.7534141554,1163074.4511479503,565897
2019-06-19,1163074.4511479503,1163074.4511479503,1108361.5815331703,1111148.4867311467,508731
2019-06-20,1111148.4867311467,1119750.27657896,1096521.1241166326,1109344.031723988,504545
2019-06-21,1109344.031723988,1109344.031723988,998260.6087507467,1012488.6316683004,373159
2019-06-24,1012488.6316683004,1051297.6155161872,1012488.6316683004,1036487.2698465956,436831
2019-06-25,1036487.2698465956,1054189.0796451725,1036487.2698465956,1052454.7916574036,492344
2019-06-26,1052454.7916574036,1094877.4947363008,1052454.7916574036,1092233.3971812362,501008
2019-06-27,1092233.3971812362,1151653.6253635772,1092233.3971812362,1151643.9709503795,494135
2019-06-28,1151643.9709503795,1180030.8736318925,1151643.9709503795,1177777.5260968015,623019
2019-07-01,1177777.5260968015,1180566.292747535,1164339.3024319934,1177478.4064310153,472568
2019-07-02,1177478.4064310153,1177478.4064310153,1123215.856284275,1131834.4431181632,745554
2019-07-03,1131834.4431181632,1131834.4431181632,1092176.2417118403,1100374.0118200993,455303
2019-07-04,1100374.0118200993,1130045.4680410344,1100374.0118200993,1121611.2118994726,423688
2019-07-05,1121611.2118994726,1121623.595270477,1106667.092894066,1115936.9905376332,466230
2019-07-08,1115936.9905376332,1115936.9905376332,1085705.3879331325,1094323.1414523749,577597
2019-07-09,1094323.1414523749,1094323.1414523749,1079397.3702775913,1079417.4429522196,530586
2019-07-10,1079417.4429522196,1079417.4429522196,998668.7150792406,1007280.2746431974,616687
2019-07-11,1007280.2746431974,1007280.2746431974,975657.6055368787,980423.0200132107,516261
2019-07-12,980423.0200132107,1002970.1501030179,980423.0200132107,1002000.1344057005,422816
2019-07-15,1002000.1344057005,1050554.2540517312,1002000.1344057005,1038187.9799563027,489891
2019-07-16,1038187.9799563027,1080793.2333270786,1038187.9799563027,1077342.519144504,535264
2019-07-17,1077342.519144504,1116134.2462676454,1077342.519144504,1113533.3214828172,409736
2019-07-18,1113533.3214828172,1113533.3214828172,1064689.3463639177,1067623.4187010338,533894
2019-07-19,1067623.4187010338,1096083.2898112359,1067623.4187010338,1091548.33879667,432675
2019-07-22,1091548.33879667,1091548.33879667,1039079.2536510096,1054808.8669285183,702489
2019-07-23,1054808.8669285183,1076853.4691091042,1054808.8669285183,1070319.4229552997,483157
2019-07-24,1070319.4229552997,1109199.2726330122,1070319.4229552997,1103247.1645209235,567649
2019-07-25,1103247.1645209235,1164111.9080705459,1103247.1645209235,1152416.8185139697,290580
2019-07-26,1152416.8185139697,1152416.8185139697,1124690.3201243575,1133597.844422714,528633
2019-07-29,1133597.844422714,1133597.844422714,1050577.7726131275,1057746.5088741682,541493
2019-07-30,1057746.5088741682,1066378.521569139,1052035.3132737647,1054080.9246158577,643477
2019-07-31,1054080.9246158577,1061072.1147113575,1045778.8756582744,1055444.4888629967,500580
2019-08-01,1055444.4888629967,1077244.8777921782,1049615.2751070408,1062498.0111700667,617010
2019-08-02,1062498.0111700667,1071202.6646763985,1045112.7923276379,1058592.6481565794,560355
2019-08-05,1058592.6481565794,1063569.1906649973,1039980.7375715212,1052451.4846672043,591164
2019-08-06,1052451.4846672043,1052451.4846672043,1031256.5704617997,1039085.6555229109,514777
2019-08-07,1039085.6555229109,1039085.6555229109,1006497.113915894,1011208.4184404558,477821
2019-08-08,1011208.4184404558,1011208.4184404558,1002070.7661293701,1010759.9624177696,485551
2019-08-09,1010759.9624177696,1031180.8179408535,1010759.9624177696,1030653.01247685,584741
2019-08-12,1030653.01247685,1077829.5359238673,1030653.01247685,1061988.0672861303,522232
2019-08-13,1061988.0672861303,1066713.7461464098,1054265.4345609879,1064103.7839648512,579047
2019-08-14,1064103.7839648512,1094233.6457536104,1064103.7839648512,1083612.9881245114,471481
2019-08-15,1083612.9881245114,1104500.6032289604,1083612.9881245114,1095727.7761808266,464513
2019-08-16,1095727.7761808266,1095727.7761808266,1055247.5517561438,1061381.9271863974,588362
2019-08-19,1061381.9271863974,1080484.834237634,1061381.9271863974,1071810.100065376,447716
2019-08-20,1071810.100065376,1110269.9922051884,1071810.100065376,1095350.0486471471,455235
2019-08-21,1095350.0486471471,1149125.6147876452,1095350.0486471471,1134025.8210598982,530260
2019-08-22,1134025.8210598982,1175039.1020765277,1134025.8210598982,1165016.0101687023,555199
2019-08-23,1165016.0101687023,1265615.726801794,1165016.0101687023,1247486.180303529,548178
2019-08-26,1247486.180303529,1293142.2754666687,1247486.180303529,1287033.932612206,549293
2019-08-27,1287033.932612206,1302223.097909015,1283419.6421330397,1291887.9617939296,518580
2019-08-28,1291887.9617939296,1291887.9617939296,1233927.7767668287,1238434.6581515002,484015
2019-08-29,1238434.6581515002,1277461.0806038422,1238434.6581515002,1259389.8543099903,546499
2019-08-30,1259389.8543099903,1259389.8543099903,1205529.4912210684,1222973.2490647119,541156
2019-09-02,1222973.2490647119,1264517.0270782877,1222973.2490647119,1246963.9691741364,486044
2019-09-03,1246963.9691741364,1246963.9691741364,1212502.3345204915,1226043.8681879991,498340
2019-09-04,1226043.8681879991,1241635.3595360345,1226043.8681879991,1239373.3715346265,419259
2019-09-05,1239373.3715346265,1253640.7312214803,1237182.7106435357,1252090.0319901297,620756
2019-09-06,1252090.0319901297,1253945.1764394732,1226126.2477029944,1236603.2485645541,543567
2019-09-09,1236603.2485645541,1372135.2646373946,1236603.2485645541,1366691.8922369245,553034
2019-09-10,1366691.8922369245,1421831.481216161,1366691.8922369245,1402811.5561834618,466476
2019-09-11,1402811.5561834618,1402811.5561834618,1372686.1698485804,1377219.8963503696,386807
2019-09-12,1377219.8963503696,1377219.8963503696,1348250.911620437,1354873.8085153436,446239
2019-09-13,1354873.8085153436,1354873.8085153436,1317444.016523883,1332270.5751212966,518028
2019-09-16,1332270.5751212966,1332270.5751212966,1289640.2085232968,1309092.7934257523,552866
2019-09-17,1309092.7934257523,1312443.6332418942,1290031.0822542817,1305735.7882165762,463826
2019-09-18,1305735.7882165762,1305735.7882165762,1260789.9420477052,1273562.3224804613,538620
2019-09-19,1273562.3224804613,1349383.813275125,1273562.3224804613,1332438.374912152,483651
2019-09-20,1332438.374912152,1344988.595732749,1315138.9201977432,1327069.8821834037,418058
2019-09-23,1327069.8821834037,1327583.6510022418,1321346.0553034204,1321794.8097818608,436145
2019-09-24,1321794.8097818608,1321794.8097818608,1264991.59696594,1278592.5887848428,518735
2019-09-25,1278592.5887848428,1278592.5887848428,1249607.9845710353,1256075.4047815178,477894
2019-09-26,1256075.4047815178,1256214.3196125987,1237787.5712205488,1248124.4222424203,408856
2019-09-27,1248124.4222424203,1358454.9776351906,1248124.4222424203,1352212.6968071947,539615
2019-09-30,1352212.6968071947,1380266.466168996,1352212.6968071947,1374316.042768199,540161
2019-10-01,1374316.042768199,1444625.5229913713,1374316.042768199,1443261.1983730162,371549
2019-10-02,1443261.1983730162,1443261.1983730162,1410208.748483053,1425965.6654488288,669202
2019-10-03,1425965.6654488288,1425965.6654488288,1361564.0453002993,1378718.5787356591,599099
2019-10-04,1378718.5787356591,1405520.926602981,1378718.5787356591,1389265.8048295034,491674
2019-10-07,1389265.8048295034,1399443.9586191948,1382945.869626547,1389556.6394238458,508320
2019-10-08,1389556.6394238458,1399750.6874202038,1379395.3897081458,1392937.2333507016,445385
2019-10-09,1392937.2333507016,1448729.5609650074,1392937.2333507016,1439454.2499640328,686904
2019-10-10,1439454.2499640328,1499541.3475862136,1439454.2499640328,1496659.4514501474,398146
2019-10-11,1496659.4514501474,1508502.8056250247,1477772.3763335627,1490456.4172702706,413338
2019-10-14,1490456.4172702706,1490456.4172702706,1419389.3864320244,1431023.4538308252,530014
2019-10-15,1431023.4538308252,1435426.0181318126,1410861.842906446,1432159.7862196597,629374
2019-10-16,1432159.7862196597,1432159.7862196597,1411150.395124548,1412352.395978218,514910
2019-10-17,1412352.395978218,1412352.395978218,1376333.5857068328,1390303.5128599524,515939
2019-10-18,1390303.5128599524,1390303.5128599524,1266493.1401949455,1280448.0359670857,784465
2019-10-21,1280448.0359670857,1280448.0359670857,1246199.8898685412,1246533.6242560497,524380
2019-10-22,1246533.6242560497,1281307.0253841938,1246533.6242560497,1277009.0822298978,438983
2019-10-23,1277009.0822298978,1277009.0822298978,1211777.3063502533,1229524.0823466352,512750
2019-10-24,1229524.0823466352,1260915.0539525766,1229524.0823466352,1249296.7450202077,581307
2019-10-25,1249296.7450202077,1259489.2721705413,1239093.7097686331,1254919.744371553,585825
2019-10-28,1254919.744371553,1294650.4566353145,1254919.744371553,1277199.7514899897,438927
2019-10-29,1277199.7514899897,1303852.7900625684,1277199.7514899897,1294181.1915573985,517590
2019-10-30,1294181.1915573985,1294181.1915573985,1236818.6852833808,1249227.8566507353,401989
2019-10-31,1249227.8566507353,1289432.4097057232,1249227.8566507353,1270596.0924059392,485397
2019-11-01,1270596.0924059392,1270596.0924059392,1249401.7427074916,1255679.46079771,490200
2019-11-04,1255679.46079771,1268624.9931055745,1232625.7005683572,1251358.713004872,504907
2019-11-05,1251358.713004872,1251358.713004872,1197174.9676500114,1213273.6401204928,454187
2019-11-06,1213273.6401204928,1213273.6401204928,1154957.4405505282,1156042.3751514698,536896
2019-11-07,1156042.3751514698,1200014.2696617458,1156042.3751514698,1199035.870445141,583150
2019-11-08,1199035.870445141,1247557.5943989682,1199035.870445141,1229589.9061025074,386615
2019-11-11,1229589.9061025074,1229589.9061025074,1208410.2657055368,1213154.5007825734,428910
2019-11-12,1213154.5007825734,1213154.5007825734,1177680.8306579473,1180942.2525011057,597509
2019-11-13,1180942.2525011057,1180942.2525011057,1116959.335259189,1131887.9131694515,499957
2019-11-14,1131887.9131694515,1131887.9131694515,1041874.8515387134,1052434.147340176,381524
2019-11-15,1052434.147340176,1101431.3396016331,1052434.147340176,1097573.1842147296,272700
2019-11-18,1097573.1842147296,1156669.2268902077,1097573.1842147296,1142677.0903940639,508389
2019-11-19,1142677.0903940639,1142677.0903940639,1076888.024330232,1085742.1448187998,445170
2019-11-20,1085742.1448187998,1143162.8312146163,1085742.1448187998,1130725.7180964185,575478
2019-11-21,1130725.7180964185,1130725.7180964185,1111489.7665984556,1116624.957067792,583655
2019-11-22,1116624.957067792,1162769.2801607419,1116624.957067792,1149315.7428473656,652668
2019-11-25,1149315.7428473656,1149315.7428473656,1111817.3993107926,1126472.873357875,440229
2019-11-26,1126472.873357875,1149132.6624481278,1126472.873357875,1137461.715985254,470632
2019-11-27,1137461.715985254,1282166.073991548,1137461.715985254,1271283.4556485815,578322
2019-11-28,1271283.4556485815,1271283.4556485815,1244062.6972699924,1252848.0283469453,655607
2019-11-29,1252848.0283469453,1317680.57353642,1252848.0283469453,1301205.6373872478,581091
2019-12-02,1301205.6373872478,1306134.0994236595,1287707.4940699502,1294551.0135055925,540404
2019-12-03,1294551.0135055925,1303763.9532220426,1289496.8286846431,1297785.8185281386,553360
2019-12-04,1297785.8185281386,1342633.3013073849,1297785.8185281386,1340944.882307068,559271
2019-12-05,1340944.882307068,1372420.4093777637,1332509.8601261645,1352323.6361790842,384259
2019-12-06,1352323.6361790842,1432124.8783437875,1352323.6361790842,1422297.3978264895,362723
2019-12-09,1422297.3978264895,1422297.3978264895,1360143.5017809311,1364983.7892401498,557610
2019-12-10,1364983.7892401498,1368371.7458392815,1353391.9324428213,1362782.227461547,377022
2019-12-11,1362782.227461547,1362782.227461547,1295088.5126274978,1302077.947612615,499567
2019-12-12,1302077.947612615,1302077.947612615,1268706.2278973027,1276311.5415908624,512643
2019-12-13,1276311.5415908624,1276311.5415908624,1227016.6012198084,1236090.3767513747,430653
2019-12-16,1236090.3767513747,1236090.3767513747,1189607.880695752,1201267.1180673786,712967
2019-12-17,1201267.1180673786,1236866.3487634158,1201267.1180673786,1233176.8266804602,495765
2019-12-18,1233176.8266804602,1294277.730949491,1233176.8266804602,1291332.4568144958,520691
2019-12-19,1291332.4568144958,1333653.5307327467,1291332.4568144958,1330492.9586173564,439001
2019-12-20,1330492.9586173564,1330492.9586173564,1287484.6966955632,1295035.962951346,590957
2019-12-23,1295035.962951346,1295035.962951346,1257933.4372078576,1270505.1804703618,594169
2019-12-24,1270505.1804703618,1412763.4986455047,1270505.1804703618,1405276.4435175082,589920
2019-12-25,1405276.4435175082,1405276.4435175082,1304357.3962317752,1309121.8613095323,512105
2019-12-26,1309121.8613095323,1309121.8613095323,1234181.278458422,1241061.9479424015,509283
2019-12-27,1241061.9479424015,1241061.9479424015,1210266.6524252128,1222313.9004467695,521819
2019-12-30,1222313.9004467695,1282602.6019373569,1222313.9004467695,1275240.5406333078,487145
2019-12-31,1275240.5406333078,1296706.299672643,1275240.5406333078,1286066.1208511859,522895
2020-01-01,1286066.1208511859,1343002.774459089,1286066.1208511859,1325675.7340568367,569589
2020-01-02,1325675.7340568367,1343884.287602161,1315885.9174620984,1333878.571005353,499711
2020-01-03,1333878.571005353,1391586.4770706103,1333878.571005353,1373546.5553804627,457844
2020-01-06,1373546.5553804627,1373546.5553804627,1319694.3735177303,1330105.0306609997,505552
2020-01-07,1330105.0306609997,1361216.958433091,1330105.0306609997,1349559.6375379544,697816
2020-01-08,1349559.6375379544,1349559.6375379544,1308859.7855980136,1319572.7631124847,390532
2020-01-09,1319572.7631124847,1319572.7631124847,1283018.0203772702,1302225.325386407,568444
2020-01-10,1302225.325386407,1319444.0522371556,1295994.1549007962,1305242.5809353662,600859
2020-01-13,1305242.5809353662,1305242.5809353662,1212528.7850639566,1226604.6774324202,442298
2020-01-14,1226604.6774324202,1244197.4348697902,1226221.6545036286,1237776.5267175902,456499
2020-01-15,1237776.5267175902,1237776.5267175902,1171014.1500226578,1171269.4796421283,463323
2020-01-16,1171269.4796421283,1171269.4796421283,1139199.078035327,1142226.8869894308,530682
2020-01-17,1142226.8869894308,1201319.011052972,1142226.8869894308,1184346.8723961369,428917
2020-01-20,1184346.8723961369,1184346.8723961369,1138276.439023486,1141666.2301551215,470286
2020-01-21,1141666.2301551215,1163104.6908552097,1141666.2301551215,1163007.6893942542,656558
2020-01-22,1163007.6893942542,1279034.2211716399,1163007.6893942542,1260996.354356374,485191
2020-01-23,1260996.354356374,1305905.238729329,1260996.354356374,1296467.781391313,544109
2020-01-24,1296467.781391313,1344957.0291727032,1296467.781391313,1338408.6732170368,371594
2020-01-27,1338408.6732170368,1338408.6732170368,1312814.4107973468,1328029.742008458,571964
2020-01-28,1328029.742008458,1328029.742008458,1275676.712894319,1276832.7853234413,520252
2020-01-29,1276832.7853234413,1377514.775348892,1276832.7853234413,1362796.094705607,365905
2020-01-30,1362796.094705607,1422071.9890930585,1362796.094705607,1417288.2540086017,533659
2020-01-31,1417288.2540086017,1494896.2929209836,1417288.2540086017,1474974.1751507733,396157
2020-02-03,1474974.1751507733,1474974.1751507733,1436563.2738444875,1443134.3582600828,461256
2020-02-04,1443134.3582600828,1464759.5085643167,1443134.3582600828,1450104.3776015677,444094
2020-02-05,1450104.3776015677,1504609.5020630283,1450104.3776015677,1503826.4160818977,502621
2020-02-06,1503826.4160818977,1511387.258431974,1492280.3046494315,1511338.985384039,528642
2020-02-07,1511338.985384039,1511338.985384039,1488828.3428452115,1489297.7521345292,461009
2020-02-10,1489297.7521345292,1578398.0923168538,1489297.7521345292,1563363.9699462634,543556
2020-02-11,1563363.9699462634,1563363.9699462634,1470325.198089284,1482249.8579472092,434854
2020-02-12,1482249.8579472092,1526050.4299761471,1482249.8579472092,1503635.8003244335,312982
2020-02-13,1503635.8003244335,1503635.8003244335,1451799.0409438144,1461957.2865044223,460279
2020-02-14,1461957.2865044223,1484810.5358584335,1461957.2865044223,1480241.875829745,569997
2020-02-17,1480241.875829745,1513046.9039342175,1480241.875829745,1502442.3940207679,628591
2020-02-18,1502442.3940207679,1555445.5992634369,1502442.3940207679,1545897.9857526924,385454
2020-02-19,1545897.9857526924,1618605.8387833568,1545897.9857526924,1596673.458063038,518250
2020-02-20,1596673.458063038,1596673.458063038,1531300.616434289,1550117.6561246496,440506
2020-02-21,1550117.6561246496,1589255.5563532847,1550117.6561246496,1569265.4187770754,513636
2020-02-24,1569265.4187770754,1569265.4187770754,1515200.713199294,1526324.4777970472,422704
2020-02-25,1526324.4777970472,1579746.6020374843,1526324.4777970472,1575093.738142042,587521
2020-02-26,1575093.738142042,1599977.1158934743,1575093.738142042,1593218.284321869,379081
2020-02-27,1593218.284321869,1614307.2256533923,1576623.3409269017,1595416.4644506068,407124
2020-02-28,1595416.4644506068,1647803.4076355621,1595416.4644506068,1625810.8428829245,388078
2020-03-02,1625810.8428829245,1772795.9003425264,1625810.8428829245,1751659.6697766325,601069
2020-03-03,1751659.6697766325,1776551.1799529954,1741872.8187691283,1756738.4401406813,578626
2020-03-04,1756738.4401406813,1912255.2546683038,1756738.4401406813,1889768.7818475626,485185
2020-03-05,1889768.7818475626,1889768.7818475626,1834550.2856043754,1857881.1658137941,457298
2020-03-06,1857881.1658137941,1857881.1658137941,1838629.2087233725,1848556.903475192,581358
2020-03-09,1848556.903475192,1907237.419275395,1848556.903475192,1898502.7404806442,513441
2020-03-10,1898502.7404806442,1898502.7404806442,1725657.8655600483,1743363.5851930701,680910
2020-03-11,1743363.5851930701,1743363.5851930701,1673791.9505154514,1693759.1243947754,389155
2020-03-12,1693759.1243947754,1693759.1243947754,1623970.6424380878,1634728.7364504877,454908
2020-03-13,1634728.7364504877,1739967.6360480047,1634728.7364504877,1725129.1327992054,494447
2020-03-16,1725129.1327992054,1736749.5963749036,1713127.750259537,1720972.4904033754,465202
2020-03-17,1720972.4904033754,1720972.4904033754,1680618.6261926715,1681833.7967388358,478688
2020-03-18,1681833.7967388358,1715377.4784634511,1681833.7967388358,1707396.5419854468,529278
2020-03-19,1707396.5419854468,1707396.5419854468,1644141.4864356723,1667276.9921570995,552533
2020-03-20,1667276.9921570995,1682234.2671986152,1667276.9921570995,1681559.1694323807,515360
2020-03-23,1681559.1694323807,1799271.7579958818,1681559.1694323807,1774700.9476587342,459500
2020-03-24,1774700.9476587342,1774700.9476587342,1725079.5141036964,1726437.6963295904,511222
2020-03-25,1726437.6963295904,1726437.6963295904,1621088.7828882958,1631777.774093575,561471
2020-03-26,1631777.774093575,1631777.774093575,1591371.9648506334,1596393.7150694137,486086
2020-03-27,1596393.7150694137,1599547.786233537,1578260.7379525464,1594423.4254793548,448402
2020-03-30,1594423.4254793548,1615559.8709534046,1585714.1457016969,1608216.1676448046,466885
2020-03-31,1608216.1676448046,1608216.1676448046,1544288.580799406,1567228.860549261,473883
2020-04-01,1567228.860549261,1674881.5798534367,1567228.860549261,1669246.540195391,453314
2020-04-02,1669246.540195391,1669246.540195391,1583966.0378495883,1598110.0469108312,464488
2020-04-03,1598110.0469108312,1598110.0469108312,1555303.9103420188,1556802.2956332103,418138
2020-04-06,1556802.2956332103,1569237.5356984767,1554833.8844845993,1557454.6302229413,541699
2020-04-07,1557454.6302229413,1557454.6302229413,1525982.4688577785,1527098.4241400135,435389
2020-04-08,1527098.4241400135,1571972.9390458674,1527098.4241400135,1552047.415522025,450195
2020-04-09,1552047.415522025,1552047.415522025,1526662.9470859054,1541055.370289973,534858
2020-04-10,1541055.370289973,1545690.1734999062,1512213.1326065147,1531599.0819732768,602458
2020-04-13,1531599.0819732768,1585650.4663379309,1531599.0819732768,1571663.0368533032,685217
2020-04-14,1571663.0368533032,1571663.0368533032,1516403.9012998913,1520857.286524974,526139
2020-04-15,1520857.286524974,1520857.286524974,1483737.2686598175,1506179.4873374656,556833
2020-04-16,1506179.4873374656,1515409.6400411609,1494206.7871391375,1498364.606931576,518633
2020-04-17,1498364.606931576,1498364.606931576,1428115.2807311616,1448605.53770069,437284
2020-04-20,1448605.53770069,1448605.53770069,1356933.0983806928,1366081.7575503057,328140
2020-04-21,1366081.7575503057,1366081.7575503057,1361325.059819792,1362596.7793077186,514310
2020-04-22,1362596.7793077186,1383522.1558026422,1358820.742976451,1369368.5375112165,540163
2020-04-23,1369368.5375112165,1461081.1693328314,1369368.5375112165,1447374.2574690576,439463
2020-04-24,1447374.2574690576,1462026.7968623003,1447317.6625698071,1461621.493125717,455859
2020-04-27,1461621.493125717,1532780.5578213604,1461621.493125717,1510142.156360666,513570
2020-04-28,1510142.156360666,1510142.156360666,1482619.758605088,1488701.0647842023,501559
2020-04-29,1488701.0647842023,1574812.137622417,1488701.0647842023,1573047.9785694694,456298
2020-04-30,1573047.9785694694,1666852.9293657867,1573047.9785694694,1653221.1477877318,438015
2020-05-01,1653221.1477877318,1653221.1477877318,1621538.2701692726,1641251.261935796,401246
2020-05-04,1641251.261935796,1753519.2223429799,1641251.261935796,1743730.6995382665,666229
2020-05-05,1743730.6995382665,1743730.6995382665,1711614.6948597964,1731671.0860886574,430481
2020-05-06,1731671.0860886574,1731671.0860886574,1683753.3799124768,1692544.4793292687,527935
2020-05-07,1692544.4793292687,1796921.957870506,1692544.4793292687,1778533.3597050342,586600
2020-05-08,1778533.3597050342,1778533.3597050342,1746040.9856662445,1756440.818561689,510534
2020-05-11,1756440.818561689,1788521.0287249761,1756440.818561689,1779852.7514485957,575379
2020-05-12,1779852.7514485957,1779852.7514485957,1674435.535609326,1697136.608948686,386364
2020-05-13,1697136.608948686,1697136.608948686,1626874.1323723695,1647207.1195480796,491869
2020-05-14,1647207.1195480796,1710506.5566326617,1647207.1195480796,1708475.7348443675,570027
2020-05-15,1708475.7348443675,1708475.7348443675,1643846.505194166,1653206.3085280512,547161
2020-05-18,1653206.3085280512,1653206.3085280512,1611107.3067060339,1633469.5113225295,459472
2020-05-19,1633469.5113225295,1702169.5135282832,1633469.5113225295,1686011.1621191336,382625
2020-05-20,1686011.1621191336,1686011.1621191336,1558632.4198554677,1577614.6998501848,318366
2020-05-21,1577614.6998501848,1698924.7733662364,1577614.6998501848,1674647.4408862619,497270
2020-05-22,1674647.4408862619,1788516.339119047,1674647.4408862619,1771626.967100549,548725
2020-05-25,1771626.967100549,1859247.117055163,1771626.967100549,1845663.6174733,498340
2020-05-26,1845663.6174733,1845663.6174733,1796964.5075485292,1797196.5953159838,358098
2020-05-27,1797196.5953159838,1797196.5953159838,1738020.4024293397,1752083.128138345,542153
2020-05-28,1752083.128138345,1752083.128138345,1708968.174165641,1715052.26173616,449176
2020-05-29,1715052.26173616,1832898.3724264246,1715052.26173616,1818530.496010375,509579
2020-06-01,1818530.496010375,1818530.496010375,1714985.795189044,1731311.4575783468,621514
2020-06-02,1731311.4575783468,1778234.8117660703,1731311.4575783468,1765390.2080848827,484880
2020-06-03,1765390.2080848827,1791668.3230644919,1760844.8470795231,1778548.756391639,419582
2020-06-04,1778548.756391639,1778548.756391639,1718558.8066612477,1721577.4049670736,530430
2020-06-05,1721577.4049670736,1777424.6867777586,1721577.4049670736,1758603.3064535642,430577
2020-06-08,1758603.3064535642,1758603.3064535642,1704550.051305925,1723993.053480202,499265
2020-06-09,1723993.053480202,1723993.053480202,1694868.8403781767,1708978.6136976434,421796
2020-06-10,1708978.6136976434,1708978.6136976434,1624997.5113756906,1649097.743300079,307628
2020-06-11,1649097.743300079,1662894.9198401822,1638959.5933539087,1642132.8014503901,567792
2020-06-12,1642132.8014503901,1642132.8014503901,1596407.1856198856,1610071.3602347819,392850
2020-06-15,1610071.3602347819,1655351.7338517162,1610071.3602347819,1643997.3808410894,549741
2020-06-16,1643997.3808410894,1643997.3808410894,1582124.7110580995,1587584.0877253832,585940
2020-06-17,1587584.0877253832,1587584.0877253832,1538140.4785802106,1552299.0489708905,632069
2020-06-18,1552299.0489708905,1552299.0489708905,1503656.2037042975,1506352.7074188977,406275
2020-06-19,1506352.7074188977,1506352.7074188977,1414066.1544851211,1423858.9183225245,629253
2020-06-22,1423858.9183225245,1423858.9183225245,1355549.6338977339,1366889.0721567913,570414
2020-06-23,1366889.0721567913,1409682.6232317183,1366889.0721567913,1394329.4018384893,696736
2020-06-24,1394329.4018384893,1394644.5998796949,1369117.098138142,1380364.53247186,457555
2020-06-25,1380364.53247186,1380364.53247186,1296042.7834197117,1315125.1833155528,642522
2020-06-26,1315125.1833155528,1315125.1833155528,1280054.325942396,1298142.219412603,495837
2020-06-29,1298142.219412603,1298142.219412603,1264141.5534594115,1276984.8657322726,525655
2020-06-30,1276984.8657322726,1276984.8657322726,1245045.108323611,1250511.7492412908,434880
2020-07-01,1250511.7492412908,1268946.7943295625,1250097.7634207017,1254756.8348588152,539918
2020-07-02,1254756.8348588152,1323611.3466305572,1254756.8348588152,1309084.0831733875,586988
2020-07-03,1309084.0831733875,1367535.681809529,1309084.0831733875,1360670.2104085162,548921
2020-07-06,1360670.2104085162,1360670.2104085162,1320686.9401688098,1336746.18315556,437418
2020-07-07,1336746.18315556,1385582.3385894827,1336746.18315556,1366224.9372184367,579455
2020-07-08,1366224.9372184367,1422564.955852419,1366224.9372184367,1407769.080040112,554790
2020-07-09,1407769.080040112,1450973.5199935336,1407769.080040112,1442382.2976638738,639088
2020-07-10,1442382.2976638738,1442382.2976638738,1337057.1783065165,1351441.5553029669,554654
2020-07-13,1351441.5553029669,1351441.5553029669,1318449.5308703724,1327204.419691817,417262
2020-07-14,1327204.419691817,1327204.419691817,1281379.025083093,1293831.604153184,571094
2020-07-15,1293831.604153184,1309635.2160597981,1284023.3094172997,1300153.1507204259,614181
2020-07-16,1300153.1507204259,1300153.1507204259,1261559.889696967,1272709.8080682084,549314
2020-07-17,1272709.8080682084,1272709.8080682084,1247382.1043512966,1258024.668738496,582438
2020-07-20,1258024.668738496,1281329.0319478898,1258024.668738496,1272415.9752518868,453159
2020-07-21,1272415.9752518868,1311813.6900186383,1272415.9752518868,1301986.5393795096,416271
2020-07-22,1301986.5393795096,1301986.5393795096,1226730.302469056,1227136.306177172,562519
2020-07-23,1227136.306177172,1266871.9580824862,1227136.306177172,1259457.007204953,407850
2020-07-24,1259457.007204953,1263448.2754772718,1235689.1193848914,1245514.8844148696,521010
2020-07-27,1245514.8844148696,1274194.563011164,1245514.8844148696,1259505.0428166203,495638
2020-07-28,1259505.0428166203,1296322.8899228538,1259505.0428166203,1292463.619684369,439924
2020-07-29,1292463.619684369,1340425.4884961175,1292463.619684369,1335905.5736454248,639966
2020-07-30,1335905.5736454248,1335905.5736454248,1249072.9238279096,1266658.7977314475,431191
2020-07-31,1266658.7977314475,1328370.688278873,1266658.7977314475,1314666.5658418417,420368
2020-08-03,1314666.5658418417,1328198.0839903343,1309865.2060119878,1321084.853210465,521050
2020-08-04,1321084.853210465,1327967.4491490256,1302559.1218921584,1314364.381084224,440404
2020-08-05,1314364.381084224,1317984.5115640566,1301692.709540332,1316835.7152231508,482366
2020-08-06,1316835.7152231508,1382174.2696046343,1316835.7152231508,1370337.4989349036,427228
2020-08-07,1370337.4989349036,1401172.2584605154,1366189.3681701303,1385575.0367874391,468243
2020-08-10,1385575.0367874391,1440556.687290719,1385575.0367874391,1433042.8976029376,470289
2020-08-11,1433042.8976029376,1502923.8396027342,1433042.8976029376,1482885.2445381673,450448
2020-08-12,1482885.2445381673,1482885.2445381673,1419576.097957423,1433344.150103808,513999
2020-08-13,1433344.150103808,1433344.150103808,1389835.592094052,1410089.8115859975,615765
2020-08-14,1410089.8115859975,1492701.9162609377,1410089.8115859975,1485235.1389008765,519928
2020-08-17,1485235.1389008765,1485235.1389008765,1415067.710425652,1433459.2407787738,576229
2020-08-18,1433459.2407787738,1488988.839193325,1433459.2407787738,1484842.0299201636,428605
2020-08-19,1484842.0299201636,1496861.5988804928,1475288.3627572686,1481653.4575219653,560450
2020-08-20,1481653.4575219653,1547373.539557055,1481653.4575219653,1528806.0274229576,469730
2020-08-21,1528806.0274229576,1528806.0274229576,1508205.865668957,1520234.6258710765,650339
2020-08-24,1520234.6258710765,1522003.754590095,1497699.148969694,1519608.1101103062,549228
2020-08-25,1519608.1101103062,1571728.4367033,1519608.1101103062,1565001.0752396672,528251
2020-08-26,1565001.0752396672,1648808.8619904637,1565001.0752396672,1636452.6148593244,417333
2020-08-27,1636452.6148593244,1657000.0481668694,1626601.1351246645,1648370.5381850707,533831
2020-08-28,1648370.5381850707,1695613.347016726,1648370.5381850707,1695113.9974696406,381051
2020-08-31,1695113.9974696406,1769019.980720919,1695113.9974696406,1751899.569762838,516636
2020-09-01,1751899.569762838,1814198.9575634587,1751899.569762838,1788270.542060083,458927
2020-09-02,1788270.542060083,1853869.1541004274,1788270.542060083,1837867.6828737392,460305
2020-09-03,1837867.6828737392,1977931.6129263025,1837867.6828737392,1973224.2710191463,461918
2020-09-04,1973224.2710191463,2018059.0585424805,1973224.2710191463,1999862.2462246828,382676
2020-09-07,1999862.2462246828,1999862.2462246828,1968746.0516968074,1990410.1776076728,513282
2020-09-08,1990410.1776076728,2095113.0875966316,1990410.1776076728,2073300.6501380291,451550
2020-09-09,2073300.6501380291,2163857.000672047,2073300.6501380291,2139558.917189494,470436
2020-09-10,2139558.917189494,2191552.3397199796,2139558.917189494,2182530.11025177,521583
2020-09-11,2182530.11025177,2182530.11025177,2050516.9784069036,2065983.430494143,508563
2020-09-14,2065983.430494143,2065983.430494143,1942971.9878888237,1945521.555611783,601131
2020-09-15,1945521.555611783,1945521.555611783,1813642.0516372554,1838863.1608343998,461293
2020-09-16,1838863.1608343998,2025761.5760607861,1838863.1608343998,1997376.5508680344,621952
2020-09-17,1997376.5508680344,1997376.5508680344,1864893.2354139555,1870781.726281478,541949
2020-09-18,1870781.726281478,1870781.726281478,1828792.7253779755,1837114.436393478,507555
2020-09-21,1837114.436393478,1837114.436393478,1819178.5418056822,1820333.2276323708,536290
2020-09-22,1820333.2276323708,1941804.5374339884,1820333.2276323708,1923406.9396821086,582906
2020-09-23,1923406.9396821086,1923406.9396821086,1773131.1392873893,1784670.2737742946,506744
2020-09-24,1784670.2737742946,1816336.0565556814,1784670.2737742946,1816150.9241878574,446600
2020-09-25,1816150.9241878574,1837642.568441836,1816150.9241878574,1828952.5519156195,407790
2020-09-28,1828952.5519156195,1894375.683826888,1828952.5519156195,1875865.9585077553,529271
2020-09-29,1875865.9585077553,1906273.4163056214,1875865.9585077553,1883695.468012644,472024
2020-09-30,1883695.468012644,1883695.468012644,1829536.0785305693,1831212.1747156302,499413
2020-10-01,1831212.1747156302,1831212.1747156302,1725487.25080953,1739045.7147047573,561294
2020-10-02,1739045.7147047573,1753276.6583024543,1725025.5390073906,1727699.286308247,446015
2020-10-05,1727699.286308247,1802695.5112223164,1727699.286308247,1779810.597084465,404971
2020-10-06,1779810.597084465,1982752.5137986557,1779810.597084465,1957388.5251564123,479428
2020-10-07,1957388.5251564123,2075711.7087591616,1957388.5251564123,2074625.5656899677,600873
2020-10-08,2074625.5656899677,2162003.241973875,2074625.5656899677,2141296.148610739,531383
2020-10-09,2141296.148610739,2141296.148610739,1970535.8333969307,1993724.7170539966,470600
2020-10-12,1993724.7170539966,1993724.7170539966,1953039.0350945343,1955725.4762993746,556897
2020-10-13,1955725.4762993746,1974568.293788536,1942659.8884574573,1948032.0906698406,578346
2020-10-14,1948032.0906698406,1961921.5802322014,1934305.4072138823,1945813.3297057403,550411
2020-10-15,1945813.3297057403,1949760.0712322295,1942098.6423125982,1944685.6622151134,287821
2020-10-16,1944685.6622151134,2042854.5254747376,1944685.6622151134,2022400.8858877015,581274
2020-10-19,2022400.8858877015,2043682.253084084,2022400.8858877015,2041997.9437895934,477382
2020-10-20,2041997.9437895934,2041997.9437895934,1859245.3145336644,1866989.7916110673,517903
2020-10-21,1866989.7916110673,1866989.7916110673,1777832.1170631435,1799026.4182226697,527363
2020-10-22,1799026.4182226697,1799026.4182226697,1757875.7815404169,1774228.3949854749,492712
2020-10-23,1774228.3949854749,1792443.0678078597,1756088.4464003704,1775573.4968903745,550879
2020-10-26,1775573.4968903745,1779485.760428715,1751512.9041483616,1755687.0286407785,492574
2020-10-27,1755687.0286407785,1811462.9519312754,1755687.0286407785,1803232.9021291581,469847
2020-10-28,1803232.9021291581,1813889.5209666449,1790402.147615117,1796109.6955211498,550640
2020-10-29,1796109.6955211498,1796109.6955211498,1757620.0968683655,1782865.5071345486,570406
2020-10-30,1782865.5071345486,1843360.1158156986,1782865.5071345486,1818762.6566116884,536793
2020-11-02,1818762.6566116884,1818762.6566116884,1725680.3782887044,1747676.4677235822,415242
2020-11-03,1747676.4677235822,1776261.9858951792,1745915.0399519673,1763993.2806058829,458026
2020-11-04,1763993.2806058829,1796197.0805179854,1763993.2806058829,1785861.539051721,497484
2020-11-05,1785861.539051721,1803741.9475090539,1763809.0815675743,1778482.9098129524,638202
2020-11-06,1778482.9098129524,1778482.9098129524,1761182.2943861145,1763969.081794862,491519
2020-11-09,1763969.081794862,1763969.081794862,1714204.8919095646,1715251.221761513,439577
2020-11-10,1715251.221761513,1754731.3881229146,1715251.221761513,1739456.1885012542,524341
2020-11-11,1739456.1885012542,1819461.2609537826,1739456.1885012542,1810836.3325048618,439005
2020-11-12,1810836.3325048618,1810836.3325048618,1698174.470744935,1698303.9993962867,502385
2020-11-13,1698303.9993962867,1698303.9993962867,1620656.5488581157,1633588.545589597,507342
2020-11-16,1633588.545589597,1666209.6074045554,1633588.545589597,1665025.9357091568,451112
2020-11-17,1665025.9357091568,1718057.5467040585,1665025.9357091568,1692808.8117862341,623335
2020-11-18,1692808.8117862341,1702248.5377794066,1678339.0274715219,1698813.3061448073,403298
2020-11-19,1698813.3061448073,1698813.3061448073,1604520.5558368291,1615517.4584305794,356602
2020-11-20,1615517.4584305794,1624452.126146059,1585044.6966980405,1603331.6238586376,510439
2020-11-23,1603331.6238586376,1603331.6238586376,1557083.5370138548,1573917.6363894308,283475
2020-11-24,1573917.6363894308,1573917.6363894308,1528405.9999410987,1529236.6502854438,447226
2020-11-25,1529236.6502854438,1569045.3222299747,1529236.6502854438,1555841.2488776108,635195
2020-11-26,1555841.2488776108,1629580.188327773,1555841.2488776108,1626969.8648058742,419767
2020-11-27,1626969.8648058742,1631365.9009208027,1593822.1564501098,1614292.231353266,462087
2020-11-30,1614292.231353266,1640014.2007188646,1614292.231353266,1632286.0221463565,560526
2020-12-01,1632286.0221463565,1788294.9827947754,1632286.0221463565,1784643.2094223003,499574
2020-12-02,1784643.2094223003,1893975.9172327616,1784643.2094223003,1867446.9631817522,393279
2020-12-03,1867446.9631817522,1992921.4504299923,1867446.9631817522,1965436.8418185245,451396
2020-12-04,1965436.8418185245,1965436.8418185245,1885096.4127083775,1892187.0211597409,511812
2020-12-07,1892187.0211597409,1955332.2635840292,1892187.0211597409,1943379.4429792583,491571
2020-12-08,1943379.4429792583,1949422.250501142,1910965.3495019695,1921984.309274108,410464
2020-12-09,1921984.309274108,1921984.309274108,1813362.9542004997,1834635.3490159297,576724
2020-12-10,1834635.3490159297,1834635.3490159297,1803057.7237965215,1810732.6311142421,382734
2020-12-11,1810732.6311142421,1975630.5439708005,1810732.6311142421,1958524.6517030664,446397
2020-12-14,1958524.6517030664,1958524.6517030664,1879544.1000775027,1904859.3205062563,454578
2020-12-15,1904859.3205062563,2112977.9419288486,1904859.3205062563,2098939.940530236,578559
2020-12-16,2098939.940530236,2098939.940530236,1980992.0896108865,1988703.2437254947,621148
2020-12-17,1988703.2437254947,2010059.711214909,1987873.2266074193,2003429.3070323109,511891
2020-12-18,2003429.3070323109,2003429.3070323109,1913114.8979708883,1938600.1455982232,521857
2020-12-21,1938600.1455982232,1938600.1455982232,1801732.8615154754,1827925.9997548934,560299
2020-12-22,1827925.9997548934,1906077.4954461,1827925.9997548934,1897263.645898844,497345
2020-12-23,1897263.645898844,1897263.645898844,1830128.992021712,1848920.8159433885,558102
2020-12-24,1848920.8159433885,1884183.9138237194,1848920.8159433885,1862086.682843825,404722
2020-12-25,1862086.682843825,1933478.5537707412,1862086.682843825,1926179.3865558535,545071
2020-12-28,1926179.3865558535,1955438.2980013108,1926179.3865558535,1955213.1956110063,418542
2020-12-29,1955213.1956110063,2105368.332114278,1955213.1956110063,2088216.5191280064,568706
2020-12-30,2088216.5191280064,2161043.6668552696,2088216.5191280064,2149443.242705983,537324
2020-12-31,2149443.242705983,2228305.019330857,2149443.242705983,2207614.9700219105,441687
2021-01-01,2207614.9700219105,2207614.9700219105,2148257.458703719,2167225.7561801975,452612
2021-01-04,2167225.7561801975,2167225.7561801975,2128499.418579012,2134320.9750378514,683429
2021-01-05,2134320.9750378514,2157927.4505353877,2122373.3062545834,2136190.8752312,412049
2021-01-06,2136190.8752312,2136190.8752312,2050398.6221736008,2053898.719666941,422473
2021-01-07,2053898.719666941,2053898.719666941,1898390.3024534695,1926589.2208092432,516650
2021-01-08,1926589.2208092432,1997896.4801417815,1926589.2208092432,1971485.6568995279,418003
2021-01-11,1971485.6568995279,2131666.513692124,1971485.6568995279,2126993.9178307275,509443
2021-01-12,2126993.9178307275,2126993.9178307275,2016970.4696578428,2036694.6634069441,570790
2021-01-13,2036694.6634069441,2073683.1470969778,2036694.6634069441,2057030.3514289705,507809
2021-01-14,2057030.3514289705,2071439.9615263222,2057030.3514289705,2065628.8711678816,638708
2021-01-15,2065628.8711678816,2065628.8711678816,1950293.9675804593,1964825.4442181557,452825
2021-01-18,1964825.4442181557,1964825.4442181557,1922926.4216505708,1934122.9154146938,432482
2021-01-19,1934122.9154146938,1934122.9154146938,1902964.2725700685,1904120.3818721536,483754
2021-01-20,1904120.3818721536,1904120.3818721536,1864102.8590403262,1865140.9632558592,371226
2021-01-21,1865140.9632558592,1930467.7478024613,1865140.9632558592,1918550.5891092182,498057
2021-01-22,1918550.5891092182,1918550.5891092182,1850460.0418454797,1861329.1522928358,491772
2021-01-25,1861329.1522928358,1928592.7322669714,1861329.1522928358,1922690.0974647056,564034
2021-01-26,1922690.0974647056,1998924.5486652376,1922690.0974647056,1983172.2238560498,596941
2021-01-27,1983172.2238560498,1983172.2238560498,1965209.5992966893,1967881.7663466865,503055
2021-01-28,1967881.7663466865,1967881.7663466865,1890644.986039519,1912686.232846877,416294
2021-01-29,1912686.232846877,1966638.0651307297,1912686.232846877,1965501.7578652115,525843
2021-02-01,1965501.7578652115,1984368.6344293023,1947107.3967132103,1974413.5535187642,336504
2021-02-02,1974413.5535187642,1974413.5535187642,1813875.913753685,1840310.6083346049,362134
2021-02-03,1840310.6083346049,1840310.6083346049,1828345.099289585,1833323.605745411,485735
2021-02-04,1833323.605745411,1833323.605745411,1816246.168712175,1823899.6171251603,411313
2021-02-05,1823899.6171251603,1919059.1843840934,1823899.6171251603,1917624.2152389295,506811
2021-02-08,1917624.2152389295,1917624.2152389295,1842830.0245133024,1858409.810236972,534704
2021-02-09,1858409.810236972,1976831.4097307762,1858409.810236972,1956188.3282561605,447381
2021-02-10,1956188.3282561605,1989677.2858703195,1951011.2155496732,1972329.9747379571,495526
2021-02-11,1972329.9747379571,2041100.7678126476,1972329.9747379571,2028008.2400826963,491481
2021-02-12,2028008.2400826963,2028008.2400826963,1796273.3781292646,1822239.076347177,459219
2021-02-15,1822239.076347177,1822239.076347177,1728778.2037606754,1743544.5863443115,468648
2021-02-16,1743544.5863443115,1777773.162359684,1743544.5863443115,1761732.8492024725,458604
2021-02-17,1761732.8492024725,1773568.325744905,1761732.8492024725,1770885.479513956,540202
2021-02-18,1770885.479513956,1831984.9358396956,1770885.479513956,1826589.6838286936,446173
2021-02-19,1826589.6838286936,1892767.3034576247,1826589.6838286936,1889002.679428582,506861
2021-02-22,1889002.679428582,1897672.1095692671,1865757.2459702166,1878183.0674149564,298791
2021-02-23,1878183.0674149564,1878183.0674149564,1741717.857490544,1765947.9476844473,664137
2021-02-24,1765947.9476844473,1941408.936144596,1765947.9476844473,1940577.713842228,562373
2021-02-25,1940577.713842228,1940577.713842228,1858574.0663824112,1866176.951996071,587813
2021-02-26,1866176.951996071,1925756.5775701283,1866176.951996071,1906133.6938359179,455339
2021-03-01,1906133.6938359179,1908501.5402371713,1889918.387891486,1900562.6826048263,624904
2021-03-02,1900562.6826048263,1900562.6826048263,1773712.6366971803,1791056.5379176398,459238
2021-03-03,1791056.5379176398,1844434.4857857616,1791056.5379176398,1831980.932472857,516994
2021-03-04,1831980.932472857,1883501.2966742837,1831980.932472857,1858499.4654793753,551814
2021-03-05,1858499.4654793753,1858499.4654793753,1809312.566514909,1815711.7973894237,371702
2021-03-08,1815711.7973894237,1815711.7973894237,1720399.732307382,1726332.5022494812,562844
2021-03-09,1726332.5022494812,1726332.5022494812,1698409.4058180517,1709699.934032352,635263
2021-03-10,1709699.934032352,1742258.2875464489,1709699.934032352,1735288.67264798,439639
2021-03-11,1735288.67264798,1799586.5229325332,1735288.67264798,1798707.3642062282,530974
2021-03-12,1798707.3642062282,1878651.9606208103,1798707.3642062282,1854081.4925111334,398733
2021-03-15,1854081.4925111334,1935957.5797907526,1854081.4925111334,1930137.7338439252,455188
2021-03-16,1930137.7338439252,1943803.68167586,1916116.4516308918,1930476.7139195155,568780
2021-03-17,1930476.7139195155,2049820.7571797988,1930476.7139195155,2020926.0678172996,602754
2021-03-18,2020926.0678172996,2086000.871079566,2020926.0678172996,2076648.7306390502,406798
2021-03-19,2076648.7306390502,2076648.7306390502,2026693.1814817165,2027752.3121797817,546959
2021-03-22,2027752.3121797817,2048263.2284667331,2017512.0850811482,2024513.7168964008,489620
2021-03-23,2024513.7168964008,2024513.7168964008,1893574.5246265165,1895737.0501632462,500937
2021-03-24,1895737.0501632462,1928912.5000796875,1895737.0501632462,1910520.1701251531,505915
2021-03-25,1910520.1701251531,1910520.1701251531,1889225.6054816106,1897547.7671471564,618231
2021-03-26,1897547.7671471564,1968078.0404284378,1897547.7671471564,1945057.8223872061,461487
2021-03-29,1945057.8223872061,1945057.8223872061,1872983.067074255,1874816.4896056936,523461
2021-03-30,1874816.4896056936,1874816.4896056936,1848486.2936842795,1856222.9847295084,447792
2021-03-31,1856222.9847295084,1856222.9847295084,1800782.1206385822,1803998.0835290616,487083
2021-04-01,1803998.0835290616,1803998.0835290616,1781445.4873876164,1792554.3925667217,453280
2021-04-02,1792554.3925667217,1887941.9529273948,1792554.3925667217,1863258.0053826296,537418
2021-04-05,1863258.0053826296,1872894.6072079053,1852615.2622292112,1869751.3817634298,396193
2021-04-06,1869751.3817634298,1976929.4752720017,1869751.3817634298,1952672.0943769105,617272
2021-04-07,1952672.0943769105,1970964.2841469205,1952672.0943769105,1967287.8472537482,596303
2021-04-08,1967287.8472537482,1967287.8472537482,1936032.9788816818,1950983.4220920212,400028
2021-04-09,1950983.4220920212,1950983.4220920212,1908250.3907224562,1914810.5949233104,526844
2021-04-12,1914810.5949233104,1914810.5949233104,1867733.095354628,1874321.840524193,512680
2021-04-13,1874321.840524193,1906841.762277759,1874321.840524193,1886802.5297380385,417659
2021-04-14,1886802.5297380385,1897185.2934604774,1866272.401675423,1874927.2460979745,510512
2021-04-15,1874927.2460979745,1959091.0312931533,1874927.2460979745,1937703.730276026,382602
2021-04-16,1937703.730276026,1937703.730276026,1852674.167838557,1863056.6955176466,434306
2021-04-19,1863056.6955176466,1863056.6955176466,1791248.1084769983,1795774.7876834073,563679
2021-04-20,1795774.7876834073,1795774.7876834073,1737308.831789648,1759679.2743055462,439144
2021-04-21,1759679.2743055462,1783704.552139072,1759679.2743055462,1783670.1489897564,560143
2021-04-22,1783670.1489897564,1783670.1489897564,1685857.7883262108,1707672.30446837,438140
2021-04-23,1707672.30446837,1707672.30446837,1674599.2016291858,1684705.590744609,544480
2021-04-26,1684705.590744609,1684705.590744609,1653616.2365071904,1659066.6373812663,360519
2021-04-27,1659066.6373812663,1702781.5803070928,1659066.6373812663,1690117.9884542017,406657
2021-04-28,1690117.9884542017,1690117.9884542017,1610415.28194726,1631522.2356200132,355623
2021-04-29,1631522.2356200132,1735759.284534489,1631522.2356200132,1715549.9445615443,525647
2021-04-30,1715549.9445615443,1780419.328749742,1715549.9445615443,1758142.064653301,649227
2021-05-03,1758142.064653301,1856659.529291597,1758142.064653301,1845597.1790651013,521536
2021-05-04,1845597.1790651013,1845597.1790651013,1742915.326669552,1755740.864834169,585462
2021-05-05,1755740.864834169,1755740.864834169,1674396.6871237718,1691252.5885889356,568121
2021-05-06,1691252.5885889356,1783374.7335199374,1691252.5885889356,1770654.9338623888,485272
2021-05-07,1770654.9338623888,1823452.1323689139,1770654.9338623888,1812475.916126029,413188
2021-05-10,1812475.916126029,1812475.916126029,1766106.9170446063,1780647.5905511111,520423
2021-05-11,1780647.5905511111,1796185.1595551542,1777424.1694831015,1779293.976748285,537329
2021-05-12,1779293.976748285,1836958.425375796,1779293.976748285,1822489.0925420946,460231
2021-05-13,1822489.0925420946,1838448.2474553583,1809944.668887876,1827657.2605771795,515502
2021-05-14,1827657.2605771795,1827657.2605771795,1736063.6181769054,1750630.4130444548,408087
2021-05-17,1750630.4130444548,1750630.4130444548,1694407.1771236472,1696258.6119241256,549081
2021-05-18,1696258.6119241256,1732817.1223674535,1691391.2347296989,1708586.9796200378,466998
2021-05-19,1708586.9796200378,1708586.9796200378,1639827.9641272605,1661703.0156912024,585899
2021-05-20,1661703.0156912024,1717372.1952577392,1661703.0156912024,1712372.1259476666,321968
2021-05-21,1712372.1259476666,1732209.0618714467,1696398.136651605,1719076.3682044225,620614
2021-05-24,1719076.3682044225,1776065.5282694423,1719076.3682044225,1754852.8660558602,502000
2021-05-25,1754852.8660558602,1754852.8660558602,1707652.765012547,1731036.5267092881,521680
2021-05-26,1731036.5267092881,1835181.0404388644,1731036.5267092881,1821405.2664575072,444988
2021-05-27,1821405.2664575072,1843352.3468870078,1804217.3793824194,1823512.8934709358,538769
2021-05-28,1823512.8934709358,1823512.8934709358,1681007.2952435468,1700441.8116852767,577105
2021-05-31,1700441.8116852767,1770733.9767033043,1700441.8116852767,1769270.3873870114,475517
2021-06-01,1769270.3873870114,1912179.11843041,1769270.3873870114,1884797.6192883966,375572
2021-06-02,1884797.6192883966,1953010.9806482731,1884797.6192883966,1943448.6495047468,453062
2021-06-03,1943448.6495047468,2033017.2736577175,1943448.6495047468,2016550.1214616226,426352
2021-06-04,2016550.1214616226,2016550.1214616226,1906141.335302003,1934682.0348327006,460737
2021-06-07,1934682.0348327006,2006390.215578643,1934682.0348327006,1989655.4376280166,438668
2021-06-08,1989655.4376280166,2066532.2834442297,1989655.4376280166,2056415.902375371,516001
2021-06-09,2056415.902375371,2056415.902375371,1994650.308919081,2016261.2648814043,504516
2021-06-10,2016261.2648814043,2021317.2738123962,1994887.2872938977,2001180.1436753615,551233
2021-06-11,2001180.1436753615,2007494.3423011154,1973848.0341349272,2003308.8512285273,563088
2021-06-14,2003308.8512285273,2003308.8512285273,1946433.1386493512,1954447.8503308857,420432
2021-06-15,1954447.8503308857,1966516.8603646916,1954447.8503308857,1956742.7419571818,504728
2021-06-16,1956742.7419571818,1956742.7419571818,1884770.1502054052,1905375.4008140918,426561
2021-06-17,1905375.4008140918,1905375.4008140918,1851145.677354242,1869385.2544115053,403434
2021-06-18,1869385.2544115053,1916136.1981661643,1869385.2544115053,1909385.9795741816,574761
2021-06-21,1909385.9795741816,1935838.2648454448,1909385.9795741816,1930557.0017347878,533814
2021-06-22,1930557.0017347878,1930557.0017347878,1805227.311305219,1830161.686871562,565484
2021-06-23,1830161.686871562,1830161.686871562,1766014.426344994,1783373.1422723166,423530
2021-06-24,1783373.1422723166,1783373.1422723166,1697463.0227018136,1704325.1553236768,458523
2021-06-25,1704325.1553236768,1704325.1553236768,1674714.6974359904,1675823.4899312481,438871
2021-06-28,1675823.4899312481,1727563.9698667035,1675823.4899312481,1724895.0314483917,439308
2021-06-29,1724895.0314483917,1724895.0314483917,1605651.567700124,1628161.8103888764,529900
2021-06-30,1628161.8103888764,1646971.2728750827,1621899.4939870983,1634279.8570602955,491649
2021-07-01,1634279.8570602955,1634279.8570602955,1573364.189746949,1590368.0148598203,661618
2021-07-02,1590368.0148598203,1734839.9773634372,1590368.0148598203,1724904.217406275,498623
2021-07-05,1724904.217406275,1724904.217406275,1663221.8918565544,1678035.295521922,495976
2021-07-06,1678035.295521922,1742368.3542512679,1678035.295521922,1735764.2430827725,501727
2021-07-07,1735764.2430827725,1735764.2430827725,1665709.2543525572,1669862.8635060482,520348
2021-07-08,1669862.8635060482,1669862.8635060482,1636906.3823942535,1641486.687958121,506203
2021-07-09,1641486.687958121,1663364.2125449304,1635424.8947494824,1641465.442933004,586844
2021-07-12,1641465.442933004,1769310.8182315305,1641465.442933004,1751212.5938000423,434988
2021-07-13,1751212.5938000423,1751212.5938000423,1699794.248160754,1723978.803909751,494980
2021-07-14,1723978.803909751,1723978.803909751,1700055.8667146724,1707001.6879875571,475310
2021-07-15,1707001.6879875571,1707001.6879875571,1654639.284602342,1673322.341543326,384631
2021-07-16,1673322.341543326,1713390.8555618569,1673322.341543326,1692175.1890581525,519675
2021-07-19,1692175.1890581525,1712683.9662982556,1692175.1890581525,1694989.6892998386,507771
2021-07-20,1694989.6892998386,1718008.426209144,1694989.6892998386,1708800.4651505367,503945
2021-07-21,1708800.4651505367,1735030.9636248334,1694737.6349975376,1713560.5631151102,460940
2021-07-22,1713560.5631151102,1768327.9922882272,1713560.5631151102,1747094.346012704,588967
2021-07-23,1747094.346012704,1747094.346012704,1645978.002199713,1654191.8831195582,496521
2021-07-26,1654191.8831195582,1707542.232610017,1654191.8831195582,1698708.5711701498,601738
2021-07-27,1698708.5711701498,1744141.2399666782,1698708.5711701498,1734988.564065816,589836
2021-07-28,1734988.564065816,1734988.564065816,1700828.6722357308,1712122.3401189598,579230
2021-07-29,1712122.3401189598,1712122.3401189598,1587771.4740398857,1600534.7075178763,471511
2021-07-30,1600534.7075178763,1661783.389220477,1600534.7075178763,1649720.0006057795,595225
2021-08-02,1649720.0006057795,1658786.5095558397,1642404.10445864,1658324.4148734377,395606
2021-08-03,1658324.4148734377,1743078.9450939728,1658324.4148734377,1741035.980703153,543885
2021-08-04,1741035.980703153,1774467.0219604513,1728553.3836705026,1752734.7151530841,640124
2021-08-05,1752734.7151530841,1879803.260032453,1752734.7151530841,1867896.294146164,590415
2021-08-06,1867896.294146164,2090612.5912603356,1867896.294146164,2085759.1222025456,325872
2021-08-09,2085759.1222025456,2085759.1222025456,1992305.4799670228,1995971.2629827342,532931
2021-08-10,1995971.2629827342,2139465.2040601396,1995971.2629827342,2108698.3719984647,346341
2021-08-11,2108698.3719984647,2108698.3719984647,2004561.4026250318,2021639.665993277,330382
2021-08-12,2021639.665993277,2021639.665993277,1945946.1506590198,1974484.836965847,437849
2021-08-13,1974484.836965847,2005437.8064601948,1974484.836965847,1998231.4112398566,510819
2021-08-16,1998231.4112398566,1998231.4112398566,1956490.031786627,1964158.4600821843,529506
2021-08-17,1964158.4600821843,1994379.7005056369,1964158.4600821843,1977105.2166991115,510178
2021-08-18,1977105.2166991115,2050817.7853915016,1977105.2166991115,2046140.8969456297,493116
2021-08-19,2046140.8969456297,2155498.9832771686,2046140.8969456297,2133687.891033425,458744
2021-08-20,2133687.891033425,2210501.3653909555,2133687.891033425,2179577.939303175,436859
2021-08-23,2179577.939303175,2179577.939303175,2114026.236286966,2120527.2338946057,360062
2021-08-24,2120527.2338946057,2191651.0866989964,2120527.2338946057,2182791.3973381747,437130
2021-08-25,2182791.3973381747,2389239.2162607387,2182791.3973381747,2379336.519338796,446463
2021-08-26,2379336.519338796,2379336.519338796,2341588.230887882,2350163.57622,620731
2021-08-27,2350163.57622,2350163.57622,2313215.3042340614,2331199.5816470315,491371
2021-08-30,2331199.5816470315,2477883.483893379,2331199.5816470315,2441808.1605328075,524823
2021-08-31,2441808.1605328075,2441808.1605328075,2228161.080469373,2240730.455565488,567463
2021-09-01,2240730.455565488,2240730.455565488,2156487.8891381607,2157023.7827259307,540262
2021-09-02,2157023.7827259307,2159143.868653171,2134209.9994107634,2150662.2774663023,537497
2021-09-03,2150662.2774663023,2266443.5372770056,2150662.2774663023,2241571.1211154037,426334
2021-09-06,2241571.1211154037,2301364.216351481,2241571.1211154037,2284649.5617526593,493877
2021-09-07,2284649.5617526593,2284649.5617526593,2214657.2615691707,2231202.6019805195,493221
2021-09-08,2231202.6019805195,2231202.6019805195,2181739.207016798,2190752.5838262774,284088
2021-09-09,2190752.5838262774,2261343.469991982,2190752.5838262774,2235981.5359142767,530393
2021-09-10,2235981.5359142767,2265738.5506297965,2232552.5169009618,2262623.954819572,366443
2021-09-13,2262623.954819572,2434207.9073402355,2262623.954819572,2420624.220118023,583632
2021-09-14,2420624.220118023,2500433.521510997,2420624.220118023,2492508.1938119507,526071
2021-09-15,2492508.1938119507,2695484.7869944177,2492508.1938119507,2661006.9718646538,539196
2021-09-16,2661006.9718646538,2661006.9718646538,2613301.506533057,2615187.9416636033,774445
2021-09-17,2615187.9416636033,2659733.189100716,2615187.9416636033,2655968.871652409,493756
2021-09-20,2655968.871652409,2759435.616479502,2655968.871652409,2757788.293797682,496823
2021-09-21,2757788.293797682,2757788.293797682,2525147.1560904915,2551105.1302191126,336364
2021-09-22,2551105.1302191126,2551105.1302191126,2452324.411916772,2463924.3968238393,541679
2021-09-23,2463924.3968238393,2499897.3052674583,2453396.072366261,2488629.469989552,527653
2021-09-24,2488629.469989552,2488629.469989552,2481049.694526861,2483187.2695899676,452691
2021-09-27,2483187.2695899676,2483187.2695899676,2383877.8535834868,2391928.576418375,491660
2021-09-28,2391928.576418375,2431976.7117414027,2387369.945265107,2409122.767159878,656087
2021-09-29,2409122.767159878,2409122.767159878,2195358.5820596986,2226797.392020888,454400
2021-09-30,2226797.392020888,2226797.392020888,2165074.3565768227,2175758.832909738,573833
2021-10-01,2175758.832909738,2264097.490419029,2175758.832909738,2261435.0641489592,493500
2021-10-04,2261435.0641489592,2430114.5097976048,2261435.0641489592,2408732.21171418,446715
2021-10-05,2408732.21171418,2408732.21171418,2402749.725570907,2406572.09604525,533465
2021-10-06,2406572.09604525,2441716.245279821,2406572.09604525,2434844.637809831,582198
2021-10-07,2434844.637809831,2548139.5493624867,2434844.637809831,2534935.457005007,604117
2021-10-08,2534935.457005007,2534935.457005007,2425204.3863351974,2460911.0737161105,567273
2021-10-11,2460911.0737161105,2460911.0737161105,2336296.051752804,2370105.406214252,553276
2021-10-12,2370105.406214252,2370105.406214252,2295381.7055682493,2323524.7875184133,609654
2021-10-13,2323524.7875184133,2323524.7875184133,2233055.2266360465,2261844.0815677615,481078
2021-10-14,2261844.0815677615,2358173.0676611164,2261844.0815677615,2348319.4275316624,519369
2021-10-15,2348319.4275316624,2520192.707118944,2348319.4275316624,2505456.9629671103,493660
2021-10-18,2505456.9629671103,2617153.7141812243,2505456.9629671103,2580607.9352616547,514877
2021-10-19,2580607.9352616547,2580607.9352616547,2419283.9094857955,2434465.4165021824,437808
2021-10-20,2434465.4165021824,2434465.4165021824,2332158.3559140023,2358216.698900566,356642
2021-10-21,2358216.698900566,2358216.698900566,2283817.1196211013,2308572.2507148976,450084
2021-10-22,2308572.2507148976,2308572.2507148976,2274202.0937725604,2292489.6590623655,568189
2021-10-25,2292489.6590623655,2292489.6590623655,2194331.773873375,2207783.359483702,444867
2021-10-26,2207783.359483702,2253170.3161650226,2203641.666265096,2228179.0308602015,500323
2021-10-27,2228179.0308602015,2228179.0308602015,2164324.6458402686,2164548.933667999,576850
2021-10-28,2164548.933667999,2164548.933667999,2079722.6863431341,2085038.4030294705,648766
2021-10-29,2085038.4030294705,2103075.751790347,2062349.5587314763,2078443.6396837304,596737
2021-11-01,2078443.6396837304,2161369.158208143,2078443.6396837304,2130982.106348776,520206
2021-11-02,2130982.106348776,2154992.6062055174,2130982.106348776,2141950.115220063,510739
2021-11-03,2141950.115220063,2141950.115220063,2084345.7765112896,2092794.3964017201,442674
2021-11-04,2092794.3964017201,2175404.4417464896,2092794.3964017201,2172889.589630106,524127
2021-11-05,2172889.589630106,2205867.303975911,2172889.589630106,2192475.3042406873,563728
2021-11-08,2192475.3042406873,2192669.104190027,2164080.502717461,2171533.5642225947,557247
2021-11-09,2171533.5642225947,2171533.5642225947,2138683.5579882064,2155832.0960919536,469011
2021-11-10,2155832.0960919536,2161246.052822905,2129741.770381006,2132216.123452644,452506
2021-11-11,2132216.123452644,2152927.69405514,2119430.3098405306,2147479.961033812,528401
2021-11-12,2147479.961033812,2147479.961033812,2063696.9159038567,2087368.2567716604,426590
2021-11-15,2087368.2567716604,2087368.2567716604,2028979.9695505102,2034458.933892563,336745
2021-11-16,2034458.933892563,2034458.933892563,1961006.60049115,1975161.398848418,428461
2021-11-17,1975161.398848418,1975161.398848418,1955273.9470046847,1963813.482818022,394709
2021-11-18,1963813.482818022,1963813.482818022,1866895.5770180398,1876069.7490475927,570582
2021-11-19,1876069.7490475927,1876069.7490475927,1825592.0417541047,1828829.173085478,460732
2021-11-22,1828829.173085478,1828829.173085478,1820474.6795939677,1822703.596909903,507191
2021-11-23,1822703.596909903,1929913.1992394251,1822703.596909903,1918693.8166594543,467334
2021-11-24,1918693.8166594543,1948069.7903244928,1894913.1154398932,1921477.7408882643,454712
2021-11-25,1921477.7408882643,2063807.4757986923,1921477.7408882643,2040655.3352537875,684262
2021-11-26,2040655.3352537875,2109547.4436298315,2040655.3352537875,2081772.573981636,538483
2021-11-29,2081772.573981636,2082481.6296924897,2063395.3953433586,2081433.2911375244,447832
2021-11-30,2081433.2911375244,2147099.6369107105,2081433.2911375244,2121526.9162729066,509924
2021-12-01,2121526.9162729066,2124758.0992347323,2096923.9714522858,2118425.664653588,569486
2021-12-02,2118425.664653588,2174329.2326108,2118425.664653588,2167431.5153386965,510584
2021-12-03,2167431.5153386965,2167431.5153386965,2113511.987669222,2125027.745220909,574060
2021-12-06,2125027.745220909,2129697.9045644263,2094876.8239078808,2114430.463711474,378333
2021-12-07,2114430.463711474,2199172.586847701,2114430.463711474,2191526.146585112,498282
2021-12-08,2191526.146585112,2225568.6049889233,2191526.146585112,2217053.091020407,687314
2021-12-09,2217053.091020407,2311771.068304808,2217053.091020407,2303363.222974709,476859
2021-12-10,2303363.222974709,2428790.44808294,2303363.222974709,2403758.865389626,640496
2021-12-13,2403758.865389626,2403758.865389626,2325508.0853012754,2348999.8122025765,545868
2021-12-14,2348999.8122025765,2348999.8122025765,2190439.5013584103,2194335.676390928,606306
2021-12-15,2194335.676390928,2258616.9741400317,2194335.676390928,2245568.7641686765,522508
2021-12-16,2245568.7641686765,2437782.691970506,2245568.7641686765,2430223.6149621406,523454
2021-12-17,2430223.6149621406,2430223.6149621406,2352996.5177508993,2360901.2165843365,598522
2021-12-20,2360901.2165843365,2423668.8706958992,2360901.2165843365,2416874.7421354842,511911
2021-12-21,2416874.7421354842,2416874.7421354842,2343226.0352831823,2368269.3505313243,471812
2021-12-22,2368269.3505313243,2382117.3501543556,2344044.931291499,2371647.13660434,450114
2021-12-23,2371647.13660434,2371647.13660434,2299250.480126253,2318131.9399888245,466459
2021-12-24,2318131.9399888245,2318131.9399888245,2196779.178848362,2198968.915287995,487744
2021-12-27,2198968.915287995,2369088.0618947106,2198968.915287995,2337443.6111783963,506711
2021-12-28,2337443.6111783963,2455784.6989984894,2337443.6111783963,2432496.271383926,469739
2021-12-29,2432496.271383926,2432496.271383926,2347991.9264644263,2362064.363853938,442255
2021-12-30,2362064.363853938,2362064.363853938,2271661.284774777,2299565.507935057,450347
2021-12-31,2299565.507935057,2375872.5649065776,2299565.507935057,2362453.9563858206,457964
2022-01-03,2362453.9563858206,2490119.7178500155,2362453.9563858206,2473435.69955441,504423
2022-01-04,2473435.69955441,2473435.69955441,2344998.222308299,2357005.54290582,332330
2022-01-05,2357005.54290582,2357005.54290582,2295226.822913653,2324377.865534957,461455
2022-01-06,2324377.865534957,2440676.865381285,2324377.865534957,2421621.603430736,529350
2022-01-07,2421621.603430736,2421621.603430736,2399275.5652940306,2407431.243402688,420215
2022-01-10,2407431.243402688,2407431.243402688,2323395.6381833274,2328278.2146812254,393542
2022-01-11,2328278.2146812254,2328278.2146812254,2269839.039497113,2278315.166975944,519474
2022-01-12,2278315.166975944,2359409.5048892223,2278315.166975944,2358692.7625199766,424716
2022-01-13,2358692.7625199766,2379683.911180819,2352073.603873566,2373152.8410623637,545374
2022-01-14,2373152.8410623637,2392596.7144952794,2360294.71187239,2384250.8672256516,452244
2022-01-17,2384250.8672256516,2409632.6096186936,2361792.5898724776,2389883.1137395957,495096
2022-01-18,2389883.1137395957,2513083.482738067,2389883.1137395957,2506821.6703652716,490392
2022-01-19,2506821.6703652716,2584189.7440580516,2506821.6703652716,2581596.0154563133,354069
2022-01-20,2581596.0154563133,2587858.836537454,2527187.0605649385,2562164.1096798764,444339
2022-01-21,2562164.1096798764,2566614.6932621757,2518876.112102597,2530926.076961643,550470
2022-01-24,2530926.076961643,2656556.868525596,2530926.076961643,2654472.346959619,476891
2022-01-25,2654472.346959619,2812651.9060823373,2654472.346959619,2802318.480988867,530501
2022-01-26,2802318.480988867,2802318.480988867,2762127.4043732486,2778188.4522712776,482577
2022-01-27,2778188.4522712776,2778188.4522712776,2694879.0681373132,2710188.808599194,532031
2022-01-28,2710188.808599194,2716288.8957397747,2663726.882910938,2681946.020476322,403414
2022-01-31,2681946.020476322,2681946.020476322,2621726.380427566,2657837.3453051117,370068
2022-02-01,2657837.3453051117,2657837.3453051117,2541265.8530924134,2555741.306119288,545275
2022-02-02,2555741.306119288,2609763.8413411337,2555741.306119288,2596492.379480418,505805
2022-02-03,2596492.379480418,2596492.379480418,2520746.859014828,2547880.767342785,570988
2022-02-04,2547880.767342785,2739954.0385405053,2547880.767342785,2701737.101487551,426944
2022-02-07,2701737.101487551,2759425.5726428838,2699275.8878285345,2720159.6663682335,335236
2022-02-08,2720159.6663682335,2775571.5645334506,2720159.6663682335,2740648.4653925323,551241
2022-02-09,2740648.4653925323,2740648.4653925323,2684946.076347641,2695758.992956913,575999
2022-02-10,2695758.992956913,2912981.1246599527,2695758.992956913,2890175.5305734333,499885
2022-02-11,2890175.5305734333,3029762.178413027,2890175.5305734333,2992115.1941545447,402453
2022-02-14,2992115.1941545447,3143290.8186256834,2992115.1941545447,3102616.388676688,521822
2022-02-15,3102616.388676688,3178901.1978574605,3102616.388676688,3160543.2110754903,374062
2022-02-16,3160543.2110754903,3160543.2110754903,3073419.4387229388,3074794.7190840896,597907
2022-02-17,3074794.7190840896,3179157.3468541154,3074794.7190840896,3162733.8952823053,397099
2022-02-18,3162733.8952823053,3162733.8952823053,2997985.7009086106,3031503.8177660163,423277
2022-02-21,3031503.8177660163,3031503.8177660163,2948971.0322660874,2987983.7774590733,499576
2022-02-22,2987983.7774590733,3228858.384835019,2987983.7774590733,3190483.905263587,529596
2022-02-23,3190483.905263587,3190483.905263587,3007119.1842613076,3012525.71754681,414014
2022-02-24,3012525.71754681,3012525.71754681,2949888.925788482,2979404.623073955,543851
2022-02-25,2979404.623073955,2979404.623073955,2920977.199264026,2923391.3715989413,507968
2022-02-28,2923391.3715989413,2948304.530449128,2923391.3715989413,2940987.8429020345,491005
2022-03-01,2940987.8429020345,3126225.933034547,2940987.8429020345,3091581.7077040365,363478
2022-03-02,3091581.7077040365,3091581.7077040365,2927947.308027639,2935379.331141246,545268
2022-03-03,2935379.331141246,2935379.331141246,2708233.1400292222,2739903.003686664,497563
2022-03-04,2739903.003686664,2739903.003686664,2676141.553009248,2686347.5642159414,342382
2022-03-07,2686347.5642159414,2686347.5642159414,2497096.3644423913,2532830.851393071,509066
2022-03-08,2532830.851393071,2532830.851393071,2433385.72474918,2455273.0465103653,572466
2022-03-09,2455273.0465103653,2486315.216501249,2422721.9688918293,2450127.8816553517,529880
2022-03-10,2450127.8816553517,2450127.8816553517,2365700.119871688,2395719.297016147,496716
2022-03-11,2395719.297016147,2451764.5530450954,2395719.297016147,2429133.800674429,586062
2022-03-14,2429133.800674429,2492853.6705924436,2429133.800674429,2459132.186220973,261472
2022-03-15,2459132.186220973,2473509.9224817134,2459132.186220973,2460846.390075229,473505
2022-03-16,2460846.390075229,2567619.5579241356,2460846.390075229,2540441.78326653,473456
2022-03-17,2540441.78326653,2540441.78326653,2420709.153258757,2435110.921724632,525080
2022-03-18,2435110.921724632,2551327.568442043,2435110.921724632,2521729.702751075,538565
2022-03-21,2521729.702751075,2521729.702751075,2373814.9074561857,2402996.416112633,500364
2022-03-22,2402996.416112633,2566461.857623886,2402996.416112633,2538347.9701339114,487377
2022-03-23,2538347.9701339114,2585578.4236572185,2538347.9701339114,2580818.5098001724,412142
2022-03-24,2580818.5098001724,2580818.5098001724,2391213.975671897,2396915.54150455,392088
2022-03-25,2396915.54150455,2422317.2249613274,2367363.082109156,2387305.3554787505,505075
2022-03-28,2387305.3554787505,2387305.3554787505,2246372.0684794094,2279219.142597139,578789
2022-03-29,2279219.142597139,2367269.2692615367,2279219.142597139,2358928.8977136076,745881
2022-03-30,2358928.8977136076,2502488.9846825176,2358928.8977136076,2470888.769489456,361916
2022-03-31,2470888.769489456,2470888.769489456,2352583.431205112,2388274.784867894,511668
2022-04-01,2388274.784867894,2432984.2129650274,2374203.7335061226,2406405.553350814,612885
2022-04-04,2406405.553350814,2406405.553350814,2358156.3788639754,2373374.75580512,395589
2022-04-05,2373374.75580512,2373374.75580512,2243623.4895487605,2270230.332459213,347147
2022-04-06,2270230.332459213,2275858.7970480835,2246340.7720289445,2248056.16010481,573621
2022-04-07,2248056.16010481,2248056.16010481,2212537.4966925657,2231109.98875657,509289
2022-04-08,2231109.98875657,2231109.98875657,2185471.5112615433,2206448.3913695063,440899
2022-04-11,2206448.3913695063,2206448.3913695063,2168463.060202148,2191227.142256469,421804
2022-04-12,2191227.142256469,2220126.0903537846,2191227.142256469,2211392.7442695904,328117
2022-04-13,2211392.7442695904,2211392.7442695904,2180378.8506400185,2183626.2151235812,582797
2022-04-14,2183626.2151235812,2271710.6224784725,2183626.2151235812,2254942.354925804,327738
2022-04-15,2254942.354925804,2430585.981990643,2254942.354925804,2394678.528706505,457870
2022-04-18,2394678.528706505,2396135.128939579,2379457.3002819074,2381370.2208499806,429635
2022-04-19,2381370.2208499806,2382501.1830542414,2337178.1079302994,2369347.1258498477,405829
2022-04-20,2369347.1258498477,2390319.946746539,2357826.8217127835,2374977.4373427965,459701
2022-04-21,2374977.4373427965,2577116.245441313,2374977.4373427965,2558582.0079828813,557519
2022-04-22,2558582.0079828813,2558582.0079828813,2485219.6394672394,2485959.2355105504,652048
2022-04-25,2485959.2355105504,2515790.0399354496,2482388.1789917117,2483861.0837077852,567737
2022-04-26,2483861.0837077852,2500359.8283420242,2463113.4465814233,2494892.736052954,430154
2022-04-27,2494892.736052954,2599933.7267622584,2494892.736052954,2580202.038563412,464736
2022-04-28,2580202.038563412,2582718.1832135445,2548605.8720520027,2555778.979026819,678738
2022-04-29,2555778.979026819,2649263.6605129815,2555778.979026819,2610417.288182964,377783
2022-05-02,2610417.288182964,2651270.5959920743,2602400.1421303474,2624523.339217581,479964
2022-05-03,2624523.339217581,2624523.339217581,2556690.1703667887,2561251.5055431575,486037
2022-05-04,2561251.5055431575,2565069.10403022,2509918.6173305106,2545564.2389218397,532607
2022-05-05,2545564.2389218397,2545564.2389218397,2443603.2506177323,2479741.0762559646,391395
2022-05-06,2479741.0762559646,2479741.0762559646,2401705.3814380066,2412085.807680513,427244
2022-05-09,2412085.807680513,2412085.807680513,2285728.897082362,2292671.5053516687,456368
2022-05-10,2292671.5053516687,2407823.7900377875,2292671.5053516687,2376165.4279560004,540363
2022-05-11,2376165.4279560004,2376165.4279560004,2306614.9910827694,2311310.668198609,422687
2022-05-12,2311310.668198609,2311310.668198609,2268577.055798453,2278811.895911259,449764
2022-05-13,2278811.895911259,2388885.0744686,2278811.895911259,2370579.6280662306,644391
2022-05-16,2370579.6280662306,2370579.6280662306,2246063.7899377914,2261610.5279328553,459928
2022-05-17,2261610.5279328553,2338256.6722102417,2261610.5279328553,2333370.555578497,395272
2022-05-18,2333370.555578497,2333370.555578497,2276538.3085754905,2291673.3269065805,400524
2022-05-19,2291673.3269065805,2420466.80554735,2291673.3269065805,2389698.844504868,452617
2022-05-20,2389698.844504868,2389698.844504868,2261823.7097087665,2288320.175341409,408029
2022-05-23,2288320.175341409,2311666.213189862,2273513.7246656884,2280949.892392133,507868
2022-05-24,2280949.892392133,2280949.892392133,2180539.279614234,2194519.789644483,355155
2022-05-25,2194519.789644483,2194519.789644483,2066513.0854981514,2070630.4516710571,460492
2022-05-26,2070630.4516710571,2159872.997116381,2070630.4516710571,2132069.780501393,443662
2022-05-27,2132069.780501393,2132069.780501393,2083118.4021888312,2100171.171686974,463313
2022-05-30,2100171.171686974,2101960.0795638626,2089736.8862482256,2094701.0167343812,532596
2022-05-31,2094701.0167343812,2132828.448267217,2089595.6607798093,2119975.6717734276,491339
2022-06-01,2119975.6717734276,2174677.5803677337,2119975.6717734276,2152375.772829856,587621
2022-06-02,2152375.772829856,2184858.6885445053,2148429.5054297857,2159427.2904818775,618496
2022-06-03,2159427.2904818775,2185176.6108642304,2123754.6921373736,2153359.9848984573,474432
2022-06-06,2153359.9848984573,2215361.6740741283,2153359.9848984573,2213242.052821166,347703
2022-06-07,2213242.052821166,2276261.710955904,2213242.052821166,2251856.5818779077,460379
2022-06-08,2251856.5818779077,2251856.5818779077,2142407.663244418,2173874.501170501,465820
2022-06-09,2173874.501170501,2181111.7632894274,2150040.681794364,2166732.995796381,422708
2022-06-10,2166732.995796381,2220448.779334417,2166732.995796381,2212397.437715654,536401
2022-06-13,2212397.437715654,2287131.0208551777,2212397.437715654,2267452.2611219035,580390
2022-06-14,2267452.2611219035,2361864.9844026817,2267452.2611219035,2361625.3480755733,587798
2022-06-15,2361625.3480755733,2452399.253740073,2361625.3480755733,2433258.493471406,495001
2022-06-16,2433258.493471406,2433258.493471406,2348921.8404988614,2375325.758622302,467701
2022-06-17,2375325.758622302,2517841.779060487,2375325.758622302,2502959.921340096,462038
2022-06-20,2502959.921340096,2540007.666676017,2502959.921340096,2532634.418278385,520051
2022-06-21,2532634.418278385,2532634.418278385,2471277.9073151452,2490596.083965584,633561
2022-06-22,2490596.083965584,2490596.083965584,2403913.078848405,2412156.279309871,510841
2022-06-23,2412156.279309871,2494238.317886689,2412156.279309871,2478286.614940534,268439
2022-06-24,2478286.614940534,2478286.614940534,2442148.958934135,2443953.760010149,475404
2022-06-27,2443953.760010149,2443953.760010149,2398695.344786452,2406532.5967506343,554255
2022-06-28,2406532.5967506343,2406532.5967506343,2285812.9562725616,2290117.3813261366,466278
2022-06-29,2290117.3813261366,2290117.3813261366,2225674.038978385,2249768.665495373,647423
2022-06-30,2249768.665495373,2249768.665495373,2209596.923973665,2211668.724373845,492230
2022-07-01,2211668.724373845,2242312.252902519,2202648.1895968886,2214635.775232042,488957
2022-07-04,2214635.775232042,2310078.2532577068,2214635.775232042,2294345.465193661,326242
2022-07-05,2294345.465193661,2294345.465193661,2122703.960262982,2123728.355974543,539677
2022-07-06,2123728.355974543,2123728.355974543,2021827.4588503737,2044422.1152542457,588206
2022-07-07,2044422.1152542457,2077388.4894030439,2044422.1152542457,2062525.4556512295,470602
2022-07-08,2062525.4556512295,2136474.2027001698,2062525.4556512295,2109689.44515426,617732
2022-07-11,2109689.44515426,2144143.46078324,2108432.086925206,2129742.9109434034,587061
2022-07-12,2129742.9109434034,2186389.219756853,2129742.9109434034,2162329.213439548,512968
2022-07-13,2162329.213439548,2165655.660652033,2108034.953179413,2138397.0211049602,438446
2022-07-14,2138397.0211049602,2138397.0211049602,2090261.0480164802,2092828.5736248132,383080
2022-07-15,2092828.5736248132,2145176.592864302,2092828.5736248132,2132614.3402530854,397133
2022-07-18,2132614.3402530854,2156389.6375533305,2130525.3274740395,2149405.2700016424,548039
2022-07-19,2149405.2700016424,2168043.502311356,2130123.9711935245,2139316.5416916623,591307
2022-07-20,2139316.5416916623,2161939.204186852,2118147.1497974056,2140535.738817543,588048
2022-07-21,2140535.738817543,2140535.738817543,2064711.4283890107,2092257.549614972,480384
2022-07-22,2092257.549614972,2092257.549614972,2061697.9448260183,2064305.550631136,544970
2022-07-25,2064305.550631136,2064305.550631136,2038320.688292654,2054137.5974955559,480288
2022-07-26,2054137.5974955559,2064110.807255376,2032948.804263103,2056868.7603874048,523053
2022-07-27,2056868.7603874048,2056868.7603874048,1995843.5272186396,2016643.6070661023,475984
2022-07-28,2016643.6070661023,2081718.543996329,2016643.6070661023,2070571.73482259,477210
2022-07-29,2070571.73482259,2070571.73482259,1987223.7463363586,2009193.2599420096,419074
2022-08-01,2009193.2599420096,2009193.2599420096,1940896.3808554367,1958576.7751936635,579728
2022-08-02,1958576.7751936635,2037080.7614641383,1958576.7751936635,2010283.7732498199,387555
2022-08-03,2010283.7732498199,2082903.1843514738,2010283.7732498199,2057493.988272573,514701
2022-08-04,2057493.988272573,2057493.988272573,2005963.450659681,2026919.3069471659,521836
2022-08-05,2026919.3069471659,2026919.3069471659,1975969.3763699553,2004798.9212459095,474504
2022-08-08,2004798.9212459095,2058134.2199826075,2004798.9212459095,2036696.2770988508,399215
2022-08-09,2036696.2770988508,2106601.0609295666,2036696.2770988508,2085082.0530263516,568721
2022-08-10,2085082.0530263516,2085082.0530263516,1929052.7438599153,1944180.4554681135,471853
2022-08-11,1944180.4554681135,1991203.7394986642,1944180.4554681135,1982437.0031768233,481122
2022-08-12,1982437.0031768233,1982437.0031768233,1893556.8361541282,1919448.417452029,550875
2022-08-15,1919448.417452029,1956455.8563273095,1919448.417452029,1940757.87757873,363924
2022-08-16,1940757.87757873,1957451.6145328798,1940757.87757873,1956286.9246412248,480737
2022-08-17,1956286.9246412248,1956286.9246412248,1922524.186874347,1926968.9029968882,504069
2022-08-18,1926968.9029968882,1977698.7191994241,1926968.9029968882,1958851.8889223589,408740
2022-08-19,1958851.8889223589,2048011.7360308615,1958851.8889223589,2037090.1225152032,585722
2022-08-22,2037090.1225152032,2099099.039731185,2037090.1225152032,2091348.4897110872,522511
2022-08-23,2091348.4897110872,2143971.7846071385,2091348.4897110872,2125282.140788698,588433
2022-08-24,2125282.140788698,2202611.728419479,2125282.140788698,2172342.3915950297,437346
2022-08-25,2172342.3915950297,2172342.3915950297,2147756.506289772,2157678.2204488497,556322
2022-08-26,2157678.2204488497,2185970.479929703,2145979.8101566723,2162160.054688377,533439
2022-08-29,2162160.054688377,2191849.616376887,2150742.3458319427,2163991.6229003225,408905
2022-08-30,2163991.6229003225,2163991.6229003225,2124030.0865979046,2127091.1279461402,551662
2022-08-31,2127091.1279461402,2127091.1279461402,2079522.286742292,2106555.102449945,357365
2022-09-01,2106555.102449945,2106555.102449945,2052044.7149354457,2078549.2377632584,384607
2022-09-02,2078549.2377632584,2221635.3202139004,2078549.2377632584,2219887.725606963,412555
2022-09-05,2219887.725606963,2284072.783465653,2219887.725606963,2255498.897581554,327800
2022-09-06,2255498.897581554,2257739.4982227366,2232127.0686603053,2252728.674009179,548047
2022-09-07,2252728.674009179,2252728.674009179,2181302.1428272645,2187816.362034648,460567
2022-09-08,2187816.362034648,2287310.9876040705,2187816.362034648,2282875.5121768946,572865
2022-09-09,2282875.5121768946,2310947.9443614604,2264194.6167006255,2281101.9903893177,521878
2022-09-12,2281101.9903893177,2345558.514683779,2281101.9903893177,2317208.198181118,364814
2022-09-13,2317208.198181118,2317208.198181118,2251978.962207497,2266370.7952233455,536386
2022-09-14,2266370.7952233455,2266370.7952233455,2198506.775214275,2221903.477717305,368211
2022-09-15,2221903.477717305,2274257.5114518846,2217535.9330030885,2250546.4726116084,421044
2022-09-16,2250546.4726116084,2358602.6905489033,2250546.4726116084,2347499.604020363,467716
2022-09-19,2347499.604020363,2390735.7357112444,2327089.37847866,2358815.5352055784,357101
2022-09-20,2358815.5352055784,2359981.4744630964,2323741.6219305717,2355893.6471096887,474459
2022-09-21,2355893.6471096887,2355893.6471096887,2292738.2524468717,2309435.0680157286,378239
2022-09-22,2309435.0680157286,2387979.308729831,2309435.0680157286,2352854.7714033388,635944
2022-09-23,2352854.7714033388,2352854.7714033388,2250113.602195973,2258744.6510675033,535507
2022-09-26,2258744.6510675033,2258744.6510675033,2157360.0971115036,2190160.617249063,474353
2022-09-27,2190160.617249063,2190160.617249063,2113073.8478154624,2121370.9684351967,444558
2022-09-28,2121370.9684351967,2121370.9684351967,2059147.3629271823,2084144.0310289725,456760
2022-09-29,2084144.0310289725,2151653.5615832154,2084144.0310289725,2130312.7724686437,578475
2022-09-30,2130312.7724686437,2172679.4147366774,2130312.7724686437,2168021.883497113,644244
2022-10-03,2168021.883497113,2282488.4854875887,2168021.883497113,2248887.4029878005,474954
2022-10-04,2248887.4029878005,2289362.184166514,2243992.2147590555,2258187.7818837618,570374
2022-10-05,2258187.7818837618,2258187.7818837618,2208554.721155305,2217654.149878724,624264
2022-10-06,2217654.149878724,2241468.626198942,2204544.7563039646,2223021.461578213,576516
2022-10-07,2223021.461578213,2223021.461578213,2135981.0854307916,2166413.138446753,521678
2022-10-10,2166413.138446753,2172597.007118834,2145592.2702980745,2149364.795049284,476959
2022-10-11,2149364.795049284,2175511.8519448084,2149364.795049284,2175077.194081069,465889
2022-10-12,2175077.194081069,2179842.275395012,2158082.1771974824,2174909.6006827666,654468
2022-10-13,2174909.6006827666,2305265.6169126607,2174909.6006827666,2288361.167414441,367944
2022-10-14,2288361.167414441,2288361.167414441,2204690.3801183444,2235539.4822451663,466878
2022-10-17,2235539.4822451663,2235539.4822451663,2145849.435435478,2148484.437349767,507658
2022-10-18,2148484.437349767,2148484.437349767,2109490.6955308327,2124328.7353864806,469342
2022-10-19,2124328.7353864806,2190376.3664558567,2124328.7353864806,2185742.800638141,362419
2022-10-20,2185742.800638141,2199680.0613157814,2175460.1884986153,2177490.4982482204,411162
2022-10-21,2177490.4982482204,2204363.0634333324,2176353.379753161,2189374.6840368644,509965
2022-10-24,2189374.6840368644,2189374.6840368644,2140668.9743967936,2151322.011858251,409057
2022-10-25,2151322.011858251,2151322.011858251,2080093.5155320694,2106383.671827954,538195
2022-10-26,2106383.671827954,2106383.671827954,1965267.9347921375,1994643.0771148026,531819
2022-10-27,1994643.0771148026,2007519.054960868,1983960.360553808,1996537.9007211432,377390
2022-10-28,1996537.9007211432,2021039.7092417306,1996537.9007211432,2009677.5325318289,398731
2022-10-31,2009677.5325318289,2031921.8134426435,2008229.4220904352,2010974.9972226045,406080
2022-11-01,2010974.9972226045,2036138.2870671041,2010974.9972226045,2032616.116840331,476401
2022-11-02,2032616.116840331,2149801.4452501833,2032616.116840331,2123717.2105674553,545801
2022-11-03,2123717.2105674553,2238296.5852450994,2123717.2105674553,2237328.55448115,433529
2022-11-04,2237328.55448115,2367421.4001495535,2237328.55448115,2347778.0884129573,403281
2022-11-07,2347778.0884129573,2347778.0884129573,2286609.2634976287,2298168.527545908,290762
2022-11-08,2298168.527545908,2389776.467815904,2298168.527545908,2354915.96648494,525715
2022-11-09,2354915.96648494,2354915.96648494,2222749.729257413,2231474.5076474817,389027
2022-11-10,2231474.5076474817,2231474.5076474817,2197251.7725516763,2206231.6674993886,550897
2022-11-11,2206231.6674993886,2238174.2053628466,2206231.6674993886,2217209.407527357,520336
2022-11-14,2217209.407527357,2226745.4956878955,2186682.662352372,2204597.4796452536,503709
2022-11-15,2204597.4796452536,2204597.4796452536,2155253.973507228,2183907.3969810964,562612
2022-11-16,2183907.3969810964,2183907.3969810964,2047091.0558698447,2074747.4269818726,554429
2022-11-17,2074747.4269818726,2160899.901703166,2074747.4269818726,2154900.8633575942,574206
2022-11-18,2154900.8633575942,2195196.8951845695,2154900.8633575942,2174486.1371296723,454102
2022-11-21,2174486.1371296723,2174486.1371296723,2123173.489961219,2144581.593279044,546954
2022-11-22,2144581.593279044,2176937.175442421,2144581.593279044,2154506.865405585,650666
2022-11-23,2154506.865405585,2245177.899415963,2154506.865405585,2212811.8784708516,575915
2022-11-24,2212811.8784708516,2257617.3798106224,2207806.4484908697,2234788.3476483156,545250
2022-11-25,2234788.3476483156,2234788.3476483156,2188564.707893918,2199027.0152995246,478638
2022-11-28,2199027.0152995246,2229425.6250100266,2184473.1725654136,2212769.701195863,571172
2022-11-29,2212769.701195863,2212769.701195863,2080158.8091323778,2108419.0773212044,368549
2022-11-30,2108419.0773212044,2122896.4470909913,2103045.2702888036,2109057.165303303,455957
2022-12-01,2109057.165303303,2153229.6998961964,2109057.165303303,2152088.2180429525,545267
2022-12-02,2152088.2180429525,2161187.173117693,2127097.0692000855,2139093.95483975,528111
2022-12-05,2139093.95483975,2198998.155050629,2139093.95483975,2198357.744088706,317716
2022-12-06,2198357.744088706,2307638.7298474577,2198357.744088706,2297970.5396755314,601090
2022-12-07,2297970.5396755314,2329215.341065178,2286889.0011271723,2301689.2554259175,528226
2022-12-08,2301689.2554259175,2351719.0075593335,2301689.2554259175,2328331.2474134983,383115
2022-12-09,2328331.2474134983,2328331.2474134983,2237319.6468671826,2262320.397811056,590603
2022-12-12,2262320.397811056,2262320.397811056,2214417.7450767737,2231333.781427436,602545
2022-12-13,2231333.781427436,2336765.609189197,2231333.781427436,2330036.5614496414,529780
2022-12-14,2330036.5614496414,2330036.5614496414,2272804.294699378,2278447.449378267,420538
2022-12-15,2278447.449378267,2430790.0803879052,2278447.449378267,2412819.331450234,516973
2022-12-16,2412819.331450234,2469218.100253931,2412819.331450234,2467384.181469849,550936
2022-12-19,2467384.181469849,2546806.6157528027,2467384.181469849,2525922.8957448513,509224
2022-12-20,2525922.8957448513,2525922.8957448513,2433260.5461242655,2448312.9115251047,525851
2022-12-21,2448312.9115251047,2525479.9084310755,2448312.9115251047,2489822.678859333,427511
2022-12-22,2489822.678859333,2506447.051126713,2474283.5799626433,2480680.0653094705,525274
2022-12-23,2480680.0653094705,2536491.7420679377,2471268.010340147,2504310.1602690504,503572
2022-12-26,2504310.1602690504,2504310.1602690504,2447710.2967906203,2484681.745694913,442924
2022-12-27,2484681.745694913,2503820.202293496,2471336.7940019104,2481989.527597922,559499
2022-12-28,2481989.527597922,2500818.7472452777,2462362.3347104983,2496249.729723305,572483
2022-12-29,2496249.729723305,2572184.6516203037,2496249.729723305,2571058.970747123,525311
2022-12-30,2571058.970747123,2654893.6580819176,2571058.970747123,2634493.153093824,551446
2023-01-02,2634493.153093824,2634493.153093824,2515695.577691763,2527964.382171447,647189
2023-01-03,2527964.382171447,2527964.382171447,2405987.0989010893,2415010.1969135427,474655
2023-01-04,2415010.1969135427,2441866.739659076,2415010.1969135427,2433651.7944896827,474812
2023-01-05,2433651.7944896827,2433651.7944896827,2373871.5588253853,2377473.509569303,459247
2023-01-06,2377473.509569303,2377473.509569303,2324355.44377339,2357321.2327482165,568997
2023-01-09,2357321.2327482165,2357321.2327482165,2308698.7086931504,2318562.5500283143,609222
2023-01-10,2318562.5500283143,2318739.1062853504,2281346.149214739,2301774.273903513,372204
2023-01-11,2301774.273903513,2301774.273903513,2287251.295698037,2294032.391662866,490667
2023-01-12,2294032.391662866,2326881.4563830025,2294032.391662866,2307283.4742248673,565618
2023-01-13,2307283.4742248673,2427690.9319075802,2307283.4742248673,2395849.9511881373,442304
2023-01-16,2395849.9511881373,2420203.4270551885,2380471.212727298,2403314.5033350983,450730
2023-01-17,2403314.5033350983,2416555.1274633105,2372266.3066374706,2390026.05360478,372895
2023-01-18,2390026.05360478,2407452.231528151,2372295.5786946896,2383690.9497090653,341011
2023-01-19,2383690.9497090653,2383690.9497090653,2318289.3914290206,2349555.4873449486,476240
2023-01-20,2349555.4873449486,2391156.061759904,2340173.866891783,2365025.9804821834,532368
2023-01-23,2365025.9804821834,2434708.561069985,2365025.9804821834,2406497.8148411787,399977
2023-01-24,2406497.8148411787,2466143.26166132,2406497.8148411787,2437884.408232951,583022
2023-01-25,2437884.408232951,2469543.8615577836,2426793.854201278,2443684.7280784626,429282
2023-01-26,2443684.7280784626,2485485.6746551013,2442871.576164005,2466300.0047344826,390126
2023-01-27,2466300.0047344826,2466300.0047344826,2320528.0007293886,2341245.088888184,473870
2023-01-30,2341245.088888184,2341245.088888184,2310568.119211399,2324133.767733569,357922
2023-01-31,2324133.767733569,2324133.767733569,2260948.054947768,2290367.0260584736,545576
2023-02-01,2290367.0260584736,2319080.650460579,2283201.8673752025,2312955.8956274767,522945
2023-02-02,2312955.8956274767,2314318.6477409434,2263746.844856401,2287633.704823173,419865
2023-02-03,2287633.704823173,2287633.704823173,2204070.487262384,2217327.14167993,437570
2023-02-06,2217327.14167993,2327593.699141985,2217327.14167993,2301255.144937198,632345
2023-02-07,2301255.144937198,2366204.7201687624,2301255.144937198,2352825.864940767,509974
2023-02-08,2352825.864940767,2493836.9715306754,2352825.864940767,2485898.222586633,552784
2023-02-09,2485898.222586633,2485898.222586633,2440798.119174557,2470343.7861612425,537223
2023-02-10,2470343.7861612425,2562011.6336061372,2470343.7861612425,2557103.7599974917,437318
2023-02-13,2557103.7599974917,2602438.9016738907,2557103.7599974917,2598259.4534042883,550980
2023-02-14,2598259.4534042883,2737010.7860283977,2598259.4534042883,2725864.511255065,477867
2023-02-15,2725864.511255065,2792532.1731744064,2725864.511255065,2771265.764805631,462885
2023-02-16,2771265.764805631,2810862.73970653,2747147.8910299446,2787108.0137676266,515151
2023-02-17,2787108.0137676266,2809618.1112229535,2787108.0137676266,2790655.6076755202,519303
2023-02-20,2790655.6076755202,2790655.6076755202,2751213.0574872736,2753921.0976564316,379787
2023-02-21,2753921.0976564316,2843447.256760376,2753921.0976564316,2811966.0629086317,525589
2023-02-22,2811966.0629086317,2811966.0629086317,2622843.4419641346,2634412.393120402,492224
2023-02-23,2634412.393120402,2833785.8457247433,2634412.393120402,2798689.8973680437,464287
2023-02-24,2798689.8973680437,2806050.940937127,2742933.678288481,2766364.3306480167,372930
2023-02-27,2766364.3306480167,2967215.911349338,2766364.3306480167,2946032.2013675417,530086
2023-02-28,2946032.2013675417,2946032.2013675417,2830375.7180489856,2862152.3019769085,388742
2023-03-01,2862152.3019769085,2862152.3019769085,2794282.59932768,2827789.896694454,505504
2023-03-02,2827789.896694454,2899822.5109489653,2827789.896694454,2881765.253687581,470089
2023-03-03,2881765.253687581,2896328.8467812315,2857921.5515405852,2866900.388891468,639605
2023-03-06,2866900.388891468,2978409.4465031642,2866900.388891468,2954170.924768599,475037
2023-03-07,2954170.924768599,3075245.7994107646,2954170.924768599,3037270.6918053674,551152
2023-03-08,3037270.6918053674,3081105.50060808,3037270.6918053674,3057506.7587977448,457700
2023-03-09,3057506.7587977448,3095400.900742893,3044309.3774938183,3079484.536125277,444329
2023-03-10,3079484.536125277,3121577.4030644195,3079484.536125277,3119064.7409301223,502577
2023-03-13,3119064.7409301223,3206461.790100464,3119064.7409301223,3183502.9282655567,495485
2023-03-14,3183502.9282655567,3261124.039484603,3183502.9282655567,3238038.6741223373,466187
2023-03-15,3238038.6741223373,3271807.961047766,3238038.6741223373,3262226.571391001,570041
2023-03-16,3262226.571391001,3286365.707098446,3222867.682530362,3259140.8008793443,541055
2023-03-17,3259140.8008793443,3259140.8008793443,3113836.0625281073,3131392.23534334,410073
2023-03-20,3131392.23534334,3236520.877144862,3131392.23534334,3207305.9246145696,492728
2023-03-21,3207305.9246145696,3244045.0716713034,3189104.5815337882,3203237.9931755965,617000
2023-03-22,3203237.9931755965,3324479.084589166,3203237.9931755965,3297198.083408863,522208
2023-03-23,3297198.083408863,3297198.083408863,3142792.9767766446,3186781.8086543367,417873
2023-03-24,3186781.8086543367,3343711.391958859,3186781.8086543367,3332851.7465088847,460110
2023-03-27,3332851.7465088847,3363386.2051870455,3315124.593306071,3358066.0734533053,420077
2023-03-28,3358066.0734533053,3358066.0734533053,3268992.746232016,3301058.817417445,506417
2023-03-29,3301058.817417445,3480858.4984862413,3301058.817417445,3461371.206279016,385638
2023-03-30,3461371.206279016,3645760.948019606,3461371.206279016,3603387.4810653077,584958
2023-03-31,3603387.4810653077,3603387.4810653077,3559958.770775648,3592963.1474322905,500452
2023-04-03,3592963.1474322905,3592963.1474322905,3312551.9305843096,3358423.4555793186,413256
2023-04-04,3358423.4555793186,3358423.4555793186,3195779.6440895116,3199573.759108208,524565
2023-04-05,3199573.759108208,3199573.759108208,3128905.6150487848,3140218.197790179,442578
2023-04-06,3140218.197790179,3140218.197790179,3035458.8351589493,3070087.057366381,548089
2023-04-07,3070087.057366381,3070087.057366381,3021002.627116282,3033049.451346514,434100
2023-04-10,3033049.451346514,3092322.830633763,3008171.116937456,3053585.964575205,578770
2023-04-11,3053585.964575205,3075774.439192694,3035745.4478838923,3073697.4362730277,480312
2023-04-12,3073697.4362730277,3073697.4362730277,2976832.449151892,3016746.4230375015,339244
2023-04-13,3016746.4230375015,3016746.4230375015,2958573.2484358307,2976722.7196703767,462375
2023-04-14,2976722.7196703767,3109497.213445359,2976722.7196703767,3077268.227434753,399187
2023-04-17,3077268.227434753,3178273.0996300834,3077268.227434753,3135126.600881605,412144
2023-04-18,3135126.600881605,3135126.600881605,3073307.6814352553,3108972.165652003,390192
2023-04-19,3108972.165652003,3163459.198295455,3108972.165652003,3160544.823822305,573869
2023-04-20,3160544.823822305,3225105.2126654927,3160544.823822305,3210412.787933769,647941
2023-04-21,3210412.787933769,3210412.787933769,3109500.2263307357,3153721.593960989,599751
2023-04-24,3153721.593960989,3153721.593960989,3046266.945172332,3074958.5366117856,471540
2023-04-25,3074958.5366117856,3074958.5366117856,2997798.681161049,3025771.516796892,579192
2023-04-26,3025771.516796892,3062535.068477309,3025771.516796892,3040313.5909512118,443816
2023-04-27,3040313.5909512118,3054849.638634801,3027117.705557328,3038831.5505292066,500208
2023-04-28,3038831.5505292066,3132265.7985364567,3038831.5505292066,3128409.430913651,495605
2023-05-01,3128409.430913651,3128409.430913651,2885342.4612924405,2903145.0146183977,289594
2023-05-02,2903145.0146183977,2921533.9222771684,2876222.7948503867,2890708.730925147,533974
2023-05-03,2890708.730925147,2908489.91071857,2890708.730925147,2901642.7940416965,513028
2023-05-04,2901642.7940416965,3042810.0453135082,2901642.7940416965,3007609.403918007,612247
2023-05-05,3007609.403918007,3007609.403918007,2933333.715510508,2972904.667416279,522481
2023-05-08,2972904.667416279,3055026.277256059,2972904.667416279,3014506.363658952,595832
2023-05-09,3014506.363658952,3019841.3468015334,2985653.245261782,2998252.2417348963,594011
2023-05-10,2998252.2417348963,2998252.2417348963,2972469.7853974835,2979550.4530672967,725101
2023-05-11,2979550.4530672967,3060903.766213233,2979550.4530672967,3036582.9138437775,551598
2023-05-12,3036582.9138437775,3036582.9138437775,2978727.63612438,2986601.6695527383,428644
2023-05-15,2986601.6695527383,2986601.6695527383,2924425.6697788322,2947942.9721987,429480
2023-05-16,2947942.9721987,3038638.1746178805,2947942.9721987,3023767.6123823356,443682
2023-05-17,3023767.6123823356,3023767.6123823356,2972588.7865856495,3014395.7207938093,547500
2023-05-18,3014395.7207938093,3057804.1565750404,3014395.7207938093,3037575.215012079,555990
2023-05-19,3037575.215012079,3200599.586200194,3037575.215012079,3184306.2205909207,419061
2023-05-22,3184306.2205909207,3185743.0235525607,3127831.1974757845,3152032.411583023,576560
2023-05-23,3152032.411583023,3152032.411583023,3097132.2444137395,3106471.379772562,575097
2023-05-24,3106471.379772562,3106471.379772562,3030802.476860463,3037376.6338408706,652890
2023-05-25,3037376.6338408706,3037376.6338408706,2968831.039176581,2997158.5339022386,585010
2023-05-26,2997158.5339022386,2997158.5339022386,2850724.0855239863,2885111.4259504555,584995
2023-05-29,2885111.4259504555,2885111.4259504555,2770095.6041007233,2788692.4094808567,422056
2023-05-30,2788692.4094808567,2788692.4094808567,2663953.229979883,2671587.465661241,401222
2023-05-31,2671587.465661241,2671587.465661241,2571220.897689582,2581616.101249075,504302
2023-06-01,2581616.101249075,2647989.783082147,2581616.101249075,2609394.264403897,528003
2023-06-02,2609394.264403897,2609394.264403897,2519632.035574072,2535101.209182956,491594
2023-06-05,2535101.209182956,2629388.8019480323,2535101.209182956,2611806.404297457,555511
2023-06-06,2611806.404297457,2634730.0462650796,2601311.5329275294,2611411.8103438914,394132
2023-06-07,2611411.8103438914,2611411.8103438914,2490557.6970487973,2525415.132737056,476923
2023-06-08,2525415.132737056,2561211.701312927,2515787.6766679683,2541249.5467372797,490199
2023-06-09,2541249.5467372797,2605652.0534018134,2541249.5467372797,2567718.96394969,626936
2023-06-12,2567718.96394969,2653694.2853792203,2567718.96394969,2653118.0436023823,580325
2023-06-13,2653118.0436023823,2688271.5068181944,2647537.688545851,2678123.3209076696,471147
2023-06-14,2678123.3209076696,2678123.3209076696,2611894.7543511363,2636058.4781707386,354314
2023-06-15,2636058.4781707386,2661813.0270023188,2630670.272378549,2641154.866678991,569879
2023-06-16,2641154.866678991,2663062.1843030136,2611258.5594920916,2650450.700565364,537211
2023-06-19,2650450.700565364,2679998.688990479,2640923.0823826552,2668382.273001415,284136
2023-06-20,2668382.273001415,2668382.273001415,2602094.758462114,2617238.7900001085,422964
2023-06-21,2617238.7900001085,2722610.404074238,2617238.7900001085,2697967.933063635,544299
2023-06-22,2697967.933063635,2719616.651496012,2688617.7076846724,2718132.5992625803,580926
2023-06-23,2718132.5992625803,2763169.334631205,2718132.5992625803,2740276.565045964,553028
2023-06-26,2740276.565045964,2744845.260355313,2701048.0616396526,2726953.9495568024,395026
2023-06-27,2726953.9495568024,2895774.182599866,2726953.9495568024,2870586.178969836,573425
2023-06-28,2870586.178969836,2879566.53762354,2853270.184083411,2872315.6063252385,541814
2023-06-29,2872315.6063252385,2872315.6063252385,2829498.29350402,2865538.3175187735,403466
2023-06-30,2865538.3175187735,2948438.801688759,2865538.3175187735,2935459.734648243,622041
2023-07-03,2935459.734648243,2935459.734648243,2819182.7942173183,2855664.3075589933,605893
2023-07-04,2855664.3075589933,2885647.943498599,2841184.14248449,2852322.9699219884,599681
2023-07-05,2852322.9699219884,2894255.803270066,2844967.947164068,2870174.4615725097,423369
2023-07-06,2870174.4615725097,2870174.4615725097,2816424.410683338,2852130.792251605,637235
2023-07-07,2852130.792251605,2901952.3982193614,2844031.2669147295,2861708.017038842,564950
2023-07-10,2861708.017038842,2861708.017038842,2746930.341142131,2780698.8963298528,470897
2023-07-11,2780698.8963298528,2780698.8963298528,2639079.920841944,2664342.696698208,427798
2023-07-12,2664342.696698208,2664342.696698208,2550478.37979955,2561697.6987856682,446580
2023-07-13,2561697.6987856682,2642800.852367129,2561697.6987856682,2613629.2647796515,595892
2023-07-14,2613629.2647796515,2651658.27657966,2596832.2485656203,2628312.5405810145,477830
2023-07-17,2628312.5405810145,2628312.5405810145,2594292.2581713754,2595328.964867325,603585
2023-07-18,2595328.964867325,2595328.964867325,2512711.4601905504,2520885.520824239,335234
2023-07-19,2520885.520824239,2520885.520824239,2420968.7429820052,2425556.477140927,665827
2023-07-20,2425556.477140927,2458784.234175622,2415243.784607815,2423369.872070264,556675
2023-07-21,2423369.872070264,2423369.872070264,2373504.184100001,2381635.7294177506,389521
2023-07-24,2381635.7294177506,2381635.7294177506,2354751.2612178917,2373966.264535926,583157
2023-07-25,2373966.264535926,2392973.6176106497,2368299.354132111,2386463.9269164824,420408
2023-07-26,2386463.9269164824,2414479.327032305,2386463.9269164824,2403149.296363798,482156
2023-07-27,2403149.296363798,2403149.296363798,2309690.8020291086,2340863.6805809634,348984
2023-07-28,2340863.6805809634,2341917.7966374145,2326693.115944047,2340778.9657058166,585527
2023-07-31,2340778.9657058166,2340778.9657058166,2301866.1126082013,2313582.4212517594,596247
2023-08-01,2313582.4212517594,2313582.4212517594,2265618.095457671,2283811.938761646,439534
2023-08-02,2283811.938761646,2413175.417107804,2283811.938761646,2385082.232226547,473589
2023-08-03,2385082.232226547,2456144.443891674,2385082.232226547,2426925.007799502,474966
2023-08-04,2426925.007799502,2609937.14040548,2426925.007799502,2576689.3130815513,510863
2023-08-07,2576689.3130815513,2705102.431544381,2576689.3130815513,2671625.908415348,517602
2023-08-08,2671625.908415348,2677664.788693291,2652561.678619278,2660101.722680071,566830
2023-08-09,2660101.722680071,2753629.77896796,2660101.722680071,2728690.1270281617,527608
2023-08-10,2728690.1270281617,2834933.4159724773,2728690.1270281617,2831846.619866364,602901
2023-08-11,2831846.619866364,2831846.619866364,2713721.5646196213,2742954.551418594,385290
2023-08-14,2742954.551418594,2825583.1469341693,2742954.551418594,2811796.40267845,425531
2023-08-15,2811796.40267845,2877655.014592554,2811796.40267845,2872673.2741510174,408995
2023-08-16,2872673.2741510174,2873433.382835894,2859374.0164875477,2870868.8954127035,441286
2023-08-17,2870868.8954127035,2870868.8954127035,2841092.8540487993,2869498.0459408876,628248
2023-08-18,2869498.0459408876,2921456.3050532094,2869498.0459408876,2912035.355078099,635256
2023-08-21,2912035.355078099,3045248.604209361,2912035.355078099,3026588.966716305,533436
2023-08-22,3026588.966716305,3036426.0944827166,2991397.123699357,2999612.5259327935,576857
2023-08-23,2999612.5259327935,3088275.827665251,2999612.5259327935,3054389.022967724,436864
2023-08-24,3054389.022967724,3137850.0270868298,3054389.022967724,3115335.199157353,674266
2023-08-25,3115335.199157353,3178744.0650849845,3115335.199157353,3159813.7165577523,419574
2023-08-28,3159813.7165577523,3295721.9150615176,3159813.7165577523,3285179.0747263283,401049
2023-08-29,3285179.0747263283,3285179.0747263283,2922971.135637225,2942620.8299656934,256285
2023-08-30,2942620.8299656934,2942620.8299656934,2784660.527390477,2816044.1855599186,465871
2023-08-31,2816044.1855599186,2854800.494370229,2804553.0927195135,2845872.970178672,477572
2023-09-01,2845872.970178672,2883624.8317593215,2845289.6134096775,2879887.750503219,420416
2023-09-04,2879887.750503219,2917821.2605295777,2852491.58427984,2892158.1575318277,640574
2023-09-05,2892158.1575318277,2892158.1575318277,2725133.6692274795,2745970.393342755,527508
2023-09-06,2745970.393342755,2776613.7989527015,2745970.393342755,2750395.526664086,648224
2023-09-07,2750395.526664086,2750395.526664086,2568706.7299362444,2578046.4571136073,427363
2023-09-08,2578046.4571136073,2578046.4571136073,2462188.4250310473,2491471.276677131,496937
2023-09-11,2491471.276677131,2491471.276677131,2413851.059358091,2418848.9486276982,411545
2023-09-12,2418848.9486276982,2454802.4305852554,2418848.9486276982,2446020.498946905,477797
2023-09-13,2446020.498946905,2446020.498946905,2379087.8899378143,2404867.810032518,505253
2023-09-14,2404867.810032518,2458848.4841789785,2404867.810032518,2448823.352661668,448196
2023-09-15,2448823.352661668,2448823.352661668,2408645.000316127,2429825.3817564603,457267
2023-09-18,2429825.3817564603,2486188.1995749874,2429825.3817564603,2458241.138444082,504405
2023-09-19,2458241.138444082,2527785.6170273414,2458241.138444082,2500095.896613877,519931
2023-09-20,2500095.896613877,2500095.896613877,2392262.7622719696,2404923.013764546,432567
2023-09-21,2404923.013764546,2504761.596248331,2404923.013764546,2483435.1721341494,542649
2023-09-22,2483435.1721341494,2646727.3533239006,2483435.1721341494,2641987.1172164944,352528
2023-09-25,2641987.1172164944,2641987.1172164944,2593512.0634581144,2627384.2326472932,406645
2023-09-26,2627384.2326472932,2638511.7462576893,2600922.6691437615,2625490.6476832204,497122
2023-09-27,2625490.6476832204,2625490.6476832204,2556118.250128791,2571680.099876291,454924
2023-09-28,2571680.099876291,2581439.4747704957,2526934.955766317,2549767.523901249,486643
2023-09-29,2549767.523901249,2593057.6656666137,2530987.7805931745,2563538.916337493,369956
2023-10-02,2563538.916337493,2598543.7056634906,2543426.581533306,2564315.9297270915,459040
2023-10-03,2564315.9297270915,2564315.9297270915,2518445.9394332,2534981.965722498,491985
2023-10-04,2534981.965722498,2534981.965722498,2411789.300805709,2424837.1131530744,433606
2023-10-05,2424837.1131530744,2428593.5924195694,2392747.0257020737,2424724.155438405,581120
2023-10-06,2424724.155438405,2424724.155438405,2350266.107502346,2355946.8288439414,418553
2023-10-09,2355946.8288439414,2355946.8288439414,2294402.299180955,2322237.219922229,463828
2023-10-10,2322237.219922229,2322237.219922229,2257951.0069702473,2279993.860650755,630770
2023-10-11,2279993.860650755,2313411.922355449,2276693.5956606464,2287026.6320452723,559326
2023-10-12,2287026.6320452723,2394619.8308227574,2287026.6320452723,2369363.8635390196,515555
2023-10-13,2369363.8635390196,2380099.1209205235,2330209.6519684223,2352012.5244063362,617978
2023-10-16,2352012.5244063362,2375993.1445768853,2333243.1139392233,2368430.966207928,440385
2023-10-17,2368430.966207928,2402866.401221189,2368430.966207928,2401650.5715357433,406369
2023-10-18,2401650.5715357433,2446577.9284187923,2401650.5715357433,2445254.1000175243,447213
2023-10-19,2445254.1000175243,2579332.884921939,2445254.1000175243,2551698.144231527,669243
2023-10-20,2551698.144231527,2551698.144231527,2467418.9186696466,2492643.454989472,548940
2023-10-23,2492643.454989472,2492643.454989472,2386036.6929450184,2412867.1030428866,490105
2023-10-24,2412867.1030428866,2455230.487920699,2412867.1030428866,2442668.9439983685,500078
2023-10-25,2442668.9439983685,2467648.4940985716,2442668.9439983685,2460365.3761855336,573968
2023-10-26,2460365.3761855336,2460365.3761855336,2407835.7947508935,2415373.519063186,485495
2023-10-27,2415373.519063186,2415373.519063186,2345934.792336106,2372046.374936602,552735
2023-10-30,2372046.374936602,2391401.035969783,2372046.374936602,2389390.106395724,486931
2023-10-31,2389390.106395724,2389390.106395724,2294119.0045290366,2312373.32276555,532669
2023-11-01,2312373.32276555,2312373.32276555,2265930.4814022672,2286229.3650707044,395900
2023-11-02,2286229.3650707044,2315660.3902328555,2263566.7454650183,2296494.0660213414,460128
2023-11-03,2296494.0660213414,2333855.7119321413,2272889.166045779,2305969.7610468105,504231
2023-11-06,2305969.7610468105,2305969.7610468105,2243539.0717398375,2272472.9945507697,672431
2023-11-07,2272472.9945507697,2349673.2980104755,2272472.9945507697,2322889.2379803346,482001
2023-11-08,2322889.2379803346,2322889.2379803346,2273274.297655566,2300996.996353916,459355
2023-11-09,2300996.996353916,2377568.9720193343,2300996.996353916,2342701.1687759785,498078
2023-11-10,2342701.1687759785,2362590.4600126287,2334554.2462515365,2338521.759028203,537170
2023-11-13,2338521.759028203,2341647.4795217575,2329979.1037273733,2338172.2228911635,512831
2023-11-14,2338172.2228911635,2439477.340115309,2338172.2228911635,2436291.292822686,475679
2023-11-15,2436291.292822686,2436291.292822686,2339053.599563064,2362347.3325482057,550754
2023-11-16,2362347.3325482057,2567963.7054150533,2362347.3325482057,2553134.4870254574,345127
2023-11-17,2553134.4870254574,2603203.2786305947,2553134.4870254574,2568522.5149704847,654040
2023-11-20,2568522.5149704847,2568522.5149704847,2495729.6448290735,2521778.622517314,473635
2023-11-21,2521778.622517314,2521778.622517314,2357965.023764451,2373735.013283984,409632
2023-11-22,2373735.013283984,2373735.013283984,2285645.2411705186,2304867.128123157,480559
2023-11-23,2304867.128123157,2415550.9824986635,2304867.128123157,2404503.734047329,524586
2023-11-24,2404503.734047329,2404503.734047329,2282369.220606703,2287778.7181228437,523734
2023-11-27,2287778.7181228437,2349765.5299457526,2287778.7181228437,2322642.817851312,566254
2023-11-28,2322642.817851312,2374065.971541457,2322642.817851312,2352252.203488498,517322
2023-11-29,2352252.203488498,2352252.203488498,2293550.7638530154,2299545.9243888464,466855
2023-11-30,2299545.9243888464,2299545.9243888464,2232555.324947868,2246744.5919934656,503198
2023-12-01,2246744.5919934656,2246744.5919934656,2200794.3138553337,2207988.830617441,514549
2023-12-04,2207988.830617441,2289417.587246683,2207988.830617441,2260842.115989037,377348
2023-12-05,2260842.115989037,2260842.115989037,2180031.8856113246,2198197.9670503945,718183
2023-12-06,2198197.9670503945,2222888.250440709,2171965.0994157894,2196694.9876933885,460875
2023-12-07,2196694.9876933885,2208000.690386483,2156209.580001212,2178772.4570020726,574012
2023-12-08,2178772.4570020726,2178772.4570020726,2106196.8333689426,2106842.644285001,599650
2023-12-11,2106842.644285001,2106842.644285001,2064034.2451835705,2088748.1983291006,294780
2023-12-12,2088748.1983291006,2273493.361201183,2088748.1983291006,2265783.0969851897,497126
2023-12-13,2265783.0969851897,2265783.0969851897,2201428.549949304,2217652.779967416,272073
2023-12-14,2217652.779967416,2284818.1341939005,2217652.779967416,2258387.556564509,541620
2023-12-15,2258387.556564509,2258387.556564509,2229344.5281353127,2232196.3736000946,581421
2023-12-18,2232196.3736000946,2272735.6508423956,2232196.3736000946,2261327.485027628,492941
2023-12-19,2261327.485027628,2281968.827052298,2261327.485027628,2272816.139930946,497232
2023-12-20,2272816.139930946,2272816.139930946,2240731.825463594,2248484.3465289758,594221
2023-12-21,2248484.3465289758,2275365.0029160967,2248484.3465289758,2257484.984143544,425994
2023-12-22,2257484.984143544,2318632.1449682363,2257484.984143544,2316280.588027139,538141
2023-12-25,2316280.588027139,2316280.588027139,2258520.4936441523,2286342.359598285,456196
2023-12-26,2286342.359598285,2339177.519953505,2286342.359598285,2327967.5416392074,565475
2023-12-27,2327967.5416392074,2455872.4246169934,2327967.5416392074,2452279.5172227654,411640
2023-12-28,2452279.5172227654,2452279.5172227654,2300326.503234056,2335111.590469421,325839
2023-12-29,2335111.590469421,2405636.725236711,2335111.590469421,2393153.0889997776,448612
2024-01-01,2393153.0889997776,2393153.0889997776,2277993.0386089077,2303418.1634226874,521557
2024-01-02,2303418.1634226874,2303418.1634226874,2193156.039703636,2196831.3952589594,502697
2024-01-03,2196831.3952589594,2273948.3440181846,2196831.3952589594,2245210.616063361,509046
2024-01-04,2245210.616063361,2298865.144396388,2245210.616063361,2287766.9345581047,424321
2024-01-05,2287766.9345581047,2287766.9345581047,2217749.338767734,2245468.235116057,569514
2024-01-08,2245468.235116057,2279847.097421723,2245468.235116057,2262917.2440974386,560003
2024-01-09,2262917.2440974386,2315038.5197644443,2262917.2440974386,2307411.607570203,543325
2024-01-10,2307411.607570203,2307411.607570203,2253294.679095587,2283638.4793707575,525673
2024-01-11,2283638.4793707575,2409497.6628140993,2283638.4793707575,2395620.5295273457,539070
2024-01-12,2395620.5295273457,2403403.2357608704,2354840.650563608,2375530.0828269427,615370
2024-01-15,2375530.0828269427,2375530.0828269427,2279854.849188402,2309725.246456938,335197
2024-01-16,2309725.246456938,2309725.246456938,2251127.9564641677,2274972.41526711,460815
2024-01-17,2274972.41526711,2278544.135401967,2231284.325566788,2254313.645532706,691203
2024-01-18,2254313.645532706,2265250.9679172826,2227675.920104196,2251225.251107448,431480
2024-01-19,2251225.251107448,2282480.626955747,2251225.251107448,2262922.4860176765,608234
2024-01-22,2262922.4860176765,2262922.4860176765,2143365.5413809777,2145037.536396743,535731
2024-01-23,2145037.536396743,2145037.536396743,2082222.106249384,2095065.9631832116,543458
2024-01-24,2095065.9631832116,2095065.9631832116,2049936.1235457473,2063925.457411042,449250
2024-01-25,2063925.457411042,2151973.5575996926,2063925.457411042,2124845.1965546138,590438
2024-01-26,2124845.1965546138,2192589.590998376,2124845.1965546138,2184864.3608079106,583820
2024-01-29,2184864.3608079106,2184864.3608079106,2099337.0022353837,2123117.8778326623,538561
2024-01-30,2123117.8778326623,2145234.1284995917,2111664.534972339,2140014.8861832437,317453
2024-01-31,2140014.8861832437,2264915.3291955753,2140014.8861832437,2244783.2768097944,498063
2024-02-01,2244783.2768097944,2272479.4348441637,2244783.2768097944,2261146.214487277,469080
2024-02-02,2261146.214487277,2284771.6172979223,2248900.3876824854,2275423.9222696233,584766
2024-02-05,2275423.9222696233,2279206.342771651,2256904.618523369,2273186.7547422983,481112
2024-02-06,2273186.7547422983,2273186.7547422983,2247685.9745078906,2249435.809309733,502379
2024-02-07,2249435.809309733,2304652.999697046,2249435.809309733,2273446.8138255966,537893
2024-02-08,2273446.8138255966,2273446.8138255966,2218569.3821710255,2231584.102064995,509188
2024-02-09,2231584.102064995,2231584.102064995,2187709.101616716,2201842.5464447355,496969
2024-02-12,2201842.5464447355,2201842.5464447355,2155861.408463347,2159142.653155384,535535
2024-02-13,2159142.653155384,2185301.2503595487,2158137.1153466795,2182880.7097266666,529461
2024-02-14,2182880.7097266666,2182880.7097266666,2148994.96519316,2152033.677945584,514305
2024-02-15,2152033.677945584,2152033.677945584,2088897.368608952,2095577.7100334866,568222
2024-02-16,2095577.7100334866,2095577.7100334866,2008556.5306919545,2035020.6586773382,527418
2024-02-19,2035020.6586773382,2110511.834286853,2035020.6586773382,2091577.0589046108,467749
2024-02-20,2091577.0589046108,2107389.9182349467,2068800.7766418795,2089295.71213888,469207
2024-02-21,2089295.71213888,2119411.3560807332,2089295.71213888,2113406.919926392,631035
2024-02-22,2113406.919926392,2193257.004015856,2113406.919926392,2192039.713687722,469421
2024-02-23,2192039.713687722,2283713.9046165734,2192039.713687722,2259472.028289848,525947
2024-02-26,2259472.028289848,2312193.3064462882,2254917.4759730212,2287237.1755663212,513269
2024-02-27,2287237.1755663212,2381702.53629762,2287237.1755663212,2356376.943019008,548574
2024-02-28,2356376.943019008,2370092.0811007516,2352849.97024435,2353267.604024136,479658
2024-02-29,2353267.604024136,2481531.0977553325,2353267.604024136,2449742.0128333247,428312
2024-03-01,2449742.0128333247,2491822.914637395,2449742.0128333247,2465149.7121490943,631750
2024-03-04,2465149.7121490943,2615550.555583826,2465149.7121490943,2598079.907492262,469556
2024-03-05,2598079.907492262,2598079.907492262,2472560.755905733,2487894.613370207,518826
2024-03-06,2487894.613370207,2487894.613370207,2424525.992902515,2452761.4859719463,486593
2024-03-07,2452761.4859719463,2467915.9689619495,2422843.52539478,2433061.090826271,297449
2024-03-08,2433061.090826271,2439204.582862874,2400288.286291013,2432774.6724332585,597709
2024-03-11,2432774.6724332585,2519236.579755465,2432774.6724332585,2487645.244730269,542616
2024-03-12,2487645.244730269,2487645.244730269,2411300.443772601,2418556.2663977346,412446
2024-03-13,2418556.2663977346,2418556.2663977346,2232072.5578208626,2265358.375262755,514577
2024-03-14,2265358.375262755,2265358.375262755,2201062.139558328,2230121.487279488,485338
2024-03-15,2230121.487279488,2230121.487279488,2147873.6166027808,2179206.1291408967,462290
2024-03-18,2179206.1291408967,2179206.1291408967,2150252.1919915904,2168303.2793508996,392161
2024-03-19,2168303.2793508996,2168303.2793508996,2092819.3328272263,2116430.385531982,515215
2024-03-20,2116430.385531982,2116430.385531982,2074405.7122391742,2082910.2137821354,395575
2024-03-21,2082910.2137821354,2082910.2137821354,2011521.7081645972,2027813.5946790527,397646
2024-03-22,2027813.5946790527,2143437.428011445,2027813.5946790527,2138406.760327308,402858
2024-03-25,2138406.760327308,2171991.660486798,2138406.760327308,2144177.315890646,332512
2024-03-26,2144177.315890646,2144177.315890646,2042980.3768484842,2065516.7616024176,687365
2024-03-27,2065516.7616024176,2074187.4008417227,2045891.4993420555,2058557.305164968,577271
2024-03-28,2058557.305164968,2068786.1414079475,2038895.778705581,2041447.3579981453,510781
2024-03-29,2041447.3579981453,2041447.3579981453,1989319.948861201,2008489.0446125166,575103
2024-04-01,2008489.0446125166,2008489.0446125166,1920070.3256729022,1944148.1650560242,610250
2024-04-02,1944148.1650560242,2039301.3062898281,1944148.1650560242,2023292.0124516825,508669
2024-04-03,2023292.0124516825,2139091.0814720653,2023292.0124516825,2114969.881072269,448641
2024-04-04,2114969.881072269,2114969.881072269,2040328.3259748064,2052226.4627854312,492680
2024-04-05,2052226.4627854312,2096617.7426654361,2052226.4627854312,2094166.1802058255,578081
2024-04-08,2094166.1802058255,2196731.5170651856,2094166.1802058255,2191357.569034103,608414
2024-04-09,2191357.569034103,2191357.569034103,2135093.4683350194,2160804.4011668083,479843
2024-04-10,2160804.4011668083,2160804.4011668083,2112959.810036749,2143033.1508119036,613047
2024-04-11,2143033.1508119036,2143033.1508119036,2016958.4855434713,2020208.6252611594,467051
2024-04-12,2020208.6252611594,2030653.7634137168,2003636.193452725,2009952.5160159331,623483
2024-04-15,2009952.5160159331,2009952.5160159331,1996778.4619268498,2001905.4379808744,522758
2024-04-16,2001905.4379808744,2101851.5721232444,2001905.4379808744,2088746.9006571353,355447
2024-04-17,2088746.9006571353,2088746.9006571353,2013833.656958642,2041766.821132018,356081
2024-04-18,2041766.821132018,2101851.697400782,2041766.821132018,2081238.9341497496,529441
2024-04-19,2081238.9341497496,2081238.9341497496,1999091.8058314687,2026662.7335123695,445330
2024-04-22,2026662.7335123695,2026662.7335123695,1997403.1232624375,2004964.2323488377,503108
2024-04-23,2004964.2323488377,2066854.5154473996,2004964.2323488377,2037955.1833873969,335183
2024-04-24,2037955.1833873969,2037955.1833873969,1959361.9266869512,1987990.9547104726,468909
2024-04-25,1987990.9547104726,2014800.119573094,1976531.0364029123,1988708.6817640422,501953
2024-04-26,1988708.6817640422,1988708.6817640422,1947812.455319697,1953456.845072556,443695
2024-04-29,1953456.845072556,1953456.845072556,1858347.462701085,1877853.0877997587,563376
2024-04-30,1877853.0877997587,1916424.4357199848,1877853.0877997587,1900442.9110267186,467683
2024-05-01,1900442.9110267186,1900442.9110267186,1799756.4661880904,1826326.2904666006,538850
2024-05-02,1826326.2904666006,1826326.2904666006,1787139.8801185545,1797992.7460308867,521161
2024-05-03,1797992.7460308867,1797992.7460308867,1757121.2418223927,1768800.653501779,567442
2024-05-06,1768800.653501779,1818414.4761587628,1768800.653501779,1797804.8192804358,385848
2024-05-07,1797804.8192804358,1810503.0463970164,1767287.4332788037,1790713.0219109291,487004
2024-05-08,1790713.0219109291,1818909.7278091724,1786164.0326960029,1812478.994301917,503749
2024-05-09,1812478.994301917,1888063.428988363,1812478.994301917,1880178.854955229,546989
2024-05-10,1880178.854955229,1953345.421770625,1880178.854955229,1925173.483047698,522817
2024-05-13,1925173.483047698,2023271.829428189,1925173.483047698,2006048.5708469842,633939
2024-05-14,2006048.5708469842,2006048.5708469842,1908704.462594982,1912694.182847946,511023
2024-05-15,1912694.182847946,1912694.182847946,1866311.6578466797,1877209.1709219674,484774
2024-05-16,1877209.1709219674,2011450.8366694606,1877209.1709219674,2003343.830040497,490024
2024-05-17,2003343.830040497,2006884.9393831547,1954516.0968379432,1978283.918182695,424835
2024-05-20,1978283.918182695,1982031.7075455524,1949189.3194622872,1966904.1732972441,644187
2024-05-21,1966904.1732972441,1966904.1732972441,1864603.0843173603,1891507.9978504623,325012
2024-05-22,1891507.9978504623,1945696.127283352,1891507.9978504623,1918236.1832206394,499888
2024-05-23,1918236.1832206394,1918236.1832206394,1840645.5002935727,1863752.814425343,377485
2024-05-24,1863752.814425343,1865044.3133092953,1824369.7369727397,1850702.3757703018,520047
2024-05-27,1850702.3757703018,1850702.3757703018,1754488.2907357886,1780374.5435760717,501991
2024-05-28,1780374.5435760717,1842686.0950819887,1780374.5435760717,1824781.2508850745,384754
2024-05-29,1824781.2508850745,1858361.5142025368,1822495.1220154865,1846887.8508486927,510523
2024-05-30,1846887.8508486927,1846887.8508486927,1768365.771157409,1774291.4666399728,533659
2024-05-31,1774291.4666399728,1774291.4666399728,1702823.6132352685,1718796.0766440537,548260
2024-06-03,1718796.0766440537,1727968.825242867,1697233.1044888909,1721032.9552998182,528079
2024-06-04,1721032.9552998182,1780922.926427412,1721032.9552998182,1777495.0134970262,620578
2024-06-05,1777495.0134970262,1875335.8499786097,1777495.0134970262,1871774.5375216438,532366
2024-06-06,1871774.5375216438,1871774.5375216438,1833720.6782355977,1854943.9428395953,692324
2024-06-07,1854943.9428395953,1933532.9953929705,1854943.9428395953,1912479.8500728495,557675
2024-06-10,1912479.8500728495,2020139.4255847908,1912479.8500728495,2006362.7501780412,486502
2024-06-11,2006362.7501780412,2069063.5115343544,2006362.7501780412,2062991.4911385258,458469
2024-06-12,2062991.4911385258,2078503.432658898,2043715.9347948458,2063874.5965152164,508950
2024-06-13,2063874.5965152164,2067247.3714231092,2057985.3404802477,2059455.0530662602,368520
2024-06-14,2059455.0530662602,2095054.7935512953,2059455.0530662602,2081460.5694157016,700710
2024-06-17,2081460.5694157016,2108827.6333074924,2064976.5970085508,2094311.419309581,478180
2024-06-18,2094311.419309581,2094311.419309581,2041965.976622906,2070035.5326889062,533045
2024-06-19,2070035.5326889062,2070035.5326889062,2016649.66076251,2026517.5998858134,536678
2024-06-20,2026517.5998858134,2112689.794745219,2026517.5998858134,2112639.720923568,472114
2024-06-21,2112639.720923568,2112639.720923568,2004320.260246064,2026953.6634752636,446724
2024-06-24,2026953.6634752636,2051590.9721220601,2026953.6634752636,2040983.1264719118,419735
2024-06-25,2040983.1264719118,2040983.1264719118,2000439.1065336545,2006824.590043568,585394
2024-06-26,2006824.590043568,2006824.590043568,1951667.1176115666,1958374.2166075925,350491
2024-06-27,1958374.2166075925,1958374.2166075925,1937748.2615664836,1940615.4667889127,540889
2024-06-28,1940615.4667889127,1957218.9601280817,1919930.5080946013,1929058.1491861562,400308
2024-07-01,1929058.1491861562,1936009.4537270481,1902891.346142244,1923019.1731305642,367461
2024-07-02,1923019.1731305642,1978679.1052362435,1923019.1731305642,1960150.4322109015,498798
2024-07-03,1960150.4322109015,1960150.4322109015,1873706.0388839808,1879763.7784149973,538534
2024-07-04,1879763.7784149973,1938660.0678490684,1879763.7784149973,1911499.7324097361,531083
2024-07-05,1911499.7324097361,1930359.5052460982,1907519.5979167614,1912181.591455254,389474
2024-07-08,1912181.591455254,1961311.4536361096,1912181.591455254,1950732.4715144972,554199
2024-07-09,1950732.4715144972,1999648.4553927293,1950732.4715144972,1989110.6443204414,566063
2024-07-10,1989110.6443204414,1989110.6443204414,1931102.77865311,1933332.1633102112,294385
2024-07-11,1933332.1633102112,1933332.1633102112,1858117.935976333,1864735.594909345,616291
2024-07-12,1864735.594909345,1902235.328531401,1864735.594909345,1897267.6681853246,652385
2024-07-15,1897267.6681853246,1920429.4623313474,1872088.484916539,1895066.8093322904,456403
2024-07-16,1895066.8093322904,1895066.8093322904,1861557.9101994515,1873595.7601396008,372937
2024-07-17,1873595.7601396008,1945849.8809018857,1873595.7601396008,1928356.6075830248,588183
2024-07-18,1928356.6075830248,1928356.6075830248,1843222.0356597076,1851881.7214174964,445005
2024-07-19,1851881.7214174964,1851881.7214174964,1822068.899705599,1827915.613838224,484831
2024-07-22,1827915.613838224,1827915.613838224,1786376.9934115438,1799528.9193436494,401062
2024-07-23,1799528.9193436494,1799528.9193436494,1651147.6774743053,1668957.0519210957,411961
2024-07-24,1668957.0519210957,1683859.8355699973,1665372.7953870697,1672214.4701300212,477122
2024-07-25,1672214.4701300212,1672214.4701300212,1592729.3251860826,1604389.534522532,540995
2024-07-26,1604389.534522532,1604389.534522532,1567644.8054909839,1581584.0060812512,497738
2024-07-29,1581584.0060812512,1614369.7397368597,1581584.0060812512,1603578.0725677905,550125
2024-07-30,1603578.0725677905,1646719.8919711763,1603578.0725677905,1636654.003202925,734263
2024-07-31,1636654.003202925,1636654.003202925,1546173.6766779907,1565453.670786824,600224
2024-08-01,1565453.670786824,1625309.1939414537,1565453.670786824,1617835.9274959275,514351
2024-08-02,1617835.9274959275,1627329.2195492268,1613296.3742420294,1624768.104820541,506699
2024-08-05,1624768.104820541,1633300.7030783505,1618958.9563329907,1620691.8708220168,514019
2024-08-06,1620691.8708220168,1636565.7650988821,1595138.917530806,1614664.4509424642,640162
2024-08-07,1614664.4509424642,1614664.4509424642,1560683.3530515584,1571780.8016470864,533932
2024-08-08,1571780.8016470864,1571780.8016470864,1548480.7500970832,1558234.7249534077,550400
2024-08-09,1558234.7249534077,1558234.7249534077,1489933.2849163152,1511595.1905895777,523872
2024-08-12,1511595.1905895777,1548473.300354205,1511595.1905895777,1528107.5695999723,508466
2024-08-13,1528107.5695999723,1576020.9409612678,1528107.5695999723,1563725.5033956976,471947
2024-08-14,1563725.5033956976,1582003.641175776,1563725.5033956976,1573814.99466602,519511
2024-08-15,1573814.99466602,1597951.7174112059,1573814.99466602,1595197.7838679994,562228
2024-08-16,1595197.7838679994,1623035.8406769382,1581546.750842759,1605381.6844932179,512768
2024-08-19,1605381.6844932179,1643464.6586459717,1605381.6844932179,1631072.3950240246,452080
2024-08-20,1631072.3950240246,1639803.1667372854,1604804.2601674797,1623150.7439226229,488512
2024-08-21,1623150.7439226229,1657171.8548879377,1623150.7439226229,1643638.7548445815,415558
2024-08-22,1643638.7548445815,1643638.7548445815,1623833.7613133395,1625623.38579383,469507
2024-08-23,1625623.38579383,1674677.9455492394,1625623.38579383,1650729.1380135566,376103
2024-08-26,1650729.1380135566,1650729.1380135566,1563216.0399543033,1582330.1385172138,417651
2024-08-27,1582330.1385172138,1745979.1593058628,1582330.1385172138,1745305.0066953888,473770
2024-08-28,1745305.0066953888,1796849.690216536,1745305.0066953888,1790490.5352525017,446938
2024-08-29,1790490.5352525017,1790490.5352525017,1755451.5799633388,1764829.3411795415,358252
2024-08-30,1764829.3411795415,1821794.5138713103,1764829.3411795415,1795293.7972352451,468859
2024-09-02,1795293.7972352451,1795293.7972352451,1733052.0775217977,1754994.0137209983,699512
2024-09-03,1754994.0137209983,1918726.2820075084,1754994.0137209983,1904828.6086319864,536974
2024-09-04,1904828.6086319864,2032255.0094590734,1904828.6086319864,2006574.4460878896,411386
2024-09-05,2006574.4460878896,2068568.4196040304,2006574.4460878896,2043151.9999906342,655922
2024-09-06,2043151.9999906342,2047958.9050683533,2018417.1210709093,2044223.315152101,516259
2024-09-09,2044223.315152101,2044223.315152101,1821362.9279071062,1845532.7617486143,492406
2024-09-10,1845532.7617486143,1845532.7617486143,1751879.5540764509,1763385.2951718771,546203
2024-09-11,1763385.2951718771,1872477.751058483,1763385.2951718771,1850290.1226718493,503494
2024-09-12,1850290.1226718493,1850290.1226718493,1772338.1903619117,1779864.9077581319,438719
2024-09-13,1779864.9077581319,1828861.0026731226,1779864.9077581319,1817253.591673297,393138
2024-09-16,1817253.591673297,1817253.591673297,1757426.7338609344,1772671.0523871065,496738
2024-09-17,1772671.0523871065,1815548.1037022024,1772671.0523871065,1810054.1871151119,488151
2024-09-18,1810054.1871151119,1864039.5102764468,1810054.1871151119,1846486.8788967119,548176
2024-09-19,1846486.8788967119,1846486.8788967119,1815320.1825445779,1832089.9959441626,323786
2024-09-20,1832089.9959441626,1832089.9959441626,1726996.7185533945,1747700.0652889723,500278
2024-09-23,1747700.0652889723,1747700.0652889723,1679899.776721137,1705114.7064858156,690206
2024-09-24,1705114.7064858156,1705114.7064858156,1591428.6204316148,1614744.1130924516,562988
2024-09-25,1614744.1130924516,1616236.7007799714,1607117.2379023973,1615570.9220166893,611350
2024-09-26,1615570.9220166893,1717989.5904284858,1615570.9220166893,1707499.0412190733,416045
2024-09-27,1707499.0412190733,1707499.0412190733,1623490.361613189,1624898.319337267,446306
2024-09-30,1624898.319337267,1624898.319337267,1518954.6746482833,1521325.490618271,505000
2024-10-01,1521325.490618271,1521325.490618271,1477659.365996074,1486102.2480583033,475208
2024-10-02,1486102.2480583033,1579224.8628572114,1486102.2480583033,1561279.8749036633,297880
2024-10-03,1561279.8749036633,1561279.8749036633,1496916.6839621284,1498033.9915317083,523161
2024-10-04,1498033.9915317083,1609965.1737150152,1498033.9915317083,1596884.9362254145,537819
2024-10-07,1596884.9362254145,1596884.9362254145,1512099.4653463808,1526888.71375415,522840
2024-10-08,1526888.71375415,1580241.9236233537,1526888.71375415,1565544.352849506,439573
2024-10-09,1565544.352849506,1565544.352849506,1532858.1326327387,1544511.456987237,603115
2024-10-10,1544511.456987237,1581817.8815470545,1539104.972964363,1559207.5005484677,581008
2024-10-11,1559207.5005484677,1570626.841211392,1541877.7573861082,1554027.0753418258,510684
2024-10-14,1554027.0753418258,1554027.0753418258,1476068.0093743794,1491980.162657282,327425
2024-10-15,1491980.162657282,1506076.7276590886,1481815.721005544,1484853.4685874789,420801
2024-10-16,1484853.4685874789,1484853.4685874789,1457900.191861847,1462028.8695644964,472818
2024-10-17,1462028.8695644964,1479422.538081195,1462028.8695644964,1471870.4538575255,371822
2024-10-18,1471870.4538575255,1533736.3411534135,1471870.4538575255,1533725.6138542562,468970
2024-10-21,1533725.6138542562,1583414.212361444,1533725.6138542562,1562130.3669382157,461023
2024-10-22,1562130.3669382157,1562130.3669382157,1502669.5501779693,1506101.3653909697,520710
2024-10-23,1506101.3653909697,1583931.635928213,1506101.3653909697,1564041.3144350545,462293
2024-10-24,1564041.3144350545,1678226.0986696663,1564041.3144350545,1675541.0742935832,439943
2024-10-25,1675541.0742935832,1675541.0742935832,1622953.9397705921,1647515.2832402592,382858
2024-10-28,1647515.2832402592,1678691.913409352,1647515.2832402592,1663245.64332411,524920
2024-10-29,1663245.64332411,1663245.64332411,1505339.182143602,1525773.8481682378,586261
2024-10-30,1525773.8481682378,1525773.8481682378,1439111.180452225,1439153.17164103,519351
2024-10-31,1439153.17164103,1439153.17164103,1400740.4874183596,1419180.5944185802,412706
2024-11-01,1419180.5944185802,1419180.5944185802,1347653.8716608903,1363211.7898292267,651455
2024-11-04,1363211.7898292267,1363211.7898292267,1234915.7058768175,1253117.4597744003,368697
2024-11-05,1253117.4597744003,1346577.5719235793,1253117.4597744003,1327347.253600119,458951
2024-11-06,1327347.253600119,1353181.1072626172,1318195.269787887,1336758.8149108272,498680
2024-11-07,1336758.8149108272,1336758.8149108272,1286776.5153454943,1303949.091951669,522466
2024-11-08,1303949.091951669,1303949.091951669,1270504.4399105872,1276299.549889749,483647
2024-11-11,1276299.549889749,1276299.549889749,1216156.9280910317,1233308.15714618,511020
2024-11-12,1233308.15714618,1295869.4860644557,1233308.15714618,1284562.6638137556,380327
2024-11-13,1284562.6638137556,1284562.6638137556,1251616.334720772,1257985.5028316658,471064
2024-11-14,1257985.5028316658,1373695.548353564,1257985.5028316658,1354119.562464039,570945
2024-11-15,1354119.562464039,1354119.562464039,1279020.7581553077,1280841.3254198842,577488
2024-11-18,1280841.3254198842,1337499.094127341,1280841.3254198842,1332058.980794007,517855
2024-11-19,1332058.980794007,1353064.4621458047,1325080.3624702715,1335643.500574919,438338
2024-11-20,1335643.500574919,1335643.500574919,1242599.4882960625,1254107.824438837,428803
2024-11-21,1254107.824438837,1256687.1468487983,1234539.2518928398,1252440.458816364,432794
2024-11-22,1252440.458816364,1252440.458816364,1207917.9294327286,1225219.4052410827,508063
2024-11-25,1225219.4052410827,1225219.4052410827,1180052.1688776552,1182494.9107588308,494693
2024-11-26,1182494.9107588308,1182494.9107588308,1150274.0199256046,1152188.0459451573,642021
2024-11-27,1152188.0459451573,1169603.835798134,1152188.0459451573,1153281.7699990163,392126
2024-11-28,1153281.7699990163,1165919.5592608396,1149818.5719709685,1159175.6399125895,662071
2024-11-29,1159175.6399125895,1189519.7579231693,1159175.6399125895,1181593.0182035365,386175
2024-12-02,1181593.0182035365,1181593.0182035365,1129513.7898327187,1139928.1243329712,651339
2024-12-03,1139928.1243329712,1139933.4052859813,1129651.1576369784,1138021.3507480528,517230
2024-12-04,1138021.3507480528,1144741.8744374695,1137642.78106955,1137901.1486070687,499913
2024-12-05,1137901.1486070687,1137901.1486070687,1106009.6586861913,1111102.085569422,486300
2024-12-06,1111102.085569422,1115772.3263068306,1100304.6481472298,1112713.459780468,488909
2024-12-09,1112713.459780468,1112713.459780468,1075799.517496137,1090233.1040865341,575998
2024-12-10,1090233.1040865341,1169940.5609516674,1090233.1040865341,1157570.2204995973,467458
2024-12-11,1157570.2204995973,1177826.6089393587,1157570.2204995973,1176362.1611899233,654038
2024-12-12,1176362.1611899233,1177624.2173696272,1162731.8244772495,1175886.6755371508,514923
2024-12-13,1175886.6755371508,1175886.6755371508,1164920.4634157026,1170856.2580750335,463440
2024-12-16,1170856.2580750335,1170856.2580750335,1110483.1238902027,1122039.128051144,332049
2024-12-17,1122039.128051144,1179346.3234039743,1122039.128051144,1162409.956399668,524018
2024-12-18,1162409.956399668,1196805.625335423,1162409.956399668,1187033.226457469,481870
2024-12-19,1187033.226457469,1187033.226457469,1123067.3504055273,1123455.5260526554,408817
2024-12-20,1123455.5260526554,1160608.6686030298,1123455.5260526554,1148110.1983655298,534839
2024-12-23,1148110.1983655298,1148110.1983655298,1099035.6547843737,1103071.3426260198,509734
2024-12-24,1103071.3426260198,1109734.8754020655,1086913.3320263668,1102462.729024056,384836
2024-12-25,1102462.729024056,1102462.729024056,1049548.4362284278,1063048.8097022548,396763
2024-12-26,1063048.8097022548,1063048.8097022548,1040818.87762048,1052959.0653921615,454696
2024-12-27,1052959.0653921615,1101289.5065264895,1052959.0653921615,1096984.8551398604,464000
2024-12-30,1096984.8551398604,1096984.8551398604,1060442.8627989504,1071281.7206650535,506758
2024-12-31,1071281.7206650535,1098157.4451285428,1071281.7206650535,1097300.565935206,436639
2025-01-01,1097300.565935206,1097300.565935206,1061881.638756993,1069597.6925543656,573657
2025-01-02,1069597.6925543656,1069597.6925543656,1013410.854712569,1023192.8200160441,526027
2025-01-03,1023192.8200160441,1054600.9582787985,1023192.8200160441,1040555.0859601531,598955
2025-01-06,1040555.0859601531,1052161.3982519624,1040555.0859601531,1049717.9813639193,278314
2025-01-07,1049717.9813639193,1085550.5254436072,1049717.9813639193,1074190.4288947093,466408
2025-01-08,1074190.4288947093,1074190.4288947093,1030536.5379499082,1045494.4771183485,612253
2025-01-09,1045494.4771183485,1077067.440447075,1045494.4771183485,1068362.9860271164,363010
2025-01-10,1068362.9860271164,1078419.0416790987,1068362.9860271164,1072578.744538048,417054
2025-01-13,1072578.744538048,1117502.1708168522,1072578.744538048,1107882.039836705,548834
2025-01-14,1107882.039836705,1121814.9151803914,1107882.039836705,1119467.4740676915,518623
2025-01-15,1119467.4740676915,1119467.4740676915,1081485.0878435434,1096328.2022321508,599443
2025-01-16,1096328.2022321508,1096328.2022321508,1028449.3910218423,1041936.6714055258,465807
2025-01-17,1041936.6714055258,1046606.6658088408,1035158.3789842164,1037511.1910509964,449754
2025-01-20,1037511.1910509964,1462892.983469304,1037511.1910509964,1461653.4423048666,439177
2025-01-21,1461653.4423048666,1461653.4423048666,1425660.344585633,1441526.6208850956,352363
2025-01-22,1441526.6208850956,1441526.6208850956,1372849.4450702372,1389999.2120274878,364407
2025-01-23,1389999.2120274878,1389999.2120274878,1331508.2677899916,1334637.1543193224,404529
2025-01-24,1334637.1543193224,1452472.021773952,1334637.1543193224,1441388.9922028652,590656
2025-01-27,1441388.9922028652,1457268.492131753,1423482.5739856197,1439983.3036591937,636950
2025-01-28,1439983.3036591937,1439983.3036591937,1405300.015719242,1405385.6791180742,495472
2025-01-29,1405385.6791180742,1405385.6791180742,1361312.437219164,1368578.7032468,467306
2025-01-30,1368578.7032468,1375450.6910488764,1356640.0831069918,1357602.5666181413,516864
2025-01-31,1357602.5666181413,1357602.5666181413,1335129.6738066347,1344552.0688801422,522962
2025-02-03,1344552.0688801422,1400265.2300965234,1344552.0688801422,1393147.9679033866,493654
2025-02-04,1393147.9679033866,1417814.6001338284,1393147.9679033866,1406152.6839641854,495661
2025-02-05,1406152.6839641854,1412189.8179726547,1377763.2003446887,1393004.1932448333,479060
2025-02-06,1393004.1932448333,1401010.2020359186,1392374.4886663675,1400217.6696651918,542033
2025-02-07,1400217.6696651918,1429205.751968429,1400217.6696651918,1415921.456250482,742214
2025-02-10,1415921.456250482,1415921.456250482,1360219.4130223277,1372408.1014270491,461288
2025-02-11,1372408.1014270491,1372408.1014270491,1347944.303520271,1362179.286816593,506259
2025-02-12,1362179.286816593,1381260.7607013236,1355580.2080270804,1363361.498446001,599024
2025-02-13,1363361.498446001,1363361.498446001,1301833.3173897397,1315544.3870946367,720374
2025-02-14,1315544.3870946367,1331871.0413415746,1306226.6994066704,1325801.177124466,330130
2025-02-17,1325801.177124466,1325801.177124466,1291511.3199904913,1307566.5229009886,523934
2025-02-18,1307566.5229009886,1335060.3956325047,1307566.5229009886,1334471.5442591307,469848
2025-02-19,1334471.5442591307,1413815.906045537,1334471.5442591307,1393276.0233856041,382147
2025-02-20,1393276.0233856041,1405745.842572189,1379646.6181818335,1389277.8117757945,518691
2025-02-21,1389277.8117757945,1397638.0670657475,1375207.104519767,1386622.335739373,517181
2025-02-24,1386622.335739373,1391529.6067777236,1381790.6008405278,1390045.8614273488,499100
2025-02-25,1390045.8614273488,1469105.3411872806,1390045.8614273488,1455450.042012396,399581
2025-02-26,1455450.042012396,1464453.087600927,1443321.5667109892,1444674.374340324,429293
2025-02-27,1444674.374340324,1444674.374340324,1392256.7564746856,1392938.8911217058,513125
2025-02-28,1392938.8911217058,1392938.8911217058,1363721.4223390918,1378338.4076078695,396340
2025-03-03,1378338.4076078695,1428588.5786973892,1378338.4076078695,1417867.353417337,498203
2025-03-04,1417867.353417337,1527258.346101015,1417867.353417337,1513390.7009869618,483950
2025-03-05,1513390.7009869618,1518925.4950130312,1479864.9279871923,1496680.7131117329,511527
2025-03-06,1496680.7131117329,1538603.700090097,1496680.7131117329,1520094.4771671172,363626
2025-03-07,1520094.4771671172,1520094.4771671172,1496483.291031381,1502681.0683438014,451368
2025-03-10,1502681.0683438014,1539055.4447349005,1502681.0683438014,1522115.7971155993,365441
2025-03-11,1522115.7971155993,1522115.7971155993,1488021.9773253617,1497141.914921535,573035
2025-03-12,1497141.914921535,1503189.7789845788,1495861.659465595,1498250.4177011086,518711
2025-03-13,1498250.4177011086,1498250.4177011086,1478381.294817484,1480750.5195991916,439305
2025-03-14,1480750.5195991916,1508814.5255477864,1477278.3929681417,1488092.8361793023,472316
2025-03-17,1488092.8361793023,1531428.8628838612,1488092.8361793023,1519051.7212168241,491733
2025-03-18,1519051.7212168241,1558900.5394031864,1519051.7212168241,1551229.5842978917,472997
2025-03-19,1551229.5842978917,1647231.0219000897,1551229.5842978917,1639664.8267161679,518800
2025-03-20,1639664.8267161679,1691099.088646761,1639664.8267161679,1672819.7635086295,498827
2025-03-21,1672819.7635086295,1824707.000254707,1672819.7635086295,1809138.0714950622,546987
2025-03-24,1809138.0714950622,1872112.4897168742,1809138.0714950622,1851016.8801674421,386147
2025-03-25,1851016.8801674421,1851016.8801674421,1797625.3510573595,1820267.5724030847,377718
2025-03-26,1820267.5724030847,1820267.5724030847,1766417.0993983685,1785164.9804513708,562062
2025-03-27,1785164.9804513708,1785164.9804513708,1717726.2334024694,1729828.0584070866,423009
2025-03-28,1729828.0584070866,1745530.6132083056,1702662.5182320343,1725242.2709628649,577003
2025-03-31,1725242.2709628649,1772530.5687893154,1725242.2709628649,1753514.0696739457,522817
2025-04-01,1753514.0696739457,1759376.712544281,1724795.8617397982,1749255.1499069615,458219
2025-04-02,1749255.1499069615,1749255.1499069615,1682365.3398194008,1695849.169465331,628482
2025-04-03,1695849.169465331,1778496.5700893702,1695849.169465331,1760470.1659706337,406342
2025-04-04,1760470.1659706337,1760470.1659706337,1648005.663589481,1649166.8851831802,403380
2025-04-07,1649166.8851831802,1649166.8851831802,1620218.3018578286,1635810.6445713404,483197
2025-04-08,1635810.6445713404,1635810.6445713404,1609835.1597396964,1614364.317291258,573704
2025-04-09,1614364.317291258,1614364.317291258,1537744.5734060693,1559781.79945022,420230
2025-04-10,1559781.79945022,1618951.147878838,1559781.79945022,1603443.3223262946,542426
2025-04-11,1603443.3223262946,1603443.3223262946,1553940.5316356595,1569351.4007240448,382354
2025-04-14,1569351.4007240448,1626182.1222621745,1569351.4007240448,1616168.0127994344,385504
2025-04-15,1616168.0127994344,1616168.0127994344,1567509.331190213,1585273.6125256887,441114
2025-04-16,1585273.6125256887,1649867.5006889382,1585273.6125256887,1642926.0333449515,478928
2025-04-17,1642926.0333449515,1652084.221645551,1624973.8851323628,1640026.051309977,506161
2025-04-18,1640026.051309977,1644569.037499632,1632799.4588149749,1634790.8414906238,598459
2025-04-21,1634790.8414906238,1634790.8414906238,1545456.6365626426,1545606.3030665487,458438
2025-04-22,1545606.3030665487,1557667.1301199812,1528802.9369066264,1542805.8784222251,445605
2025-04-23,1542805.8784222251,1542805.8784222251,1468692.60399664,1482561.772717968,562587
2025-04-24,1482561.772717968,1482561.772717968,1417412.3087365867,1437095.146756534,458620
2025-04-25,1437095.146756534,1527215.8651927372,1437095.146756534,1508486.8737287337,417927
2025-04-28,1508486.8737287337,1508486.8737287337,1463783.7705284446,1479484.347174928,516129
2025-04-29,1479484.347174928,1479484.347174928,1458729.8087691057,1459774.1852902332,479614
2025-04-30,1459774.1852902332,1498037.5045896536,1459774.1852902332,1494464.5653258925,477604
2025-05-01,1494464.5653258925,1554119.0190499595,1494464.5653258925,1546560.6428997477,468689
2025-05-02,1546560.6428997477,1549907.0784542693,1535139.8352258175,1546893.0467898832,505078
2025-05-05,1546893.0467898832,1583044.3688858058,1546893.0467898832,1567067.4419263995,536285
2025-05-06,1567067.4419263995,1726292.975190104,1567067.4419263995,1715882.1311218652,330839
2025-05-07,1715882.1311218652,1925274.3030548918,1715882.1311218652,1910427.9768512705,403408
2025-05-08,1910427.9768512705,1977037.9292486198,1910427.9768512705,1962340.2749489883,644382
2025-05-09,1962340.2749489883,2027945.587427108,1962340.2749489883,2002052.7600707852,500110
2025-05-12,2002052.7600707852,2002052.7600707852,1820461.5047606723,1837999.4767815666,529833
2025-05-13,1837999.4767815666,1941565.737929108,1837999.4767815666,1923849.9365271833,505230
2025-05-14,1923849.9365271833,1923849.9365271833,1862560.5860480464,1879810.1855552727,467231
2025-05-15,1879810.1855552727,1935596.5825415386,1879810.1855552727,1918676.739353324,519269
2025-05-16,1918676.739353324,1918676.739353324,1860141.2428508115,1878423.0497898285,625116
2025-05-19,1878423.0497898285,1878423.0497898285,1792065.8668590947,1798048.0958930787,391930
2025-05-20,1798048.0958930787,1816442.64041884,1792224.6230026453,1796452.9422306118,596810
2025-05-21,1796452.9422306118,1796452.9422306118,1699694.6232896182,1712180.8432602994,427817
2025-05-22,1712180.8432602994,1712180.8432602994,1690459.1480883702,1695818.3557293308,473840
2025-05-23,1695818.3557293308,1760231.7146824114,1695818.3557293308,1742194.0221547715,631202
2025-05-26,1742194.0221547715,1827011.3679219228,1742194.0221547715,1814306.5707965551,372880
2025-05-27,1814306.5707965551,1814306.5707965551,1782633.6002778835,1786108.3403368816,509733
2025-05-28,1786108.3403368816,1966734.2503935175,1786108.3403368816,1963123.1829233498,486921
2025-05-29,1963123.1829233498,1963123.1829233498,1922383.7365521786,1936067.132073625,460990
2025-05-30,1936067.132073625,1996477.0370925744,1936067.132073625,1968430.0161379143,428849
2025-06-02,1968430.0161379143,2038210.5684115477,1968430.0161379143,2018855.1967874127,482717
2025-06-03,2018855.1967874127,2018855.1967874127,1980407.3320716103,1984334.916933869,420813
2025-06-04,1984334.916933869,1984334.916933869,1854651.588860082,1868206.5464711653,542613
2025-06-05,1868206.5464711653,1952652.6048762547,1868206.5464711653,1944370.2546006858,528095
2025-06-06,1944370.2546006858,2124052.3331142054,1944370.2546006858,2100973.2868638905,433504
2025-06-09,2100973.2868638905,2100973.2868638905,1952232.6215765278,1960538.1494442953,366968
2025-06-10,1960538.1494442953,1960538.1494442953,1912885.269337725,1917230.9552209876,464031
2025-06-11,1917230.9552209876,2044881.5069447844,1917230.9552209876,2024265.628873302,545337
2025-06-12,2024265.628873302,2061930.7797037384,2024265.628873302,2038902.9371718927,503040
2025-06-13,2038902.9371718927,2054762.9778878668,2031929.4282641897,2042001.1417878747,472278
2025-06-16,2042001.1417878747,2094814.8066628415,2042001.1417878747,2078111.0740632438,614731
2025-06-17,2078111.0740632438,2078111.0740632438,1887366.436242479,1902049.7444591383,459366
2025-06-18,1902049.7444591383,1943710.0289998231,1902049.7444591383,1936021.9853673389,609219
2025-06-19,1936021.9853673389,2072227.6694489513,1936021.9853673389,2051728.660015998,671365
2025-06-20,2051728.660015998,2211968.77609278,2051728.660015998,2180006.1810744237,398642
2025-06-23,2180006.1810744237,2180006.1810744237,2014256.9602410712,2038909.0468915827,618965
2025-06-24,2038909.0468915827,2038909.0468915827,1954484.9398681698,1966069.0709425171,524931
2025-06-25,1966069.0709425171,1966069.0709425171,1844060.4601950294,1858089.3407186442,491669
2025-06-26,1858089.3407186442,1858089.3407186442,1820325.6573300515,1823937.5093494453,669061
