Date,Open,High,Low,Close,Volume
1977-03-11,260.3495032469088,262.2305778126056,258.86258099603566,260.3495032469088,503227
1977-03-14,260.3495032469088,268.58911239541544,260.3495032469088,264.8927432100544,432927
1977-03-15,264.8927432100544,269.3528113496534,264.8927432100544,268.79979218922995,348603
1977-03-16,268.79979218922995,268.8165524923807,264.9861939702306,267.01948183254007,417568
1977-03-17,267.01948183254007,267.01948183254007,252.60620460394975,255.66716536422223,551543
1977-03-18,255.66716536422223,255.66716536422223,243.47242327604104,246.7665070759136,556760
1977-03-21,246.7665070759136,251.41546252104075,246.7665070759136,249.17139258793065,477810
1977-03-22,249.17139258793065,249.93003813975838,245.58208831423943,247.84257315561155,496323
1977-03-23,247.84257315561155,247.84257315561155,236.29487558023763,237.1893924428703,490120
1977-03-24,237.1893924428703,247.77178022711567,237.1893924428703,246.98240796818934,386110
1977-03-25,246.98240796818934,246.98240796818934,238.4830328589719,241.19839391797535,528850
1977-03-28,241.19839391797535,241.19839391797535,230.18137433667994,232.2489756365429,447605
1977-03-29,232.2489756365429,239.6283974378039,232.2489756365429,236.36835755956986,448931
1977-03-30,236.36835755956986,236.36835755956986,230.9751604395696,231.8802147449366,505450
1977-03-31,231.8802147449366,231.8802147449366,225.97686039118474,228.47412761310107,546012
1977-04-01,228.47412761310107,236.91982733075008,228.47412761310107,236.1383296246222,471385
1977-04-04,236.1383296246222,236.1383296246222,226.50629309292066,229.87542528414562,556637
1977-04-05,229.87542528414562,233.48368615464094,228.61975248077397,231.88791157431226,489011
1977-04-06,231.88791157431226,246.1814009142275,231.88791157431226,245.6798789313331,427758
1977-04-07,245.6798789313331,245.6798789313331,230.22503086077316,232.15130834908996,446727
1977-04-08,232.15130834908996,232.15130834908996,228.55840158201332,228.61010990312116,570464
1977-04-11,228.61010990312116,228.61010990312116,223.43259522780124,224.15049753833054,628419
1977-04-12,224.15049753833054,224.15049753833054,215.2354217317948,215.69209497197917,529680
1977-04-13,215.69209497197917,220.67698890626065,215.69209497197917,218.99921632888152,416964
1977-04-14,218.99921632888152,223.18918345650732,218.99921632888152,222.81212269849348,397675
1977-04-15,222.81212269849348,222.81212269849348,216.9030847113841,218.13823198836693,460364
1977-04-18,218.13823198836693,218.13823198836693,213.3778015494127,213.87269859302114,558707
1977-04-19,213.87269859302114,213.87269859302114,208.92359138407343,209.62683907160334,378370
1977-04-20,209.62683907160334,210.71514108676683,209.62683907160334,210.40849643832877,376944
1977-04-21,210.40849643832877,211.51491824785373,207.82042710605393,209.5521746975374,665364
1977-04-22,209.5521746975374,217.35577455692882,209.5521746975374,215.4476136206758,577853
1977-04-25,215.4476136206758,219.3031529314999,215.4476136206758,217.64753773202807,562062
1977-04-26,217.64753773202807,222.05156793531657,217.64753773202807,221.1258598288803,431922
1977-04-27,221.1258598288803,227.13127932119434,221.1258598288803,226.89432461144966,512622
1977-04-28,226.89432461144966,231.89184615707396,226.89432461144966,229.81584608618925,415175
1977-04-29,229.81584608618925,232.78741162878185,229.81584608618925,230.8193979177682,479295
1977-05-02,230.8193979177682,230.8193979177682,222.3510527576215,225.7213597375809,468405
1977-05-03,225.7213597375809,235.4475299047991,225.7213597375809,233.10223605761274,589156
1977-05-04,233.10223605761274,234.78322970478385,231.32402514009718,231.95513092641536,504658
1977-05-05,231.95513092641536,231.95513092641536,228.31380742639723,228.48680789554138,493707
1977-05-06,228.48680789554138,229.96838035282622,226.93132766460917,229.85932699439408,502539
1977-05-09,229.85932699439408,234.54569176704607,229.85932699439408,233.6802015581743,455153
1977-05-10,233.6802015581743,239.26820806592374,233.6802015581743,237.47902142276274,514667
1977-05-11,237.47902142276274,237.47902142276274,237.1882792685258,237.3354462128233,492687
1977-05-12,237.3354462128233,239.95079187014028,237.3354462128233,237.92352368963088,542397
1977-05-13,237.92352368963088,237.92352368963088,221.6365600096453,222.15611567970888,461609
1977-05-16,222.15611567970888,222.15611567970888,213.6380873417187,215.13011558615563,381322
1977-05-17,215.13011558615563,219.39353255595393,215.1128293470044,217.81235060846137,523986
1977-05-18,217.81235060846137,218.27532780589192,212.89860002692046,215.7066640152469,594829
1977-05-19,215.7066640152469,215.7066640152469,211.33680483015794,214.00388563095566,533952
1977-05-20,214.00388563095566,216.41360744961855,213.51434679859798,213.84979190560767,487016
1977-05-23,213.84979190560767,213.84979190560767,209.39930792507207,212.03227469342173,687770
1977-05-24,212.03227469342173,212.03227469342173,205.40493570136613,207.90795311630427,562578
1977-05-25,207.90795311630427,207.95599621318317,204.7368636065801,207.0548256476667,516054
1977-05-26,207.0548256476667,216.47409990789248,207.0548256476667,214.89500979050501,459840
1977-05-27,214.89500979050501,214.89500979050501,209.20684884365664,211.39361774701277,609782
1977-05-30,211.39361774701277,214.60027477165355,211.39361774701277,212.1763731161167,590210
1977-05-31,212.1763731161167,212.1763731161167,202.25821441020975,204.10760150165723,623893
1977-06-01,204.10760150165723,204.10760150165723,198.24940229963408,199.17981683700475,544732
1977-06-02,199.17981683700475,206.31942927530363,199.17981683700475,205.77793104795276,325192
1977-06-03,205.77793104795276,208.03672276218475,205.69468494479457,205.7318645456536,456262
1977-06-06,205.7318645456536,207.90915032394474,205.51238061917914,206.5853239171119,545072
1977-06-07,206.5853239171119,209.60102816605453,206.5853239171119,208.6949103969479,412465
1977-06-08,208.6949103969479,208.6949103969479,199.45590698214934,200.43475241504495,549698
1977-06-09,200.43475241504495,214.49442809564616,200.43475241504495,211.7978287831305,504908
1977-06-10,211.7978287831305,211.7978287831305,207.8401174467658,208.21471002231658,506501
1977-06-13,208.21471002231658,209.42594833935408,206.88550501888443,208.95775402097837,386043
1977-06-14,208.95775402097837,214.16527105572425,208.95775402097837,212.95532240261176,578832
1977-06-15,212.95532240261176,212.95532240261176,205.13633019969416,207.53298943911818,546862
1977-06-16,207.53298943911818,211.3703783901095,207.53298943911818,211.08377371892925,627733
1977-06-17,211.08377371892925,214.68602956858513,211.08377371892925,212.00307683209272,529407
1977-06-20,212.00307683209272,212.00307683209272,207.03766593764982,207.8760855246736,508728
1977-06-21,207.8760855246736,212.22479465318852,206.3436011304535,209.12258228883124,627576
1977-06-22,209.12258228883124,209.12258228883124,201.51725472391004,203.19607522657836,540161
1977-06-23,203.19607522657836,203.19607522657836,196.1441610107739,198.89477999768033,502423
1977-06-24,198.89477999768033,208.09747322401327,198.89477999768033,206.42544715906666,472251
1977-06-27,206.42544715906666,206.42544715906666,202.68844461506066,203.24051285364428,607266
1977-06-28,203.24051285364428,204.451986705953,198.55625708644072,201.4798597376721,414259
1977-06-29,201.4798597376721,201.4798597376721,184.14784032583086,186.0276520440035,455020
1977-06-30,186.0276520440035,192.4474683431561,186.0276520440035,189.91334009171808,377600
1977-07-01,189.91334009171808,190.36711052774876,188.12979854026756,189.01594413376736,593382
1977-07-04,189.01594413376736,189.01594413376736,178.26978024235834,179.03391891252323,491013
1977-07-05,179.03391891252323,179.03391891252323,173.02128309674825,173.54873540123126,410647
1977-07-06,173.54873540123126,174.6074640099092,173.51322556547913,173.76654560135464,449384
1977-07-07,173.76654560135464,174.72782859166966,171.11791988882715,172.500521231815,609371
1977-07-08,172.500521231815,172.500521231815,168.23979672017416,169.76286190479806,310242
1977-07-11,169.76286190479806,170.127124077604,168.94651239130724,169.0790937838061,627477
1977-07-12,169.0790937838061,169.0790937838061,161.03885720077747,161.317505743162,440351
1977-07-13,161.317505743162,163.5097189571176,159.6651100234115,162.04439177609007,441390
1977-07-14,162.04439177609007,163.08207369464398,159.823840807893,160.98452219762035,558768
1977-07-15,160.98452219762035,160.98452219762035,160.4431004319978,160.49044353443026,498140
1977-07-18,160.49044353443026,164.06891254631017,160.49044353443026,163.40379234385986,487450
1977-07-19,163.40379234385986,165.21484803222026,163.07811250476107,165.18094631516396,327227
1977-07-20,165.18094631516396,166.74301169626398,163.8461079405049,165.1060634341106,440796
1977-07-21,165.1060634341106,165.1060634341106,157.29494654101254,158.98591468181937,502848
1977-07-22,158.98591468181937,165.09415014270158,158.98591468181937,164.27586334825287,345657
1977-07-25,164.27586334825287,164.27586334825287,160.42055205354262,161.57986364375165,456087
1977-07-26,161.57986364375165,161.57986364375165,153.97555936483096,155.4891247405662,500675
1977-07-27,155.4891247405662,155.4891247405662,152.52633848405,153.59582693376151,507261
1977-07-28,153.59582693376151,153.59582693376151,146.52670199876107,147.39082728329228,441920
1977-07-29,147.39082728329228,147.39082728329228,144.216134037093,145.544293085774,556226
1977-08-01,145.544293085774,149.63960013830044,145.544293085774,148.86472989970255,599388
1977-08-02,148.86472989970255,150.70472846399747,147.45713330876492,149.62313857755822,531746
1977-08-03,149.62313857755822,151.19111623801643,148.48571861835472,150.54753535770453,434733
1977-08-04,150.54753535770453,158.75778676986357,150.54753535770453,156.77294185997275,414384
1977-08-05,156.77294185997275,159.32827364273965,156.77294185997275,158.65707614056373,510876
1977-08-08,158.65707614056373,158.65707614056373,156.58532793157352,157.07673904357608,495067
1977-08-09,157.07673904357608,157.07673904357608,151.48066268513435,153.73673357607066,464958
1977-08-10,153.73673357607066,155.269633011764,152.27994014298295,154.24165607966003,540525
1977-08-11,154.24165607966003,159.20294822996814,154.24165607966003,158.44750930356147,611563
1977-08-12,158.44750930356147,158.44750930356147,152.6706764970634,153.8682079162135,515135
1977-08-15,153.8682079162135,153.8682079162135,149.46935551384524,150.63248793050093,689979
1977-08-16,150.63248793050093,156.697874466031,150.63248793050093,155.90328187110381,530244
1977-08-17,155.90328187110381,157.46602244578787,155.90328187110381,157.3871816488386,580890
1977-08-18,157.3871816488386,157.83206928713386,156.47913019484807,157.5948693887652,415475
1977-08-19,157.5948693887652,162.0583673522467,157.5948693887652,161.59257558433256,507324
1977-08-22,161.59257558433256,161.59257558433256,156.08054595908774,156.88285995224592,633216
1977-08-23,156.88285995224592,162.42574436884735,156.88285995224592,161.0169930575797,516448
1977-08-24,161.0169930575797,161.0169930575797,157.79367849494417,159.90224224510385,486318
1977-08-25,159.90224224510385,159.90224224510385,153.41727596626043,154.3107742751642,501971
1977-08-26,154.3107742751642,157.2776797434423,154.3107742751642,155.45182105058703,326932
1977-08-29,155.45182105058703,155.45182105058703,144.79435108295445,146.46431357307497,445353
1977-08-30,146.46431357307497,151.79156946023372,146.46431357307497,150.3860033279958,492568
1977-08-31,150.3860033279958,152.53426867613322,148.85097320043363,150.70065129389673,398150
1977-09-01,150.70065129389673,152.45461726857152,150.70065129389673,151.29013520813362,451773
1977-09-02,151.29013520813362,152.64364421624293,151.29013520813362,151.61569765593754,560509
1977-09-05,151.61569765593754,154.3032741147982,150.72943594552132,152.9537112408591,657028
1977-09-06,152.9537112408591,155.78745688247574,152.9537112408591,154.62654331459115,566693
1977-09-07,154.62654331459115,159.63143885915753,154.62654331459115,158.73257031637837,513563
1977-09-08,158.73257031637837,172.0056186591874,158.73257031637837,171.69749015423048,361476
1977-09-09,171.69749015423048,179.116233363936,171.69749015423048,177.01775803475778,332955
1977-09-12,177.01775803475778,180.856051586215,177.01775803475778,180.30589418105933,510630
1977-09-13,180.30589418105933,180.30589418105933,177.1154908538426,178.64259780913878,495108
1977-09-14,178.64259780913878,182.96819951727875,178.64259780913878,182.0903888937761,514286
1977-09-15,182.0903888937761,182.0903888937761,172.13438192637818,174.03405582205738,465686
1977-09-16,174.03405582205738,182.6205668657419,174.03405582205738,180.93714961151795,456516
1977-09-19,180.93714961151795,185.67386458972442,180.93714961151795,183.43292191805244,492395
1977-09-20,183.43292191805244,183.43292191805244,169.40944486416183,170.82970392656728,632369
1977-09-21,170.82970392656728,173.36587453018151,170.82970392656728,172.12268376988098,633679
1977-09-22,172.12268376988098,172.12268376988098,167.32778117118414,169.71651154513475,468364
1977-09-23,169.71651154513475,170.97366835605564,168.84179073227867,168.88391778072125,654705
1977-09-26,168.88391778072125,170.44912366456063,167.8447522804144,168.42788797570987,573628
1977-09-27,168.42788797570987,168.42788797570987,159.5239879589368,161.74235410373032,615908
1977-09-28,161.74235410373032,161.88726930298503,159.22343286273875,159.94676150921052,667067
1977-09-29,159.94676150921052,161.39976352107604,159.52293028057,160.31021321854428,521462
1977-09-30,160.31021321854428,160.31021321854428,157.47819332666515,158.11202419840086,465808
1977-10-03,158.11202419840086,162.00808300406896,158.11202419840086,160.92348638686633,554918
1977-10-04,160.92348638686633,166.23027886725308,160.92348638686633,165.23889883698047,303926
1977-10-05,165.23889883698047,165.23889883698047,159.66243941158055,159.77355613386214,396672
1977-10-06,159.77355613386214,161.52705307753467,159.77355613386214,160.48928611610413,368959
1977-10-07,160.48928611610413,160.48928611610413,156.48496071281696,157.45434449096035,569404
1977-10-10,157.45434449096035,160.18066748119412,156.22245089224558,158.4836319591722,512247
1977-10-11,158.4836319591722,163.08240038910756,158.4836319591722,161.52134551102662,408906
1977-10-12,161.52134551102662,166.5022707587109,161.52134551102662,165.3126692187296,370335
1977-10-13,165.3126692187296,165.3126692187296,158.78186165828285,160.84237978782096,482214
1977-10-14,160.84237978782096,164.81552681545946,160.84237978782096,164.31603807465473,514935
1977-10-17,164.31603807465473,165.66397475363198,164.31603807465473,165.42205390189767,484341
1977-10-18,165.42205390189767,165.9761452654659,164.12808755647208,165.40128710908883,419020
1977-10-19,165.40128710908883,170.64296551579415,165.40128710908883,170.03424914217138,388277
1977-10-20,170.03424914217138,176.48556773541642,170.03424914217138,175.23901338363365,333982
1977-10-21,175.23901338363365,179.28792052147801,175.23901338363365,177.11638477848336,408609
1977-10-24,177.11638477848336,178.46815080134692,174.8060253226164,176.32344052882215,453209
1977-10-25,176.32344052882215,179.59678310180078,176.32344052882215,177.2324612870024,469893
1977-10-26,177.2324612870024,185.0742119426793,177.2324612870024,184.8853314822027,413018
1977-10-27,184.8853314822027,188.44044827757796,184.8853314822027,186.35347285251095,532851
1977-10-28,186.35347285251095,186.7609363935087,184.88539473272715,186.42967073392688,358121
1977-10-31,186.42967073392688,186.42967073392688,182.64432167941496,183.02963668762172,566537
1977-11-01,183.02963668762172,184.97198527239914,183.02963668762172,184.4357176433726,419096
1977-11-02,184.4357176433726,185.63047431135297,184.4357176433726,184.99189321789817,594809
1977-11-03,184.99189321789817,191.77045063311914,184.99189321789817,191.316969038518,629548
1977-11-04,191.316969038518,191.316969038518,185.0619763870021,186.24244743133687,513411
1977-11-07,186.24244743133687,186.24244743133687,183.28469972542172,184.99649792161748,445332
1977-11-08,184.99649792161748,185.6016790984217,182.32863108592238,185.07782571667937,568244
1977-11-09,185.07782571667937,189.64404154838277,185.07782571667937,187.3421092447487,562616
1977-11-10,187.3421092447487,192.01614925730314,187.3421092447487,189.90672354537,363666
1977-11-11,189.90672354537,189.90672354537,186.33903343590484,186.6739738005705,612212
1977-11-14,186.6739738005705,186.6739738005705,183.65781368533726,183.9457546799386,508173
1977-11-15,183.9457546799386,183.9850531293452,180.06351217793568,182.3789269571533,468198
1977-11-16,182.3789269571533,182.3789269571533,175.95214716839118,177.5925024189373,318542
1977-11-17,177.5925024189373,179.4096668738789,175.30425111053526,176.8541128704393,474270
1977-11-18,176.8541128704393,181.3629994898453,176.8541128704393,179.49723914212808,461394
1977-11-21,179.49723914212808,183.83145129362308,179.49723914212808,183.37504028333944,478954
1977-11-22,183.37504028333944,190.76289901167962,183.37504028333944,189.4683292531395,479174
1977-11-23,189.4683292531395,190.58460630544778,188.0273015517564,188.2805866386227,412291
1977-11-24,188.2805866386227,189.4866247302137,186.1688449376503,186.76278123914375,322037
1977-11-25,186.76278123914375,186.94873726865964,185.14865679551605,186.45855619535072,502686
1977-11-28,186.45855619535072,199.33241277524073,186.45855619535072,198.11341336450738,428260
1977-11-29,198.11341336450738,198.11341336450738,191.39465759588126,192.35140882173906,413018
1977-11-30,192.35140882173906,201.59573069521545,192.35140882173906,199.250334284599,440020
1977-12-01,199.250334284599,203.7678300323398,199.250334284599,203.1178693997257,637366
1977-12-02,203.1178693997257,203.1178693997257,192.77213490717116,194.18334507857094,543381
1977-12-05,194.18334507857094,196.10794660829737,194.18334507857094,194.350465072033,600735
1977-12-06,194.350465072033,197.07625397878417,193.01212143819308,194.88448187863696,417132
1977-12-07,194.88448187863696,194.88448187863696,191.31502596661574,193.08081311779495,545765
1977-12-08,193.08081311779495,193.08081311779495,185.97950015740767,188.21498765576965,450056
1977-12-09,188.21498765576965,190.891896414913,185.89659942025634,188.39773429227867,532843
1977-12-12,188.39773429227867,195.60408786068052,188.39773429227867,193.06431419736836,485005
1977-12-13,193.06431419736836,195.6523647458809,190.72143494767292,193.33969107642875,516390
1977-12-14,193.33969107642875,195.99302452526064,193.33969107642875,195.58632544615008,550302
1977-12-15,195.58632544615008,204.6161379546674,195.58632544615008,203.87360948354362,484577
1977-12-16,203.87360948354362,209.74237904508385,203.87360948354362,207.60337723392146,698502
1977-12-19,207.60337723392146,208.3495311798127,204.8515360018763,206.25949852404446,545524
1977-12-20,206.25949852404446,209.4712304639516,205.45854936958276,208.54357921432245,445768
1977-12-21,208.54357921432245,208.54357921432245,197.51576881817442,199.70041653913884,612253
1977-12-22,199.70041653913884,199.70041653913884,195.46256898110806,197.5589560611991,348188
1977-12-23,197.5589560611991,199.2464215465737,197.5589560611991,199.2151193678581,507491
1977-12-26,199.2151193678581,210.75086689649007,199.2151193678581,208.14371689476658,653911
1977-12-27,208.14371689476658,210.07473773711834,206.80703482844967,209.49185745953176,516467
1977-12-28,209.49185745953176,209.49185745953176,205.47466679349023,205.81078585720581,485525
1977-12-29,205.81078585720581,206.55657282641076,204.0540035764505,206.46281802120757,458015
1977-12-30,206.46281802120757,206.46281802120757,203.44431961215443,205.6978761781743,611647
1978-01-02,205.6978761781743,205.6978761781743,199.22187373938857,200.64859963692288,475657
1978-01-03,200.64859963692288,204.35017984244772,200.64859963692288,204.19073536825627,433431
1978-01-04,204.19073536825627,205.21863593005912,202.9733497065818,204.14439843888303,549370
1978-01-05,204.14439843888303,208.61804568102752,204.14439843888303,208.07337749493723,586709
1978-01-06,208.07337749493723,208.07337749493723,193.74691230940152,195.2184291371766,444971
1978-01-09,195.2184291371766,199.87003570860387,195.2184291371766,198.72256699595758,382083
1978-01-10,198.72256699595758,212.04814976058626,198.72256699595758,209.4926978597294,657101
1978-01-11,209.4926978597294,209.4926978597294,205.11921257905757,206.80399387945317,393524
1978-01-12,206.80399387945317,211.1763741864601,206.80399387945317,210.5464677642328,529971
1978-01-13,210.5464677642328,216.36609885029705,210.5464677642328,216.10485528766517,519482
1978-01-16,216.10485528766517,222.65035975151505,216.10485528766517,221.6604481494163,497339
1978-01-17,221.6604481494163,224.85374664268417,221.6604481494163,224.41461977479923,502346
1978-01-18,224.41461977479923,231.7851788934988,224.41461977479923,229.65550784756272,435127
1978-01-19,229.65550784756272,234.7062879172565,229.65550784756272,231.89933438009325,452647
1978-01-20,231.89933438009325,232.30260491327792,230.83318881695465,230.84073954846073,439167
1978-01-23,230.84073954846073,230.84073954846073,225.67916941859093,227.23627116228278,405945
1978-01-24,227.23627116228278,227.23627116228278,208.99774705043674,211.96443011629887,393998
1978-01-25,211.96443011629887,211.96443011629887,203.7938727608162,206.1974774448092,459015
1978-01-26,206.1974774448092,214.45646829237236,206.1974774448092,213.03713539488857,454513
1978-01-27,213.03713539488857,216.7113071319055,213.03713539488857,215.95807816691692,428267
1978-01-30,215.95807816691692,215.95807816691692,209.87339636006487,210.3907513857776,384758
1978-01-31,210.3907513857776,210.3907513857776,198.53947327434418,199.12976857994036,469231
1978-02-01,199.12976857994036,203.20184530911314,199.12976857994036,200.20151565491398,442786
1978-02-02,200.20151565491398,211.25393998668685,200.20151565491398,209.224305038884,477571
1978-02-03,209.224305038884,209.224305038884,200.74511572610433,203.58523015204062,469307
1978-02-06,203.58523015204062,203.58523015204062,199.25808415992302,200.95819503136232,358545
1978-02-07,200.95819503136232,200.95819503136232,195.3435682376438,198.24556397998012,493981
1978-02-08,198.24556397998012,198.24556397998012,193.56441979067128,195.45948616637057,407587
1978-02-09,195.45948616637057,198.08911792259693,195.45948616637057,196.6695641039608,528669
1978-02-10,196.6695641039608,198.66447784807124,195.65972428289885,196.680602914566,580734
1978-02-13,196.680602914566,197.46627535787775,194.3886318589454,196.73608462767072,292199
1978-02-14,196.73608462767072,196.73608462767072,194.18070130145796,195.593592728056,500199
1978-02-15,195.593592728056,195.593592728056,187.3557253096173,189.82924208698748,406713
1978-02-16,189.82924208698748,191.0719211082064,189.33758204048587,190.30444328703715,655159
1978-02-17,190.30444328703715,190.30444328703715,186.73665109140106,189.2030401144443,467923
1978-02-20,189.2030401144443,196.00640675277594,189.2030401144443,195.24044894086762,506449
1978-02-21,195.24044894086762,195.24044894086762,192.81252437170846,194.058100294725,506687
1978-02-22,194.058100294725,196.7795474147929,194.058100294725,195.67428763190193,485671
1978-02-23,195.67428763190193,202.717415575717,195.67428763190193,201.61842099124652,542387
1978-02-24,201.61842099124652,210.52431839109067,201.61842099124652,208.3201479208451,462020
1978-02-27,208.3201479208451,213.9610943920132,208.3201479208451,212.3078758578733,420792
1978-02-28,212.3078758578733,217.55956722424045,212.3078758578733,217.16364794941668,363887
1978-03-01,217.16364794941668,217.16364794941668,209.08899610737288,211.67414666944285,495791
1978-03-02,211.67414666944285,218.33672573495753,211.67414666944285,215.12010018319967,544659
1978-03-03,215.12010018319967,223.0237209748661,215.12010018319967,220.50099194780722,442272
1978-03-06,220.50099194780722,220.9243532665431,219.18513965214353,220.01284550703667,320415
1978-03-07,220.01284550703667,220.01284550703667,216.61261095171616,218.58399703303726,662474
1978-03-08,218.58399703303726,228.39739941317686,218.58399703303726,225.9070748356045,533326
1978-03-09,225.9070748356045,225.9070748356045,215.47032036189026,215.4868805377935,543093
1978-03-10,215.4868805377935,217.51580053207581,213.95407186933767,214.73480566579673,413867
1978-03-13,214.73480566579673,214.73480566579673,206.3767114501997,208.95424173656065,601707
1978-03-14,208.95424173656065,215.20950705774897,208.95424173656065,213.45050561336444,524839
1978-03-15,213.45050561336444,213.45050561336444,209.61681616892477,209.94238917924406,391626
1978-03-16,209.94238917924406,210.74040272927257,206.21005263641365,208.78961545689165,595505
1978-03-17,208.78961545689165,215.5245678148834,208.78961545689165,214.8914098597041,484949
1978-03-20,214.8914098597041,219.7550743824995,214.2876599449325,216.65397361223236,585671
1978-03-21,216.65397361223236,218.52550612888322,215.645660220835,216.60900229437246,444687
1978-03-22,216.60900229437246,227.5044608053046,216.60900229437246,225.78394794589997,447138
1978-03-23,225.78394794589997,225.78394794589997,216.73400453328048,219.79618235163528,468358
1978-03-24,219.79618235163528,219.79618235163528,212.77870087096292,214.4983689627248,578836
1978-03-27,214.4983689627248,221.13584634803064,214.4983689627248,218.01656166411195,327520
1978-03-28,218.01656166411195,218.25119314792593,212.60567934670883,215.46449214198623,471353
1978-03-29,215.46449214198623,215.46449214198623,206.9570454799085,207.3911320194128,389599
1978-03-30,207.3911320194128,211.24962722000035,206.36259291414598,209.35638536085378,466514
1978-03-31,209.35638536085378,216.63470468244114,209.35638536085378,214.7369573559634,373442
1978-04-03,214.7369573559634,214.7369573559634,209.7648756973267,209.82057600337825,619135
1978-04-04,209.82057600337825,218.10427352035433,209.82057600337825,216.42198173934636,446724
1978-04-05,216.42198173934636,218.31793491167534,214.49776757679774,215.17717514101068,709472
1978-04-06,215.17717514101068,227.05780432858617,215.17717514101068,224.02986875555789,506737
1978-04-07,224.02986875555789,225.62366564630057,219.4294296882328,222.63511367851558,439589
1978-04-10,222.63511367851558,228.30211384961592,222.63511367851558,227.2477535088442,596077
1978-04-11,227.2477535088442,227.2477535088442,225.4734631247142,225.96347739690083,536749
1978-04-12,225.96347739690083,233.96962541658792,225.96347739690083,232.54576831739945,623100
1978-04-13,232.54576831739945,232.54576831739945,219.89946003854206,222.29607482610152,508482
1978-04-14,222.29607482610152,228.019819341776,222.29607482610152,226.0352432842477,433821
1978-04-17,226.0352432842477,236.00775491240415,226.0352432842477,232.55165868819887,452832
1978-04-18,232.55165868819887,238.8186618641204,232.55165868819887,237.7304683403195,571146
1978-04-19,237.7304683403195,247.35909934253672,237.7304683403195,247.1289224955677,525642
1978-04-20,247.1289224955677,255.54921304360823,247.1289224955677,251.93749502552265,416119
1978-04-21,251.93749502552265,251.93749502552265,237.05971821427084,238.54771675239556,485367
1978-04-24,238.54771675239556,238.54771675239556,225.9231778271075,228.5539725798521,546384
1978-04-25,228.5539725798521,235.6930924947318,228.5539725798521,232.99622900102887,508597
1978-04-26,232.99622900102887,235.41590867357783,231.19884730582064,233.179471687943,454243
1978-04-27,233.179471687943,239.64946255253858,233.179471687943,237.96883151518554,575392
1978-04-28,237.96883151518554,237.96883151518554,226.60398688356477,229.133466162079,474691
1978-05-01,229.133466162079,243.63290086921393,229.133466162079,241.85945927105547,551826
1978-05-02,241.85945927105547,241.85945927105547,237.4313314203307,240.1102004877596,627653
1978-05-03,240.1102004877596,246.54259584775724,240.1102004877596,243.50488668899868,541818
1978-05-04,243.50488668899868,252.70654403544378,243.50488668899868,249.70826160240293,629837
1978-05-05,249.70826160240293,254.18835055140573,249.55024953414335,250.662381185105,484653
1978-05-08,250.662381185105,250.662381185105,243.34409190004266,246.73094214630387,583419
1978-05-09,246.73094214630387,259.67947788343815,246.73094214630387,256.9751913553566,505749
1978-05-10,256.9751913553566,260.51110250604614,256.9751913553566,259.8935744477583,602149
1978-05-11,259.8935744477583,263.07526210418735,259.31249749290464,260.12207622124595,360595
1978-05-12,260.12207622124595,266.1759683939522,260.12207622124595,265.3511383111422,598764
1978-05-15,265.3511383111422,272.93491572178544,265.3511383111422,271.3664699533276,498140
1978-05-16,271.3664699533276,274.34889441740273,269.1338855322859,271.07262991655153,354640
1978-05-17,271.07262991655153,271.07262991655153,267.07530070407114,270.4558343729352,565427
1978-05-18,270.4558343729352,276.8012840458971,270.4558343729352,273.19196574252976,525455
1978-05-19,273.19196574252976,283.4988789024702,273.19196574252976,280.3654567390863,528686
1978-05-22,280.3654567390863,293.3313972600798,280.3654567390863,290.93936821019037,530923
1978-05-23,290.93936821019037,296.06515269549345,290.93936821019037,295.2515394174266,567099
1978-05-24,295.2515394174266,295.2515394174266,283.66130234447445,286.5301914152151,689570
1978-05-25,286.5301914152151,290.2453472005206,285.5141345688678,288.649928298354,446517
1978-05-26,288.649928298354,288.649928298354,280.20202887607144,283.2078356639217,472831
1978-05-29,283.2078356639217,283.2078356639217,273.4559554095061,274.1703654408908,494844
1978-05-30,274.1703654408908,274.1703654408908,267.60707720761025,270.17215871917614,550745
1978-05-31,270.17215871917614,284.9658008039767,270.17215871917614,282.9117397598333,478732
1978-06-01,282.9117397598333,282.9117397598333,279.2549798726859,280.03685246370736,458568
1978-06-02,280.03685246370736,281.73222894670107,276.2853385398779,279.4906189878544,388946
1978-06-05,279.4906189878544,280.5260638667184,275.6525673296313,277.6745739983364,512234
1978-06-06,277.6745739983364,278.0250540692315,273.82015328539575,275.9398538482092,492297
1978-06-07,275.9398538482092,275.9398538482092,269.2039210861443,271.73786842766486,459298
1978-06-08,271.73786842766486,271.73786842766486,265.50307955588073,268.068195694869,495846
1978-06-09,268.068195694869,275.11795210795333,268.068195694869,272.1591176556604,506195
1978-06-12,272.1591176556604,280.84698962406054,272.1591176556604,280.54067029490625,488140
1978-06-13,280.54067029490625,280.54067029490625,277.74719054977953,278.32621911229813,490743
1978-06-14,278.32621911229813,279.40843318490397,276.5669923602897,277.82831693496803,576662
1978-06-15,277.82831693496803,277.82831693496803,269.2652510266973,269.67409202048754,534470
1978-06-16,269.67409202048754,269.67409202048754,262.3110692639689,263.1317782646255,388620
1978-06-19,263.1317782646255,263.1317782646255,256.67731792002354,260.542967716772,575525
1978-06-20,260.542967716772,267.27608305243837,260.542967716772,264.3389050306572,443216
1978-06-21,264.3389050306572,268.165027587113,264.2566752843749,267.37946183031244,499325
1978-06-22,267.37946183031244,272.51221636916586,266.72057927942313,270.7110944395255,431223
1978-06-23,270.7110944395255,270.7110944395255,268.4886237685724,269.7589938563149,547060
1978-06-26,269.7589938563149,269.9029241088753,268.5555984975881,268.9748019752025,611391
1978-06-27,268.9748019752025,273.42326710483144,268.9748019752025,271.8803443287291,582683
1978-06-28,271.8803443287291,273.0071931496317,268.7158151456979,271.56900961081254,564443
1978-06-29,271.56900961081254,271.56900961081254,263.36915510053956,263.78140195817497,464742
1978-06-30,263.78140195817497,263.78140195817497,257.0717719263113,258.85807235647985,436433
1978-07-03,258.85807235647985,268.2587438106731,258.85807235647985,266.5452960986539,586903
1978-07-04,266.5452960986539,271.6359044902441,266.5452960986539,269.3859884395446,486765
1978-07-05,269.3859884395446,283.07107742048953,269.3859884395446,279.85083755086356,506555
1978-07-06,279.85083755086356,286.0233694424749,279.85083755086356,283.00071050823544,577430
1978-07-07,283.00071050823544,284.20993578132783,282.5364727747481,283.4327978559841,555162
1978-07-10,283.4327978559841,303.69584230752065,283.4327978559841,301.33539587278193,501755
1978-07-11,301.33539587278193,301.33539587278193,295.755041193096,299.34568832654435,486620
1978-07-12,299.34568832654435,302.1285602018387,296.7976410286903,297.78114505582545,576718
1978-07-13,297.78114505582545,302.5389009956627,297.78114505582545,300.91408798987464,588904
1978-07-14,300.91408798987464,317.40747848103155,300.91408798987464,312.7690249975711,436767
1978-07-17,312.7690249975711,318.4590710992674,312.7690249975711,317.0257154056671,553055
1978-07-18,317.0257154056671,317.0257154056671,302.5482421911123,303.84570104628153,436755
1978-07-19,303.84570104628153,306.2523512316176,300.47879322952707,303.6736149075358,453472
1978-07-20,303.6736149075358,303.6736149075358,300.6237535244564,302.54543081123455,610642
1978-07-21,302.54543081123455,314.542708683597,302.54543081123455,313.5926462580477,487953
1978-07-24,313.5926462580477,313.5926462580477,299.86874001067747,300.0141920536481,572781
1978-07-25,300.0141920536481,308.0240493323864,300.0141920536481,303.53353665739337,532176
1978-07-26,303.53353665739337,305.6508864016738,297.6660196133945,301.4815995522399,472850
1978-07-27,301.4815995522399,301.4815995522399,296.8109424119446,299.64337777254855,642283
1978-07-28,299.64337777254855,308.6316478848848,299.64337777254855,308.06742096214606,462955
1978-07-31,308.06742096214606,316.04631643231824,308.06742096214606,312.4994141618711,378040
1978-08-01,312.4994141618711,312.4994141618711,306.418175460062,310.4823809186349,488566
1978-08-02,310.4823809186349,312.0027987947975,304.9537925285498,308.9149282211112,403943
1978-08-03,308.9149282211112,308.9149282211112,296.6424140921007,297.23903226288337,654315
1978-08-04,297.23903226288337,297.23903226288337,292.4248542151116,294.5036790854784,438546
1978-08-07,294.5036790854784,294.5036790854784,277.157049452609,280.9887325990492,493870
1978-08-08,280.9887325990492,280.9887325990492,275.17179648329244,277.13483018524187,602789
1978-08-09,277.13483018524187,295.875784500083,277.13483018524187,291.6878049209331,467930
1978-08-10,291.6878049209331,292.9244326470985,291.6878049209331,292.0256629993022,381402
1978-08-11,292.0256629993022,293.4211744568016,290.12058586588745,291.496968548583,422695
1978-08-14,291.496968548583,297.2554207233687,291.496968548583,295.2301360336068,502885
1978-08-15,295.2301360336068,300.02933967130963,292.7891290515573,296.3429545717358,427946
1978-08-16,296.3429545717358,309.2657536709425,296.3429545717358,306.10572991961544,507405
1978-08-17,306.10572991961544,315.8455686065918,306.10572991961544,311.5914491667659,396773
1978-08-18,311.5914491667659,317.8502468141252,311.5914491667659,313.55594750657946,427889
1978-08-21,313.55594750657946,316.9066204425836,313.55594750657946,315.94926532155847,568433
1978-08-22,315.94926532155847,316.1408949887822,310.5312914742125,311.6708936834168,490946
1978-08-23,311.6708936834168,311.6708936834168,304.91078114839206,309.07674565443614,474040
1978-08-24,309.07674565443614,309.07674565443614,304.6845811655653,305.5775257720736,576799
1978-08-25,305.5775257720736,305.5775257720736,301.101962948501,301.22794222178356,471807
1978-08-28,301.22794222178356,305.7213139767123,301.22794222178356,303.5966897439819,409068
1978-08-29,303.5966897439819,316.65571413430445,303.5966897439819,314.19062369628114,501526
1978-08-30,314.19062369628114,318.1885014277974,308.9967493883505,313.6839022295837,611367
1978-08-31,313.6839022295837,313.6839022295837,306.51829831396583,309.4865178174657,484354
1978-09-01,309.4865178174657,324.96444245510736,309.4865178174657,321.95032729017754,610577
1978-09-04,321.95032729017754,321.95032729017754,317.11946839039405,320.47722502463154,523135
1978-09-05,320.47722502463154,320.47722502463154,307.4656065009488,309.6289673735632,561983
1978-09-06,309.6289673735632,328.0838294171152,309.6289673735632,327.2697267158707,429499
1978-09-07,327.2697267158707,327.2697267158707,315.46130954184804,317.87733781301307,530293
1978-09-08,317.87733781301307,332.50294374173257,317.87733781301307,329.52042524078115,480608
1978-09-11,329.52042524078115,345.47182761607695,329.52042524078115,340.4963269471828,445830
1978-09-12,340.4963269471828,340.4963269471828,321.4401474095779,324.44851752652994,564168
1978-09-13,324.44851752652994,324.44851752652994,313.5446406088365,317.19948462080606,535753
1978-09-14,317.19948462080606,317.19948462080606,309.70490907604545,314.0660109762833,487940
1978-09-15,314.0660109762833,321.9670531596956,314.0660109762833,319.33468466142875,486068
1978-09-18,319.33468466142875,319.33468466142875,309.8619556146014,313.9025482527291,518972
1978-09-19,313.9025482527291,313.9025482527291,307.8352657408239,310.4965606532754,526913
1978-09-20,310.4965606532754,310.4965606532754,298.94629876764697,301.97298233361846,475737
1978-09-21,301.97298233361846,313.73396913031775,301.97298233361846,312.03204982260377,527691
1978-09-22,312.03204982260377,315.5482191262169,309.1063766235175,311.0798844554886,512141
1978-09-25,311.0798844554886,314.7343982477329,309.9510545325941,310.88516051726566,569022
1978-09-26,310.88516051726566,310.88516051726566,300.8460985972053,300.8724533127321,400058
1978-09-27,300.8724533127321,308.36042209069797,299.52567712191,304.06905750201116,647697
1978-09-28,304.06905750201116,304.06905750201116,296.36942168049706,297.9537960454314,419197
1978-09-29,297.9537960454314,297.9537960454314,284.70682320330906,288.68417720633073,583968
1978-10-02,288.68417720633073,290.5634898767026,287.23131324283656,290.15894036086064,458716
1978-10-03,290.15894036086064,297.9786016701076,289.5152401985655,293.60619184515775,493973
1978-10-04,293.60619184515775,299.7342115696505,293.60619184515775,299.3879460192975,463331
1978-10-05,299.3879460192975,322.8240939478303,299.3879460192975,320.8723592532016,520491
1978-10-06,320.8723592532016,328.5689777465075,320.8723592532016,328.14237001560036,445926
1978-10-09,328.14237001560036,342.62324551345836,328.14237001560036,340.2636346824601,451830
1978-10-10,340.2636346824601,355.6554816415161,340.2636346824601,350.7639661764877,449225
1978-10-11,350.7639661764877,366.27926998320623,350.7639661764877,364.0153685779929,404244
1978-10-12,364.0153685779929,364.0153685779929,353.9563040871071,358.1131958027127,463094
1978-10-13,358.1131958027127,359.7030031546365,354.3504706180519,359.62280799215154,603828
1978-10-16,359.62280799215154,369.3844925243195,359.62280799215154,364.67748218897,384497
1978-10-17,364.67748218897,383.7645614589406,364.67748218897,380.04364925019706,505001
1978-10-18,380.04364925019706,390.84949132335055,380.04364925019706,385.58191696868084,464257
1978-10-19,385.58191696868084,393.77201116563805,383.4958709900774,389.0959531606068,387921
1978-10-20,389.0959531606068,389.9854061391006,382.9314163450994,385.1972111532626,437586
1978-10-23,385.1972111532626,385.1972111532626,378.81842812253706,382.36229015529807,530909
1978-10-24,382.36229015529807,382.36229015529807,376.30923274814444,379.2650935664683,508326
1978-10-25,379.2650935664683,379.2650935664683,366.6802980843252,370.2207571023344,595602
1978-10-26,370.2207571023344,388.72873973546996,370.2207571023344,388.43208268938423,467137
1978-10-27,388.43208268938423,398.5901530570589,388.43208268938423,394.064682650753,396227
1978-10-30,394.064682650753,397.2445237788478,387.5657531524474,391.9774452998901,293976
1978-10-31,391.9774452998901,391.9774452998901,365.75722157751215,369.48452819379963,524431
1978-11-01,369.48452819379963,394.74810044530716,369.48452819379963,389.33450886029516,561650
1978-11-02,389.33450886029516,389.33450886029516,382.6011155561131,384.2485246087601,487799
1978-11-03,384.2485246087601,386.54085963493725,381.54368732987575,385.6777640357302,585239
1978-11-06,385.6777640357302,389.9101772782437,385.6777640357302,387.19447739435526,542134
1978-11-07,387.19447739435526,394.4185582477055,387.1097528872385,391.186445849401,532427
1978-11-08,391.186445849401,391.186445849401,384.217240358332,387.57939509177476,576053
1978-11-09,387.57939509177476,387.57939509177476,376.0872584595213,376.34980927020666,448670
1978-11-10,376.34980927020666,376.34980927020666,370.58374693428624,373.09250053635145,642208
1978-11-13,373.09250053635145,373.09250053635145,353.09145029447325,354.5430039516169,546964
1978-11-14,354.5430039516169,354.5430039516169,344.1003927893198,348.4502698819457,482922
1978-11-15,348.4502698819457,363.32744131257374,348.4502698819457,362.1049872870516,468465
1978-11-16,362.1049872870516,362.1049872870516,345.0136707049389,347.7243431370141,529890
1978-11-17,347.7243431370141,347.7243431370141,342.8832580899572,346.5323170454642,475638
1978-11-20,346.5323170454642,367.9604986312021,346.5323170454642,367.0709485722203,610153
1978-11-21,367.0709485722203,367.0709485722203,364.10586250274514,365.0130163524528,409951
1978-11-22,365.0130163524528,365.0130163524528,357.201043566541,359.87109544015016,320799
1978-11-23,359.87109544015016,371.8204676441604,359.87109544015016,369.610703058522,591576
1978-11-24,369.610703058522,372.6241324982461,367.2651908295478,371.6671194160065,542326
1978-11-27,371.6671194160065,382.37480037707184,371.6671194160065,379.51436486263094,540206
1978-11-28,379.51436486263094,379.51436486263094,369.3679931458212,374.49528853088395,586367
1978-11-29,374.49528853088395,374.49528853088395,361.4736655397998,363.05338651423045,641364
1978-11-30,363.05338651423045,372.8008410157968,363.05338651423045,372.0851994335675,439552
1978-12-01,372.0851994335675,394.6254533770291,372.0851994335675,391.74490557369126,453180
1978-12-04,391.74490557369126,391.74490557369126,357.121739162961,361.5967413056679,452178
1978-12-05,361.5967413056679,365.5480544081585,361.5967413056679,362.09155228673023,383845
1978-12-06,362.09155228673023,369.96862966160495,362.09155228673023,368.54891321918274,660129
1978-12-07,368.54891321918274,371.4035617341279,365.88153233226643,369.47079110694085,385315
1978-12-08,369.47079110694085,369.47079110694085,358.67023671480615,362.08907221863365,596713
1978-12-11,362.08907221863365,371.3504786613203,362.08907221863365,366.3995008119582,508146
1978-12-12,366.3995008119582,372.24105159515693,366.3995008119582,369.87653012513874,508180
1978-12-13,369.87653012513874,369.87653012513874,360.3686424923033,365.23455681582055,426978
1978-12-14,365.23455681582055,365.23455681582055,353.40969826256463,354.29785962932044,528372
1978-12-15,354.29785962932044,354.7924400373756,350.57395435915,352.4229483376465,493483
1978-12-18,352.4229483376465,359.02808444984123,352.4229483376465,356.5595723166531,605080
1978-12-19,356.5595723166531,356.5595723166531,348.0319828762259,351.49410061999663,572102
1978-12-20,351.49410061999663,352.85353617573605,345.12251523061957,348.88926195797995,458876
1978-12-21,348.88926195797995,355.7567068983146,348.88926195797995,355.13574561585284,458375
1978-12-22,355.13574561585284,355.13574561585284,342.7908979792029,345.69823798185985,490109
1978-12-25,345.69823798185985,351.7224189580989,344.28713332309553,348.4690360233365,474424
1978-12-26,348.4690360233365,348.4690360233365,338.4437540837391,342.4424523276742,597393
1978-12-27,342.4424523276742,342.4424523276742,334.9875861576884,336.5354955783924,537928
1978-12-28,336.5354955783924,340.5195636894511,336.5354955783924,339.3997453073464,507667
1978-12-29,339.3997453073464,341.12186537353165,332.503545879425,337.06305400571455,581356
1979-01-01,337.06305400571455,343.60947540879374,335.73078071306503,339.53948525140765,430875
1979-01-02,339.53948525140765,351.81815142200196,339.53948525140765,347.8793404871471,556986
1979-01-03,347.8793404871471,352.7231879132312,346.50608356801354,349.29915068867405,348119
1979-01-04,349.29915068867405,349.29915068867405,334.86291557679806,339.55497035798936,607151
1979-01-05,339.55497035798936,353.451849320404,339.55497035798936,349.3675506242663,413465
1979-01-08,349.3675506242663,349.3675506242663,338.9571051847631,342.47191367082775,676126
1979-01-09,342.47191367082775,357.6207551743955,342.47191367082775,354.6233448061466,669052
1979-01-10,354.6233448061466,363.93612129302596,354.6233448061466,360.86974987473474,561758
1979-01-11,360.86974987473474,372.8388581409567,360.86974987473474,369.8196471372851,507609
1979-01-12,369.8196471372851,369.8196471372851,357.5365665189308,360.799136355048,561907
1979-01-15,360.799136355048,360.799136355048,353.3486452967362,353.7257915573801,360493
1979-01-16,353.7257915573801,353.8838589767172,350.71967699002755,351.8761884479822,601710
1979-01-17,351.8761884479822,351.8761884479822,344.62448522107843,347.7624639081715,606280
1979-01-18,347.7624639081715,368.798223575368,347.7624639081715,363.87600605649436,331624
1979-01-19,363.87600605649436,363.95049507544104,353.93795152216325,358.9305936384509,452664
1979-01-22,358.9305936384509,363.84350121300844,356.728613069894,359.15998105877753,435768
1979-01-23,359.15998105877753,359.15998105877753,351.24009130072415,354.7829949004036,520245
1979-01-24,354.7829949004036,365.711581498435,354.7829949004036,361.82463638537075,556308
1979-01-25,361.82463638537075,378.8335113048857,361.82463638537075,374.60267136049043,518583
1979-01-26,374.60267136049043,374.60267136049043,364.2485850859485,368.9179890083095,511232
1979-01-29,368.9179890083095,368.9179890083095,360.40000084823095,363.68804319931775,437702
1979-01-30,363.68804319931775,384.8872364104251,363.68804319931775,382.05655654260033,634260
1979-01-31,382.05655654260033,393.69389037974173,382.05655654260033,391.64038748502736,517197
1979-02-01,391.64038748502736,391.64038748502736,386.0434647728215,388.28523400273025,648384
1979-02-02,388.28523400273025,395.13007192430496,388.28523400273025,390.5787638702506,475158
1979-02-05,390.5787638702506,390.5787638702506,371.51427614638,374.9006256857151,541749
1979-02-06,374.9006256857151,381.87537505068326,374.9006256857151,381.52621157070564,543482
1979-02-07,381.52621157070564,382.74236209555744,378.72213498611484,379.9970266846667,459484
1979-02-08,379.9970266846667,389.5271177137124,379.9970266846667,386.6183701993118,433455
1979-02-09,386.6183701993118,389.99704405120843,381.16470740381413,385.50695563737094,244907
1979-02-12,385.50695563737094,394.4600760635882,385.50695563737094,392.2517292870886,594638
1979-02-13,392.2517292870886,395.5108623256445,391.6711055544087,394.92875375803766,536798
1979-02-14,394.92875375803766,416.50321273060104,394.92875375803766,415.04021052048313,527147
1979-02-15,415.04021052048313,418.93664188047654,414.53083230670774,418.5821693298498,653340
1979-02-16,418.5821693298498,423.1915944298053,415.20904341105086,420.5826152805626,491224
1979-02-19,420.5826152805626,449.9739897466502,420.5826152805626,445.2747351775479,483253
1979-02-20,445.2747351775479,468.45123649017887,445.2747351775479,462.91555876464616,471968
1979-02-21,462.91555876464616,462.91555876464616,451.2090526828332,454.90856052134666,564126
1979-02-22,454.90856052134666,454.90856052134666,446.8693307431254,449.20965244774663,401403
1979-02-23,449.20965244774663,453.5925146083776,449.20965244774663,449.7619776991625,644327
1979-02-26,449.7619776991625,459.04733479526243,449.7619776991625,452.5461593360485,352481
1979-02-27,452.5461593360485,470.66850086672434,452.5461593360485,465.6565183475932,530129
1979-02-28,465.6565183475932,492.1224369666405,465.6565183475932,487.69644517771735,567281
1979-03-01,487.69644517771735,509.0353235220217,487.69644517771735,505.76452490863005,566511
1979-03-02,505.76452490863005,510.837106637455,497.5937252650156,504.9757142888491,518278
1979-03-05,504.9757142888491,504.9757142888491,493.3916199178143,496.62116453028744,539328
1979-03-06,496.62116453028744,508.922952684066,496.62116453028744,506.99563703782616,604388
1979-03-07,506.99563703782616,510.1390734150221,505.17938584675676,506.9209961843518,386397
1979-03-08,506.9209961843518,542.2392339189182,506.9209961843518,536.3529560656118,648365
1979-03-09,536.3529560656118,537.2281817094379,531.4649284037532,537.1488656437534,514992
1979-03-12,537.1488656437534,537.1488656437534,528.809241980673,531.032196014103,377776
1979-03-13,531.032196014103,531.032196014103,509.4329230647003,515.5257551099943,418540
1979-03-14,515.5257551099943,521.2935175809204,514.8451029195497,515.1707488449927,433651
1979-03-15,515.1707488449927,515.1707488449927,505.85039198090936,507.20846124275243,498349
1979-03-16,507.20846124275243,512.1833365383869,498.8710620023842,505.86524510707994,498145
1979-03-19,505.86524510707994,505.86524510707994,494.2547542435948,497.14730585081264,531858
1979-03-20,497.14730585081264,497.14730585081264,487.63564897981473,489.4973888867598,519108
1979-03-21,489.4973888867598,494.8379652601105,485.18653170093256,490.78219507343437,485238
1979-03-22,490.78219507343437,497.79174978124786,490.78219507343437,492.637912590274,432684
1979-03-23,492.637912590274,500.2166875763341,492.637912590274,495.6628873702891,380171
1979-03-26,495.6628873702891,497.93646782666093,487.99663138575073,494.90893347752285,528376
1979-03-27,494.90893347752285,494.90893347752285,467.82674420180734,472.17310034451157,532665
1979-03-28,472.17310034451157,495.1280971693834,472.17310034451157,489.54323687272887,511565
1979-03-29,489.54323687272887,490.25531045905495,480.2673816304055,486.3018226933758,501573
1979-03-30,486.3018226933758,498.60389127822725,486.3018226933758,496.91598054797436,532546
1979-04-02,496.91598054797436,498.01424395045166,488.3391358754554,494.35371811504757,552725
1979-04-03,494.35371811504757,502.98600987589197,492.2887674651314,497.84177596886894,463567
1979-04-04,497.84177596886894,497.84177596886894,477.24481243404,482.6883609219527,673706
1979-04-05,482.6883609219527,499.39521505054165,482.6883609219527,493.35327621854947,518906
1979-04-06,493.35327621854947,493.35327621854947,466.5833411007167,470.55261041600113,559400
1979-04-09,470.55261041600113,470.55261041600113,461.2281473765106,463.8008716217158,552688
1979-04-10,463.8008716217158,479.4381150023205,463.8008716217158,478.67487807096995,528695
1979-04-11,478.67487807096995,497.0759837051344,478.67487807096995,490.121844100105,596846
1979-04-12,490.121844100105,490.121844100105,470.2741132595604,476.5168829487747,433074
1979-04-13,476.5168829487747,481.4033313292987,476.30072683881843,480.99849908884164,592909
1979-04-16,480.99849908884164,497.0549849690159,480.99849908884164,489.92568021568695,547097
1979-04-17,489.92568021568695,489.92568021568695,478.5984004137391,481.6942371078939,491121
1979-04-18,481.6942371078939,481.6942371078939,472.8683520625917,478.02455788501754,545284
1979-04-19,478.02455788501754,498.857460820486,478.02455788501754,491.7469310417188,523948
1979-04-20,491.7469310417188,491.7469310417188,482.21218514302427,484.17295186409086,507591
1979-04-23,484.17295186409086,491.99324386933193,484.17295186409086,488.67659898652016,489057
1979-04-24,488.67659898652016,496.8780420910916,488.67659898652016,495.9886542370177,580155
1979-04-25,495.9886542370177,501.6721718001312,490.3668653167504,497.453017609807,537181
1979-04-26,497.453017609807,503.68477105557366,496.9617340171084,502.420783927792,417714
1979-04-27,502.420783927792,502.420783927792,494.06223434181675,495.83679388022534,594094
1979-04-30,495.83679388022534,499.33595899837337,495.45125485765885,496.13702595269154,539981
1979-05-01,496.13702595269154,514.1431306127954,496.13702595269154,507.6307885970238,446555
1979-05-02,507.6307885970238,515.8177703048094,507.6307885970238,515.4748681370552,534586
1979-05-03,515.4748681370552,520.0061562268017,513.3038286899715,517.1624184856726,626782
1979-05-04,517.1624184856726,517.1624184856726,496.61716105772,500.94381176973695,466472
1979-05-07,500.94381176973695,518.7901504526073,500.94381176973695,518.3799389454481,523761
1979-05-08,518.3799389454481,518.3799389454481,488.0003193298756,490.39521118389064,649906
1979-05-09,490.39521118389064,490.39521118389064,471.1047595594826,476.85696409841967,590202
1979-05-10,476.85696409841967,489.722289572452,476.85696409841967,484.394462037594,549056
1979-05-11,484.394462037594,492.56226958574257,479.72356853046614,485.77188124716304,575040
1979-05-14,485.77188124716304,485.77188124716304,471.2633201887446,477.1180226619691,508409
1979-05-15,477.1180226619691,499.97416906323934,477.1180226619691,494.17725017978967,556864
1979-05-16,494.17725017978967,494.17725017978967,485.9713720491884,490.142895760559,475146
1979-05-17,490.142895760559,493.5189410816317,487.2935985012699,489.11145700338744,500633
1979-05-18,489.11145700338744,489.11145700338744,467.82881110642757,468.6824326330579,489565
1979-05-21,468.6824326330579,474.7566484159757,466.5244601217078,468.34444202657164,360159
1979-05-22,468.34444202657164,483.5244123186769,468.34444202657164,477.9162219488291,504369
1979-05-23,477.9162219488291,486.5210981863806,477.9162219488291,484.8379835091883,436969
1979-05-24,484.8379835091883,496.4608046766399,484.8379835091883,491.8162890427859,522201
1979-05-25,491.8162890427859,521.2038468218559,491.8162890427859,520.1700771416506,501518
1979-05-28,520.1700771416506,541.4065259316627,520.1700771416506,540.5685820333666,527297
1979-05-29,540.5685820333666,551.863211262032,540.5685820333666,543.8757269642907,555496
1979-05-30,543.8757269642907,543.8757269642907,517.85131472094,522.4287283792056,638722
1979-05-31,522.4287283792056,522.4287283792056,508.9125195323179,509.9526879407587,453488
1979-06-01,509.9526879407587,520.3123987412145,506.1370996171355,513.6781676745554,415488
1979-06-04,513.6781676745554,536.3250406244331,513.6781676745554,529.9667312027068,320047
1979-06-05,529.9667312027068,529.9667312027068,508.74858761186044,513.6208941759231,425263
1979-06-06,513.6208941759231,513.6208941759231,497.48167969052764,498.56570977571596,377609
1979-06-07,498.56570977571596,498.56570977571596,488.9948931967461,493.86168781169494,506813
1979-06-08,493.86168781169494,516.2513577525581,493.86168781169494,508.9286857523383,558055
1979-06-11,508.9286857523383,530.2418840829763,508.9286857523383,529.6095363927797,456391
1979-06-12,529.6095363927797,563.4009078853447,529.6095363927797,555.0815469146544,524545
1979-06-13,555.0815469146544,555.0815469146544,531.7114353048846,537.0492870646617,540634
1979-06-14,537.0492870646617,537.0492870646617,502.9810944765899,510.55706309953723,437203
1979-06-15,510.55706309953723,510.55706309953723,499.6465434680642,500.0765250078831,629368
1979-06-18,500.0765250078831,511.3216996681524,500.0765250078831,509.142787536332,519515
1979-06-19,509.142787536332,511.1470349785948,501.9604698811657,506.25220004991735,459189
1979-06-20,506.25220004991735,526.5139795499955,506.25220004991735,523.6217674691687,357093
1979-06-21,523.6217674691687,548.3448886095348,523.6217674691687,540.3117481848286,522754
1979-06-22,540.3117481848286,542.8892024319676,531.7070818217495,539.7225523439855,507134
1979-06-25,539.7225523439855,554.4080898992041,539.7225523439855,547.6776573415968,365569
1979-06-26,547.6776573415968,555.3383741265937,547.6776573415968,551.8988479730486,490795
1979-06-27,551.8988479730486,573.1288240780709,551.8988479730486,570.1691827437279,465972
1979-06-28,570.1691827437279,570.1691827437279,556.0150322117581,560.4255755107071,469185
1979-06-29,560.4255755107071,567.1631177489729,559.9534098746005,563.3911256117574,590962
1979-07-02,563.3911256117574,580.7428106811419,563.3911256117574,578.9813988788684,674030
1979-07-03,578.9813988788684,578.9813988788684,552.2270031480962,553.3833479657875,502324
1979-07-04,553.3833479657875,553.3833479657875,537.1681559861639,540.8134745872042,412833
1979-07-05,540.8134745872042,540.8134745872042,524.6581275326366,531.9852676127636,477239
1979-07-06,531.9852676127636,542.8920896534762,529.7958895741873,537.4133361708941,500396
1979-07-09,537.4133361708941,537.4133361708941,503.47892280946,511.08486763267047,599705
1979-07-10,511.08486763267047,511.08486763267047,487.7601272267229,491.78033863902374,384114
1979-07-11,491.78033863902374,506.62109921754075,491.78033863902374,505.715426814637,590825
1979-07-12,505.715426814637,528.5974588341386,505.715426814637,525.9269883611245,489593
1979-07-13,525.9269883611245,525.9269883611245,517.5257382193206,523.5023360176049,484503
1979-07-16,523.5023360176049,541.3627974696138,523.5023360176049,540.2670561440249,498088
1979-07-17,540.2670561440249,551.8060850888016,540.2670561440249,547.9895488453457,530077
1979-07-18,547.9895488453457,547.9895488453457,525.2816936886059,526.0368809751883,631585
1979-07-19,526.0368809751883,548.4444247583136,526.0368809751883,542.3092764661835,419353
1979-07-20,542.3092764661835,548.4368785432338,539.2273841561068,544.6768998814945,417773
1979-07-23,544.6768998814945,544.6768998814945,519.570795964224,524.8371589244556,601694
1979-07-24,524.8371589244556,524.8371589244556,501.7043463096253,503.31262644874994,448747
1979-07-25,503.31262644874994,503.31262644874994,485.78687050251517,491.22205188823597,402033
1979-07-26,491.22205188823597,491.22205188823597,479.8808762403513,481.9637888536341,548289
1979-07-27,481.9637888536341,481.9637888536341,468.7535984581697,468.93748123857233,503023
1979-07-30,468.93748123857233,482.18744951271026,468.93748123857233,480.53386404559734,687312
1979-07-31,480.53386404559734,480.53386404559734,475.1856785010845,477.5295598292628,509089
1979-08-01,477.5295598292628,490.26606720159253,477.5295598292628,490.2358087903851,505633
1979-08-02,490.2358087903851,490.2358087903851,467.6612797539022,471.3722344305322,560194
1979-08-03,471.3722344305322,472.8229056932298,468.10251785346355,469.7533025853552,519844
1979-08-06,469.7533025853552,472.9083645888703,464.60212126107564,465.99898642834705,497703
1979-08-07,465.99898642834705,465.99898642834705,454.5241277059132,459.98645574866464,477289
1979-08-08,459.98645574866464,472.3314069421049,459.98645574866464,466.6413212760117,453937
1979-08-09,466.6413212760117,485.706363475018,466.6413212760117,479.5917152034283,614911
1979-08-10,479.5917152034283,492.7656713217159,479.5917152034283,489.0912024881361,596002
1979-08-13,489.0912024881361,489.0912024881361,480.47211682976933,484.21521134154636,512195
1979-08-14,484.21521134154636,488.2174730449421,477.6035455012524,481.87748869109254,344347
1979-08-15,481.87748869109254,481.87748869109254,458.5524726687758,462.13845938306065,528191
1979-08-16,462.13845938306065,471.5864679254461,462.13845938306065,469.7434126185305,416768
1979-08-17,469.7434126185305,486.4628229959883,469.7434126185305,486.3812871700631,641407
1979-08-20,486.3812871700631,490.1986663259901,478.8365507294131,483.0859210454168,617163
1979-08-21,483.0859210454168,483.0859210454168,466.17424923469605,467.7393519674708,425253
1979-08-22,467.7393519674708,497.8945171763974,467.7393519674708,490.6207862350065,497506
1979-08-23,490.6207862350065,513.7911922122319,490.6207862350065,506.32501723450554,624530
1979-08-24,506.32501723450554,543.0441786977224,506.32501723450554,535.0950901370129,400519
1979-08-27,535.0950901370129,548.3773579889112,535.0950901370129,546.6413683969683,539822
1979-08-28,546.6413683969683,546.6413683969683,521.4824801851021,524.3490048342685,534212
1979-08-29,524.3490048342685,560.9352732132253,524.3490048342685,555.9418824449887,504282
1979-08-30,555.9418824449887,559.4827237236445,555.9418824449887,557.4970832252986,394344
1979-08-31,557.4970832252986,562.7746272589222,555.1299669806019,558.5945775156935,415388
1979-09-03,558.5945775156935,558.5945775156935,536.6820713313407,544.2457947684868,474515
1979-09-04,544.2457947684868,544.2457947684868,518.8216779084609,526.223134114834,364974
1979-09-05,526.223134114834,540.0691182793224,526.223134114834,537.0718181188553,461108
1979-09-06,537.0718181188553,537.0718181188553,517.5996001555942,523.715558273628,461083
1979-09-07,523.715558273628,536.2782532275297,523.715558273628,535.508736311354,580322
1979-09-10,535.508736311354,543.8399592903909,535.4380888645642,536.1289505971631,572078
1979-09-11,536.1289505971631,537.8337524773489,532.3638715386386,535.9451221476581,560903
1979-09-12,535.9451221476581,535.9451221476581,524.0637031385038,526.3442498430885,345623
1979-09-13,526.3442498430885,526.3442498430885,517.1068713391704,519.660849215665,380581
1979-09-14,519.660849215665,519.660849215665,497.7393966166517,504.48235300463284,529814
1979-09-17,504.48235300463284,515.9599871276858,504.48235300463284,511.50159004246177,588297
1979-09-18,511.50159004246177,523.8024163521435,511.50159004246177,520.5364187001362,411981
1979-09-19,520.5364187001362,527.7513899866123,517.8078081220705,522.5458130965575,504374
1979-09-20,522.5458130965575,529.4791466032935,522.5458130965575,527.9646894476449,470018
1979-09-21,527.9646894476449,546.5403520885943,527.9646894476449,540.3255031074943,458194
1979-09-24,540.3255031074943,540.3255031074943,509.8511474893174,516.6201696000452,402962
1979-09-25,516.6201696000452,535.4845000446926,516.6201696000452,531.9331732653848,552592
1979-09-26,531.9331732653848,531.9331732653848,518.7339229967902,525.5853226487665,374007
1979-09-27,525.5853226487665,525.5853226487665,509.55952004573675,514.8539914824578,502176
1979-09-28,514.8539914824578,533.7613761249759,514.8539914824578,527.7996397785066,399332
1979-10-01,527.7996397785066,527.7996397785066,517.2633877959963,522.3581396990852,508816
1979-10-02,522.3581396990852,522.3581396990852,511.5120171738006,516.8418699664206,490916
1979-10-03,516.8418699664206,534.9629137433833,516.8418699664206,532.1915159699504,473561
1979-10-04,532.1915159699504,532.1915159699504,504.1894532809009,505.4920197500853,516229
1979-10-05,505.4920197500853,510.3658640231542,500.02187374908937,506.1758780433219,523470
1979-10-08,506.1758780433219,506.1758780433219,494.2426511029597,496.36475579956414,568347
1979-10-09,496.36475579956414,496.36475579956414,484.0015030433041,484.27356130809613,439552
1979-10-10,484.27356130809613,484.27356130809613,462.72587518626193,462.9190759132635,527908
1979-10-11,462.9190759132635,478.00302166679757,462.9190759132635,472.56826228262463,512856
1979-10-12,472.56826228262463,475.64342181969295,468.1024569791712,474.98429995641453,408970
1979-10-15,474.98429995641453,474.98429995641453,464.0165730821322,464.55288906091783,469519
1979-10-16,464.55288906091783,464.55288906091783,453.15608488220494,454.35080151595815,533904
1979-10-17,454.35080151595815,461.07604731834033,450.38957205248846,456.1019589329022,454186
1979-10-18,456.1019589329022,458.40877707598383,456.1019589329022,457.5396653604815,487091
1979-10-19,457.5396653604815,463.54198613706035,455.0483531668265,460.22946617137217,452102
1979-10-22,460.22946617137217,469.3195305270722,460.22946617137217,465.4100939263635,460298
1979-10-23,465.4100939263635,465.4100939263635,445.65659420124786,448.19992170189437,553552
1979-10-24,448.19992170189437,448.19992170189437,431.75014542407405,436.25515160384543,538569
1979-10-25,436.25515160384543,436.25515160384543,423.0109897386941,427.6344751792449,372592
1979-10-26,427.6344751792449,427.6344751792449,406.35493410963056,411.25728366306106,487831
1979-10-29,411.25728366306106,441.5242479307931,411.25728366306106,436.68267090188266,473900
1979-10-30,436.68267090188266,453.2650721094763,436.68267090188266,450.7529574157861,469045
1979-10-31,450.7529574157861,450.7529574157861,439.61848493443017,440.2415944296194,551259
1979-11-01,440.2415944296194,440.2415944296194,416.03372319344004,419.2287287394111,486505
1979-11-02,419.2287287394111,419.2287287394111,413.96224930075795,417.20603435565243,509507
1979-11-05,417.20603435565243,417.20603435565243,409.18308339997793,413.3447382970889,470804
1979-11-06,413.3447382970889,421.32639170524584,413.3447382970889,416.2895512153316,501539
1979-11-07,416.2895512153316,418.12951874085314,412.8404405520018,417.51792585243606,516315
1979-11-08,417.51792585243606,417.51792585243606,395.29343299290326,396.63493301023993,474731
1979-11-09,396.63493301023993,406.38981929731517,396.63493301023993,403.20319283841854,497119
1979-11-12,403.20319283841854,404.7193937454797,397.9594954862402,402.729406620731,495680
1979-11-13,402.729406620731,402.729406620731,389.81805437089236,395.52486049973555,519445
1979-11-14,395.52486049973555,424.35413423591166,395.52486049973555,422.50815366032504,586230
1979-11-15,422.50815366032504,426.04509674506875,419.3457568456648,424.8394966074494,410910
1979-11-16,424.8394966074494,433.2836759845418,424.8394966074494,432.4765179964501,423699
1979-11-19,432.4765179964501,447.81356283302273,432.4765179964501,446.71059006992465,431509
1979-11-20,446.71059006992465,459.8456599445321,446.71059006992465,456.3744108387729,368265
1979-11-21,456.3744108387729,456.3744108387729,437.1192327146784,442.8206252410324,602043
1979-11-22,442.8206252410324,453.41782122332654,442.8206252410324,448.6684078394356,483898
1979-11-23,448.6684078394356,448.6684078394356,433.7927076873839,439.7584912182046,527998
1979-11-26,439.7584912182046,472.78269918822843,439.7584912182046,470.52824268406147,493558
1979-11-27,470.52824268406147,491.41993620027364,470.52824268406147,486.25034954774264,524524
1979-11-28,486.25034954774264,507.9137691411462,486.25034954774264,504.97126979556907,389958
1979-11-29,504.97126979556907,504.97126979556907,494.868813505207,495.91918828406074,408035
1979-11-30,495.91918828406074,508.0699220857763,495.91918828406074,507.57363920892215,484703
1979-12-03,507.57363920892215,507.57363920892215,500.0534128137831,503.31558927694175,418250
1979-12-04,503.31558927694175,522.7542214772377,503.31558927694175,517.7517830176007,473069
1979-12-05,517.7517830176007,522.2643380739595,515.4992422086091,517.3607788531373,475974
1979-12-06,517.3607788531373,517.3607788531373,509.05191787226016,516.5191072284584,591573
1979-12-07,516.5191072284584,536.442355472173,516.5191072284584,532.189935781915,427790
1979-12-10,532.189935781915,534.7988349374232,528.0078817346006,529.025344964975,609026
1979-12-11,529.025344964975,539.995203160777,529.025344964975,532.388361229887,596324
1979-12-12,532.388361229887,532.388361229887,516.7030424600341,519.366352460781,532590
1979-12-13,519.366352460781,548.722640325285,519.366352460781,545.3280254558684,594510
1979-12-14,545.3280254558684,545.3280254558684,508.80965895910174,510.37049840179145,437760
1979-12-17,510.37049840179145,546.6934597790193,510.37049840179145,540.2731248080518,575419
1979-12-18,540.2731248080518,565.8710028463393,540.2731248080518,565.2381168178017,502610
1979-12-19,565.2381168178017,568.5668947548219,554.7920903199662,560.4590964228945,582782
1979-12-20,560.4590964228945,560.4590964228945,546.1399140979257,547.905776307042,467203
1979-12-21,547.905776307042,549.5439661210485,542.0145906886866,544.81256496596,438172
1979-12-24,544.81256496596,544.81256496596,531.9454062335643,539.4365549397804,552734
1979-12-25,539.4365549397804,539.4365549397804,522.1541305256455,529.3506466905867,491430
1979-12-26,529.3506466905867,529.3506466905867,515.0834329785348,520.993536034755,506726
1979-12-27,520.993536034755,534.9265161523651,520.993536034755,527.8016756468284,507399
1979-12-28,527.8016756468284,527.8016756468284,507.30573327307644,508.16206751516734,499593
1979-12-31,508.16206751516734,525.306008380351,508.16206751516734,524.3332080612887,474244
1980-01-01,524.3332080612887,524.3332080612887,512.4427962025145,517.0813255224936,489804
1980-01-02,517.0813255224936,520.0859704540297,513.9393812990047,518.3219100977626,453166
1980-01-03,518.3219100977626,522.8530749152342,514.8252319097394,518.5625580595367,333458
1980-01-04,518.5625580595367,535.8732552363098,518.5625580595367,533.243444623349,644573
1980-01-07,533.243444623349,538.2382014054699,529.2049165095767,530.4572970552817,643663
1980-01-08,530.4572970552817,556.1254257029601,530.4572970552817,548.9317589891211,491192
1980-01-09,548.9317589891211,558.4657961005078,548.9317589891211,557.903299106985,556145
1980-01-10,557.903299106985,570.2756761582439,557.7678167651264,563.4394232912682,430894
1980-01-11,563.4394232912682,572.5747060915065,563.4394232912682,572.3708099538429,423825
1980-01-14,572.3708099538429,578.3963494052393,572.3708099538429,575.5533283549894,536990
1980-01-15,575.5533283549894,595.9718480491154,575.5533283549894,590.7613277396038,512396
1980-01-16,590.7613277396038,590.7613277396038,566.6960705353732,569.8208484803425,461234
1980-01-17,569.8208484803425,595.2666644089353,569.8208484803425,586.6827178886376,396886
1980-01-18,586.6827178886376,592.3161111718238,585.2885634953509,590.3155812022644,458796
1980-01-21,590.3155812022644,590.3155812022644,566.9030884894478,571.8418531277122,600483
1980-01-22,571.8418531277122,571.8418531277122,558.1437867846053,564.1013880295573,497430
1980-01-23,564.1013880295573,593.8711666824528,564.1013880295573,585.7111363571181,588553
1980-01-24,585.7111363571181,593.3005404814123,584.8781997536433,587.5319222473222,493567
1980-01-25,587.5319222473222,595.3451759925464,587.5319222473222,595.2700907108594,458098
1980-01-28,595.2700907108594,613.6016112596382,595.2700907108594,608.2086814771816,547470
1980-01-29,608.2086814771816,630.5773153105177,608.2086814771816,624.5620882066246,544741
1980-01-30,624.5620882066246,646.9131719053805,624.5620882066246,642.6638127216959,561512
1980-01-31,642.6638127216959,642.6638127216959,623.6511910512385,625.2915580509201,418817
1980-02-01,625.2915580509201,630.7609150713974,625.2915580509201,629.8757462312999,437645
1980-02-04,629.8757462312999,629.8757462312999,611.9270864717387,617.2696200720553,460464
1980-02-05,617.2696200720553,627.8984862280505,617.2696200720553,620.3487960956917,563096
1980-02-06,620.3487960956917,620.3487960956917,595.2260340612603,598.0680326431905,577877
1980-02-07,598.0680326431905,603.9338951491097,598.0680326431905,603.903075560045,595182
1980-02-08,603.903075560045,624.2201075418991,603.903075560045,615.97314137101,461285
1980-02-11,615.97314137101,628.8333037791734,615.97314137101,622.4311571122798,516656
1980-02-12,622.4311571122798,647.561403136196,622.4311571122798,641.5344775990808,406098
1980-02-13,641.5344775990808,656.161415501116,641.163518346278,649.311476873899,526539
1980-02-14,649.311476873899,656.1923850970112,647.7877651271031,655.9150929766377,482113
1980-02-15,655.9150929766377,673.1354271065865,655.9150929766377,667.3386768701088,476175
1980-02-18,667.3386768701088,676.2912506467784,667.3386768701088,674.7901528047466,397041
1980-02-19,674.7901528047466,674.7901528047466,666.7883028537159,673.3126872988342,582025
1980-02-20,673.3126872988342,697.7054337664304,673.3126872988342,692.2919895207809,546765
1980-02-21,692.2919895207809,692.2919895207809,661.7594813585665,662.0684925753542,647337
1980-02-22,662.0684925753542,684.1132364301644,662.0684925753542,674.9941517651364,582429
1980-02-25,674.9941517651364,705.7114264070062,674.9941517651364,700.4431505637706,584952
1980-02-26,700.4431505637706,727.0228679980343,700.4431505637706,717.2990692840855,583206
1980-02-27,717.2990692840855,748.8824494825888,717.2990692840855,741.114600040904,624987
1980-02-28,741.114600040904,753.0176163691551,741.114600040904,750.5179069294732,574816
1980-02-29,750.5179069294732,783.9080972971997,750.5179069294732,780.4776442333014,660921
1980-03-03,780.4776442333014,783.9547784245048,763.6928670972409,772.8462639458012,532340
1980-03-04,772.8462639458012,778.4682658910234,768.3614169562281,771.653727611905,532424
1980-03-05,771.653727611905,781.1305487864745,768.1796461008191,772.7538848768465,427729
1980-03-06,772.7538848768465,772.7538848768465,762.5654962842556,764.4988449169128,513128
1980-03-07,764.4988449169128,764.4988449169128,750.1948973729999,756.2827247839247,472392
1980-03-10,756.2827247839247,757.8830594541838,746.4882819764935,757.0389890047808,527339
1980-03-11,757.0389890047808,765.0236070271128,752.566098493169,759.559306063355,478767
1980-03-12,759.559306063355,759.559306063355,736.7261876701403,743.7932039686535,500325
1980-03-13,743.7932039686535,748.7877365323118,732.1042656638485,739.022218179461,567877
1980-03-14,739.022218179461,743.7820215207685,729.8615113127186,736.7316041132033,533891
1980-03-17,736.7316041132033,741.1074655526673,731.0232228847951,733.0038094517636,537360
1980-03-18,733.0038094517636,748.4504430659389,733.0038094517636,740.7858059679832,601143
1980-03-19,740.7858059679832,777.535690294665,740.7858059679832,766.5725895571642,456014
1980-03-20,766.5725895571642,766.5725895571642,753.7864151617381,757.796000509999,526512
1980-03-21,757.796000509999,757.796000509999,749.8969337160839,750.3350835040063,371111
1980-03-24,750.3350835040063,807.5765384184627,750.3350835040063,799.3848105583837,474793
1980-03-25,799.3848105583837,799.3848105583837,767.9292762361342,779.4062074190986,560171
1980-03-26,779.4062074190986,779.4062074190986,753.5816614759892,761.7058425024569,528274
1980-03-27,761.7058425024569,761.7058425024569,738.6087718924177,740.3434755200492,595609
1980-03-28,740.3434755200492,742.2654956047356,735.0383246027321,741.8765668998061,631026
1980-03-31,741.8765668998061,761.7168149201203,741.8765668998061,759.9353103645094,531123
1980-04-01,759.9353103645094,775.4977125842979,759.9353103645094,767.4683132564508,355658
1980-04-02,767.4683132564508,794.8494494393544,767.4683132564508,786.1487752091796,484062
1980-04-03,786.1487752091796,786.1487752091796,752.0588275001152,755.1747723290788,478462
1980-04-04,755.1747723290788,780.8479039569189,755.1747723290788,770.7584967826714,595447
1980-04-07,770.7584967826714,771.8531415038905,764.5777890772591,771.0422771753308,454158
1980-04-08,771.0422771753308,780.8684139727804,766.1652331312566,769.743996695485,338082
1980-04-09,769.743996695485,769.743996695485,746.9138146278026,752.6172963400603,490231
1980-04-10,752.6172963400603,759.005768757857,752.6172963400603,756.9862761739819,447195
1980-04-11,756.9862761739819,758.6326690961522,754.710628329889,757.0777264501739,465950
1980-04-14,757.0777264501739,757.0777264501739,708.0034343209395,716.8780052929055,483772
1980-04-15,716.8780052929055,716.8780052929055,684.0194817903957,688.7533802648799,531399
1980-04-16,688.7533802648799,688.7533802648799,668.703932417554,668.9878882461901,444011
1980-04-17,668.9878882461901,668.9878882461901,652.512888060273,661.2913480200233,380995
1980-04-18,661.2913480200233,661.2913480200233,626.6574567473624,631.8704560329747,433320
1980-04-21,631.8704560329747,642.1266706893247,631.8704560329747,633.6361576878948,490504
1980-04-22,633.6361576878948,633.6361576878948,613.5420763008525,619.8857211596935,409504
1980-04-23,619.8857211596935,619.8857211596935,590.2934715140539,596.0527787035793,401307
1980-04-24,596.0527787035793,596.0527787035793,580.9272155324403,583.1393579738975,494617
1980-04-25,583.1393579738975,589.475245140927,580.6915757876206,585.861980046514,508936
1980-04-28,585.861980046514,600.5086039802636,585.861980046514,597.8275118100117,522380
1980-04-29,597.8275118100117,597.8275118100117,580.7732394689796,585.2935183238955,455721
1980-04-30,585.2935183238955,592.607276475022,583.6297372087729,589.0267803154634,619630
1980-05-01,589.0267803154634,589.0267803154634,565.0984010209263,568.0739986701867,529487
1980-05-02,568.0739986701867,582.7381239370868,568.0739986701867,579.4187557008917,583043
1980-05-05,579.4187557008917,592.8586218481014,579.4187557008917,587.9285242010601,340449
1980-05-06,587.9285242010601,609.5284640314566,587.9285242010601,603.6368175958249,502838
1980-05-07,603.6368175958249,605.6720791871171,595.5487227437295,603.0723866018278,469766
1980-05-08,603.0723866018278,603.0723866018278,576.5862632019672,579.3749425384207,420722
1980-05-09,579.3749425384207,579.3749425384207,561.6887480392209,569.2687000947469,527602
1980-05-12,569.2687000947469,569.2687000947469,548.2091811379511,551.8717719638139,544098
1980-05-13,551.8717719638139,551.8717719638139,537.3933027347217,544.3241979029641,349948
1980-05-14,544.3241979029641,555.4482760309962,544.3241979029641,554.8050828469692,462399
1980-05-15,554.8050828469692,565.2469494110034,551.1224806633243,556.9320507360512,468904
1980-05-16,556.9320507360512,577.773887505316,556.9320507360512,573.5664765756089,589404
1980-05-19,573.5664765756089,585.7030728139633,573.3330173648849,579.4310030302013,577876
1980-05-20,579.4310030302013,579.4310030302013,549.3637185144244,555.0851605663224,447967
1980-05-21,555.0851605663224,558.9130363667446,550.0130820956477,555.1108964289552,448019
1980-05-22,555.1108964289552,555.1108964289552,541.2834769784088,547.0772016381252,557227
1980-05-23,547.0772016381252,547.0772016381252,520.6635020841057,525.5855044362052,462122
1980-05-26,525.5855044362052,536.2766383110086,525.5855044362052,535.6164314619951,463463
1980-05-27,535.6164314619951,540.2990775722718,532.7306407819091,533.6109177065988,354725
1980-05-28,533.6109177065988,540.129308955171,529.5098050528414,535.237972627924,551100
1980-05-29,535.237972627924,535.237972627924,520.2860398168668,523.9347477727939,474631
1980-05-30,523.9347477727939,558.4117058111176,523.9347477727939,552.8786110648706,528339
1980-06-02,552.8786110648706,561.8075203902996,552.8786110648706,560.7734218567078,478032
1980-06-03,560.7734218567078,575.0101085069244,560.7734218567078,568.9001775037686,567746
1980-06-04,568.9001775037686,574.8551603777266,567.5896728782235,574.3303070540555,481970
1980-06-05,574.3303070540555,589.7458688173512,574.3303070540555,588.6195952956156,622642
1980-06-06,588.6195952956156,622.3190099181741,588.6195952956156,617.8768199026532,645207
1980-06-09,617.8768199026532,617.8768199026532,597.7391909349706,602.5108253670904,493537
1980-06-10,602.5108253670904,602.5108253670904,577.6706352439081,585.7628660487524,505425
1980-06-11,585.7628660487524,618.2401057264617,585.7628660487524,615.65849414085,644619
1980-06-12,615.65849414085,617.6425262680075,601.2413433502252,608.8599909021972,583893
1980-06-13,608.8599909021972,608.8599909021972,581.655209058623,585.5805128047875,438648
1980-06-16,585.5805128047875,585.5805128047875,573.2132129149253,573.4577585425995,479387
1980-06-17,573.4577585425995,585.4146606431423,573.4577585425995,583.2658324926825,458846
1980-06-18,583.2658324926825,603.3705231176947,583.2658324926825,595.9571091118698,569059
1980-06-19,595.9571091118698,595.9571091118698,572.1555999946901,576.66951777032,479833
1980-06-20,576.66951777032,576.66951777032,531.9685914852957,539.8511549566199,555578
1980-06-23,539.8511549566199,539.8511549566199,532.9146561119746,534.2271547194299,564242
1980-06-24,534.2271547194299,534.2271547194299,517.1467606673428,518.61113981133,500050
1980-06-25,518.61113981133,528.1113430988993,518.61113981133,524.0371128129715,573457
1980-06-26,524.0371128129715,524.0371128129715,505.4162792462046,509.59148449549787,563152
1980-06-27,509.59148449549787,530.7641874232822,509.59148449549787,528.4957571443368,532746
1980-06-30,528.4957571443368,538.2524973327677,527.9827274034138,530.3796094083266,402517
1980-07-01,530.3796094083266,553.1979491847974,530.3796094083266,552.3762324611524,437713
1980-07-02,552.3762324611524,571.9210809737643,552.3762324611524,570.5174218597492,419091
1980-07-03,570.5174218597492,574.9988833444144,567.7037227265478,568.9719279650333,559394
1980-07-04,568.9719279650333,575.5303305591818,564.4727707759004,567.7626670227779,616226
1980-07-07,567.7626670227779,590.6021805747095,567.7626670227779,586.7787882108506,532154
1980-07-08,586.7787882108506,604.7923617739413,586.7787882108506,598.3141185520677,469238
1980-07-09,598.3141185520677,608.7613755253893,598.3141185520677,605.2888642194202,452797
1980-07-10,605.2888642194202,617.1009858770386,602.1414089344686,610.2196879174813,714803
1980-07-11,610.2196879174813,630.998414368723,610.2196879174813,623.1669683866888,560434
1980-07-14,623.1669683866888,662.5975996289071,623.1669683866888,653.08399152184,446536
1980-07-15,653.08399152184,653.08399152184,643.4078623530512,645.68200527425,347522
1980-07-16,645.68200527425,645.68200527425,618.2803338918516,622.3232054392752,596850
1980-07-17,622.3232054392752,622.3232054392752,590.7196767181218,596.7422631157503,566883
1980-07-18,596.7422631157503,615.1576788981304,596.7422631157503,612.2371269133645,566284
1980-07-21,612.2371269133645,619.3536018822222,612.2371269133645,617.677716162393,445899
1980-07-22,617.677716162393,620.5606428327586,616.644925568243,619.5632107913399,515827
1980-07-23,619.5632107913399,628.844185285047,619.5632107913399,627.8115681707967,542013
1980-07-24,627.8115681707967,637.0387507391897,627.8115681707967,636.3408811231963,400009
1980-07-25,636.3408811231963,636.3408811231963,617.4529136431012,618.3396218446106,634594
1980-07-28,618.3396218446106,620.4078484301704,608.3315198874211,612.2903033509693,569214
1980-07-29,612.2903033509693,614.4613492818609,606.374812485628,607.0530627949864,422529
1980-07-30,607.0530627949864,623.1034554213035,607.0530627949864,618.8090069342968,503345
1980-07-31,618.8090069342968,657.214733216898,618.8090069342968,653.0709462758427,549914
1980-08-01,653.0709462758427,653.0709462758427,648.0934503513255,648.509912711193,500671
1980-08-04,648.509912711193,649.0847037857321,640.6079333912157,646.6429503681755,578135
1980-08-05,646.6429503681755,652.8521175987605,646.6429503681755,651.3363241042169,545828
1980-08-06,651.3363241042169,663.4294209684253,647.4220907540341,656.8666901185978,616861
1980-08-07,656.8666901185978,660.5058959633923,651.2242219036282,656.2366734362981,638783
1980-08-08,656.2366734362981,660.4089638599315,656.2366734362981,660.2370732195201,544303
1980-08-11,660.2370732195201,668.6309028403767,660.2370732195201,666.6071784759893,468208
1980-08-12,666.6071784759893,679.7620725211749,666.6071784759893,676.3200648417311,574459
1980-08-13,676.3200648417311,679.0927726677947,673.2725092398972,673.3728908668744,522142
1980-08-14,673.3728908668744,673.3728908668744,657.3609628429147,658.3481463568386,455319
1980-08-15,658.3481463568386,662.1088133559296,645.1532189124109,653.7475870318597,405384
1980-08-18,653.7475870318597,663.5164458470688,652.3370830595481,654.5961318673188,527077
1980-08-19,654.5961318673188,654.5961318673188,646.9111545005632,648.0416670663207,413096
1980-08-20,648.0416670663207,648.0416670663207,622.5322620212223,630.1237128409109,393901
1980-08-21,630.1237128409109,630.1237128409109,618.2627981459616,622.5771185824066,515714
1980-08-22,622.5771185824066,635.025696710361,618.2738087306263,627.2370956491501,460530
1980-08-25,627.2370956491501,655.8209152416744,627.2370956491501,646.2533580095956,472709
1980-08-26,646.2533580095956,646.2533580095956,626.5719546644857,631.6650203486756,456127
1980-08-27,631.6650203486756,642.964392365308,631.6650203486756,642.8773342927262,291272
1980-08-28,642.8773342927262,657.3430692333296,642.8773342927262,650.3921879988313,521966
1980-08-29,650.3921879988313,650.3921879988313,631.6663557939637,639.3280850024013,498083
1980-09-01,639.3280850024013,648.6256936287758,639.3280850024013,647.4735881076599,594088
1980-09-02,647.4735881076599,654.7032130184174,641.7967290829632,648.3122901671486,504594
1980-09-03,648.3122901671486,658.8422691960684,644.7316457741886,654.4744898858153,483933
1980-09-04,654.4744898858153,654.4744898858153,628.4068734178413,637.7977142122442,426403
1980-09-05,637.7977142122442,658.6560519124754,637.7977142122442,654.5748484305308,396611
1980-09-08,654.5748484305308,666.4193448225526,654.5748484305308,661.6043875911733,544214
1980-09-09,661.6043875911733,677.119817593563,661.6043875911733,675.1273151201342,403674
1980-09-10,675.1273151201342,686.8801607827069,675.1273151201342,684.6768004491026,439594
1980-09-11,684.6768004491026,697.7049550109925,684.6768004491026,697.1525263450284,404883
1980-09-12,697.1525263450284,717.4155974899919,697.1525263450284,707.5663592650278,696227
1980-09-15,707.5663592650278,713.7837609293373,707.5663592650278,708.1868845465567,554378
1980-09-16,708.1868845465567,719.026376273179,708.1868845465567,712.7540883859748,569578
1980-09-17,712.7540883859748,726.1249510962173,712.7540883859748,721.9941232435705,584180
1980-09-18,721.9941232435705,741.2747436195015,721.9941232435705,733.1503751875595,448712
1980-09-19,733.1503751875595,733.1503751875595,716.0997215741639,723.817671719867,445723
1980-09-22,723.817671719867,723.817671719867,686.4597852846922,696.8724027402475,537241
1980-09-23,696.8724027402475,696.8724027402475,686.3307477761599,687.6551139289288,559833
1980-09-24,687.6551139289288,709.9034934152517,687.6551139289288,705.6701646898007,410735
1980-09-25,705.6701646898007,732.2933359273691,705.6701646898007,722.1053765913607,542072
1980-09-26,722.1053765913607,722.1053765913607,700.099938021451,707.4967568746325,495690
1980-09-29,707.4967568746325,711.69888415642,699.2893064922357,708.6602202073628,478699
1980-09-30,708.6602202073628,708.6602202073628,680.9460651542762,684.0996208448984,405796
1980-10-01,684.0996208448984,699.3725406560662,684.0996208448984,696.1108808974582,374576
1980-10-02,696.1108808974582,696.1108808974582,675.7246000820609,680.1913095902164,414347
1980-10-03,680.1913095902164,686.1548052407024,680.1913095902164,683.3939594678967,427449
1980-10-06,683.3939594678967,697.8851726729076,679.0865224825407,688.7415244941637,446647
1980-10-07,688.7415244941637,720.421252895469,688.7415244941637,713.5437040568355,462326
1980-10-08,713.5437040568355,717.3298578414327,712.2528698679733,715.8914515089987,553255
1980-10-09,715.8914515089987,716.1008382438101,703.3619165213099,706.1362598783363,426568
1980-10-10,706.1362598783363,712.5093752576558,702.5477670390566,704.7374556847428,432439
1980-10-13,704.7374556847428,733.930189641966,704.7374556847428,724.4257620483851,577126
1980-10-14,724.4257620483851,724.4257620483851,693.707689127399,694.8735282173112,597001
1980-10-15,694.8735282173112,698.9184865714425,689.2336164520885,689.3881133029065,378050
1980-10-16,689.3881133029065,726.5439465333321,689.3881133029065,724.2610014297418,537136
1980-10-17,724.2610014297418,727.9527569359789,720.1644734900102,725.1032710366367,488042
1980-10-20,725.1032710366367,725.1032710366367,715.3942224844818,723.9997074174465,573688
1980-10-21,723.9997074174465,723.9997074174465,707.7598744577423,709.7171942434103,633995
1980-10-22,709.7171942434103,720.8064129991111,708.6242411980303,715.5369181294254,485596
1980-10-23,715.5369181294254,715.934328238318,713.759641732512,714.9796667648038,559190
1980-10-24,714.9796667648038,718.5783054758077,706.5751611189627,708.4370970996133,515736
1980-10-27,708.4370970996133,708.4370970996133,695.961061353108,696.3450876325312,482769
1980-10-28,696.3450876325312,696.3450876325312,666.7282353617944,676.5308426531783,521937
1980-10-29,676.5308426531783,683.0371505017362,676.1999623346259,679.5968031769713,582416
1980-10-30,679.5968031769713,690.7131487364148,676.9921881207562,681.3316751834946,570237
1980-10-31,681.3316751834946,681.3316751834946,669.0483173190522,670.5037962115501,429421
1980-11-03,670.5037962115501,676.038754811252,670.5037962115501,675.7245922214128,588510
1980-11-04,675.7245922214128,675.7245922214128,653.7335651298517,657.1218135665637,625793
1980-11-05,657.1218135665637,657.1218135665637,632.6859672484833,632.7319097937567,461778
1980-11-06,632.7319097937567,641.1504358162875,623.4021152017766,632.3466109286791,580242
1980-11-07,632.3466109286791,632.9812065378495,628.1470840060213,631.4921843565457,522610
1980-11-10,631.4921843565457,631.4921843565457,618.9602242992564,621.7310234055643,524653
1980-11-11,621.7310234055643,624.9133381872192,618.0528335852663,623.2646519049606,401157
1980-11-12,623.2646519049606,623.2646519049606,621.0511545687469,621.9190119955327,554738
1980-11-13,621.9190119955327,621.9190119955327,604.8565391727399,609.9023788860225,545593
1980-11-14,609.9023788860225,609.9023788860225,592.824068944979,595.9312103373331,453240
1980-11-17,595.9312103373331,595.9312103373331,580.5670067973318,588.1112576923761,485917
1980-11-18,588.1112576923761,588.1112576923761,568.9206860254546,570.7856847207686,503115
1980-11-19,570.7856847207686,570.7856847207686,556.869350717679,559.5725795783077,509243
1980-11-20,559.5725795783077,568.4530191377697,557.3753008167972,564.3798028694401,568139
1980-11-21,564.3798028694401,588.4480245871185,564.3798028694401,581.7953620775088,572559
1980-11-24,581.7953620775088,598.0623036262482,581.7953620775088,597.0490082097565,507987
1980-11-25,597.0490082097565,610.9345988227136,597.0490082097565,603.7188304135037,647865
1980-11-26,603.7188304135037,603.7188304135037,587.9173132320742,590.9869528912462,462182
1980-11-27,590.9869528912462,620.5902121294122,590.9869528912462,615.280951648997,455918
1980-11-28,615.280951648997,615.280951648997,597.3581515627079,602.2384090174969,437213
1980-12-01,602.2384090174969,602.2384090174969,585.4159074599769,589.0084988719276,457062
1980-12-02,589.0084988719276,593.4201070027575,579.8697976351693,587.1862146910345,397378
1980-12-03,587.1862146910345,600.0485510669527,587.1862146910345,597.6136789495245,629028
1980-12-04,597.6136789495245,597.6136789495245,581.7171354141514,583.5601841599407,383501
1980-12-05,583.5601841599407,594.4054939341688,583.5601841599407,591.6423417388972,483914
1980-12-08,591.6423417388972,613.392928972452,591.6423417388972,610.238530746807,607055
1980-12-09,610.238530746807,619.3130523005908,610.238530746807,617.2344103876017,560807
1980-12-10,617.2344103876017,622.5984392762965,612.3781942430754,615.5855384045872,448949
1980-12-11,615.5855384045872,633.0169593312963,615.5855384045872,626.2039341808834,531377
1980-12-12,626.2039341808834,626.6922463102809,612.3023143904459,621.2501579195103,640362
1980-12-15,621.2501579195103,621.2501579195103,608.8177990409912,613.5775908354809,586845
1980-12-16,613.5775908354809,634.0026930160403,613.5775908354809,629.2615246421597,552974
1980-12-17,629.2615246421597,640.8233527945331,629.2615246421597,631.633560097684,445487
1980-12-18,631.633560097684,637.8969211872053,631.633560097684,637.6024779069663,435723
1980-12-19,637.6024779069663,637.6024779069663,629.459014784255,632.599950252996,482419
1980-12-22,632.599950252996,632.599950252996,626.2281527815259,629.5715384004237,508129
1980-12-23,629.5715384004237,632.3910157695485,622.0706680303682,624.5508668201106,483038
1980-12-24,624.5508668201106,624.5508668201106,592.1424117728002,599.0073044611761,431824
1980-12-25,599.0073044611761,609.3851519347302,599.0073044611761,606.8589742725985,555869
1980-12-26,606.8589742725985,606.8589742725985,576.4726104788288,582.8315065942212,488350
1980-12-29,582.8315065942212,583.7696068464928,580.2536451570893,582.7422986577748,274626
1980-12-30,582.7422986577748,607.7148919213973,582.7422986577748,605.8422501371808,477510
1980-12-31,605.8422501371808,617.7988464846223,605.8422501371808,615.8181991395173,320749
1981-01-01,615.8181991395173,638.5953785519639,615.8181991395173,633.4396423000121,542712
1981-01-02,633.4396423000121,633.4396423000121,616.4766589165077,624.0559284458599,472967
1981-01-05,624.0559284458599,624.0559284458599,608.7909251791623,611.6193295728898,403748
1981-01-06,611.6193295728898,618.70952086028,603.3666345969841,609.9245163928321,520223
1981-01-07,609.9245163928321,610.075757410363,595.6659806227883,603.2051328352293,571378
1981-01-08,603.2051328352293,608.3958679560701,599.9299764736792,603.25892332865,560876
1981-01-09,603.25892332865,603.25892332865,580.9307671604536,586.9710732037805,539036
1981-01-12,586.9710732037805,594.9682662635447,586.8948925719516,590.2176247470242,528794
1981-01-13,590.2176247470242,600.3821984549082,589.7664461179243,594.4982066386717,621972
1981-01-14,594.4982066386717,624.1063551892876,594.4982066386717,616.5231701548123,394140
1981-01-15,616.5231701548123,630.1255838598647,616.5231701548123,624.577725557035,668046
1981-01-16,624.577725557035,633.285183337549,616.5197439079958,624.7665561649762,531940
1981-01-19,624.7665561649762,658.3687943702546,624.7665561649762,653.0169267718682,449892
1981-01-20,653.0169267718682,662.4039097924802,653.0169267718682,662.1388731926841,620424
1981-01-21,662.1388731926841,662.1388731926841,650.6438094159324,651.0712208617997,538771
1981-01-22,651.0712208617997,651.0712208617997,636.1996569095339,636.2052890707641,487399
1981-01-23,636.2052890707641,648.2416492359974,636.2052890707641,643.0625868954027,436747
1981-01-26,643.0625868954027,643.0625868954027,628.9591899148753,637.216104956636,475385
1981-01-27,637.216104956636,649.0126581733963,637.216104956636,642.9576858185269,500769
1981-01-28,642.9576858185269,682.4147189080193,642.9576858185269,673.5487112410171,544586
1981-01-29,673.5487112410171,673.9093004178911,662.850477293382,665.5848059713109,637996
1981-01-30,665.5848059713109,665.5848059713109,644.7370553605136,651.9711192025476,269462
1981-02-02,651.9711192025476,690.5220349444836,651.9711192025476,681.3536684270188,489821
1981-02-03,681.3536684270188,696.5476573872442,681.3536684270188,696.1171261235851,394187
1981-02-04,696.1171261235851,696.1171261235851,680.0503041686042,687.6312008454242,397532
1981-02-05,687.6312008454242,708.1375708755272,687.6312008454242,703.0177086478983,677705
1981-02-06,703.0177086478983,703.0177086478983,685.3931143283831,685.7812613893848,408361
1981-02-09,685.7812613893848,685.7812613893848,667.7033952420732,670.864326637739,413487
1981-02-10,670.864326637739,670.864326637739,645.8878865294496,652.064725685099,456342
1981-02-11,652.064725685099,666.4949673071643,652.064725685099,665.5490274869497,588116
1981-02-12,665.5490274869497,665.5490274869497,655.4294129011114,657.3759728531829,593022
1981-02-13,657.3759728531829,674.3563527173767,657.3759728531829,671.7617253746868,356289
1981-02-16,671.7617253746868,692.9348225785518,671.7617253746868,683.3042916187901,528039
1981-02-17,683.3042916187901,715.5507698509372,683.3042916187901,710.8194247656683,549759
1981-02-18,710.8194247656683,710.8194247656683,687.9851180295349,688.4728073490452,494869
1981-02-19,688.4728073490452,693.9771988727367,686.5554101096922,690.7170668375192,537373
1981-02-20,690.7170668375192,694.6193281314966,681.4350638622003,689.457251231915,448887
1981-02-23,689.457251231915,689.457251231915,669.6582634357175,671.5708404122573,428630
1981-02-24,671.5708404122573,694.5664934219341,671.5708404122573,687.1057748029355,559162
1981-02-25,687.1057748029355,694.0540575777421,682.347759005948,686.965090162373,542990
1981-02-26,686.965090162373,694.6532845957552,681.0458561833924,684.5223723594272,687954
1981-02-27,684.5223723594272,687.684985198349,678.0664398813173,683.4396350091988,565861
1981-03-02,683.4396350091988,692.5998447423741,675.7398361677032,685.4054868296199,460050
1981-03-03,685.4054868296199,690.9376728468726,675.6348078500602,681.5920004060496,479278
1981-03-04,681.5920004060496,683.3593827692006,674.7809182703529,676.1770806748515,415542
1981-03-05,676.1770806748515,690.9318413844054,676.1770806748515,690.4582213488729,452436
1981-03-06,690.4582213488729,706.832401083897,690.4582213488729,704.8342370893936,242444
1981-03-09,704.8342370893936,713.0799332130695,695.4231410861171,702.8847149789924,558567
1981-03-10,702.8847149789924,710.1023214914081,702.8847149789924,709.0797130911413,502064
1981-03-11,709.0797130911413,731.1547856897631,709.0797130911413,729.7700866175998,565572
1981-03-12,729.7700866175998,756.9513831772779,729.7700866175998,755.5449879849351,555707
1981-03-13,755.5449879849351,773.2231649000425,755.5449879849351,769.0365143525307,565898
1981-03-16,769.0365143525307,769.0365143525307,752.75421836606,759.9133961856163,580158
1981-03-17,759.9133961856163,787.5077914688586,759.9133961856163,785.4350212499286,589773
1981-03-18,785.4350212499286,790.5077376005719,780.2988499142192,789.7279403224378,457012
1981-03-19,789.7279403224378,804.9264324039012,789.7279403224378,798.9599972016011,544066
1981-03-20,798.9599972016011,825.1257776404389,798.9599972016011,817.2488643419861,530672
1981-03-23,817.2488643419861,842.6179213367517,817.2488643419861,838.116024514442,436217
1981-03-24,838.116024514442,883.2095171071836,838.116024514442,878.2697628196721,490800
1981-03-25,878.2697628196721,907.3692112067536,878.2697628196721,900.4468176999505,514818
1981-03-26,900.4468176999505,937.8132169299008,900.4468176999505,936.6696164277782,443955
1981-03-27,936.6696164277782,967.6958899879477,936.6696164277782,954.5891284495907,508117
1981-03-30,954.5891284495907,981.2243936789745,954.5891284495907,977.9274524437984,556123
1981-03-31,977.9274524437984,977.9274524437984,959.3662663113404,971.4514131486851,492367
1981-04-01,971.4514131486851,971.4514131486851,926.9542606455266,927.6229298309174,519311
1981-04-02,927.6229298309174,927.6229298309174,886.3436686728137,891.9259108256282,415002
1981-04-03,891.9259108256282,891.9259108256282,872.6484119204048,873.8693031015863,520684
1981-04-06,873.8693031015863,873.8693031015863,851.7693057237153,861.4884831294181,516193
1981-04-07,861.4884831294181,890.8798325105348,861.4884831294181,878.4645295631387,505175
1981-04-08,878.4645295631387,878.4645295631387,837.2684349187123,846.7161876411781,525896
1981-04-09,846.7161876411781,846.7161876411781,817.4853447103277,817.89361071087,448405
1981-04-10,817.89361071087,877.5620749639122,817.89361071087,866.2902316308139,577158
1981-04-13,866.2902316308139,899.9946499899628,866.2902316308139,888.3754323770012,539090
1981-04-14,888.3754323770012,910.9173436546249,888.3754323770012,900.9439999690929,447016
1981-04-15,900.9439999690929,916.9781321605385,900.9439999690929,909.2924934143034,609968
1981-04-16,909.2924934143034,909.2924934143034,895.0903222621657,900.4160472569481,459898
1981-04-17,900.4160472569481,910.822919671793,897.7598363191069,904.7217741245464,539449
1981-04-20,904.7217741245464,904.7217741245464,860.4346202379802,863.9977269756374,592129
1981-04-21,863.9977269756374,863.9977269756374,832.6706999241029,834.4223928897114,516851
1981-04-22,834.4223928897114,840.5806284840888,829.154233839932,832.8375249209536,346344
1981-04-23,832.8375249209536,832.8375249209536,813.8426214338851,821.4522215732401,550116
1981-04-24,821.4522215732401,821.4522215732401,800.2787336170277,808.5207471712266,426511
1981-04-27,808.5207471712266,844.169626023892,808.5207471712266,834.5248240723389,487990
1981-04-28,834.5248240723389,839.324110592606,825.1508172833354,836.8099470147791,511571
1981-04-29,836.8099470147791,836.8099470147791,804.4604797925,806.2912339795885,443555
1981-04-30,806.2912339795885,806.2912339795885,780.0377355028959,783.2292723930831,651029
1981-05-01,783.2292723930831,810.0298264519536,783.2292723930831,799.8382834288179,464600
1981-05-04,799.8382834288179,813.687789909244,799.8382834288179,805.0739774378346,505066
1981-05-05,805.0739774378346,805.0739774378346,777.5327401561236,789.1848764267295,674840
1981-05-06,789.1848764267295,789.1848764267295,761.8125715965413,764.7998946069497,568724
1981-05-07,764.7998946069497,770.0502711860074,755.3530174674346,758.7256726977744,433877
1981-05-08,758.7256726977744,758.7256726977744,707.5528301780203,715.7094478260005,454418
1981-05-11,715.7094478260005,722.1543243404265,713.2459178549409,718.0791736412034,608418
1981-05-12,718.0791736412034,737.3567925781008,718.0791736412034,731.2590356283888,449502
1981-05-13,731.2590356283888,777.5520902552166,731.2590356283888,772.4665044167043,434154
1981-05-14,772.4665044167043,803.127545936018,772.4665044167043,799.5229233944484,704324
1981-05-15,799.5229233944484,809.550244869843,799.5229233944484,808.4194691905307,578408
1981-05-18,808.4194691905307,810.874939866288,808.193562985163,809.4581619265686,429675
1981-05-19,809.4581619265686,825.6241764161196,809.4581619265686,821.6354941220696,534109
1981-05-20,821.6354941220696,843.7560273439161,821.6354941220696,835.0465077452079,431765
1981-05-21,835.0465077452079,848.2215391892931,835.0465077452079,843.0251689732398,552776
1981-05-22,843.0251689732398,856.1981531103781,841.8576226103011,849.667222087799,451217
1981-05-25,849.667222087799,849.667222087799,821.483707244011,833.6473699931436,451280
1981-05-26,833.6473699931436,846.4800663075648,833.6473699931436,836.9413642609002,617273
1981-05-27,836.9413642609002,838.5082266210123,825.4024363790983,835.8016832248774,442581
1981-05-28,835.8016832248774,835.8016832248774,823.6640914837712,831.1645324652043,569647
1981-05-29,831.1645324652043,831.1645324652043,794.3794058721296,803.2190091202593,464312
1981-06-01,803.2190091202593,803.65003425105,792.2182033298219,796.3226882906954,608279
1981-06-02,796.3226882906954,796.3226882906954,776.5298304724654,781.5744914682713,507151
1981-06-03,781.5744914682713,784.9874063863913,773.1700327204102,774.5506182129326,466868
1981-06-04,774.5506182129326,774.5506182129326,754.7314041744495,757.4631439490929,468405
1981-06-05,757.4631439490929,757.4631439490929,721.4065027582784,724.225554710213,342124
1981-06-08,724.225554710213,724.225554710213,700.9702024565544,710.5616933304782,530717
1981-06-09,710.5616933304782,743.9981982910913,710.5616933304782,740.659019458982,449077
1981-06-10,740.659019458982,740.659019458982,715.4515358543796,719.9522303745456,334370
1981-06-11,719.9522303745456,742.1908185923893,719.9522303745456,739.7661587626387,420690
1981-06-12,739.7661587626387,739.7661587626387,714.3860071859543,724.6279235473053,398841
1981-06-15,724.6279235473053,742.7452526744315,724.6279235473053,740.8989676873258,596416
1981-06-16,740.8989676873258,740.8989676873258,718.9735731852054,720.0778199171621,538468
1981-06-17,720.0778199171621,727.224662863434,718.0786794829675,721.4123057332973,516140
1981-06-18,721.4123057332973,733.890121514332,716.6810119422773,723.0622842303428,535241
1981-06-19,723.0622842303428,746.3092981953677,723.0622842303428,740.2385260069937,455904
1981-06-22,740.2385260069937,747.8490656868119,732.9371180199191,740.9217726358088,427254
1981-06-23,740.9217726358088,740.9217726358088,732.0446608891482,732.3696219730859,631620
1981-06-24,732.3696219730859,735.347627390352,732.3696219730859,733.668441580291,384255
1981-06-25,733.668441580291,734.1573123849396,720.0884983201519,725.5807312198069,384215
1981-06-26,725.5807312198069,725.5807312198069,713.456288481449,713.5837593520483,504583
1981-06-29,713.5837593520483,713.5837593520483,706.6274907387203,707.6124872744126,564946
1981-06-30,707.6124872744126,707.6124872744126,694.8595243417905,698.4669028620278,460694
1981-07-01,698.4669028620278,708.4833574355804,694.7682541805027,701.0445783157228,420851
1981-07-02,701.0445783157228,728.1659177564011,701.0445783157228,726.0852017468491,577391
1981-07-03,726.0852017468491,741.9110819087488,726.0852017468491,734.9542545094345,465014
1981-07-06,734.9542545094345,734.9542545094345,701.3664071630698,709.3300073452973,417122
1981-07-07,709.3300073452973,727.2393412729485,708.7493185524361,719.2020048628109,599953
1981-07-08,719.2020048628109,751.7187005565985,719.2020048628109,745.4269815812296,446002
1981-07-09,745.4269815812296,757.4585417214655,745.4269815812296,752.8012285069263,430920
1981-07-10,752.8012285069263,768.9688626988933,752.2203905912403,759.1160252851334,549474
1981-07-13,759.1160252851334,759.1160252851334,741.6401511186954,743.5758866010787,614604
1981-07-14,743.5758866010787,747.2863589745403,733.3940633655108,740.0430265382464,485991
1981-07-15,740.0430265382464,745.5699943095158,728.2858445769992,736.6814811555912,521022
1981-07-16,736.6814811555912,761.8434695304214,736.6814811555912,750.6699995110342,490707
1981-07-17,750.6699995110342,770.5731283781832,750.6699995110342,761.4960679549451,492951
1981-07-20,761.4960679549451,772.8228271590255,761.4791792709087,769.7420684088793,590544
1981-07-21,769.7420684088793,773.9259780432754,763.7524945641345,767.9738942798447,278057
1981-07-22,767.9738942798447,774.6303367101051,767.9738942798447,772.8847218904543,434919
1981-07-23,772.8847218904543,797.1777781356652,772.8847218904543,787.5779915784904,441239
1981-07-24,787.5779915784904,809.0423651906923,787.5779915784904,805.0582095256997,563604
1981-07-27,805.0582095256997,831.2394723509606,805.0582095256997,819.0916091689061,455742
1981-07-28,819.0916091689061,819.0916091689061,792.3207317829972,801.2067597563566,454973
1981-07-29,801.2067597563566,815.7274274666378,795.0041604136063,806.7882151104142,470425
1981-07-30,806.7882151104142,809.6326123986123,792.1930259912618,800.185941713849,497852
1981-07-31,800.185941713849,854.915691395022,800.185941713849,852.1673429090885,375056
1981-08-03,852.1673429090885,852.1673429090885,828.2150142981209,837.7691192283622,517909
1981-08-04,837.7691192283622,846.6241111495243,835.1742974013443,839.157942354367,610329
1981-08-05,839.157942354367,855.8334618905211,836.6895904008591,848.4992940784722,424613
1981-08-06,848.4992940784722,853.1542848139643,840.4550916668671,846.9670119201899,490516
1981-08-07,846.9670119201899,859.3129059039243,844.7128786837548,857.0349735878377,533157
1981-08-10,857.0349735878377,872.7423256358002,852.7270960583627,865.187606356337,628758
1981-08-11,865.187606356337,865.187606356337,832.225110597678,842.7548127055661,474806
1981-08-12,842.7548127055661,842.7548127055661,833.3087987970657,838.2815422989482,497115
1981-08-13,838.2815422989482,844.4351676981106,832.4509986337134,837.4395731069382,630726
1981-08-14,837.4395731069382,837.4395731069382,809.9785029696835,821.5405577480656,449122
1981-08-17,821.5405577480656,827.6045157000151,821.5405577480656,824.0277676109835,693012
1981-08-18,824.0277676109835,832.8421552777222,824.0277676109835,827.8246409492151,558722
1981-08-19,827.8246409492151,827.8246409492151,810.5328787944719,818.9866746130765,605738
1981-08-20,818.9866746130765,840.4484773042552,818.9866746130765,837.6111884346487,466528
1981-08-21,837.6111884346487,859.4478216322053,837.6111884346487,858.3044861836313,443738
1981-08-24,858.3044861836313,864.1539560460751,849.9565701037882,862.5990260958439,514992
1981-08-25,862.5990260958439,862.5990260958439,841.565768013369,849.2970745728126,612648
1981-08-26,849.2970745728126,849.2970745728126,842.8259646946598,844.7982643210036,529551
1981-08-27,844.7982643210036,847.9427726911536,832.9154754770386,836.1375817049083,429592
1981-08-28,836.1375817049083,843.3193236499563,822.3277908910164,833.1057876795372,374376
1981-08-31,833.1057876795372,833.1057876795372,809.8236520933228,815.6753923394824,402783
1981-09-01,815.6753923394824,833.0037112146503,812.7186293680955,821.4185393055592,492775
1981-09-02,821.4185393055592,823.3759917383828,815.5767367400912,818.4373042140419,464713
1981-09-03,818.4373042140419,820.3476936215576,801.6920357263808,809.3170300773097,509696
1981-09-04,809.3170300773097,812.9677684872156,805.3505223028441,808.5693065843838,473543
1981-09-07,808.5693065843838,808.5693065843838,777.905157419474,778.717649861014,459166
1981-09-08,778.717649861014,801.3907824581908,778.717649861014,793.5873051748576,579607
1981-09-09,793.5873051748576,800.4319938598878,791.8015940910414,799.7067217096086,479165
1981-09-10,799.7067217096086,799.7067217096086,767.8460196706875,772.9394778982065,510799
1981-09-11,772.9394778982065,785.3206377883695,767.395411239673,778.9368478320685,382585
1981-09-14,778.9368478320685,778.9368478320685,734.1926529402726,742.0990247303645,539591
1981-09-15,742.0990247303645,742.0990247303645,725.8834740719054,728.7543743919091,410972
1981-09-16,728.7543743919091,728.7543743919091,705.5514592157555,716.1852718368394,521796
1981-09-17,716.1852718368394,755.871677462266,716.1852718368394,750.2084840828959,499436
1981-09-18,750.2084840828959,752.6088040127216,740.9052988166571,744.5484890273989,620405
1981-09-21,744.5484890273989,776.4139822564058,744.5484890273989,771.700641054678,586065
1981-09-22,771.700641054678,771.700641054678,718.1421318364715,722.3677551492079,498206
1981-09-23,722.3677551492079,733.7499723310746,718.4027386236727,724.7941803248535,492427
1981-09-24,724.7941803248535,739.5152608999413,723.674478597829,734.4362508263873,421355
1981-09-25,734.4362508263873,734.4362508263873,718.0798110265894,725.2450967309845,455955
1981-09-28,725.2450967309845,725.2450967309845,689.3136249583033,691.807602276461,474026
1981-09-29,691.807602276461,694.2549442505316,683.9200711650979,689.0075441463399,461730
1981-09-30,689.0075441463399,695.3209775960509,680.6206204025308,690.8230574637357,452613
1981-10-01,690.8230574637357,716.1667290674684,690.8230574637357,708.9435380028182,595462
1981-10-02,708.9435380028182,708.9435380028182,675.7812309696988,684.4793236821938,601475
1981-10-05,684.4793236821938,684.4793236821938,670.5200714838473,679.9174882307665,573803
1981-10-06,679.9174882307665,698.9987537701702,679.9174882307665,696.8027252872188,553345
1981-10-07,696.8027252872188,700.0191478128063,692.3989407263266,694.4254437177937,474436
1981-10-08,694.4254437177937,694.4254437177937,668.6150369355421,677.1995632290921,450702
1981-10-09,677.1995632290921,677.1995632290921,668.0858172834226,668.9167588856593,606249
1981-10-12,668.9167588856593,669.671036630416,659.129668219894,667.8591035938967,450086
1981-10-13,667.8591035938967,684.8209378978054,667.8591035938967,680.8595194456177,530422
1981-10-14,680.8595194456177,723.8003150220376,680.8595194456177,717.9801916238087,480549
1981-10-15,717.9801916238087,717.9801916238087,701.423473597936,703.6974613584922,541299
1981-10-16,703.6974613584922,709.8313519387466,695.0178592795522,704.787529907118,537774
1981-10-19,704.787529907118,760.3863040383467,704.787529907118,756.6446514903942,451439
1981-10-20,756.6446514903942,779.9229530538861,756.6446514903942,773.1146525806491,503081
1981-10-21,773.1146525806491,781.5979647106554,773.1146525806491,781.3667720143504,455621
1981-10-22,781.3667720143504,781.3667720143504,761.3998437056828,772.7523831275422,364659
1981-10-23,772.7523831275422,772.7523831275422,709.2565840637643,719.8114858936128,415652
1981-10-26,719.8114858936128,725.5284111356569,705.5589266860436,715.153854943723,349435
1981-10-27,715.153854943723,726.1961734690849,715.153854943723,722.8409896904249,401037
1981-10-28,722.8409896904249,722.8409896904249,702.2875334863113,708.4037616842614,616719
1981-10-29,708.4037616842614,710.5264674651254,700.6243933606116,706.8375082091609,515250
1981-10-30,706.8375082091609,712.6234799199688,706.8375082091609,711.4773712109586,547825
1981-11-02,711.4773712109586,713.1153146483487,699.8282169648002,708.7214572091425,441137
1981-11-03,708.7214572091425,713.1634961501293,708.7214572091425,710.3668558082462,447109
1981-11-04,710.3668558082462,721.561051684529,710.3668558082462,718.627188312437,499008
1981-11-05,718.627188312437,726.2506651573192,715.6401532945852,723.1660771028743,620177
1981-11-06,723.1660771028743,747.8037536130062,723.1660771028743,743.9361021417828,544037
1981-11-09,743.9361021417828,786.95509264312,743.9361021417828,786.2137294028244,582847
1981-11-10,786.2137294028244,786.2137294028244,764.1698453794749,768.2538991449933,301880
1981-11-11,768.2538991449933,791.9868396184705,768.2538991449933,781.6709613796814,529131
1981-11-12,781.6709613796814,803.4216574608014,781.6709613796814,801.5415928338674,438744
1981-11-13,801.5415928338674,818.9346222879268,801.5415928338674,810.5019671128028,654243
1981-11-16,810.5019671128028,831.5394392036321,810.5019671128028,823.2000299428026,597086
1981-11-17,823.2000299428026,825.3359691362655,821.6206255859556,824.4180040647879,623484
1981-11-18,824.4180040647879,846.9692711551595,824.4180040647879,846.4841661687461,572347
1981-11-19,846.4841661687461,857.9600349745335,842.7098133667317,851.9246915158623,492323
1981-11-20,851.9246915158623,861.1033837576338,846.0350035347965,850.4213509290886,503977
1981-11-23,850.4213509290886,868.1057692289306,850.4213509290886,861.7504540971327,540824
1981-11-24,861.7504540971327,861.7504540971327,842.965408011328,844.0299338816919,532332
1981-11-25,844.0299338816919,844.0299338816919,797.3249233396718,801.9558703197997,549082
1981-11-26,801.9558703197997,801.9558703197997,742.2591454516994,749.2665897686621,567498
1981-11-27,749.2665897686621,749.2665897686621,694.7036821828812,701.2861329987821,513271
1981-11-30,701.2861329987821,720.7276912086836,701.2861329987821,715.7022774803655,392414
1981-12-01,715.7022774803655,715.7022774803655,706.169480357382,707.7359109783388,427704
1981-12-02,707.7359109783388,714.5694589012643,706.9072277840161,713.1993900082631,516107
1981-12-03,713.1993900082631,713.1993900082631,701.2633758902805,710.7324469324591,469159
1981-12-04,710.7324469324591,710.9006415042569,694.864392904443,704.4411063558796,407267
1981-12-07,704.4411063558796,704.4411063558796,676.7212084604682,680.5450593857275,489787
1981-12-08,680.5450593857275,702.971880962992,680.5450593857275,700.2962501356753,570815
1981-12-09,700.2962501356753,700.2962501356753,668.5266061480513,668.5769160870041,390779
1981-12-10,668.5769160870041,676.3138017023555,668.5769160870041,676.3006524364989,457529
1981-12-11,676.3006524364989,704.5430992016634,676.3006524364989,695.3826902675693,414851
1981-12-14,695.3826902675693,738.4349930374757,695.3826902675693,733.2358550181467,558359
1981-12-15,733.2358550181467,733.2358550181467,720.3121779464375,729.8817525252515,508575
1981-12-16,729.8817525252515,729.8817525252515,697.7705108775015,702.023608971237,550064
1981-12-17,702.023608971237,716.8033408817288,702.023608971237,708.0590805133124,307567
1981-12-18,708.0590805133124,732.4415405321913,708.0590805133124,721.7383651008433,523970
1981-12-21,721.7383651008433,725.9779468643942,709.8640924952573,715.4989530640636,495639
1981-12-22,715.4989530640636,715.4989530640636,699.9701281611315,707.2789140231566,473483
1981-12-23,707.2789140231566,707.9096184109566,700.6161285772193,707.2276465362572,543468
1981-12-24,707.2276465362572,707.2276465362572,688.9151637254657,694.2757587973152,407424
1981-12-25,694.2757587973152,699.09990288363,680.1511779878583,690.0460192431073,563962
1981-12-28,690.0460192431073,690.0460192431073,674.1803425444915,679.438406111855,428099
1981-12-29,679.438406111855,697.0611384296318,679.438406111855,688.8816756247052,451825
1981-12-30,688.8816756247052,690.5793366008044,681.7851245504437,690.0857203019368,412594
1981-12-31,690.0857203019368,690.0857203019368,668.7491635493728,672.1387169005706,375841
1982-01-01,672.1387169005706,706.9427810443032,672.1387169005706,697.9848149489532,534334
1982-01-04,697.9848149489532,697.9848149489532,687.574682734695,692.9727064523067,487026
1982-01-05,692.9727064523067,701.3013839576107,692.9727064523067,701.1320523929868,507016
1982-01-06,701.1320523929868,717.9270919816668,701.1320523929868,712.1770519513284,557432
1982-01-07,712.1770519513284,712.1770519513284,677.3868126237255,687.0138393823042,507420
1982-01-08,687.0138393823042,704.99769442344,687.0138393823042,697.2621113861026,554204
1982-01-11,697.2621113861026,697.2621113861026,682.1811434447286,686.1170645035726,720069
1982-01-12,686.1170645035726,686.1170645035726,674.1251275622943,674.4079459260926,387518
1982-01-13,674.4079459260926,678.6301285071091,663.3481281579824,671.8368325439349,529363
1982-01-14,671.8368325439349,671.8368325439349,635.3667986213165,635.7940772858275,578702
1982-01-15,635.7940772858275,636.7790818389875,627.7063315276044,635.0799105948364,444347
1982-01-18,635.0799105948364,635.0799105948364,613.8546811384662,620.5650495758955,672026
1982-01-19,620.5650495758955,628.4374957549361,620.5650495758955,625.114871353197,418366
1982-01-20,625.114871353197,625.114871353197,599.5718862882541,606.4261941085286,518626
1982-01-21,606.4261941085286,606.4261941085286,596.7499396259689,600.142097484227,610013
1982-01-22,600.142097484227,600.142097484227,556.9485583493179,559.2268251433906,544749
1982-01-25,559.2268251433906,559.2268251433906,541.7769469206738,544.1285033157304,461715
1982-01-26,544.1285033157304,560.7893850493479,544.1285033157304,556.426470219612,623607
1982-01-27,556.426470219612,564.9784424722578,554.6104733895145,561.9912577006735,538289
1982-01-28,561.9912577006735,561.9912577006735,535.6045773439165,541.8053707979544,569153
1982-01-29,541.8053707979544,544.1773147315403,538.5798895992943,540.9907622798058,511449
1982-02-01,540.9907622798058,553.5408814407818,540.9907622798058,551.8067792223767,461634
1982-02-02,551.8067792223767,551.8067792223767,535.6555590918588,538.5631736218716,410909
1982-02-03,538.5631736218716,556.3939120512262,538.5631736218716,551.4851629284227,535042
1982-02-04,551.4851629284227,565.7990534342458,551.4851629284227,558.8945557450122,486332
1982-02-05,558.8945557450122,567.0742376992918,551.4917867747678,559.7508256129413,545667
1982-02-08,559.7508256129413,581.939169301859,559.7508256129413,576.0311399690755,378591
1982-02-09,576.0311399690755,591.9620448961957,576.0311399690755,583.7228092336862,513105
1982-02-10,583.7228092336862,583.7228092336862,568.2863697379277,572.4428963567564,638782
1982-02-11,572.4428963567564,592.5108992426944,572.4428963567564,584.0720028824139,577696
1982-02-12,584.0720028824139,584.0720028824139,565.2280605116513,573.4556567141999,470964
1982-02-15,573.4556567141999,597.8374298395486,573.4556567141999,595.5602084494728,487783
1982-02-16,595.5602084494728,595.5602084494728,577.5099956091092,583.0199470624008,606812
1982-02-17,583.0199470624008,584.8350348598859,572.1029743234438,576.2081536212778,379324
1982-02-18,576.2081536212778,591.9960903108935,576.2081536212778,585.4485489768356,428150
1982-02-19,585.4485489768356,597.7954189659561,585.4485489768356,590.5302422010336,402222
1982-02-22,590.5302422010336,608.2072443031223,590.5302422010336,605.1298709381288,314484
1982-02-23,605.1298709381288,611.195880127974,599.0231145168308,605.5663114962945,556372
1982-02-24,605.5663114962945,616.2631960055114,605.5663114962945,611.4077451776992,286341
1982-02-25,611.4077451776992,635.9194086051646,611.4077451776992,633.0779468631406,504039
1982-02-26,633.0779468631406,633.0779468631406,616.4655860125549,617.3823862084192,449565
1982-03-01,617.3823862084192,635.038474615331,617.3823862084192,632.6691185480469,475331
1982-03-02,632.6691185480469,633.1742401745952,623.8781244475339,630.5336848279106,494557
1982-03-03,630.5336848279106,630.5336848279106,615.769671827782,618.1196179870689,532159
1982-03-04,618.1196179870689,618.1196179870689,590.3595440908056,591.8277198103107,387896
1982-03-05,591.8277198103107,591.8277198103107,573.4208449726405,577.5341289481912,465521
1982-03-08,577.5341289481912,591.1770269393207,577.20995159384,584.5820570782165,539185
1982-03-09,584.5820570782165,584.5820570782165,571.8055007045259,577.6705210116071,366115
1982-03-10,577.6705210116071,577.6705210116071,563.2517109753508,570.9406115496718,465941
1982-03-11,570.9406115496718,580.6394385618886,568.8046784413347,573.6212361105809,508586
1982-03-12,573.6212361105809,573.6212361105809,554.9251006586911,561.1449204394803,456023
1982-03-15,561.1449204394803,561.1449204394803,544.138783319915,549.9344790899246,545888
1982-03-16,549.9344790899246,569.7262610435648,549.9344790899246,566.5140576864491,445888
1982-03-17,566.5140576864491,606.6475329125889,566.5140576864491,603.8684578099129,464394
1982-03-18,603.8684578099129,609.984148012764,594.5711954853836,601.3093411547824,492857
1982-03-19,601.3093411547824,601.3093411547824,585.9366481146994,586.4591500888512,638293
1982-03-22,586.4591500888512,595.4966679173768,586.4591500888512,592.7015910033009,515261
1982-03-23,592.7015910033009,614.0906958931276,592.7015910033009,611.1874663037438,656660
1982-03-24,611.1874663037438,618.3432179837031,611.1874663037438,617.5224458063644,405892
1982-03-25,617.5224458063644,633.9682107920001,617.5224458063644,626.4021354575412,430559
1982-03-26,626.4021354575412,626.4021354575412,602.5911927159796,609.4840553428893,469613
1982-03-29,609.4840553428893,616.7939363799879,602.2464913954409,610.0907392900929,467120
1982-03-30,610.0907392900929,610.0907392900929,594.935467743886,603.2526896717949,467582
1982-03-31,603.2526896717949,603.2526896717949,586.2759349323875,591.4028799072605,463566
1982-04-01,591.4028799072605,599.9162759842854,590.7627858565717,594.8504177657378,439911
1982-04-02,594.8504177657378,601.7317704763716,594.8504177657378,600.9050192719806,608639
1982-04-05,600.9050192719806,605.8866468195142,594.447597330985,599.3680852856904,641862
1982-04-06,599.3680852856904,611.0133932042386,599.3680852856904,607.5202136154079,492999
1982-04-07,607.5202136154079,607.5202136154079,594.6684601721316,600.7380832981058,454459
1982-04-08,600.7380832981058,605.5496629062869,600.7380832981058,605.0594001140339,609567
1982-04-09,605.0594001140339,621.543535546892,605.0594001140339,615.8061214637974,523908
1982-04-12,615.8061214637974,615.8061214637974,595.7955827514287,604.1106371537181,558581
1982-04-13,604.1106371537181,609.6065025304912,599.2544236065656,605.1395154919568,517758
1982-04-14,605.1395154919568,624.2951166637889,605.1395154919568,622.5856425062552,434872
1982-04-15,622.5856425062552,628.4852398472937,620.5033050597173,621.2553060613216,608263
1982-04-16,621.2553060613216,621.2553060613216,609.9674464616743,611.2510831577,442899
1982-04-19,611.2510831577,618.7684428375766,611.2510831577,614.604949189199,503394
1982-04-20,614.604949189199,618.1464166017703,608.475417712902,613.7645962816913,511409
1982-04-21,613.7645962816913,613.7645962816913,582.8729772827658,589.3532203135684,385991
1982-04-22,589.3532203135684,589.3532203135684,564.7724595754836,570.5807896054597,534538
1982-04-23,570.5807896054597,604.0881370466448,570.5807896054597,601.1102415366584,407525
1982-04-26,601.1102415366584,659.266144337035,601.1102415366584,649.7235096873378,477146
1982-04-27,649.7235096873378,649.7235096873378,638.6417988686245,641.9028758493082,475244
1982-04-28,641.9028758493082,647.039599640029,632.3415657402554,639.0927760744039,551477
1982-04-29,639.0927760744039,648.7559279396801,639.0927760744039,646.5850157225597,528255
1982-04-30,646.5850157225597,646.5850157225597,628.7647638871172,630.771064967817,512961
1982-05-03,630.771064967817,664.4710222588857,630.771064967817,662.4457015359997,481575
1982-05-04,662.4457015359997,667.1168862033688,655.486078267585,658.1758405945524,595984
1982-05-05,658.1758405945524,658.1758405945524,639.8461524552953,646.8010434616889,452548
1982-05-06,646.8010434616889,653.5458336002475,645.2559124751617,648.3748475467604,590297
1982-05-07,648.3748475467604,650.8584445068828,645.5855961969938,648.7982445424249,515189
1982-05-10,648.7982445424249,656.7932742020556,645.7660206915739,654.9233832742293,540557
1982-05-11,654.9233832742293,702.2063572233423,654.9233832742293,692.4881623147672,354223
1982-05-12,692.4881623147672,699.2615654801928,686.9714882240104,694.8110053534232,557209
1982-05-13,694.8110053534232,718.6071793273102,694.8110053534232,710.035438237395,474055
1982-05-14,710.035438237395,714.0970947125785,709.5166167110253,710.1924572936313,583835
1982-05-17,710.1924572936313,731.3641299986383,710.1924572936313,727.9281022025259,456855
1982-05-18,727.9281022025259,727.9281022025259,703.3439665011922,707.6223327754221,486645
1982-05-19,707.6223327754221,707.6223327754221,655.2379548184123,661.884592759743,531809
1982-05-20,661.884592759743,661.884592759743,639.2952660187365,639.7743784205859,484696
1982-05-21,639.7743784205859,639.7743784205859,627.0444895561625,628.3466782537063,547742
1982-05-24,628.3466782537063,640.0752042166129,628.3466782537063,635.7807339294229,609874
1982-05-25,635.7807339294229,640.5080092133246,634.443695933047,636.7242569572624,531057
1982-05-26,636.7242569572624,656.426669220827,636.7242569572624,651.028753399357,508903
1982-05-27,651.028753399357,651.028753399357,647.8694529985792,649.2245779494176,446246
1982-05-28,649.2245779494176,649.2245779494176,633.7992678243992,642.619699917626,550267
1982-05-31,642.619699917626,642.619699917626,626.1071364445901,633.2005044247082,314345
1982-06-01,633.2005044247082,633.2005044247082,618.8891086073661,619.0514144719282,519187
1982-06-02,619.0514144719282,619.0514144719282,601.4609767157596,605.8009833876506,540696
1982-06-03,605.8009833876506,617.259660604186,605.8009833876506,613.6674300843423,347391
1982-06-04,613.6674300843423,623.7934148979331,611.7927976253386,614.8818664459408,534193
1982-06-07,614.8818664459408,629.4053735350647,614.8818664459408,620.2758623810407,451747
1982-06-08,620.2758623810407,620.2758623810407,587.4814929009289,589.0397739239386,611899
1982-06-09,589.0397739239386,589.0397739239386,578.5914329582639,580.0631003403256,374214
1982-06-10,580.0631003403256,585.1534368842614,570.4386709001516,577.4678328901183,470673
1982-06-11,577.4678328901183,586.8621876073022,577.4678328901183,583.8673244375024,505734
1982-06-14,583.8673244375024,583.8673244375024,578.7716507763587,579.6493545972615,487442
1982-06-15,579.6493545972615,583.2069420928577,575.4660225374145,581.1686355895048,401721
1982-06-16,581.1686355895048,593.8793109975023,581.1686355895048,586.3649208462252,429897
1982-06-17,586.3649208462252,586.3649208462252,571.3917362628982,572.570093589996,402213
1982-06-18,572.570093589996,572.570093589996,546.3541635889657,554.2522917967578,532103
1982-06-21,554.2522917967578,554.2522917967578,545.1500809443424,546.3261727981691,604360
1982-06-22,546.3261727981691,547.5759634763294,542.7293497166282,547.3785140329859,428093
1982-06-23,547.3785140329859,563.4703184809279,547.3785140329859,558.0332490370209,508948
1982-06-24,558.0332490370209,564.6437602434322,554.717231389484,560.1483546921356,526774
1982-06-25,560.1483546921356,581.6416594709465,560.1483546921356,576.58139494239,599299
1982-06-28,576.58139494239,576.58139494239,546.4958674239239,550.4969553065647,478584
1982-06-29,550.4969553065647,554.5633412227463,550.1880147200285,552.5747275425313,313958
1982-06-30,552.5747275425313,565.4005070935864,552.5747275425313,558.7494272864947,530493
1982-07-01,558.7494272864947,568.612259664983,558.050367474002,563.0195131810123,638370
1982-07-02,563.0195131810123,563.5082143797924,550.3182051368574,557.2762475459876,590277
1982-07-05,557.2762475459876,579.6774783467565,557.2762475459876,578.2298296813868,329378
1982-07-06,578.2298296813868,578.2298296813868,568.2904925365731,576.0679466030421,475887
1982-07-07,576.0679466030421,588.7726321690253,576.0679466030421,580.1848613986264,661395
1982-07-08,580.1848613986264,580.1848613986264,544.5022260574802,550.7019561592361,527166
1982-07-09,550.7019561592361,554.4339143850522,547.7661011471685,552.9478918329858,394476
1982-07-12,552.9478918329858,555.6093366477173,552.9478918329858,554.0414493734718,463748
1982-07-13,554.0414493734718,558.6451967525319,554.0414493734718,557.669425808074,408603
1982-07-14,557.669425808074,579.7136151413043,557.669425808074,572.0406593083377,518471
1982-07-15,572.0406593083377,572.8431696403939,566.3910313548693,566.5186686726457,476795
1982-07-16,566.5186686726457,566.5186686726457,547.3156415384417,550.2284471187762,449265
1982-07-19,550.2284471187762,550.2284471187762,518.0606998738259,524.7793844536485,563655
1982-07-20,524.7793844536485,524.7793844536485,505.5783791062472,509.427973564341,495203
1982-07-21,509.427973564341,509.427973564341,494.6549389710676,496.75690273597513,518880
1982-07-22,496.75690273597513,501.99532109982005,490.83043016253674,496.75894438619565,453890
1982-07-23,496.75894438619565,498.57323179934576,491.2634198633064,494.92069705844887,474803
1982-07-26,494.92069705844887,494.92069705844887,489.7431798178846,492.9781494945451,637961
1982-07-27,492.9781494945451,506.27302808816233,492.9781494945451,505.331330132074,428704
1982-07-28,505.331330132074,509.58228679406335,501.2143111912645,506.23403450263993,403911
1982-07-29,506.23403450263993,513.1772540046451,499.9076586321009,506.2028556919947,442021
1982-07-30,506.2028556919947,529.774793804209,506.2028556919947,526.5315762849136,533455
1982-08-02,526.5315762849136,555.8105041565807,526.5315762849136,548.5216981729799,494250
1982-08-03,548.5216981729799,562.2364064824147,548.5216981729799,556.7127153676682,664922
1982-08-04,556.7127153676682,557.9904005282497,549.1477050107565,553.3487493802749,581221
1982-08-05,553.3487493802749,553.3487493802749,547.7125622593163,548.513396160026,522537
1982-08-06,548.513396160026,556.3093876867393,548.513396160026,556.1281716161866,469658
1982-08-09,556.1281716161866,575.3670641259821,556.1281716161866,570.1928019314724,601265
1982-08-10,570.1928019314724,570.1928019314724,538.4267978141437,538.7512904896413,407250
1982-08-11,538.7512904896413,546.776224032152,535.994316709771,538.8639872498021,523696
1982-08-12,538.8639872498021,538.8639872498021,529.2458200788732,534.9236361478612,473040
1982-08-13,534.9236361478612,559.8565856742217,534.9236361478612,551.8776091945124,587915
1982-08-16,551.8776091945124,572.3549160125299,551.8776091945124,569.8063731607798,467826
1982-08-17,569.8063731607798,569.8063731607798,558.9454428340982,561.4953288999136,360490
1982-08-18,561.4953288999136,584.6750820608349,561.4953288999136,577.4977087775375,542231
1982-08-19,577.4977087775375,577.4977087775375,568.9444661059613,571.4179431047148,487901
1982-08-20,571.4179431047148,579.2711531294892,571.4179431047148,576.7259594900405,518670
1982-08-23,576.7259594900405,581.3752774139871,567.093833482284,574.096418118679,620865
1982-08-24,574.096418118679,574.096418118679,567.9529114979883,568.142446760596,373805
1982-08-25,568.142446760596,579.0189788426668,567.7172541418954,574.2047266099936,462232
1982-08-26,574.2047266099936,599.9038119421597,574.2047266099936,592.0144255910913,517857
1982-08-27,592.0144255910913,605.2947641736007,592.0144255910913,601.8500552466284,421418
1982-08-30,601.8500552466284,601.8500552466284,586.411847084979,589.3965421456154,581552
1982-08-31,589.3965421456154,603.7500728547748,589.3965421456154,601.9414085734012,633520
1982-09-01,601.9414085734012,605.7762670113642,592.1294280614329,598.5732967954316,445187
1982-09-02,598.5732967954316,598.5732967954316,580.7239528112632,582.8020674932993,528298
1982-09-03,582.8020674932993,582.8020674932993,573.478102626783,575.5813848794663,408048
1982-09-06,575.5813848794663,575.5813848794663,567.6757530216257,569.7225691517094,425923
1982-09-07,569.7225691517094,586.5414920241935,569.7225691517094,582.4517561215087,595866
1982-09-08,582.4517561215087,589.9201653732799,579.3933404144888,583.2815586628379,425785
1982-09-09,583.2815586628379,583.2815586628379,574.6729046736556,580.13636037216,449950
1982-09-10,580.13636037216,589.4780043476319,580.13636037216,588.9837476834097,401950
1982-09-13,588.9837476834097,601.0094248828274,588.9837476834097,596.3648158617508,436989
1982-09-14,596.3648158617508,596.3648158617508,590.9759123495622,593.0286965837244,698093
1982-09-15,593.0286965837244,612.5691452257274,593.0286965837244,606.4520661509142,726984
1982-09-16,606.4520661509142,606.4520661509142,576.849441400495,578.2223936859009,469779
1982-09-17,578.2223936859009,594.7350367763418,578.2223936859009,591.5240390673878,559165
1982-09-20,591.5240390673878,625.1946949829695,591.5240390673878,622.6124075009899,474105
1982-09-21,622.6124075009899,622.6124075009899,585.6682019790123,592.8585623921819,537350
1982-09-22,592.8585623921819,594.0204619008283,585.3179606075872,591.9187473168016,567660
1982-09-23,591.9187473168016,612.8345301946678,591.9187473168016,611.0857845061497,629458
1982-09-24,611.0857845061497,625.8601686617822,611.0857845061497,623.6970904734962,614632
1982-09-27,623.6970904734962,634.7060773618678,623.6970904734962,629.688121758958,524131
1982-09-28,629.688121758958,629.688121758958,606.0544546876151,608.7460077536142,468002
1982-09-29,608.7460077536142,608.7460077536142,587.6412458187976,590.7183378968439,615688
1982-09-30,590.7183378968439,590.7183378968439,563.3015632858024,571.0767573987807,570311
1982-10-01,571.0767573987807,571.0767573987807,555.7660220006682,558.9174887573938,465938
1982-10-04,558.9174887573938,573.6483960724302,558.9174887573938,567.7673006151686,639934
1982-10-05,567.7673006151686,587.7174132304026,567.7673006151686,582.5077775487348,472062
1982-10-06,582.5077775487348,590.2875264521949,582.0499855103656,588.3284154693622,372062
1982-10-07,588.3284154693622,595.7161376584056,587.991600390276,588.0732889380979,474461
1982-10-08,588.0732889380979,589.6000429512437,578.247227095168,585.6762365424288,585891
1982-10-11,585.6762365424288,585.6762365424288,570.1317640174664,574.8489863586847,479086
1982-10-12,574.8489863586847,575.8144163084182,567.227004140176,567.5852485447858,455186
1982-10-13,567.5852485447858,575.1290396010747,567.5852485447858,570.1756688944062,407624
1982-10-14,570.1756688944062,570.1756688944062,556.8373448326344,563.6961941561492,543453
1982-10-15,563.6961941561492,570.6284036134349,563.6961941561492,567.8573847360992,521055
1982-10-18,567.8573847360992,588.9900766667038,567.8573847360992,580.7780222963465,391917
1982-10-19,580.7780222963465,585.9061274338555,575.6783422473612,581.4410218542656,549554
1982-10-20,581.4410218542656,581.4410218542656,555.035933799365,556.9053125497986,476559
1982-10-21,556.9053125497986,556.9053125497986,544.2686634033076,547.0319726131466,482027
1982-10-22,547.0319726131466,547.0319726131466,530.8787326239045,531.0955675084774,422589
1982-10-25,531.0955675084774,551.677516609431,531.0955675084774,547.6977754343765,542055
1982-10-26,547.6977754343765,551.24041549232,541.4674759846306,546.5515297615408,358416
1982-10-27,546.5515297615408,559.4253376709748,546.5515297615408,551.3042933452764,378639
1982-10-28,551.3042933452764,571.7615094803335,551.3042933452764,570.4191753795952,576537
1982-10-29,570.4191753795952,596.2547647393837,570.4191753795952,587.6187466701637,468507
1982-11-01,587.6187466701637,595.5614168704749,585.3548804528227,591.0549135352265,447928
1982-11-02,591.0549135352265,613.9422897490273,591.0549135352265,610.5479858997069,508849
1982-11-03,610.5479858997069,610.5479858997069,575.1106155664309,576.920569277864,322433
1982-11-04,576.920569277864,595.2529623959325,576.920569277864,588.4835740589397,532343
1982-11-05,588.4835740589397,588.4835740589397,573.2025400524803,574.7312546927554,543189
1982-11-08,574.7312546927554,574.7312546927554,562.9333892519563,567.7841819980251,309161
1982-11-09,567.7841819980251,569.7567867118337,557.1255402242983,564.5100825584123,518578
1982-11-10,564.5100825584123,568.7058167023289,555.0927939214986,562.797540374898,455017
1982-11-11,562.797540374898,563.0597334619131,557.1531302313399,562.9367093437196,583030
1982-11-12,562.9367093437196,562.9367093437196,547.7297172347826,554.4112406406017,301382
1982-11-15,554.4112406406017,554.4112406406017,539.0304835775912,542.5515939829603,471116
1982-11-16,542.5515939829603,547.2548930961144,538.4714236601011,546.2463276819554,285727
1982-11-17,546.2463276819554,546.2463276819554,530.0562364653099,532.2916701711448,526673
1982-11-18,532.2916701711448,547.7267126659906,532.2916701711448,547.3779806024312,451391
1982-11-19,547.3779806024312,555.741280753292,546.1239299642334,552.6044869415443,480446
1982-11-22,552.6044869415443,552.6044869415443,538.5780656342256,542.4921072155383,469722
1982-11-23,542.4921072155383,547.8096318447652,537.4628926470649,544.9712229509174,588831
1982-11-24,544.9712229509174,554.4407826570441,544.9712229509174,549.4881362295112,498734
1982-11-25,549.4881362295112,570.2148725670419,549.4881362295112,562.9534149111944,571106
1982-11-26,562.9534149111944,578.0056870679756,562.9534149111944,574.5436337221806,465773
1982-11-29,574.5436337221806,607.3874408664899,574.5436337221806,600.3718221208431,630569
1982-11-30,600.3718221208431,638.4985848103609,600.3718221208431,629.7633399374696,526993
1982-12-01,629.7633399374696,647.0934904222878,629.7633399374696,642.5161155531396,372603
1982-12-02,642.5161155531396,650.1574993260974,641.1885348716055,641.8636083847045,489741
1982-12-03,641.8636083847045,641.8636083847045,632.0144599650037,637.0379940840699,391976
1982-12-06,637.0379940840699,660.5716599757834,637.0379940840699,653.7376944344512,470617
1982-12-07,653.7376944344512,669.8403525570683,653.7376944344512,667.690505298423,596200
1982-12-08,667.690505298423,710.850591103763,667.690505298423,706.2880507725422,491270
1982-12-09,706.2880507725422,710.5554395900488,700.613121458942,703.1918252256286,403437
1982-12-10,703.1918252256286,770.9929069312504,703.1918252256286,765.0965746759605,578770
1982-12-13,765.0965746759605,765.0965746759605,759.6860790485039,760.2403379975111,496271
1982-12-14,760.2403379975111,776.3170058689038,760.2403379975111,771.0238100356208,625852
1982-12-15,771.0238100356208,774.5256182800177,764.4252144567645,769.4308982886215,646072
1982-12-16,769.4308982886215,798.7941479397956,769.4308982886215,787.529645385374,400724
1982-12-17,787.529645385374,796.0694781244588,787.529645385374,795.1883949979427,624932
1982-12-20,795.1883949979427,815.5979716535044,795.1883949979427,806.7930371981337,532346
1982-12-21,806.7930371981337,845.3613231781993,806.7930371981337,839.1079220246789,404960
1982-12-22,839.1079220246789,854.7223168033888,836.1618244808204,844.6742199900536,614358
1982-12-23,844.6742199900536,844.6742199900536,836.3049363506609,836.8773357422164,446562
1982-12-24,836.8773357422164,868.358248167967,836.8773357422164,867.3890856316718,321317
1982-12-27,867.3890856316718,894.9693341335485,867.3890856316718,886.305645548324,340807
1982-12-28,886.305645548324,922.3569917945873,886.305645548324,920.4378484666604,382852
1982-12-29,920.4378484666604,923.6089375810149,902.1753453036526,911.809286719292,500803
1982-12-30,911.809286719292,924.3065717560868,911.809286719292,916.8672433043316,497021
1982-12-31,916.8672433043316,926.0063635331587,901.2626255287918,913.6825383125225,473668
1983-01-03,913.6825383125225,928.1257933987972,913.6825383125225,927.1433500161909,552982
1983-01-04,927.1433500161909,930.2525987538685,913.0403094830937,918.2731327049111,509579
1983-01-05,918.2731327049111,918.2731327049111,880.2750700770247,885.310528492183,462610
1983-01-06,885.310528492183,932.2771155443446,885.310528492183,918.9183184116024,616537
1983-01-07,918.9183184116024,928.5758280353947,906.5577714163275,918.7843387009838,603117
1983-01-10,918.7843387009838,918.7843387009838,900.5007109964799,902.0241775860865,365057
1983-01-11,902.0241775860865,935.1886057608452,902.0241775860865,931.0243296655365,450570
1983-01-12,931.0243296655365,949.9114691697387,931.0243296655365,949.6033939886169,565643
1983-01-13,949.6033939886169,977.0501872093984,949.6033939886169,962.9782637369327,520818
1983-01-14,962.9782637369327,962.9782637369327,923.2039424202623,936.3093000748136,560911
1983-01-17,936.3093000748136,961.537462404092,936.3093000748136,952.5357406940121,343950
1983-01-18,952.5357406940121,952.5357406940121,920.3695439255573,927.5221786673987,669483
1983-01-19,927.5221786673987,996.4929217675765,927.5221786673987,984.5606181993634,492398
1983-01-20,984.5606181993634,1026.1889540380703,984.5606181993634,1023.0177016540368,620740
1983-01-21,1023.0177016540368,1023.0177016540368,978.3144394445642,990.0339441406787,461700
1983-01-24,990.0339441406787,990.0339441406787,958.3993791079453,961.6425037749844,553024
1983-01-25,961.6425037749844,961.6425037749844,929.0456840748635,936.1047674575927,464222
1983-01-26,936.1047674575927,968.2690496636435,936.1047674575927,961.0504191097998,505631
1983-01-27,961.0504191097998,970.7864895501014,948.4242743328533,957.4303582380128,480881
1983-01-28,957.4303582380128,957.4303582380128,933.411820061496,935.3348450515841,462026
1983-01-31,935.3348450515841,936.6310186911525,925.8901048322248,927.0862527357807,414781
1983-02-01,927.0862527357807,927.0862527357807,885.2116357796577,891.3215818607531,561418
1983-02-02,891.3215818607531,891.3215818607531,862.4142008302302,869.8157271618487,455789
1983-02-03,869.8157271618487,893.520183789491,869.8157271618487,891.5201635650974,641375
1983-02-04,891.5201635650974,898.4525304490253,888.145604645805,892.5403625451745,479985
1983-02-07,892.5403625451745,897.2659899450526,882.6046252848226,895.8228431403545,465307
1983-02-08,895.8228431403545,899.8426327660706,893.5766363169832,899.4380718111917,482187
1983-02-09,899.4380718111917,899.4380718111917,874.8576414625925,886.6223081319108,426406
1983-02-10,886.6223081319108,903.3554593567573,886.6223081319108,892.9536192282161,456153
1983-02-11,892.9536192282161,898.1538341354623,891.678525715434,894.6596263875927,484051
1983-02-14,894.6596263875927,894.6596263875927,856.1412421871648,865.9386815287589,488714
1983-02-15,865.9386815287589,865.9386815287589,857.3079243068141,858.939740875377,587710
1983-02-16,858.939740875377,858.939740875377,840.9478898092885,844.5578756718852,525558
1983-02-17,844.5578756718852,865.4063079346683,844.5578756718852,861.4524379193459,445540
1983-02-18,861.4524379193459,877.1323703964312,861.4524379193459,874.2672535931715,482410
1983-02-21,874.2672535931715,874.2672535931715,855.8486121926381,866.8488972395271,542593
1983-02-22,866.8488972395271,898.6790567927317,866.8488972395271,885.5603903296861,427431
1983-02-23,885.5603903296861,885.5603903296861,854.9762389872634,863.0968320430354,517711
1983-02-24,863.0968320430354,863.0968320430354,844.7590389375575,848.7269961447823,487259
1983-02-25,848.7269961447823,881.6896020351804,848.7269961447823,876.9623342962071,573675
1983-02-28,876.9623342962071,876.9623342962071,851.2186689672872,856.2791350175878,429222
1983-03-01,856.2791350175878,860.2576381468579,855.7186513765662,855.9468984977475,507203
1983-03-02,855.9468984977475,855.9468984977475,819.9933288959155,826.4874583490632,422679
1983-03-03,826.4874583490632,832.0248095553217,826.4874583490632,829.6519787685604,589003
1983-03-04,829.6519787685604,860.8149346075406,829.6519787685604,855.7332039398215,379762
1983-03-07,855.7332039398215,863.9670357704188,855.7332039398215,863.5062034723328,471265
1983-03-08,863.5062034723328,863.5062034723328,845.4594334033401,852.8801910388466,565159
1983-03-09,852.8801910388466,885.1897920454867,852.8801910388466,879.5352712987589,459925
1983-03-10,879.5352712987589,906.5665657849638,879.5352712987589,901.9948013206342,411566
1983-03-11,901.9948013206342,901.9948013206342,870.2148233389241,878.7025944362698,524873
1983-03-14,878.7025944362698,878.7025944362698,842.8521939458137,847.7981174518653,580838
1983-03-15,847.7981174518653,847.7981174518653,811.6482425371577,821.4255184733944,466246
1983-03-16,821.4255184733944,856.3682455047987,821.4255184733944,849.7371657755527,456619
1983-03-17,849.7371657755527,851.355513310061,839.3464938226906,847.732289254756,553779
1983-03-18,847.732289254756,855.1599731451134,841.2289350344489,852.6697712822546,478717
1983-03-21,852.6697712822546,852.6697712822546,841.3212483301145,846.8331361244262,557610
1983-03-22,846.8331361244262,850.5281891359259,831.1570640530327,842.4488116594432,440853
1983-03-23,842.4488116594432,873.8873253063667,842.4488116594432,866.2568395125048,507347
1983-03-24,866.2568395125048,888.9158513403567,866.2568395125048,886.0643774876519,490445
1983-03-25,886.0643774876519,889.7525008772051,878.7393794063298,882.9699932432062,503493
1983-03-28,882.9699932432062,882.9699932432062,860.08850349121,860.3478500829475,529392
1983-03-29,860.3478500829475,877.2469471722428,860.3478500829475,865.496564084433,611578
1983-03-30,865.496564084433,865.496564084433,844.5709158968641,853.629322103184,439703
1983-03-31,853.629322103184,887.3744273908412,853.629322103184,878.7375558399133,501936
1983-04-01,878.7375558399133,878.7375558399133,848.9371163954582,850.3887539159361,657392
1983-04-04,850.3887539159361,854.3036775218967,839.6357860285472,849.7656136179352,647259
1983-04-05,849.7656136179352,872.492660968407,849.7656136179352,863.4465703653938,466476
1983-04-06,863.4465703653938,863.4465703653938,821.7260616738239,833.3034308496055,507145
1983-04-07,833.3034308496055,833.3034308496055,809.0923798326213,813.8217715718091,595232
1983-04-08,813.8217715718091,856.8474380822784,813.8217715718091,852.9609997509843,478811
1983-04-11,852.9609997509843,865.5343939859829,852.9609997509843,864.8039700631208,546959
1983-04-12,864.8039700631208,901.8041413475028,864.8039700631208,896.4923751064501,539741
1983-04-13,896.4923751064501,896.4923751064501,865.1467715907982,868.6043170525757,524065
1983-04-14,868.6043170525757,868.6043170525757,837.0404828490554,843.9120566055003,517527
1983-04-15,843.9120566055003,857.5952970954448,838.5813999074178,845.100722965582,514029
1983-04-18,845.100722965582,845.100722965582,818.5828903271357,828.8996795889684,405663
1983-04-19,828.8996795889684,856.9245408292268,828.8996795889684,844.4353473807138,370006
1983-04-20,844.4353473807138,844.4353473807138,809.8204834416296,814.7989235990117,343045
1983-04-21,814.7989235990117,824.4546206873948,811.0262869176834,821.3019509712643,623216
1983-04-22,821.3019509712643,838.6597690140712,821.3019509712643,826.9463043681005,457839
1983-04-25,826.9463043681005,849.2830994394734,826.9463043681005,838.5320034748657,412441
1983-04-26,838.5320034748657,854.1203006164125,837.419760055427,847.2442751552051,471946
1983-04-27,847.2442751552051,853.2840693716062,836.3371543492802,848.774832458896,389967
1983-04-28,848.774832458896,877.4116848271351,848.774832458896,876.4457706740681,688614
1983-04-29,876.4457706740681,945.3469166465569,876.4457706740681,938.3837369536942,364121
1983-05-02,938.3837369536942,954.8027960397073,938.3837369536942,952.2139913797477,408716
1983-05-03,952.2139913797477,973.0478816788147,952.2139913797477,963.7581590820474,411743
1983-05-04,963.7581590820474,968.53744433876,959.3926530791863,968.136653704994,474163
1983-05-05,968.136653704994,985.7548135402175,960.475522072215,974.1303565070225,600965
1983-05-06,974.1303565070225,989.9535469490278,970.7947646558215,984.9365542369837,485503
1983-05-09,984.9365542369837,984.9365542369837,963.0144614324305,971.249587654798,435515
1983-05-10,971.249587654798,971.249587654798,918.4991226585399,921.905641333141,444477
1983-05-11,921.905641333141,957.4807151267988,921.905641333141,944.637684381979,459850
1983-05-12,944.637684381979,1001.1850536794882,944.637684381979,988.4789372038435,499841
1983-05-13,988.4789372038435,988.4789372038435,970.3862788491065,975.8800368592473,420257
1983-05-16,975.8800368592473,990.8130895294486,975.8800368592473,978.016021187481,439334
1983-05-17,978.016021187481,1003.8240577319237,978.016021187481,1000.9293215583967,568122
1983-05-18,1000.9293215583967,1023.3393513646294,1000.9293215583967,1014.8047256606991,513719
1983-05-19,1014.8047256606991,1014.8047256606991,995.1769571307142,995.5745050462496,445365
1983-05-20,995.5745050462496,995.5745050462496,961.4601456424109,971.0138482816546,538410
1983-05-23,971.0138482816546,1002.4842625552768,971.0138482816546,992.0224013408633,566919
1983-05-24,992.0224013408633,996.4695985022037,975.0936620914418,988.2569314434554,496268
1983-05-25,988.2569314434554,999.7114907890872,988.2569314434554,998.8809982718097,483566
1983-05-26,998.8809982718097,1131.2446108780969,998.8809982718097,1116.0771953327262,526675
1983-05-27,1116.0771953327262,1116.0771953327262,1070.9271432950266,1079.658712359436,540983
1983-05-30,1079.658712359436,1088.9820231225328,1079.658712359436,1085.439932711674,550104
1983-05-31,1085.439932711674,1085.439932711674,1051.8980627938865,1061.2069382097197,589820
1983-06-01,1061.2069382097197,1072.5430990348204,1057.852021183323,1064.4612395050283,378296
1983-06-02,1064.4612395050283,1064.4612395050283,1021.415390422367,1036.6435306784188,549625
1983-06-03,1036.6435306784188,1079.6092564586822,1036.6435306784188,1065.0840702370897,420046
1983-06-06,1065.0840702370897,1076.5115378076098,1065.0840702370897,1075.2338106460822,420914
1983-06-07,1075.2338106460822,1091.2494354362468,1075.2338106460822,1078.6420497931315,562467
1983-06-08,1078.6420497931315,1085.3451571360408,1065.1841536070046,1069.7843728526798,422936
1983-06-09,1069.7843728526798,1105.1705324372804,1069.7843728526798,1105.1336076397931,410436
1983-06-10,1105.1336076397931,1141.5874673512849,1105.1336076397931,1133.5240408819807,567008
1983-06-13,1133.5240408819807,1133.5240408819807,1083.2225884294867,1093.4277350247296,474753
1983-06-14,1093.4277350247296,1093.4277350247296,1024.2297582138308,1039.0482852214532,499242
1983-06-15,1039.0482852214532,1039.0482852214532,989.1652677207315,990.9639684704732,632562
1983-06-16,990.9639684704732,1006.287613103417,990.9639684704732,1001.5471501209585,486805
1983-06-17,1001.5471501209585,1019.9559783906968,998.9079648400456,1014.1015211953809,385448
1983-06-20,1014.1015211953809,1034.9691979986685,1014.1015211953809,1027.8461739061909,491843
1983-06-21,1027.8461739061909,1043.3720073429747,1025.6797039393587,1038.4683802073432,362123
1983-06-22,1038.4683802073432,1038.4683802073432,977.9765223095354,985.0756092563231,428641
1983-06-23,985.0756092563231,985.0756092563231,967.6023281983516,977.0598684400377,486160
1983-06-24,977.0598684400377,977.0598684400377,957.7799187390235,965.930888202297,581131
1983-06-27,965.930888202297,973.6704737793201,948.444067605223,960.9524700045571,517469
1983-06-28,960.9524700045571,986.3682062521187,960.9524700045571,978.3380132678172,608836
1983-06-29,978.3380132678172,985.1869555585921,967.3693250540802,971.5186499426956,654032
1983-06-30,971.5186499426956,995.9624687378687,971.5186499426956,981.2608672221585,500424
1983-07-01,981.2608672221585,995.1949404334782,980.1255633111884,985.954641090075,569789
1983-07-04,985.954641090075,987.7392873380253,963.0733304346048,974.4765953113941,533623
1983-07-05,974.4765953113941,974.4765953113941,925.7689585436101,936.2490452042174,573404
1983-07-06,936.2490452042174,939.1196966444478,920.0245173716596,925.310612970559,604336
1983-07-07,925.310612970559,948.400833856203,925.310612970559,938.5437939069874,420109
1983-07-08,938.5437939069874,942.769250348089,916.348790159522,929.7137425003128,463207
1983-07-11,929.7137425003128,949.9152920587358,929.7137425003128,941.0243329961371,501450
1983-07-12,941.0243329961371,941.0243329961371,890.5265443278611,891.6429580739263,489038
1983-07-13,891.6429580739263,916.9042947313064,891.6429580739263,907.9745752845123,621933
1983-07-14,907.9745752845123,907.9745752845123,891.0249723864623,895.3297881508641,533936
1983-07-15,895.3297881508641,895.3297881508641,849.6187928608622,851.0803650692925,482485
1983-07-18,851.0803650692925,851.0803650692925,837.450321263318,840.503534563656,535479
1983-07-19,840.503534563656,859.711608482401,840.503534563656,856.9624475492064,369896
1983-07-20,856.9624475492064,856.9624475492064,847.8758793294636,849.1152438202146,517602
1983-07-21,849.1152438202146,849.1152438202146,813.3366928044189,825.580022972361,645886
1983-07-22,825.580022972361,825.580022972361,792.9923992025937,802.5088651679066,464166
1983-07-25,802.5088651679066,818.50109266585,802.5088651679066,811.5752889582749,520241
1983-07-26,811.5752889582749,811.5752889582749,788.1297899848765,797.6813199444796,565005
1983-07-27,797.6813199444796,817.3279280303799,797.6813199444796,809.2952146092056,549706
1983-07-28,809.2952146092056,809.2952146092056,775.3634791244069,776.3535012525484,455422
1983-07-29,776.3535012525484,810.7339789369815,776.3535012525484,799.8726630587097,464385
1983-08-01,799.8726630587097,799.8726630587097,780.764413743564,783.125095089233,526139
1983-08-02,783.125095089233,807.7554523726803,783.125095089233,806.6671094759287,408077
1983-08-03,806.6671094759287,838.2310654655785,806.6671094759287,827.1831444708779,386255
1983-08-04,827.1831444708779,827.1831444708779,813.6513245482324,814.6927383326445,477623
1983-08-05,814.6927383326445,814.6927383326445,799.3474083816691,800.8013014659952,628907
1983-08-08,800.8013014659952,812.7149104111485,800.8013014659952,804.5371226913519,574742
1983-08-09,804.5371226913519,804.7350643994195,787.7928871348342,797.9454241212377,629650
1983-08-10,797.9454241212377,797.9454241212377,778.436174188051,785.0138897890521,512530
1983-08-11,785.0138897890521,785.9401768367059,782.2672587279691,785.0874383797112,549633
1983-08-12,785.0874383797112,810.0312718569241,785.0874383797112,809.7997808504352,490634
1983-08-15,809.7997808504352,809.7997808504352,759.6140393016477,764.7431539774128,393787
1983-08-16,764.7431539774128,799.1138950696997,764.7431539774128,795.8611288428914,617238
1983-08-17,795.8611288428914,795.8611288428914,774.8287468079907,783.5116714116149,278612
1983-08-18,783.5116714116149,783.5116714116149,777.580945504937,781.5450445525057,507563
1983-08-19,781.5450445525057,781.5450445525057,761.0840604934021,761.345008876894,618625
1983-08-22,761.345008876894,761.345008876894,728.9253543687265,736.798011157341,579468
1983-08-23,736.798011157341,748.5974562971356,736.798011157341,748.0053818779272,510808
1983-08-24,748.0053818779272,748.0053818779272,740.4018252514018,740.5457812620324,461104
1983-08-25,740.5457812620324,749.6110255529242,740.5457812620324,744.4759909531856,437517
1983-08-26,744.4759909531856,766.4211243599289,744.4759909531856,762.0187720666489,445602
1983-08-29,762.0187720666489,793.1175046799566,762.0187720666489,783.9203487023639,490034
1983-08-30,783.9203487023639,792.4850635717836,774.8737924290385,784.325165809014,331271
1983-08-31,784.325165809014,797.6399332637063,784.325165809014,790.4001950446396,414926
1983-09-01,790.4001950446396,790.4001950446396,761.8943895940691,768.3098096534677,612367
1983-09-02,768.3098096534677,768.3098096534677,736.1107004050778,743.6959291394102,571441
1983-09-05,743.6959291394102,744.2331606790931,735.8104239475472,742.9651164801338,356315
1983-09-06,742.9651164801338,749.1763650194779,738.6406909008266,739.8452038535462,411892
1983-09-07,739.8452038535462,749.8338670260181,735.0218590890322,745.4537099158324,389966
1983-09-08,745.4537099158324,745.4537099158324,703.3688487741085,711.1792322751304,508865
1983-09-09,711.1792322751304,741.0599581686228,711.1792322751304,732.0022600719752,594657
1983-09-12,732.0022600719752,749.9990894678361,732.0022600719752,741.7873221729002,443112
1983-09-13,741.7873221729002,747.3240393603038,741.7873221729002,742.9364785276327,458287
1983-09-14,742.9364785276327,743.6385823038644,727.087055249146,736.1722156506578,333860
1983-09-15,736.1722156506578,737.6164745114986,725.5954266183197,733.9364246467709,557553
1983-09-16,733.9364246467709,733.9364246467709,705.4351972845892,712.7011091729673,541354
1983-09-19,712.7011091729673,727.3880369678684,712.7011091729673,723.5268384557306,424058
1983-09-20,723.5268384557306,723.5268384557306,700.6431684764918,708.6488554756595,657482
1983-09-21,708.6488554756595,708.6488554756595,679.9554183882339,690.1285102956585,581240
1983-09-22,690.1285102956585,692.6052472621051,674.0978157114832,683.8368299922745,497888
1983-09-23,683.8368299922745,691.3721405165697,679.8636000305814,682.1484923949887,489945
1983-09-26,682.1484923949887,682.8988768585675,671.2837274375258,677.3370473610146,641833
1983-09-27,677.3370473610146,684.5184297335836,673.0353560711192,680.854686031465,520143
1983-09-28,680.854686031465,680.854686031465,662.9367630149088,672.4386481030023,512220
1983-09-29,672.4386481030023,672.4386481030023,649.5547631158503,653.7313044943863,459938
1983-09-30,653.7313044943863,674.3144118028856,653.7313044943863,665.660785710918,627933
1983-10-03,665.660785710918,665.660785710918,654.9624691586805,659.8181894002416,465475
1983-10-04,659.8181894002416,684.3721894869793,659.8181894002416,680.5792963355283,549010
1983-10-05,680.5792963355283,685.4235253755716,679.4840771058765,682.2263842456739,577931
1983-10-06,682.2263842456739,687.0567388823513,680.0308189217574,686.3922788701428,504633
1983-10-07,686.3922788701428,701.0463822201857,686.3922788701428,698.2672933976282,548276
1983-10-10,698.2672933976282,710.5326918830892,698.2672933976282,704.5267349259549,529971
1983-10-11,704.5267349259549,704.5267349259549,684.3534215550227,692.4434662936565,366019
1983-10-12,692.4434662936565,718.2551730339533,692.4434662936565,713.2947327165898,441526
1983-10-13,713.2947327165898,736.1232277638338,713.2947327165898,726.9435984604468,595070
1983-10-14,726.9435984604468,735.2561743404989,723.601676610482,730.8380406907389,659587
1983-10-17,730.8380406907389,730.8380406907389,721.1077443849458,728.3735774152326,484928
1983-10-18,728.3735774152326,759.6017262959125,728.3735774152326,750.8713241293775,572730
1983-10-19,750.8713241293775,750.8713241293775,711.515630489712,712.9426249876566,545583
1983-10-20,712.9426249876566,712.9426249876566,689.2065517614275,699.6232549878899,456666
1983-10-21,699.6232549878899,708.5705541598637,699.6232549878899,704.0749749250061,619202
1983-10-24,704.0749749250061,704.0749749250061,680.340096286136,690.4794974372886,402864
1983-10-25,690.4794974372886,706.4467500049998,690.4794974372886,702.5710615348252,507697
1983-10-26,702.5710615348252,715.9050005936843,702.5710615348252,707.9862443802779,441357
1983-10-27,707.9862443802779,729.6922579364173,707.9862443802779,724.0335478466317,505088
1983-10-28,724.0335478466317,745.8570784941489,724.0335478466317,735.7206261726834,685781
1983-10-31,735.7206261726834,737.2474287013448,718.2515096346984,727.5296834261966,316200
1983-11-01,727.5296834261966,727.5296834261966,707.1676199539336,709.7066571624008,479697
1983-11-02,709.7066571624008,716.6910463842057,707.264267038958,715.7152913966365,537133
1983-11-03,715.7152913966365,715.7152913966365,699.1248362085333,702.6867875298651,467417
1983-11-04,702.6867875298651,706.854891830956,691.4649206871043,699.2673666573153,369217
1983-11-07,699.2673666573153,742.717793499335,699.2673666573153,732.2312098810328,408664
1983-11-08,732.2312098810328,743.14715250871,726.523942154208,734.5827625806457,523391
1983-11-09,734.5827625806457,751.9775442175677,734.5827625806457,745.9212310868091,420427
1983-11-10,745.9212310868091,748.7225285381927,742.6561733212742,747.4714877916415,512343
1983-11-11,747.4714877916415,769.334444442741,747.4714877916415,766.327271380865,541819
1983-11-14,766.327271380865,786.580264303087,765.2233824486327,775.9576845344181,389845
1983-11-15,775.9576845344181,779.7391311461587,771.5143048397098,776.1605709353132,494826
1983-11-16,776.1605709353132,780.5637195556387,764.8342845373387,772.9957197778822,596223
1983-11-17,772.9957197778822,790.3005184130488,772.9957197778822,781.4648441208785,529763
1983-11-18,781.4648441208785,781.4648441208785,738.9035328672005,749.5187739386583,494225
1983-11-21,749.5187739386583,766.5061040754256,749.5187739386583,758.9597035657403,438981
1983-11-22,758.9597035657403,771.4844550597884,758.9597035657403,770.8333529653348,377682
1983-11-23,770.8333529653348,780.8646666984877,765.713566047169,771.2460614168532,376910
1983-11-24,771.2460614168532,787.8577916765684,771.2460614168532,783.1086751532115,486215
1983-11-25,783.1086751532115,809.1924812066582,783.1086751532115,808.3722151431682,446687
1983-11-28,808.3722151431682,822.6326766063703,808.3722151431682,813.4731590087601,496764
1983-11-29,813.4731590087601,847.6990796047104,813.4731590087601,837.4377350147378,532913
1983-11-30,837.4377350147378,889.7140894378869,837.4377350147378,880.3360469453955,488778
1983-12-01,880.3360469453955,880.3360469453955,843.1294987249969,848.672382656335,534903
1983-12-02,848.672382656335,848.672382656335,845.2106311034939,845.6027447108864,495503
1983-12-05,845.6027447108864,864.1487112752673,845.6027447108864,857.9365238902609,416450
1983-12-06,857.9365238902609,870.9096313496199,856.2868716552961,863.4058058237185,534425
1983-12-07,863.4058058237185,863.4058058237185,856.2534939145556,859.6566335726665,555606
1983-12-08,859.6566335726665,859.6566335726665,837.3402315977414,846.717612356673,433133
1983-12-09,846.717612356673,846.717612356673,837.8675284298654,843.4034129125552,487544
1983-12-12,843.4034129125552,843.4034129125552,816.4495781129081,826.4720987663275,534423
1983-12-13,826.4720987663275,826.4720987663275,808.2145162061521,818.0096823944923,516059
1983-12-14,818.0096823944923,818.0096823944923,796.4423048182169,806.9270126345555,396701
1983-12-15,806.9270126345555,806.9270126345555,750.2422583432831,757.1711521636792,663093
1983-12-16,757.1711521636792,757.1711521636792,743.2177757599951,746.5453358966801,416299
1983-12-19,746.5453358966801,805.2365671882881,746.5453358966801,794.8551435190949,492662
1983-12-20,794.8551435190949,820.7688005327323,794.8551435190949,813.0980683600321,431576
1983-12-21,813.0980683600321,835.2316202062035,813.0980683600321,823.8916097068467,408883
1983-12-22,823.8916097068467,845.092498886418,823.1243757110385,834.7775600145523,421902
1983-12-23,834.7775600145523,837.440854563006,812.9971667997909,825.2101844986532,557311
1983-12-26,825.2101844986532,839.7916499778995,825.2101844986532,839.6358431696534,457793
1983-12-27,839.6358431696534,862.877471329007,839.6358431696534,854.9584415814842,495375
1983-12-28,854.9584415814842,854.9584415814842,823.5711369669992,827.7427923918012,562076
1983-12-29,827.7427923918012,827.7427923918012,809.299374224087,816.6415432130804,496985
1983-12-30,816.6415432130804,864.590818407861,816.6415432130804,853.0498391649335,327575
1984-01-02,853.0498391649335,853.0498391649335,820.5705431488688,829.7661624163783,497085
1984-01-03,829.7661624163783,829.7661624163783,796.0268987633821,804.6719797970087,555137
1984-01-04,804.6719797970087,831.9710251078883,804.6719797970087,821.1245894195592,541612
1984-01-05,821.1245894195592,821.1245894195592,797.1727443426633,797.4277977662879,297967
1984-01-06,797.4277977662879,805.8487820981074,790.2205357735986,801.2771202925156,519042
1984-01-09,801.2771202925156,838.1764695234378,801.2771202925156,834.5098361092693,641279
1984-01-10,834.5098361092693,860.4190432240672,834.5098361092693,851.2968926443227,524576
1984-01-11,851.2968926443227,892.3922601941968,851.2968926443227,879.4502038922128,498244
1984-01-12,879.4502038922128,879.4502038922128,863.266771343169,864.1773856247416,487547
1984-01-13,864.1773856247416,864.1773856247416,843.7848396869003,845.7320764421113,421051
1984-01-16,845.7320764421113,845.7320764421113,812.1168542388898,815.9028889564123,665476
1984-01-17,815.9028889564123,825.5069774475925,810.4909353395542,817.0515864940446,419742
1984-01-18,817.0515864940446,817.0515864940446,802.3019245495426,808.8374499548083,470334
1984-01-19,808.8374499548083,842.0398906427768,808.8374499548083,835.4676983862848,449998
1984-01-20,835.4676983862848,855.5651327969892,835.4676983862848,843.0201902171049,614824
1984-01-23,843.0201902171049,843.0201902171049,830.0076556937015,834.8836910987146,456779
1984-01-24,834.8836910987146,834.8836910987146,827.5795483248728,827.9953763756538,468999
1984-01-25,827.9953763756538,843.0757074724228,827.9953763756538,837.5584976349483,457062
1984-01-26,837.5584976349483,837.5584976349483,801.7966700022951,813.4445588663889,649053
1984-01-27,813.4445588663889,819.61357824206,806.7054627268628,814.0172458002202,560619
1984-01-30,814.0172458002202,814.0172458002202,803.4780160884669,807.896417908116,595339
1984-01-31,807.896417908116,825.2637014657249,807.896417908116,823.7291865834081,507225
1984-02-01,823.7291865834081,847.4189025670669,823.7291865834081,836.9851313240564,520980
1984-02-02,836.9851313240564,836.9851313240564,813.1189620906116,820.0434694505722,289303
1984-02-03,820.0434694505722,820.0434694505722,788.9936484865019,791.0347795051194,520736
1984-02-06,791.0347795051194,791.0347795051194,777.5119201603969,783.4434445893515,390527
1984-02-07,783.4434445893515,822.3171948438611,783.4434445893515,812.4896630575433,575695
1984-02-08,812.4896630575433,812.4896630575433,801.4491808719777,806.4871588600796,565950
1984-02-09,806.4871588600796,816.5236939889043,806.4871588600796,814.8974738196991,528808
1984-02-10,814.8974738196991,814.8974738196991,800.3544885149432,808.6065088786177,501951
1984-02-13,808.6065088786177,808.6065088786177,795.1815374159597,800.6360535843833,595520
1984-02-14,800.6360535843833,856.7606780246692,800.6360535843833,850.5524699271257,405872
1984-02-15,850.5524699271257,858.5963689961808,842.7724593568603,849.6771418781157,492852
1984-02-16,849.6771418781157,849.6771418781157,819.3804343681154,821.4446261635353,471853
1984-02-17,821.4446261635353,860.6827032014728,821.4446261635353,851.3005296652218,492984
1984-02-20,851.3005296652218,873.3977734707829,851.3005296652218,867.3808023962404,568141
1984-02-21,867.3808023962404,896.8444192245685,867.3808023962404,885.2810540974108,596799
1984-02-22,885.2810540974108,885.2810540974108,848.0415250614993,853.2150328996258,461841
1984-02-23,853.2150328996258,853.2150328996258,838.3428441386469,838.8551778470814,574542
1984-02-24,838.8551778470814,838.8551778470814,814.2252223567059,815.052507626542,483621
1984-02-27,815.052507626542,839.8133271410163,815.052507626542,830.1965644846863,560858
1984-02-28,830.1965644846863,836.1082154740135,820.061399076179,830.8452138113296,582976
1984-02-29,830.8452138113296,838.3255216265812,821.947621352705,831.1455705184715,503261
1984-03-01,831.1455705184715,847.4651781247493,831.1455705184715,845.1617866232211,511408
1984-03-02,845.1617866232211,853.7961399195123,845.1617866232211,853.0942439314254,651657
1984-03-05,853.0942439314254,853.0942439314254,806.9266429905366,813.7826248742529,436125
1984-03-06,813.7826248742529,819.0310799964699,799.677098034004,810.0532498508732,484995
1984-03-07,810.0532498508732,843.0776900006204,810.0532498508732,839.6309052563569,467651
1984-03-08,839.6309052563569,839.6309052563569,830.439880741991,832.4609837613027,329335
1984-03-09,832.4609837613027,834.269129666695,831.065609108118,833.5449895792377,574279
1984-03-12,833.5449895792377,893.3861308755422,833.5449895792377,888.6539579773663,632549
1984-03-13,888.6539579773663,888.6539579773663,875.6827855757037,882.5274337814334,399315
1984-03-14,882.5274337814334,935.3456168087647,882.5274337814334,934.2751602469817,519123
1984-03-15,934.2751602469817,943.1190534001851,934.2751602469817,942.9734499291532,526081
1984-03-16,942.9734499291532,942.9734499291532,918.2564787291828,925.9514315270646,514819
1984-03-19,925.9514315270646,925.9514315270646,863.8040434965571,871.8190469638365,524625
1984-03-20,871.8190469638365,888.2730912388913,871.8190469638365,877.8068039663017,496201
1984-03-21,877.8068039663017,877.8068039663017,836.0723306848842,837.4563064056941,711623
1984-03-22,837.4563064056941,839.944582253892,820.1423612046664,832.5600687685786,444331
1984-03-23,832.5600687685786,841.7275571063095,828.6527693091368,836.1514321497434,513197
1984-03-26,836.1514321497434,836.1514321497434,798.5336602917757,810.4451787993563,571673
1984-03-27,810.4451787993563,810.4451787993563,780.2709488019627,786.7302841533,508997
1984-03-28,786.7302841533,815.1340772553639,786.7302841533,809.1096719950139,478180
1984-03-29,809.1096719950139,816.963200117983,805.3807596943518,808.808254940101,399831
1984-03-30,808.808254940101,815.3504472634671,806.2074626543103,811.3971823214406,597334
1984-04-02,811.3971823214406,849.0580383957672,811.3971823214406,847.6037884910112,505116
1984-04-03,847.6037884910112,847.6037884910112,802.6152462543906,803.7470307963382,537411
1984-04-04,803.7470307963382,803.7470307963382,787.8994912749961,796.2846225435391,540840
1984-04-05,796.2846225435391,796.2846225435391,757.0586155416692,768.1659562330815,460465
1984-04-06,768.1659562330815,769.5011375610491,757.1477526051967,766.3607538830574,422776
1984-04-09,766.3607538830574,772.0921027592046,760.0627194195779,764.2438956762228,428445
1984-04-10,764.2438956762228,801.3702214364879,764.2438956762228,798.6541696180218,316782
1984-04-11,798.6541696180218,798.6541696180218,781.1363646090514,788.3671585691984,514351
1984-04-12,788.3671585691984,788.3671585691984,755.8462818433724,766.475078812245,403674
1984-04-13,766.475078812245,766.475078812245,754.9147892111656,758.5678991667851,545803
1984-04-16,758.5678991667851,773.4396584040129,758.5678991667851,772.8240831726465,445841
1984-04-17,772.8240831726465,772.8240831726465,754.891944705054,755.9614875379451,574717
1984-04-18,755.9614875379451,755.9614875379451,748.8035231640499,750.0808365442639,530792
1984-04-19,750.0808365442639,775.7269002430859,750.0808365442639,771.7731458408917,583016
1984-04-20,771.7731458408917,783.8721897806686,771.7731458408917,782.7132375319567,584818
1984-04-23,782.7132375319567,782.7132375319567,755.0477985607058,765.571687582686,520943
1984-04-24,765.571687582686,786.7971878625265,765.571687582686,782.6459425207413,482466
1984-04-25,782.6459425207413,820.6518294348634,782.6459425207413,813.2049989198782,505786
1984-04-26,813.2049989198782,831.1719349247571,813.2049989198782,829.4895437657439,414493
1984-04-27,829.4895437657439,829.4895437657439,779.8444002627765,786.4700150167373,553639
1984-04-30,786.4700150167373,820.9521623313909,786.4700150167373,808.9564990415821,512543
1984-05-01,808.9564990415821,831.6377986387884,808.9564990415821,829.2469610841456,462225
1984-05-02,829.2469610841456,829.2469610841456,801.8004391123934,806.2628880329121,476764
1984-05-03,806.2628880329121,806.2628880329121,761.4689678357395,771.7305340292775,493736
1984-05-04,771.7305340292775,777.497439097244,767.0086146149679,773.9720707085044,399841
1984-05-07,773.9720707085044,778.1597300247603,773.1454193560488,775.8325822027376,590221
1984-05-08,775.8325822027376,801.4669408079781,775.8325822027376,789.7740674176032,399084
1984-05-09,789.7740674176032,854.5554759864293,789.7740674176032,843.0083640441159,755993
1984-05-10,843.0083640441159,873.9334223648037,843.0083640441159,862.3865524347448,601842
1984-05-11,862.3865524347448,913.7255598304242,862.3865524347448,900.5856129120078,503187
1984-05-14,900.5856129120078,900.5856129120078,870.3904029824978,880.1534602680267,610916
1984-05-15,880.1534602680267,902.6740778077318,880.1534602680267,893.7605360998324,458607
1984-05-16,893.7605360998324,916.3194556434408,893.7605360998324,914.3391513249084,482866
1984-05-17,914.3391513249084,938.6477132652336,914.3391513249084,926.6192285246287,344821
1984-05-18,926.6192285246287,940.2487350044556,921.9939904842212,929.240057982265,540221
1984-05-21,929.240057982265,940.934285438983,924.5809381039783,934.5091481692282,485656
1984-05-22,934.5091481692282,947.8508168659755,929.4856543230272,937.4449533797546,436666
1984-05-23,937.4449533797546,937.4449533797546,885.0971224217774,896.8609484097559,409096
1984-05-24,896.8609484097559,940.4761357319926,896.8609484097559,931.3650508137656,542178
1984-05-25,931.3650508137656,939.1093361178146,925.9231220699259,930.1946682618803,602379
1984-05-28,930.1946682618803,930.1946682618803,899.8627109124244,907.7761777298438,520128
1984-05-29,907.7761777298438,907.7761777298438,882.961895481334,895.6120505271607,548868
1984-05-30,895.6120505271607,902.147484844761,889.3082090394653,891.0961094396969,596123
1984-05-31,891.0961094396969,924.0429892704232,891.0961094396969,913.5273726228354,528442
1984-06-01,913.5273726228354,913.7792397723301,905.1316704086674,907.7294479463525,448827
1984-06-04,907.7294479463525,907.7294479463525,897.5853271110172,905.7763526153229,554345
1984-06-05,905.7763526153229,905.7763526153229,893.4255777433674,897.3754986776385,460030
1984-06-06,897.3754986776385,934.6059285480184,897.3754986776385,934.4702266779328,455531
1984-06-07,934.4702266779328,934.4702266779328,881.4160358626128,890.7220934768413,471985
1984-06-08,890.7220934768413,890.7220934768413,863.4824767555416,874.8388061953657,425106
1984-06-11,874.8388061953657,885.2691405029425,866.132108508862,875.7052626568773,491586
1984-06-12,875.7052626568773,911.3083947636455,875.7052626568773,904.6729207322272,485217
1984-06-13,904.6729207322272,923.5651921880598,904.6729207322272,919.7521335144038,481103
1984-06-14,919.7521335144038,920.718928582102,911.8811506133713,911.9378188999337,549572
1984-06-15,911.9378188999337,923.0175196596417,911.3725334749718,915.6019122820089,270122
1984-06-18,915.6019122820089,940.1502372293041,915.6019122820089,927.6240837947489,551057
1984-06-19,927.6240837947489,927.6240837947489,882.2556730997902,892.7198524708763,483066
1984-06-20,892.7198524708763,901.6909530199148,883.4118956528628,890.1805579037041,395700
1984-06-21,890.1805579037041,917.3732804025115,890.1805579037041,907.3074441729515,554053
1984-06-22,907.3074441729515,930.7945807383647,907.3074441729515,930.6967389505725,526353
1984-06-25,930.6967389505725,987.6761683420256,930.6967389505725,975.9112740100263,416525
1984-06-26,975.9112740100263,1017.5957729088849,975.9112740100263,1005.6346435664562,598599
1984-06-27,1005.6346435664562,1015.6977190951328,995.4378010792185,1006.0333225144133,546092
1984-06-28,1006.0333225144133,1024.9851171435764,1003.7871235895341,1011.2022399020884,498963
1984-06-29,1011.2022399020884,1011.2022399020884,964.2317066904615,976.1198052893067,464056
1984-07-02,976.1198052893067,976.1198052893067,948.9295432541096,957.6445079275486,438162
1984-07-03,957.6445079275486,957.6445079275486,941.5350085019907,941.8593929535971,530412
1984-07-04,941.8593929535971,997.5986568160712,941.8593929535971,995.6849658286144,540141
1984-07-05,995.6849658286144,1015.2129494737426,995.6849658286144,1003.7641247521942,446900
1984-07-06,1003.7641247521942,1025.3063859896718,1003.7641247521942,1016.6907406477297,445227
1984-07-09,1016.6907406477297,1056.1731904149735,1016.6907406477297,1044.955871342224,521909
1984-07-10,1044.955871342224,1044.955871342224,1034.8903861312335,1036.6532496674254,473337
1984-07-11,1036.6532496674254,1062.0766327575197,1035.9740104137773,1050.3168398119776,472740
1984-07-12,1050.3168398119776,1060.4609609295114,1048.711363302204,1049.6404774758473,502154
1984-07-13,1049.6404774758473,1049.6404774758473,1030.1968264802476,1044.5135685885314,512473
1984-07-16,1044.5135685885314,1066.3022622622955,1043.621497530627,1055.6345519236836,477778
1984-07-17,1055.6345519236836,1063.6506684045855,1035.928249803,1051.376025457659,644995
1984-07-18,1051.376025457659,1086.8686296323779,1051.376025457659,1084.2148725871484,439526
1984-07-19,1084.2148725871484,1122.0213142016203,1084.2148725871484,1107.6436040788174,458163
1984-07-20,1107.6436040788174,1124.7552833705113,1105.713449695651,1111.2483243674712,495464
1984-07-23,1111.2483243674712,1111.2483243674712,1091.842925652391,1102.7852080323798,416313
1984-07-24,1102.7852080323798,1123.9659676121162,1102.7852080323798,1117.1768191693925,474918
1984-07-25,1117.1768191693925,1127.9707545329175,1113.4184100729542,1124.3089130179214,603078
1984-07-26,1124.3089130179214,1124.3089130179214,1079.9766124382356,1094.0998747578835,491151
1984-07-27,1094.0998747578835,1108.8238402351694,1094.0998747578835,1105.0472851726747,503276
1984-07-30,1105.0472851726747,1118.6564538626346,1102.4264018375666,1106.428714067272,444076
1984-07-31,1106.428714067272,1145.65167960739,1106.428714067272,1128.8749186964496,609910
1984-08-01,1128.8749186964496,1136.046974400895,1120.230877288065,1125.9404597144603,467033
1984-08-02,1125.9404597144603,1145.992964432211,1123.3445586579944,1135.7756633882957,644271
1984-08-03,1135.7756633882957,1153.4820554887217,1134.473197804618,1141.9397496286801,579952
1984-08-06,1141.9397496286801,1158.2990096027343,1138.4297879093783,1152.3937392552264,616728
1984-08-07,1152.3937392552264,1152.3937392552264,1108.570138419844,1117.0420689999921,667686
1984-08-08,1117.0420689999921,1117.0420689999921,1066.2016805929768,1081.7531232145138,463922
1984-08-09,1081.7531232145138,1093.5993203936255,1074.2956618595265,1083.9313417236417,465984
1984-08-10,1083.9313417236417,1102.3963273852953,1079.8946867248048,1089.304098567232,434113
1984-08-13,1089.304098567232,1089.304098567232,1045.8516605850148,1054.5084735691698,478259
1984-08-14,1054.5084735691698,1076.6858470429263,1047.8384196378793,1062.2016266688188,419612
1984-08-15,1062.2016266688188,1062.2016266688188,1028.1720982324393,1032.508631797318,521549
1984-08-16,1032.508631797318,1040.5169483709267,1025.127889100452,1035.0658941832255,479573
1984-08-17,1035.0658941832255,1035.0658941832255,1017.2227627548949,1020.6916110493846,468615
1984-08-20,1020.6916110493846,1020.6916110493846,992.5972710179457,999.15717236152,609631
1984-08-21,999.15717236152,1015.2512829377923,997.9038367461652,1007.1398564040625,462973
1984-08-22,1007.1398564040625,1033.5889854097036,1007.1398564040625,1026.1504998297464,407433
1984-08-23,1026.1504998297464,1026.1504998297464,1011.0722323381469,1023.7458538356914,527037
1984-08-24,1023.7458538356914,1023.7458538356914,1005.3688125348934,1019.3876787584908,645696
1984-08-27,1019.3876787584908,1063.8760555911456,1019.3876787584908,1051.0839379906524,506179
1984-08-28,1051.0839379906524,1085.7648984191392,1051.0839379906524,1078.9617114893658,521866
1984-08-29,1078.9617114893658,1078.9617114893658,1050.7919858933906,1063.5175900380518,466506
1984-08-30,1063.5175900380518,1063.5175900380518,1029.4204143743348,1034.4618849511348,570921
1984-08-31,1034.4618849511348,1042.3281690407039,1029.8085910987006,1033.456610570178,421374
1984-09-03,1033.456610570178,1033.456610570178,1003.8609953175369,1011.3068521583459,392935
1984-09-04,1011.3068521583459,1052.8390433690192,1011.3068521583459,1047.983485641076,324110
1984-09-05,1047.983485641076,1071.4049132887696,1047.983485641076,1059.5228963836046,428905
1984-09-06,1059.5228963836046,1059.5228963836046,1045.8590837658346,1047.2444201361225,444088
1984-09-07,1047.2444201361225,1083.756848553414,1047.2444201361225,1076.131080049666,557923
1984-09-10,1076.131080049666,1076.131080049666,1054.0669839600016,1054.1242596733962,541844
1984-09-11,1054.1242596733962,1055.5548607475737,1032.6532968789986,1044.5230669724356,485804
1984-09-12,1044.5230669724356,1056.9333742796666,1039.9515318480674,1051.839087165953,420708
1984-09-13,1051.839087165953,1055.979289964714,1043.3791861888892,1047.8466234015432,469272
1984-09-14,1047.8466234015432,1047.8466234015432,1033.489433632334,1034.0670345158971,644929
1984-09-17,1034.0670345158971,1073.4926504895836,1034.0670345158971,1065.5230443476823,524813
1984-09-18,1065.5230443476823,1087.3327047262883,1060.0592586607956,1072.945477512708,580249
1984-09-19,1072.945477512708,1089.3946246680377,1065.9692190308458,1077.805028488546,512157
1984-09-20,1077.805028488546,1133.704518164663,1077.805028488546,1119.0797588763794,516188
1984-09-21,1119.0797588763794,1119.0797588763794,1073.9962624252064,1083.3108538776855,488150
1984-09-24,1083.3108538776855,1091.6414740319715,1083.3108538776855,1085.2059593905603,385276
1984-09-25,1085.2059593905603,1088.1238173028526,1085.2059593905603,1087.08577338472,527329
1984-09-26,1087.08577338472,1087.08577338472,1061.5869438378106,1068.2321382198033,477850
1984-09-27,1068.2321382198033,1068.2321382198033,1044.1582087722456,1044.503795672546,477119
1984-09-28,1044.503795672546,1044.503795672546,1018.1538307480917,1028.6305829846424,661572
1984-10-01,1028.6305829846424,1028.6305829846424,1013.9626539148294,1017.5504100424614,568318
1984-10-02,1017.5504100424614,1020.416902560625,1001.9077912843246,1015.4668660324377,457000
1984-10-03,1015.4668660324377,1015.4668660324377,993.5969792023467,998.3286155606723,433827
1984-10-04,998.3286155606723,1027.6161687895,998.3286155606723,1021.8271387564915,382941
1984-10-05,1021.8271387564915,1042.4894921060925,1017.431279348796,1027.4737118734806,375732
1984-10-08,1027.4737118734806,1027.4737118734806,1005.8672101118898,1013.0615665287313,343157
1984-10-09,1013.0615665287313,1013.0615665287313,990.8046076206905,999.6168546029885,584617
1984-10-10,999.6168546029885,1048.5061434062848,999.6168546029885,1040.278502608491,630974
1984-10-11,1040.278502608491,1040.278502608491,1011.896628464633,1020.0571310363064,594737
1984-10-12,1020.0571310363064,1059.921982900048,1020.0571310363064,1045.0012448178218,442453
1984-10-15,1045.0012448178218,1108.951344158986,1045.0012448178218,1104.0427807870585,508504
1984-10-16,1104.0427807870585,1117.3320358952267,1100.4130215439243,1107.6059776560444,254640
1984-10-17,1107.6059776560444,1161.702535155611,1107.6059776560444,1149.185274519574,452269
1984-10-18,1149.185274519574,1149.185274519574,1124.922052311215,1132.1279683351431,699817
1984-10-19,1132.1279683351431,1132.1279683351431,1105.5624689345977,1117.1097233450207,541576
1984-10-22,1117.1097233450207,1154.3691700763188,1117.1097233450207,1148.3383392698508,484360
1984-10-23,1148.3383392698508,1166.827298132312,1148.3383392698508,1165.313870187726,371609
1984-10-24,1165.313870187726,1165.313870187726,1136.3279894101906,1139.159151133119,578575
1984-10-25,1139.159151133119,1174.0130923689658,1139.159151133119,1168.1028956553307,703034
1984-10-26,1168.1028956553307,1168.1028956553307,1129.4592642637986,1140.5494379124923,476626
1984-10-29,1140.5494379124923,1148.7677710231446,1131.501996188893,1142.0069201850151,513995
1984-10-30,1142.0069201850151,1148.4645248728464,1116.016325039149,1132.6345870436162,531137
1984-10-31,1132.6345870436162,1177.2425822293778,1132.6345870436162,1161.5475800574775,399213
1984-11-01,1161.5475800574775,1161.5475800574775,1139.5872052949533,1142.755605996619,354468
1984-11-02,1142.755605996619,1150.0190770394101,1130.6282511472716,1137.536182112598,557639
1984-11-05,1137.536182112598,1137.536182112598,1112.0034379267306,1116.8847197479968,540222
1984-11-06,1116.8847197479968,1116.8847197479968,1102.903853651992,1108.4315928080337,515972
1984-11-07,1108.4315928080337,1108.4315928080337,1078.9871044632996,1079.5572995373398,411288
1984-11-08,1079.5572995373398,1087.6426851396116,1069.9718100935752,1081.6194188206925,418240
1984-11-09,1081.6194188206925,1081.6194188206925,1046.4897129138449,1061.8200244072698,608682
1984-11-12,1061.8200244072698,1076.4895376217182,1053.5679061470125,1068.866316424938,482298
1984-11-13,1068.866316424938,1068.866316424938,1024.9676804482485,1040.0137423815936,544585
1984-11-14,1040.0137423815936,1040.0137423815936,1018.4580970404938,1019.3831241196091,536283
1984-11-15,1019.3831241196091,1019.3831241196091,972.2320523833924,984.9837225835571,609558
1984-11-16,984.9837225835571,989.3380881499546,975.9954614167589,985.0188615473581,576680
1984-11-19,985.0188615473581,985.0188615473581,950.8368905129087,963.006476457202,398153
1984-11-20,963.006476457202,963.006476457202,944.1147822591171,955.7395090514483,339888
1984-11-21,955.7395090514483,955.7395090514483,931.0234757010678,937.2932351385973,367015
1984-11-22,937.2932351385973,937.2932351385973,897.7470551587215,906.2532094187923,554544
1984-11-23,906.2532094187923,906.2532094187923,882.8851317505191,895.2228956522954,432026
1984-11-26,895.2228956522954,898.9426740510492,882.8825999578737,888.5094930153375,419183
1984-11-27,888.5094930153375,913.5589475047623,888.5094930153375,904.5078745519862,451366
1984-11-28,904.5078745519862,905.1210355401622,890.2394141483296,894.568940897919,445413
1984-11-29,894.568940897919,894.568940897919,862.8636355992868,874.7893072689778,410332
1984-11-30,874.7893072689778,880.1246761331876,866.5562000368069,874.323482141887,434438
1984-12-03,874.323482141887,874.323482141887,854.584431727631,866.8152802348619,484662
1984-12-04,866.8152802348619,912.2659479742798,866.8152802348619,905.7869120030987,619949
1984-12-05,905.7869120030987,905.7869120030987,888.8265640486418,889.1706840634371,473555
1984-12-06,889.1706840634371,903.0703913312341,889.1706840634371,892.052454884998,593300
1984-12-07,892.052454884998,892.052454884998,876.8156451126237,883.6376437788117,335873
1984-12-10,883.6376437788117,883.6376437788117,863.1385967669219,870.1602118007264,511078
1984-12-11,870.1602118007264,870.1602118007264,850.7763743698173,863.6893750101448,491026
1984-12-12,863.6893750101448,904.9638325738,863.6893750101448,894.1271470986056,416587
1984-12-13,894.1271470986056,922.3420229296639,894.1271470986056,909.9420585386366,412382
1984-12-14,909.9420585386366,951.3850682764015,909.9420585386366,943.5540947027953,619407
1984-12-17,943.5540947027953,943.5540947027953,891.5835646669199,902.6175036771075,499592
1984-12-18,902.6175036771075,902.6175036771075,845.6329541404762,851.8942618567269,429602
1984-12-19,851.8942618567269,851.8942618567269,845.527298551695,849.0187670934463,605682
1984-12-20,849.0187670934463,855.2141133596803,841.2973780594621,853.9202788394556,521109
1984-12-21,853.9202788394556,860.2034975207769,843.1988529095145,850.6141014279932,477789
1984-12-24,850.6141014279932,860.3654040579142,850.3807405738588,859.4262477811183,500629
1984-12-25,859.4262477811183,871.2047451047828,852.959464582115,860.3158358818365,467122
1984-12-26,860.3158358818365,860.3158358818365,822.8510427464568,829.5266206488957,453114
1984-12-27,829.5266206488957,843.5627848556825,827.9438742141037,836.0861672002998,573363
1984-12-28,836.0861672002998,840.8320115650479,831.792974582258,840.4982447200445,451718
1984-12-31,840.4982447200445,862.4415200502403,840.4982447200445,854.9592028681988,447513
1985-01-01,854.9592028681988,871.8547723396485,854.9592028681988,866.7333461037407,458950
1985-01-02,866.7333461037407,888.3855667779233,866.7333461037407,877.884361480641,419069
1985-01-03,877.884361480641,885.9381610865337,877.884361480641,885.2980770953062,588873
1985-01-04,885.2980770953062,891.0007865547152,881.6765310131162,890.2450926233087,502198
1985-01-07,890.2450926233087,907.7861645695074,890.2450926233087,900.0993127686376,565403
1985-01-08,900.0993127686376,903.8155115181813,884.5354785161895,896.9387431099631,560586
1985-01-09,896.9387431099631,913.0083382429896,896.9387431099631,906.669443533454,536674
1985-01-10,906.669443533454,945.4511471948493,906.669443533454,934.9577988803683,499474
1985-01-11,934.9577988803683,934.9577988803683,895.3338457268263,906.2977100131542,563046
1985-01-14,906.2977100131542,950.0472705720482,906.2977100131542,937.3997439662893,468801
1985-01-15,937.3997439662893,952.4785280775336,937.3997439662893,946.6350924812052,433058
1985-01-16,946.6350924812052,989.372568086765,946.6350924812052,976.4406153914607,664896
1985-01-17,976.4406153914607,976.4406153914607,944.9225109545029,955.7606762083979,408536
1985-01-18,955.7606762083979,955.7606762083979,931.9596016310306,941.7061721689153,661671
1985-01-21,941.7061721689153,964.7685639646352,941.7061721689153,950.7958954732666,422547
1985-01-22,950.7958954732666,975.7961763705313,950.7958954732666,967.5569404828191,478862
1985-01-23,967.5569404828191,967.5569404828191,951.5046563185172,958.317065857172,542480
1985-01-24,958.317065857172,978.5269570504478,957.7310279680773,965.656565462959,588119
1985-01-25,965.656565462959,1021.4406084403998,965.656565462959,1016.0280848709252,483696
1985-01-28,1016.0280848709252,1016.0280848709252,1000.0384193808866,1010.0053455062182,618415
1985-01-29,1010.0053455062182,1020.6275345398456,1004.1877209147929,1007.4345942766743,452937
1985-01-30,1007.4345942766743,1007.4345942766743,966.3000517655929,971.1385999707658,600697
1985-01-31,971.1385999707658,1001.4296485647861,971.1385999707658,1000.10470259394,507861
1985-02-01,1000.10470259394,1004.3988662981021,980.6841560058567,991.662911033957,467493
1985-02-04,991.662911033957,991.662911033957,972.6536443640846,975.9932757275603,632999
1985-02-05,975.9932757275603,975.9932757275603,954.0573013133383,957.7109599499198,371932
1985-02-06,957.7109599499198,963.210061958851,951.4052838437462,960.0216041685229,466304
1985-02-07,960.0216041685229,977.9273007173264,954.8705226590957,963.8249488010622,507286
1985-02-08,963.8249488010622,963.8249488010622,942.8001012236955,954.3002282244744,641598
1985-02-11,954.3002282244744,981.3438988286672,954.3002282244744,971.3828232354174,465198
1985-02-12,971.3828232354174,990.7706782986771,971.3828232354174,984.8571154173043,482183
1985-02-13,984.8571154173043,984.8571154173043,940.8786682850335,943.0246265605393,516484
1985-02-14,943.0246265605393,986.8085333009266,943.0246265605393,974.9565419258497,437141
1985-02-15,974.9565419258497,974.9905055576202,960.7331161990911,972.8181546979149,612265
1985-02-18,972.8181546979149,1018.7809796784297,972.8181546979149,1016.9841313970861,442699
1985-02-19,1016.9841313970861,1020.6819224578481,1002.6171425010924,1010.2545974072191,692603
1985-02-20,1010.2545974072191,1010.2545974072191,976.5998582875369,983.3423792612421,439754
1985-02-21,983.3423792612421,1003.3829748994496,981.4740153462158,993.0381620222707,612177
1985-02-22,993.0381620222707,993.0381620222707,929.3037516581377,943.2085561822012,410173
1985-02-25,943.2085561822012,943.2085561822012,907.9167441377958,912.6320825991986,479840
1985-02-26,912.6320825991986,922.4134263567092,912.5771861480761,917.9286013655939,555397
1985-02-27,917.9286013655939,926.8486426637247,909.7824364227613,920.7760880330625,300668
1985-02-28,920.7760880330625,931.9279482429802,920.1105561763713,927.9462671470561,428317
1985-03-01,927.9462671470561,930.9677025864021,921.6821471875273,927.8124060605408,560207
1985-03-04,927.8124060605408,974.9248287580809,927.8124060605408,968.5268985531737,640145
1985-03-05,968.5268985531737,968.5268985531737,935.7314858187478,936.1971045384445,726636
1985-03-06,936.1971045384445,960.477493854728,936.1971045384445,954.5336216963127,667678
1985-03-07,954.5336216963127,972.1768174076996,954.5336216963127,970.9601378202893,431973
1985-03-08,970.9601378202893,1000.5450820690032,970.9601378202893,987.9494351639886,560020
1985-03-11,987.9494351639886,987.9494351639886,968.4956162230153,982.1743982188827,593198
1985-03-12,982.1743982188827,998.5515861881596,982.1743982188827,993.649063408294,404772
1985-03-13,993.649063408294,1029.0635033227384,993.649063408294,1019.3970531803959,526818
1985-03-14,1019.3970531803959,1019.3970531803959,999.6977244784856,1012.6956245172504,401731
1985-03-15,1012.6956245172504,1031.243506284862,1012.6956245172504,1030.478391648011,434366
1985-03-18,1030.478391648011,1041.0335289171421,1017.9897175909214,1026.003303126461,421929
1985-03-19,1026.003303126461,1027.5172884080062,1017.604098857259,1019.0206956208233,573387
1985-03-20,1019.0206956208233,1019.0206956208233,1005.6832880734701,1014.8244234273405,381573
1985-03-21,1014.8244234273405,1047.5696281101377,1014.8244234273405,1039.405196461517,515370
1985-03-22,1039.405196461517,1039.405196461517,1007.0506703564332,1009.71647164784,569513
1985-03-25,1009.71647164784,1068.706820578327,1009.71647164784,1065.1070091566485,545316
1985-03-26,1065.1070091566485,1098.0739936409027,1065.1070091566485,1089.0857617130787,346744
1985-03-27,1089.0857617130787,1109.0167377614005,1089.0857617130787,1106.4919756429683,529525
1985-03-28,1106.4919756429683,1152.5154895268352,1106.4919756429683,1136.8791074073001,427468
1985-03-29,1136.8791074073001,1151.8026344316195,1126.6967360151016,1136.513969005797,439062
1985-04-01,1136.513969005797,1136.513969005797,1102.0315089065828,1111.447885885444,495806
1985-04-02,1111.447885885444,1142.1969920061697,1111.447885885444,1129.2227951820303,485636
1985-04-03,1129.2227951820303,1129.6711122617596,1114.81621081916,1115.6767136051224,390904
1985-04-04,1115.6767136051224,1115.6767136051224,1064.839882666003,1080.5190059162906,526223
1985-04-05,1080.5190059162906,1085.7871754015828,1064.721806556108,1074.9138143097514,622203
1985-04-08,1074.9138143097514,1102.6416083226284,1074.9138143097514,1102.436014166907,540654
1985-04-09,1102.436014166907,1113.0360250734207,1102.436014166907,1112.3047155130005,461490
1985-04-10,1112.3047155130005,1117.3300252960976,1091.4541380559622,1101.0623696438502,630475
1985-04-11,1101.0623696438502,1123.3166519489441,1101.0623696438502,1121.9994658203445,490086
1985-04-12,1121.9994658203445,1134.5072046705739,1121.9994658203445,1132.8026424474592,404230
1985-04-15,1132.8026424474592,1159.5700590600468,1132.8026424474592,1156.1686591810278,543102
1985-04-16,1156.1686591810278,1156.1686591810278,1097.5505184428391,1114.095073906665,350481
1985-04-17,1114.095073906665,1114.095073906665,1101.0489698485292,1104.3295326871842,582892
1985-04-18,1104.3295326871842,1120.9032275988018,1104.3295326871842,1109.147904697081,447286
1985-04-19,1109.147904697081,1129.5933838232502,1109.147904697081,1126.1946689408485,525090
1985-04-22,1126.1946689408485,1143.54002321217,1121.610460974346,1128.633224893123,644248
1985-04-23,1128.633224893123,1172.473967243434,1128.633224893123,1164.1120629918846,340978
1985-04-24,1164.1120629918846,1213.141182301612,1164.1120629918846,1199.4263730521718,598116
1985-04-25,1199.4263730521718,1208.9415166906485,1197.764808135257,1199.3080976034269,665129
1985-04-26,1199.3080976034269,1199.4346787546053,1174.5005356839765,1192.3461443760511,412858
1985-04-29,1192.3461443760511,1192.3461443760511,1149.8602922933785,1156.9016022368912,461158
1985-04-30,1156.9016022368912,1156.9016022368912,1114.3496160861532,1130.5722955297383,541018
1985-05-01,1130.5722955297383,1130.5722955297383,1100.872237013189,1111.5369391461604,612801
1985-05-02,1111.5369391461604,1111.5369391461604,1078.048060694331,1082.2519232392958,536052
1985-05-03,1082.2519232392958,1082.2519232392958,1045.8642616932689,1055.3907759368524,586336
1985-05-06,1055.3907759368524,1070.1883588209314,1049.3261562917357,1064.9631510609443,667326
1985-05-07,1064.9631510609443,1064.9631510609443,1046.27269841222,1051.0249879357937,504789
1985-05-08,1051.0249879357937,1064.021367509306,1051.0249879357937,1061.9477216596208,405649
1985-05-09,1061.9477216596208,1061.9477216596208,1033.4560668380814,1037.9560537026357,393551
1985-05-10,1037.9560537026357,1037.9560537026357,1008.7038050331671,1011.9717814301912,529128
1985-05-13,1011.9717814301912,1011.9717814301912,985.471772083952,990.974063085686,478790
1985-05-14,990.974063085686,990.974063085686,956.0641282001192,966.497368073085,646130
1985-05-15,966.497368073085,998.3684563968046,966.497368073085,993.7357428119204,563504
1985-05-16,993.7357428119204,993.7357428119204,977.6578055991424,981.5099125366668,393406
1985-05-17,981.5099125366668,1004.0258496751984,981.5099125366668,1001.008890157416,546425
1985-05-20,1001.008890157416,1001.008890157416,968.9734981581291,978.1196950664528,445428
1985-05-21,978.1196950664528,996.2580602431636,978.1196950664528,986.3715838451448,576864
1985-05-22,986.3715838451448,986.3715838451448,954.038609989211,966.922236052822,536215
1985-05-23,966.922236052822,966.922236052822,952.4423644844333,955.7489690566674,516678
1985-05-24,955.7489690566674,997.9984991251947,955.7489690566674,995.1566319998942,537115
1985-05-27,995.1566319998942,1040.8674219293816,995.1566319998942,1025.9877882732949,495294
1985-05-28,1025.9877882732949,1042.874696176324,1025.9877882732949,1038.844329377009,474075
1985-05-29,1038.844329377009,1052.2026459454312,1037.6295133742592,1041.9666827740155,550862
1985-05-30,1041.9666827740155,1045.5505103027192,1017.7477791401059,1030.2517428416268,553441
1985-05-31,1030.2517428416268,1070.661802380363,1030.2517428416268,1056.0712622771005,582588
1985-06-03,1056.0712622771005,1062.703668373619,1042.3445751182887,1051.7071495572643,498656
1985-06-04,1051.7071495572643,1070.75974180069,1051.7071495572643,1060.063201393258,564192
1985-06-05,1060.063201393258,1079.8170769028059,1059.4744077646235,1065.3645799619958,547667
1985-06-06,1065.3645799619958,1065.3645799619958,1042.526596802094,1051.4930230484206,513659
1985-06-07,1051.4930230484206,1051.4930230484206,1031.6769605140244,1040.9248085941251,549045
1985-06-10,1040.9248085941251,1040.9248085941251,1012.5373109605512,1025.4028276772565,448706
1985-06-11,1025.4028276772565,1033.2841579621804,1013.9350809604817,1021.1592944559769,568673
1985-06-12,1021.1592944559769,1021.1592944559769,984.1138922558723,997.5448421412976,472049
1985-06-13,997.5448421412976,1001.9803904354814,988.9902758703442,1000.4269945784081,564352
1985-06-14,1000.4269945784081,1008.7257016049032,990.1203561650233,993.9534566149198,574078
1985-06-17,993.9534566149198,1027.1190056341013,993.9534566149198,1013.3494928178202,546066
1985-06-18,1013.3494928178202,1054.1360089594039,1013.3494928178202,1049.2045550764058,428284
1985-06-19,1049.2045550764058,1076.9770727255975,1049.2045550764058,1065.8777656361726,479986
1985-06-20,1065.8777656361726,1074.4431162353144,1060.9866756901922,1074.4029235698786,576172
1985-06-21,1074.4029235698786,1128.3149960701937,1074.4029235698786,1127.6414080196137,465917
1985-06-24,1127.6414080196137,1154.6735651731462,1127.6414080196137,1149.7859923268404,524135
1985-06-25,1149.7859923268404,1150.9970913620803,1123.791988707725,1135.2303626808844,471477
1985-06-26,1135.2303626808844,1145.28141892933,1124.5852232084967,1137.4889527771222,526397
1985-06-27,1137.4889527771222,1137.4889527771222,1081.190600860941,1094.1806863974618,518516
1985-06-28,1094.1806863974618,1097.3736778612774,1081.7869201535734,1087.1316514396774,521424
1985-07-01,1087.1316514396774,1122.3984954047642,1087.1316514396774,1110.9717616806875,545147
1985-07-02,1110.9717616806875,1124.4051526501055,1101.5678025562856,1110.6899840531287,495774
1985-07-03,1110.6899840531287,1110.6899840531287,1073.5738426235405,1088.9905059342436,437036
1985-07-04,1088.9905059342436,1121.939677793322,1088.9905059342436,1111.2585993485575,443703
1985-07-05,1111.2585993485575,1111.5932634538428,1081.307975492039,1097.5483485290242,469342
1985-07-08,1097.5483485290242,1097.5483485290242,1075.8162122231229,1080.21845806799,547904
1985-07-09,1080.21845806799,1105.2480827638547,1080.21845806799,1095.3216019981353,532730
1985-07-10,1095.3216019981353,1134.2584906982008,1095.3216019981353,1119.4392671235105,568619
1985-07-11,1119.4392671235105,1136.035178257945,1119.4392671235105,1129.7484821321568,487593
1985-07-12,1129.7484821321568,1146.868290140673,1129.7484821321568,1139.9024201208424,477481
1985-07-15,1139.9024201208424,1173.2570037830708,1139.9024201208424,1157.4713182215494,403162
1985-07-16,1157.4713182215494,1157.4713182215494,1118.2819630474207,1134.4510778178892,401928
1985-07-17,1134.4510778178892,1141.3111485971651,1118.6114426947565,1134.5092656949068,497144
1985-07-18,1134.5092656949068,1186.477301991911,1134.5092656949068,1179.441381687206,395457
1985-07-19,1179.441381687206,1190.165568526883,1169.2406261623853,1184.2560684591713,624659
1985-07-22,1184.2560684591713,1184.2560684591713,1140.0125786793433,1156.0985823728267,429631
1985-07-23,1156.0985823728267,1156.0985823728267,1124.753483592305,1127.362776907864,503486
1985-07-24,1127.362776907864,1133.1892041797114,1115.0652300536196,1121.4607800656327,485809
1985-07-25,1121.4607800656327,1157.6919405256554,1121.4607800656327,1151.9724965763282,552307
1985-07-26,1151.9724965763282,1156.2540472632504,1132.2789465611856,1149.3392395923433,379262
1985-07-29,1149.3392395923433,1168.4360684322546,1145.0100210486714,1152.9329777945452,435546
1985-07-30,1152.9329777945452,1246.1264306109367,1152.9329777945452,1240.842459289351,465661
1985-07-31,1240.842459289351,1240.842459289351,1218.2821409750502,1227.2956488424006,491993
1985-08-01,1227.2956488424006,1227.2956488424006,1202.2991171769113,1218.8322850403706,343844
1985-08-02,1218.8322850403706,1256.699176483769,1218.8322850403706,1246.5900498523401,455518
1985-08-05,1246.5900498523401,1318.4117693719284,1246.5900498523401,1299.6674990688057,559986
1985-08-06,1299.6674990688057,1329.4712912654675,1299.6674990688057,1326.507027095213,545983
1985-08-07,1326.507027095213,1369.4303175257626,1326.507027095213,1360.87149748159,643132
1985-08-08,1360.87149748159,1360.87149748159,1334.2412308335804,1349.862735872742,426744
1985-08-09,1349.862735872742,1415.6170241481175,1349.862735872742,1401.2711692914415,383334
1985-08-12,1401.2711692914415,1430.3653226763718,1401.2711692914415,1417.1967546238716,451267
1985-08-13,1417.1967546238716,1451.8346868116776,1415.2732766052038,1436.1807330804882,519051
1985-08-14,1436.1807330804882,1459.1006570226664,1434.931440731954,1445.5307390835314,473822
1985-08-15,1445.5307390835314,1482.2280555503505,1445.5307390835314,1471.5744567635547,593373
1985-08-16,1471.5744567635547,1577.9183863185492,1471.5744567635547,1565.8884381473981,508334
1985-08-19,1565.8884381473981,1599.3035016016365,1565.8884381473981,1588.6990797634696,413197
1985-08-20,1588.6990797634696,1654.1766936672686,1588.6990797634696,1645.7785415103942,443258
1985-08-21,1645.7785415103942,1676.9987057531032,1645.7785415103942,1663.937651327998,412823
1985-08-22,1663.937651327998,1663.937651327998,1641.3454984616114,1646.0638381169879,588079
1985-08-23,1646.0638381169879,1832.9111942859759,1646.0638381169879,1806.6608268400873,424641
1985-08-26,1806.6608268400873,1806.6608268400873,1753.4312885946408,1778.2862384010277,515942
1985-08-27,1778.2862384010277,1811.7115755029372,1778.2862384010277,1790.3416456417917,438857
1985-08-28,1790.3416456417917,1790.3416456417917,1696.5344093290373,1709.9301181020273,595455
1985-08-29,1709.9301181020273,1709.9301181020273,1628.7765806732307,1629.734772402715,470646
1985-08-30,1629.734772402715,1629.734772402715,1609.7728517813568,1615.3194401657574,644437
1985-09-02,1615.3194401657574,1641.521456089715,1601.9131670147394,1624.5081523335652,595103
1985-09-03,1624.5081523335652,1624.5081523335652,1513.046592940774,1535.2168501884257,498925
1985-09-04,1535.2168501884257,1535.2168501884257,1485.283295413056,1489.7381977290825,459252
1985-09-05,1489.7381977290825,1489.7810543066018,1473.454173809815,1488.2404777247984,423447
1985-09-06,1488.2404777247984,1503.661827198374,1474.792765707118,1488.8637293789657,428347
1985-09-09,1488.8637293789657,1532.216524217903,1488.8637293789657,1520.2401366750075,576638
1985-09-10,1520.2401366750075,1520.2401366750075,1425.320824592758,1442.0319568106343,515801
1985-09-11,1442.0319568106343,1444.6404658211673,1437.2226905944162,1439.640982567471,480870
1985-09-12,1439.640982567471,1439.640982567471,1393.1993886632251,1399.3104272320968,499159
1985-09-13,1399.3104272320968,1425.7473265346011,1399.3104272320968,1411.47913151827,534780
1985-09-16,1411.47913151827,1431.030963985642,1411.47913151827,1428.6257555098982,377545
1985-09-17,1428.6257555098982,1428.6257555098982,1387.510232133296,1391.8634036196604,645737
1985-09-18,1391.8634036196604,1391.8634036196604,1371.06211033682,1378.737687924521,559624
1985-09-19,1378.737687924521,1410.3281936982921,1378.737687924521,1399.3884645334674,418117
1985-09-20,1399.3884645334674,1473.9086961528797,1399.3884645334674,1467.2111527292752,423784
1985-09-23,1467.2111527292752,1471.1055529903583,1460.5359710597595,1462.848102139879,518849
1985-09-24,1462.848102139879,1462.848102139879,1429.094024591213,1433.1360324847092,555508
1985-09-25,1433.1360324847092,1503.2571617065014,1433.1360324847092,1483.1474823638728,511234
1985-09-26,1483.1474823638728,1503.5303536904562,1483.1474823638728,1495.7077860964328,364500
1985-09-27,1495.7077860964328,1550.037203041868,1495.7077860964328,1527.4221662967511,333657
1985-09-30,1527.4221662967511,1642.8895998288474,1527.4221662967511,1625.9418956174181,569090
1985-10-01,1625.9418956174181,1625.9418956174181,1563.5867451365539,1577.3853967789817,518788
1985-10-02,1577.3853967789817,1577.3853967789817,1557.0851338912069,1560.5924025880552,446745
1985-10-03,1560.5924025880552,1605.712144934664,1560.5924025880552,1589.9890485624267,479822
1985-10-04,1589.9890485624267,1608.7135881494753,1589.9890485624267,1600.5698421364864,469283
1985-10-07,1600.5698421364864,1649.0822250462256,1600.5698421364864,1641.6115830002732,482827
1985-10-08,1641.6115830002732,1642.422266505154,1623.6804092714517,1625.057268104042,529303
1985-10-09,1625.057268104042,1625.057268104042,1535.5825610391075,1545.4941397933858,458317
1985-10-10,1545.4941397933858,1545.4941397933858,1499.9770968398689,1517.5482554957457,519648
1985-10-11,1517.5482554957457,1517.5482554957457,1487.4041162526055,1498.3183970678785,352516
1985-10-14,1498.3183970678785,1563.680916437912,1498.3183970678785,1543.4401212164694,465958
1985-10-15,1543.4401212164694,1591.91793905723,1543.4401212164694,1571.5738197491125,420455
1985-10-16,1571.5738197491125,1651.1945425310917,1571.5738197491125,1637.5141039502516,519139
1985-10-17,1637.5141039502516,1637.5141039502516,1586.1965235393236,1605.1425055055854,514756
1985-10-18,1605.1425055055854,1605.1425055055854,1570.4955128902088,1574.760921839017,596133
1985-10-21,1574.760921839017,1620.5362528990586,1573.4089588194495,1596.9697284931333,550050
1985-10-22,1596.9697284931333,1596.9697284931333,1590.6293121984345,1590.776738511871,492071
1985-10-23,1590.776738511871,1592.760642155216,1553.229042012907,1572.1618283674682,498389
1985-10-24,1572.1618283674682,1572.1618283674682,1547.6344705416527,1562.3458780310598,512096
1985-10-25,1562.3458780310598,1562.3458780310598,1501.9780839558239,1516.08163132801,515873
1985-10-28,1516.08163132801,1554.7503118660425,1516.08163132801,1549.1858427503687,389735
1985-10-29,1549.1858427503687,1549.1858427503687,1519.2591114894901,1524.347145145163,362902
1985-10-30,1524.347145145163,1524.347145145163,1496.6146514356865,1513.6895876955582,479978
1985-10-31,1513.6895876955582,1513.6895876955582,1447.626515409431,1461.0914844602116,544024
1985-11-01,1461.0914844602116,1461.0914844602116,1428.9290322349339,1448.7861866422552,405116
1985-11-04,1448.7861866422552,1533.3561819129459,1448.7861866422552,1514.6078468346707,458829
1985-11-05,1514.6078468346707,1532.8710224059541,1514.6078468346707,1531.5519626584032,534886
1985-11-06,1531.5519626584032,1531.5519626584032,1467.6897258988597,1483.345178510253,514094
1985-11-07,1483.345178510253,1576.3531211407976,1483.345178510253,1557.7644611290798,558543
1985-11-08,1557.7644611290798,1594.8086049893077,1557.7644611290798,1589.083475311371,524852
1985-11-11,1589.083475311371,1589.083475311371,1565.4360803878703,1575.4957809070154,485831
1985-11-12,1575.4957809070154,1613.599052044272,1573.061107834416,1589.7580592002626,527083
1985-11-13,1589.7580592002626,1589.7580592002626,1555.1050586472425,1568.5564232272766,467785
1985-11-14,1568.5564232272766,1590.3727787125927,1568.5564232272766,1576.985195669016,561252
1985-11-15,1576.985195669016,1605.4822495915082,1576.985195669016,1598.5322341264023,569452
1985-11-18,1598.5322341264023,1598.5322341264023,1492.8850490564869,1509.7516844707768,423245
1985-11-19,1509.7516844707768,1557.4955363777433,1509.7516844707768,1535.892180534079,526365
1985-11-20,1535.892180534079,1626.614755155626,1535.892180534079,1613.7347704737454,381171
1985-11-21,1613.7347704737454,1664.1382166909957,1613.7347704737454,1644.325348320749,481369
1985-11-22,1644.325348320749,1644.4703570120002,1602.7833818607467,1621.0048963901843,516794
1985-11-25,1621.0048963901843,1621.0048963901843,1544.4617294248694,1565.8294479769338,480954
1985-11-26,1565.8294479769338,1632.789147156587,1565.8294479769338,1632.6276653673121,439195
1985-11-27,1632.6276653673121,1632.6276653673121,1566.675372354371,1581.5420607198057,634988
1985-11-28,1581.5420607198057,1685.4327866342928,1581.5420607198057,1678.9966051259373,441346
1985-11-29,1678.9966051259373,1678.9966051259373,1642.9219312002726,1654.0007182261795,413735
1985-12-02,1654.0007182261795,1654.0007182261795,1625.4519868523814,1640.5303066480376,508071
1985-12-03,1640.5303066480376,1671.7034375262074,1624.6619624908383,1648.5322397085426,661754
1985-12-04,1648.5322397085426,1648.5322397085426,1587.428949808926,1600.8782632597024,607542
1985-12-05,1600.8782632597024,1600.8782632597024,1575.7536469910688,1587.9444694863807,519350
1985-12-06,1587.9444694863807,1612.4222195070388,1587.9444694863807,1602.1697914027438,543215
1985-12-09,1602.1697914027438,1602.1697914027438,1507.7968903971769,1528.606751493162,453204
1985-12-10,1528.606751493162,1536.877246861893,1494.2018777979238,1515.988069933632,697966
1985-12-11,1515.988069933632,1515.988069933632,1443.0222439553243,1457.5516161543012,464622
1985-12-12,1457.5516161543012,1477.1444745165481,1457.5516161543012,1468.1616153951747,413923
1985-12-13,1468.1616153951747,1468.1616153951747,1411.7736708131022,1424.4435767877853,430619
1985-12-16,1424.4435767877853,1424.4435767877853,1368.0037434847256,1371.2088947190202,487585
1985-12-17,1371.2088947190202,1371.2088947190202,1307.3829790012737,1325.1946501840025,420529
1985-12-18,1325.1946501840025,1325.1946501840025,1289.6288529260278,1306.1465456561466,646802
1985-12-19,1306.1465456561466,1384.4804713730734,1306.1465456561466,1368.4449326074546,489444
1985-12-20,1368.4449326074546,1401.473823759475,1368.4449326074546,1380.9936338130644,382171
1985-12-23,1380.9936338130644,1380.9936338130644,1333.9513886437446,1341.7795274151867,532843
1985-12-24,1341.7795274151867,1341.7795274151867,1313.107220427651,1317.192384670473,562640
1985-12-25,1317.192384670473,1323.4889581223476,1292.6260176486546,1309.5121541257345,458973
1985-12-26,1309.5121541257345,1343.8427435789984,1309.5121541257345,1326.636183916174,576853
1985-12-27,1326.636183916174,1346.3567092118335,1312.6554831391747,1326.5302499601562,660733
1985-12-30,1326.5302499601562,1326.5302499601562,1301.481616232082,1304.1040691256594,454256
1985-12-31,1304.1040691256594,1317.2845390188847,1293.2464937450436,1305.7430406726273,363532
1986-01-01,1305.7430406726273,1358.781428200065,1305.7430406726273,1345.0028007699352,400368
1986-01-02,1345.0028007699352,1412.7353597288982,1345.0028007699352,1408.1320681163338,542525
1986-01-03,1408.1320681163338,1408.1320681163338,1379.1580043541076,1393.2947880406405,511351
1986-01-06,1393.2947880406405,1415.4006021433458,1387.6875964843152,1405.4974326920697,522423
1986-01-07,1405.4974326920697,1453.8407630221898,1405.4974326920697,1437.8627856699468,486974
1986-01-08,1437.8627856699468,1442.4564093972135,1407.512775115582,1426.7993427704323,415507
1986-01-09,1426.7993427704323,1534.7463956707927,1426.7993427704323,1529.3288412464663,518714
1986-01-10,1529.3288412464663,1609.5598114863872,1529.3288412464663,1607.3824353325867,472898
1986-01-13,1607.3824353325867,1607.3824353325867,1549.129630044965,1563.7074774386076,383660
1986-01-14,1563.7074774386076,1616.4067657445287,1563.7074774386076,1600.0733269563834,518450
1986-01-15,1600.0733269563834,1602.3565115950103,1571.6096265448418,1592.336286070972,569749
1986-01-16,1592.336286070972,1592.336286070972,1518.7862073984447,1526.2180119022814,518225
1986-01-17,1526.2180119022814,1588.7358133116234,1526.2180119022814,1585.3123389927362,590898
1986-01-20,1585.3123389927362,1633.2413084244038,1585.3123389927362,1625.384793657673,461208
1986-01-21,1625.384793657673,1642.4412967125145,1610.8978187385658,1624.848582035219,326656
1986-01-22,1624.848582035219,1648.4229200989978,1613.4922044037567,1625.0028274451865,489606
1986-01-23,1625.0028274451865,1636.0534473177138,1618.1438803107535,1626.919177032077,634245
1986-01-24,1626.919177032077,1656.7768972719107,1626.919177032077,1645.7374990135256,418108
1986-01-27,1645.7374990135256,1707.8641118939493,1645.7374990135256,1694.1291194803323,585259
1986-01-28,1694.1291194803323,1694.1291194803323,1604.7143941007237,1620.7933704948227,646230
1986-01-29,1620.7933704948227,1620.7933704948227,1581.5611268660095,1602.0925835824276,527653
1986-01-30,1602.0925835824276,1682.1166120344087,1602.0925835824276,1662.470049712108,454574
1986-01-31,1662.470049712108,1662.470049712108,1576.7458349769183,1599.3117267262223,454062
1986-02-03,1599.3117267262223,1599.3117267262223,1554.8082811173701,1578.4781408045592,553084
1986-02-04,1578.4781408045592,1578.4781408045592,1557.0809899621602,1567.5804206138155,577893
1986-02-05,1567.5804206138155,1605.8175382332051,1567.5804206138155,1582.3711832096,526985
1986-02-06,1582.3711832096,1582.3711832096,1526.9812566881296,1544.044578619889,496514
1986-02-07,1544.044578619889,1617.0094202340254,1544.044578619889,1595.1947492163442,534153
1986-02-10,1595.1947492163442,1595.1947492163442,1537.0700390110978,1537.5056132491452,478621
1986-02-11,1537.5056132491452,1575.3818594937927,1537.5056132491452,1574.392376729346,352209
1986-02-12,1574.392376729346,1617.255459435895,1574.392376729346,1613.488843515469,611900
1986-02-13,1613.488843515469,1631.271464679198,1596.2958211164243,1618.7935705104915,472779
1986-02-14,1618.7935705104915,1649.7495894903693,1618.7935705104915,1645.1988593262727,553153
1986-02-17,1645.1988593262727,1702.5533007261988,1645.1988593262727,1678.6687805374404,506507
1986-02-18,1678.6687805374404,1716.7000076954564,1678.6687805374404,1709.3320130422157,607185
1986-02-19,1709.3320130422157,1755.6858317160493,1709.3320130422157,1739.6823207275725,436849
1986-02-20,1739.6823207275725,1803.1202260313528,1739.6823207275725,1784.0150368836994,556849
1986-02-21,1784.0150368836994,1784.0150368836994,1724.2397234181947,1744.5778628233531,540639
1986-02-24,1744.5778628233531,1756.4941224049232,1730.383655690937,1737.4183317417705,464474
1986-02-25,1737.4183317417705,1749.366818904108,1737.0715138286307,1741.0272773243753,448554
1986-02-26,1741.0272773243753,1769.8167984253323,1741.0272773243753,1759.1206732867995,612814
1986-02-27,1759.1206732867995,1759.1206732867995,1701.407089503054,1706.407453238129,434155
1986-02-28,1706.407453238129,1778.9188459387994,1706.407453238129,1777.9746707357283,558299
1986-03-03,1777.9746707357283,1895.968067068107,1777.9746707357283,1868.19290718858,500205
1986-03-04,1868.19290718858,1894.328227256146,1864.56797210785,1887.773458603057,505633
1986-03-05,1887.773458603057,1919.3240697348276,1877.646792255923,1898.3568699908276,496887
1986-03-06,1898.3568699908276,1940.9451915712216,1898.3568699908276,1925.2973784686678,435793
1986-03-07,1925.2973784686678,1947.6256143235635,1912.9700851256941,1929.0557239329903,517555
1986-03-10,1929.0557239329903,1929.0557239329903,1888.5545189537092,1892.1750415738802,423289
1986-03-11,1892.1750415738802,1892.1750415738802,1861.9432325024077,1865.8570620022265,508749
1986-03-12,1865.8570620022265,1914.0144053768045,1865.8570620022265,1899.9893826677842,521958
1986-03-13,1899.9893826677842,1899.9893826677842,1837.5482254343754,1842.0133472468467,536903
1986-03-14,1842.0133472468467,1842.5465785534632,1793.406284258772,1816.6095121053565,470237
1986-03-17,1816.6095121053565,1816.98072861186,1806.8266170643667,1807.4622355628453,413654
1986-03-18,1807.4622355628453,1807.4622355628453,1706.2247213747248,1731.5491689380913,742270
1986-03-19,1731.5491689380913,1758.3822535961976,1731.5491689380913,1737.3136769781556,483328
1986-03-20,1737.3136769781556,1743.6280226686022,1726.4699909962862,1728.8518885081323,441381
1986-03-21,1728.8518885081323,1728.8518885081323,1636.9139978655007,1648.3746400403816,437108
1986-03-24,1648.3746400403816,1664.9832527287003,1621.8148232876688,1643.5049274754292,472216
1986-03-25,1643.5049274754292,1742.3566998443234,1643.5049274754292,1732.0473811472698,475051
1986-03-26,1732.0473811472698,1770.032688041563,1732.0473811472698,1764.8910540032791,331392
1986-03-27,1764.8910540032791,1764.8910540032791,1699.1498819475114,1713.1939991834665,407425
1986-03-28,1713.1939991834665,1737.7462021340775,1710.249496644207,1718.1289024187456,371371
1986-03-31,1718.1289024187456,1718.1289024187456,1677.4779751317583,1696.86210353192,497337
1986-04-01,1696.86210353192,1696.86210353192,1660.9353544434161,1664.1139525164585,550042
1986-04-02,1664.1139525164585,1713.8236360948272,1664.1139525164585,1701.3378988870095,523755
1986-04-03,1701.3378988870095,1701.3378988870095,1656.7192798236292,1675.5551636113848,579246
1986-04-04,1675.5551636113848,1687.2285957480701,1665.0567535349842,1668.451358473539,336166
1986-04-07,1668.451358473539,1672.5242475924865,1645.8806952074453,1661.6821912998498,482570
1986-04-08,1661.6821912998498,1696.9726034426942,1657.56127641893,1675.7701759504066,434291
1986-04-09,1675.7701759504066,1681.7822903291742,1648.4186899387048,1665.1996576498093,524813
1986-04-10,1665.1996576498093,1665.1996576498093,1618.360874097584,1633.4276654545683,380778
1986-04-11,1633.4276654545683,1633.4276654545683,1545.6247678119908,1556.2747453689726,504334
1986-04-14,1556.2747453689726,1574.0175554578384,1550.3952346582903,1551.5572906126306,425458
1986-04-15,1551.5572906126306,1551.5572906126306,1507.6134727535937,1514.7682085136498,436831
1986-04-16,1514.7682085136498,1522.6880697734891,1496.8697252113,1501.7284131074744,643141
1986-04-17,1501.7284131074744,1519.7055475485843,1495.7804756444332,1504.2253566311488,462925
1986-04-18,1504.2253566311488,1548.7489714322865,1504.2253566311488,1526.9276216151388,464730
1986-04-21,1526.9276216151388,1554.3716553176096,1526.9276216151388,1552.1742718729665,488654
1986-04-22,1552.1742718729665,1574.2318798109952,1551.0494856544806,1565.0099431193732,487286
1986-04-23,1565.0099431193732,1603.1979895822535,1565.0099431193732,1601.0451041733397,685425
1986-04-24,1601.0451041733397,1618.9594237758558,1599.3827631485783,1606.6078351291283,466365
1986-04-25,1606.6078351291283,1606.6078351291283,1541.7358089378456,1562.2737627461531,538946
1986-04-28,1562.2737627461531,1592.9894059099372,1562.2737627461531,1587.4939419973814,456440
1986-04-29,1587.4939419973814,1589.0474148308479,1583.5999479210514,1583.6440711756004,392893
1986-04-30,1583.6440711756004,1594.7968143510957,1570.9564613714638,1575.260109600651,594615
1986-05-01,1575.260109600651,1596.4324704944045,1575.260109600651,1594.3104806299416,415981
1986-05-02,1594.3104806299416,1594.3104806299416,1500.1394571333776,1518.280727593544,442301
1986-05-05,1518.280727593544,1531.0228694487002,1518.280727593544,1530.2311995590676,598602
1986-05-06,1530.2311995590676,1536.7402420099788,1513.8619265715108,1532.6992803821174,463601
1986-05-07,1532.6992803821174,1532.6992803821174,1478.3480843694042,1496.6514431839396,411843
1986-05-08,1496.6514431839396,1496.6514431839396,1441.5560382138005,1454.72630564807,492488
1986-05-09,1454.72630564807,1472.436397682747,1450.582583017128,1458.2607175300814,473455
1986-05-12,1458.2607175300814,1458.2607175300814,1384.0267723886757,1389.3964017973797,566591
1986-05-13,1389.3964017973797,1389.3964017973797,1327.558588011517,1338.9367634720384,515948
1986-05-14,1338.9367634720384,1345.27303390593,1322.220233342707,1328.7099950848396,532863
1986-05-15,1328.7099950848396,1353.642040568657,1328.7099950848396,1342.2227653962075,568711
1986-05-16,1342.2227653962075,1388.4203083481113,1342.2227653962075,1371.5833447188081,408717
1986-05-19,1371.5833447188081,1371.5833447188081,1338.7367166154418,1356.6238543096374,407554
1986-05-20,1356.6238543096374,1405.5481906908442,1356.6238543096374,1386.8892592586005,454607
1986-05-21,1386.8892592586005,1386.8892592586005,1359.1711520510275,1371.2194210409039,373610
1986-05-22,1371.2194210409039,1371.2194210409039,1345.619740946447,1345.8507476246111,613175
1986-05-23,1345.8507476246111,1345.8507476246111,1301.0960311590607,1311.7289687967213,551462
1986-05-26,1311.7289687967213,1311.7289687967213,1296.0030869696898,1298.0293717584896,409565
1986-05-27,1298.0293717584896,1298.0293717584896,1267.2220276896087,1278.9394799576762,679715
1986-05-28,1278.9394799576762,1302.141232759524,1274.323850833732,1284.818002344219,365031
1986-05-29,1284.818002344219,1284.818002344219,1260.42383239586,1267.1349551637095,593898
1986-05-30,1267.1349551637095,1300.645697658734,1267.1349551637095,1288.9081995744116,438872
1986-06-02,1288.9081995744116,1355.850491465784,1288.9081995744116,1350.0328573732786,453871
1986-06-03,1350.0328573732786,1350.0328573732786,1316.2225662836493,1322.2315764265074,427334
1986-06-04,1322.2315764265074,1348.5626625978143,1322.2315764265074,1340.0642783330652,558954
1986-06-05,1340.0642783330652,1359.273379974117,1340.0642783330652,1350.9772059521083,454600
1986-06-06,1350.9772059521083,1419.1769727512392,1350.9772059521083,1414.3297414509912,475199
1986-06-09,1414.3297414509912,1469.8355684076485,1414.3297414509912,1464.51978408182,439239
1986-06-10,1464.51978408182,1464.51978408182,1432.2430896282574,1434.8196403171794,508767
1986-06-11,1434.8196403171794,1456.770998356322,1434.8196403171794,1455.2611555193002,513505
1986-06-12,1455.2611555193002,1455.2611555193002,1418.5861801110354,1419.1337462863619,509741
1986-06-13,1419.1337462863619,1419.1337462863619,1338.986509401979,1344.741200270309,424898
1986-06-16,1344.741200270309,1344.741200270309,1308.775145221244,1317.8449421677626,509269
1986-06-17,1317.8449421677626,1317.8449421677626,1270.6408547111023,1287.3092714666302,525306
1986-06-18,1287.3092714666302,1351.2224142083937,1287.3092714666302,1346.8205674623148,515741
1986-06-19,1346.8205674623148,1368.7445055491473,1339.0876876232103,1357.6796671539823,452559
1986-06-20,1357.6796671539823,1424.2640157382823,1357.6796671539823,1404.7049877715638,485597
1986-06-23,1404.7049877715638,1404.7049877715638,1375.829398211274,1388.8988786083091,578949
1986-06-24,1388.8988786083091,1388.8988786083091,1368.6782177173477,1369.9692107582732,403152
1986-06-25,1369.9692107582732,1447.589352096028,1369.9692107582732,1437.0144051899615,501956
1986-06-26,1437.0144051899615,1475.1962426033494,1437.0144051899615,1462.7176254063888,446622
1986-06-27,1462.7176254063888,1551.5294079001203,1462.7176254063888,1530.2414179937914,458644
1986-06-30,1530.2414179937914,1560.6164958739207,1530.2414179937914,1555.9479432692929,459619
1986-07-01,1555.9479432692929,1598.0381337831793,1555.9479432692929,1597.622256077667,515436
1986-07-02,1597.622256077667,1698.77938926389,1597.622256077667,1679.7669905269602,475467
1986-07-03,1679.7669905269602,1696.5003862231822,1663.8833600594862,1681.6314182702477,438326
1986-07-04,1681.6314182702477,1686.9641118710538,1649.6670702638974,1671.2714708364792,483414
1986-07-07,1671.2714708364792,1671.2714708364792,1637.402219003066,1647.743582948158,403718
1986-07-08,1647.743582948158,1647.743582948158,1570.1736282120696,1578.535230280287,496892
1986-07-09,1578.535230280287,1578.535230280287,1557.0865368931368,1569.8707303741057,515946
1986-07-10,1569.8707303741057,1571.6836377575537,1556.2907433551281,1562.4169664905605,398102
1986-07-11,1562.4169664905605,1581.4913951569097,1559.2884328624411,1564.9442288088503,386820
1986-07-14,1564.9442288088503,1564.9442288088503,1550.9156890500992,1560.0940724694299,532416
1986-07-15,1560.0940724694299,1560.0940724694299,1527.984769885908,1529.6153025329377,391469
1986-07-16,1529.6153025329377,1565.6234765624508,1529.6153025329377,1548.521260605451,477957
1986-07-17,1548.521260605451,1548.521260605451,1515.435494418972,1527.7198126737842,524848
1986-07-18,1527.7198126737842,1569.3793230063877,1527.7198126737842,1549.0825686363262,399381
1986-07-21,1549.0825686363262,1549.0825686363262,1496.4956835972293,1500.9863468910526,466270
1986-07-22,1500.9863468910526,1505.5241805556277,1476.3376485850088,1489.4592180316113,613009
1986-07-23,1489.4592180316113,1542.0667773222722,1489.4592180316113,1532.3331370190751,637839
1986-07-24,1532.3331370190751,1532.3331370190751,1495.7170077360001,1496.8659328048077,516153
1986-07-25,1496.8659328048077,1496.8659328048077,1464.2246955722605,1470.6634165476828,506093
1986-07-28,1470.6634165476828,1511.4264474966542,1470.6634165476828,1502.6054856728354,441998
1986-07-29,1502.6054856728354,1507.034214933847,1475.004343398474,1489.8381558061621,534645
1986-07-30,1489.8381558061621,1489.8381558061621,1406.4365068018399,1419.3833550660565,585181
1986-07-31,1419.3833550660565,1479.2412050505097,1419.3833550660565,1465.4135012116087,608594
1986-08-01,1465.4135012116087,1465.4135012116087,1379.0647754812458,1386.3154305446442,604779
1986-08-04,1386.3154305446442,1410.3278245164238,1386.3154305446442,1393.4698576690155,605110
1986-08-05,1393.4698576690155,1393.4698576690155,1324.9175820204644,1341.6582443846676,476547
1986-08-06,1341.6582443846676,1353.3053034773259,1327.5764771328024,1341.5841383805541,476201
1986-08-07,1341.5841383805541,1349.391615445273,1317.445294265796,1331.7627597428902,459697
1986-08-08,1331.7627597428902,1347.4211426700883,1331.255366078853,1344.024319650649,435012
1986-08-11,1344.024319650649,1344.024319650649,1311.9133094127428,1327.0128502750565,443573
1986-08-12,1327.0128502750565,1348.9171341305196,1316.374445484856,1332.2079927908012,507313
1986-08-13,1332.2079927908012,1344.754373248704,1316.1964195501023,1328.7838812390812,509628
1986-08-14,1328.7838812390812,1363.3194006439055,1328.7838812390812,1346.0689617959072,526568
1986-08-15,1346.0689617959072,1357.321469970372,1346.0689617959072,1350.4005948969643,459209
1986-08-18,1350.4005948969643,1350.4005948969643,1301.0400431124772,1319.9364608944823,573866
1986-08-19,1319.9364608944823,1378.5770293395578,1319.9364608944823,1364.8932331506085,645766
1986-08-20,1364.8932331506085,1371.1856294817528,1359.6199747594305,1367.582887177783,511131
1986-08-21,1367.582887177783,1398.9356824181627,1367.582887177783,1384.0715005441398,430634
1986-08-22,1384.0715005441398,1421.7894035797854,1384.0715005441398,1407.4942390245008,402012
1986-08-25,1407.4942390245008,1415.4961174364855,1406.8103232059486,1414.7504872316745,622001
1986-08-26,1414.7504872316745,1418.6378805581949,1407.2422048654723,1412.7638834337288,489208
1986-08-27,1412.7638834337288,1412.7638834337288,1344.9077394701426,1357.6483655997658,464993
1986-08-28,1357.6483655997658,1381.4637535672484,1357.6483655997658,1367.45825394042,474390
1986-08-29,1367.45825394042,1367.45825394042,1324.0892347207573,1329.3463555005612,500313
1986-09-01,1329.3463555005612,1329.486372386274,1321.4645976864429,1325.6205604554948,553553
1986-09-02,1325.6205604554948,1325.6205604554948,1291.1996559527843,1304.3769506507538,479862
1986-09-03,1304.3769506507538,1304.3769506507538,1253.9925359485928,1272.1602252451703,462649
1986-09-04,1272.1602252451703,1302.9887503299524,1268.2947818805035,1286.5430607975247,569013
1986-09-05,1286.5430607975247,1286.5430607975247,1252.195514381822,1262.5537969175539,506449
1986-09-08,1262.5537969175539,1262.5537969175539,1235.0619300321723,1248.8156698936814,481357
1986-09-09,1248.8156698936814,1248.8156698936814,1204.7198220164594,1211.0376250207175,427026
1986-09-10,1211.0376250207175,1211.0376250207175,1190.676217785273,1203.024275632584,515004
1986-09-11,1203.024275632584,1280.488346022508,1203.024275632584,1275.2529754616437,495905
1986-09-12,1275.2529754616437,1275.2529754616437,1213.0696474967788,1225.2826840361768,555058
1986-09-15,1225.2826840361768,1261.2098818802206,1225.2826840361768,1259.0694609197303,373683
1986-09-16,1259.0694609197303,1264.1983450318978,1251.2364554840854,1260.6678835235864,547811
1986-09-17,1260.6678835235864,1285.4489317052967,1257.3939590073417,1274.7430757001953,572393
1986-09-18,1274.7430757001953,1286.467204461766,1260.7349948231563,1278.5855321340316,519348
1986-09-19,1278.5855321340316,1278.5855321340316,1268.666110812728,1268.9329294687566,470867
1986-09-22,1268.9329294687566,1307.3089520758533,1268.9329294687566,1303.774229893328,480330
1986-09-23,1303.774229893328,1326.2403311143082,1303.774229893328,1320.3194386811015,487194
1986-09-24,1320.3194386811015,1384.4496814518927,1320.3194386811015,1370.8057435774354,475294
1986-09-25,1370.8057435774354,1395.9042455134452,1362.750582033726,1379.047581361508,505545
1986-09-26,1379.047581361508,1395.3473820153702,1378.7626526447832,1390.4496965162214,413808
1986-09-29,1390.4496965162214,1399.5367999229518,1382.7066144789399,1395.338699001116,467815
1986-09-30,1395.338699001116,1436.7537223615025,1395.338699001116,1432.5870969678188,481141
1986-10-01,1432.5870969678188,1432.5870969678188,1393.6108453526867,1398.3689993945216,636031
1986-10-02,1398.3689993945216,1411.5019740410003,1378.1479608835934,1394.1837049048063,680173
1986-10-03,1394.1837049048063,1394.1837049048063,1380.019169865637,1388.113138059668,395804
1986-10-06,1388.113138059668,1391.7729130172188,1376.0189434118306,1384.5443792195736,458979
1986-10-07,1384.5443792195736,1384.5443792195736,1345.4622779320505,1354.1309264862687,539298
1986-10-08,1354.1309264862687,1354.1309264862687,1331.106982456811,1338.1065163107653,457045
1986-10-09,1338.1065163107653,1394.4354028909015,1338.1065163107653,1394.3327231371327,401640
1986-10-10,1394.3327231371327,1433.3322292108326,1394.3327231371327,1429.3692903115093,537397
1986-10-13,1429.3692903115093,1429.3692903115093,1371.211456477384,1382.2248107210414,435556
1986-10-14,1382.2248107210414,1392.2158550490071,1369.3357383683435,1379.588616124796,457163
1986-10-15,1379.588616124796,1384.1628590355435,1370.0027217356915,1377.0012102711053,620484
1986-10-16,1377.0012102711053,1377.0012102711053,1360.6222349957259,1360.6823366149563,630683
1986-10-17,1360.6823366149563,1376.342038806427,1356.9796054169738,1361.5134453047156,459975
1986-10-20,1361.5134453047156,1386.183565423037,1361.5134453047156,1367.0866237470639,621914
1986-10-21,1367.0866237470639,1400.7475330337802,1367.0866237470639,1384.340365869748,580907
1986-10-22,1384.340365869748,1410.3910248375885,1384.340365869748,1403.5945813971844,527040
1986-10-23,1403.5945813971844,1430.8292619031713,1391.8923662751724,1410.9758335408433,606961
1986-10-24,1410.9758335408433,1446.7060514250047,1410.9758335408433,1428.5361713617367,535978
1986-10-27,1428.5361713617367,1472.2439212583074,1428.5361713617367,1468.6710588370747,355959
1986-10-28,1468.6710588370747,1468.6710588370747,1416.151758194995,1426.2503677099817,552786
1986-10-29,1426.2503677099817,1453.7733434993615,1426.2503677099817,1446.7161928489686,451045
1986-10-30,1446.7161928489686,1463.1205264671135,1440.8992572504758,1460.0689270096746,494484
1986-10-31,1460.0689270096746,1504.9319447312284,1460.0689270096746,1496.1845089770677,613593
1986-11-03,1496.1845089770677,1496.1845089770677,1469.2525054947098,1475.1154759807941,468256
1986-11-04,1475.1154759807941,1555.6326861846917,1475.1154759807941,1537.763577340762,552123
1986-11-05,1537.763577340762,1578.4924139752593,1537.763577340762,1562.2461865872951,432491
1986-11-06,1562.2461865872951,1562.2461865872951,1491.6172786899979,1512.8310956518292,547194
1986-11-07,1512.8310956518292,1523.5068740837717,1505.8308890537471,1519.2873776859947,675995
1986-11-10,1519.2873776859947,1539.0914826376095,1516.9489166836165,1524.5876423826246,522302
1986-11-11,1524.5876423826246,1549.0014572298498,1524.5876423826246,1537.987606243662,595674
1986-11-12,1537.987606243662,1581.2203835353453,1537.987606243662,1569.2594720033549,359276
1986-11-13,1569.2594720033549,1582.745231944837,1561.1979996300238,1579.683422958359,489603
1986-11-14,1579.683422958359,1619.578089003192,1579.683422958359,1601.4836393873927,467524
1986-11-17,1601.4836393873927,1601.4836393873927,1543.0685078721995,1558.8585258962976,565562
1986-11-18,1558.8585258962976,1661.0315632175461,1558.8585258962976,1659.3911892131634,428811
1986-11-19,1659.3911892131634,1664.6873216957372,1642.1505278854042,1642.8688189091424,697674
1986-11-20,1642.8688189091424,1642.8688189091424,1624.3527683368757,1629.152155483368,542377
1986-11-21,1629.152155483368,1629.152155483368,1595.121431045628,1603.6077240812178,620222
1986-11-24,1603.6077240812178,1672.1009415057629,1603.6077240812178,1653.3627153176017,270733
1986-11-25,1653.3627153176017,1653.3627153176017,1591.0712952404801,1602.2181483627458,441151
1986-11-26,1602.2181483627458,1602.2181483627458,1575.2293331479423,1588.0998974120885,595139
1986-11-27,1588.0998974120885,1643.1618310248766,1588.0998974120885,1631.1025233357243,407487
1986-11-28,1631.1025233357243,1631.1025233357243,1560.770827220516,1579.7840633327162,622931
1986-12-01,1579.7840633327162,1632.3599204582956,1579.7840633327162,1611.0248461361793,515488
1986-12-02,1611.0248461361793,1649.697719160989,1611.0248461361793,1642.647139490263,424009
1986-12-03,1642.647139490263,1642.647139490263,1547.5418106010573,1554.4386055236596,482052
1986-12-04,1554.4386055236596,1554.4386055236596,1489.1242921448302,1503.4435061166507,485703
1986-12-05,1503.4435061166507,1558.2181303493194,1503.4435061166507,1546.1406437608302,490667
1986-12-08,1546.1406437608302,1546.1406437608302,1526.7888454336257,1527.1560434200665,377981
1986-12-09,1527.1560434200665,1543.0019131220793,1513.975212293196,1522.7321236607347,418374
1986-12-10,1522.7321236607347,1522.7321236607347,1439.81405833548,1451.5810648449688,467027
1986-12-11,1451.5810648449688,1464.7719202107821,1449.1163844140658,1455.9424157022443,582091
1986-12-12,1455.9424157022443,1528.58342506677,1455.9424157022443,1510.5734430177831,492932
1986-12-15,1510.5734430177831,1542.2037700730625,1505.658292841266,1522.994594999674,377069
1986-12-16,1522.994594999674,1532.1973904856782,1509.69018896269,1516.4527750014975,565359
1986-12-17,1516.4527750014975,1540.5816572960332,1495.7927743614816,1517.9142084303714,521772
1986-12-18,1517.9142084303714,1592.5627481579297,1517.9142084303714,1578.5003699178853,579152
1986-12-19,1578.5003699178853,1634.4446140010823,1578.5003699178853,1633.6806177559051,531671
1986-12-22,1633.6806177559051,1674.4299383654084,1633.6806177559051,1671.3749758206093,465173
1986-12-23,1671.3749758206093,1671.3749758206093,1605.2738994398064,1610.8225683094158,470925
1986-12-24,1610.8225683094158,1656.1634936628714,1610.8225683094158,1634.4406994799022,517173
1986-12-25,1634.4406994799022,1651.1009958734157,1625.2595163032763,1633.493667842466,624275
1986-12-26,1633.493667842466,1691.1265209738942,1633.493667842466,1672.8417350324216,404752
1986-12-29,1672.8417350324216,1672.8417350324216,1647.1981145426641,1661.3829198552592,355400
1986-12-30,1661.3829198552592,1673.1339115595233,1646.884845983106,1666.3950215514328,617369
1986-12-31,1666.3950215514328,1710.7157130926894,1666.3950215514328,1691.80974757992,482037
1987-01-01,1691.80974757992,1691.80974757992,1651.4932698455511,1655.5084718862222,572710
1987-01-02,1655.5084718862222,1655.5084718862222,1543.733947127793,1563.6725730177377,418427
1987-01-05,1563.6725730177377,1566.9815775942016,1553.970028856067,1554.1308207932163,440781
1987-01-06,1554.1308207932163,1555.9978768030617,1539.484472276962,1541.0497509075292,467312
1987-01-07,1541.0497509075292,1554.175242737345,1528.4509152276598,1547.2180321778915,532150
1987-01-08,1547.2180321778915,1603.5139439501684,1547.2180321778915,1587.4703853639146,538753
1987-01-09,1587.4703853639146,1683.230298223042,1587.4703853639146,1681.8734495157112,431103
1987-01-12,1681.8734495157112,1681.8734495157112,1663.441138937553,1664.6247357681607,415995
1987-01-13,1664.6247357681607,1664.6247357681607,1622.7298233354384,1639.3343912378489,504476
1987-01-14,1639.3343912378489,1639.3343912378489,1578.807915200652,1582.678174068621,494581
1987-01-15,1582.678174068621,1614.3195937195637,1582.678174068621,1610.880652088609,545585
1987-01-16,1610.880652088609,1644.4703275819404,1610.880652088609,1634.1287079246126,355170
1987-01-19,1634.1287079246126,1634.1287079246126,1596.6966727042175,1603.5032758616317,528085
1987-01-20,1603.5032758616317,1662.5793432222697,1603.5032758616317,1659.3108685957363,445991
1987-01-21,1659.3108685957363,1659.3108685957363,1612.0022944080845,1618.4826742728744,527282
1987-01-22,1618.4826742728744,1618.4826742728744,1567.7520164292844,1573.9961417868324,615146
1987-01-23,1573.9961417868324,1624.1435936025164,1573.9961417868324,1621.2914108473997,488520
1987-01-26,1621.2914108473997,1651.9004681406989,1608.4418499888948,1630.17474928685,464733
1987-01-27,1630.17474928685,1703.9773131656725,1630.17474928685,1693.0334277693207,491936
1987-01-28,1693.0334277693207,1729.56951876059,1684.4802517238575,1708.5967453405685,383147
1987-01-29,1708.5967453405685,1748.6490365020961,1708.5967453405685,1737.9351716931633,453228
1987-01-30,1737.9351716931633,1737.9351716931633,1707.3992157362143,1716.6114960333794,353353
1987-02-02,1716.6114960333794,1716.6114960333794,1653.0512243205128,1672.1149609157908,397509
1987-02-03,1672.1149609157908,1740.8626748281924,1672.1149609157908,1737.90477018088,498122
1987-02-04,1737.90477018088,1843.736171015035,1737.90477018088,1820.0340076681325,533369
1987-02-05,1820.0340076681325,1822.6457821117785,1792.9378029702077,1816.4090197528724,525562
1987-02-06,1816.4090197528724,1816.4090197528724,1741.9889248719319,1746.3682990803952,421844
1987-02-09,1746.3682990803952,1793.0537722347954,1746.3682990803952,1785.7934744199642,376584
1987-02-10,1785.7934744199642,1785.7934744199642,1767.1991793443678,1774.1633988432739,455530
1987-02-11,1774.1633988432739,1774.1633988432739,1631.6420088947282,1639.6494341838518,508150
1987-02-12,1639.6494341838518,1691.4868479911402,1639.6494341838518,1669.6031450073767,570295
1987-02-13,1669.6031450073767,1669.6031450073767,1631.6838543916544,1648.0525941727979,631049
1987-02-16,1648.0525941727979,1648.0525941727979,1612.3202248367902,1632.9741871023973,526819
1987-02-17,1632.9741871023973,1632.9741871023973,1578.888615128192,1598.6479940274173,499955
1987-02-18,1598.6479940274173,1645.0391255047448,1598.6479940274173,1624.3767993220968,454569
1987-02-19,1624.3767993220968,1624.3767993220968,1568.2071454286715,1587.2440825204337,506168
1987-02-20,1587.2440825204337,1587.2440825204337,1509.2074083951084,1527.1654453740264,379461
1987-02-23,1527.1654453740264,1585.944131258194,1527.1654453740264,1564.333693219059,401835
1987-02-24,1564.333693219059,1576.1653939392381,1556.2098249916128,1561.0370818107367,563085
1987-02-25,1561.0370818107367,1575.5682502272387,1561.0370818107367,1565.796928138672,463136
1987-02-26,1565.796928138672,1586.5903196310728,1565.796928138672,1585.7634403199181,450401
1987-02-27,1585.7634403199181,1585.7634403199181,1561.2925817773107,1568.3540115995404,343648
1987-03-02,1568.3540115995404,1598.5747633033707,1568.3540115995404,1587.3618554237978,483016
1987-03-03,1587.3618554237978,1592.6652805882638,1577.6475100585858,1583.4355146337018,368815
1987-03-04,1583.4355146337018,1583.8733713204012,1546.565252313732,1564.0758826494762,541896
1987-03-05,1564.0758826494762,1576.0874482764036,1544.7614870811703,1556.1673531337485,379885
1987-03-06,1556.1673531337485,1604.4052779215394,1556.1673531337485,1594.5680234759748,395276
1987-03-09,1594.5680234759748,1594.5680234759748,1576.7819203038553,1577.2425504716098,604091
1987-03-10,1577.2425504716098,1577.2425504716098,1551.1214668170473,1558.8240011881273,550860
1987-03-11,1558.8240011881273,1558.8240011881273,1518.4993429386075,1540.768320005168,477087
1987-03-12,1540.768320005168,1579.4409796947848,1540.768320005168,1563.307284663062,462303
1987-03-13,1563.307284663062,1630.6734694968927,1563.307284663062,1614.2368768046854,590941
1987-03-16,1614.2368768046854,1674.9691977227671,1614.2368768046854,1669.0621515743528,552946
1987-03-17,1669.0621515743528,1669.0621515743528,1598.090869248982,1616.9677180175877,532100
1987-03-18,1616.9677180175877,1669.3853186816018,1616.9677180175877,1647.8419961598042,515866
1987-03-19,1647.8419961598042,1647.8419961598042,1592.954026413816,1608.3955399088575,468630
1987-03-20,1608.3955399088575,1657.0905455181319,1608.3955399088575,1637.6364136187065,476538
1987-03-23,1637.6364136187065,1698.0411417526439,1637.6364136187065,1682.3851432854551,452046
1987-03-24,1682.3851432854551,1683.8029851497806,1651.7771104842554,1676.1706743445673,483836
1987-03-25,1676.1706743445673,1676.1706743445673,1600.1682666500162,1602.5530702821086,560895
1987-03-26,1602.5530702821086,1602.5530702821086,1528.8000783217678,1547.5125307359235,556456
1987-03-27,1547.5125307359235,1569.2128228466706,1524.789711941225,1547.6491721717327,462622
1987-03-30,1547.6491721717327,1563.8557773736406,1542.2301429153247,1552.0761711981156,546176
1987-03-31,1552.0761711981156,1599.0297737099095,1552.0761711981156,1578.790949984099,518902
1987-04-01,1578.790949984099,1653.1101931138448,1578.790949984099,1635.4951166051574,427759
1987-04-02,1635.4951166051574,1661.4785219024095,1635.4951166051574,1657.617381957544,496034
1987-04-03,1657.617381957544,1762.7570056757045,1657.617381957544,1737.4068560915782,427554
1987-04-06,1737.4068560915782,1757.0095255763765,1725.810159370149,1749.5143394107147,454014
1987-04-07,1749.5143394107147,1828.592867847835,1749.5143394107147,1827.970400597057,414849
1987-04-08,1827.970400597057,1830.39826748322,1791.1094625687217,1805.1398629015005,547650
1987-04-09,1805.1398629015005,1873.299948451385,1805.1398629015005,1853.4821858120392,549600
1987-04-10,1853.4821858120392,1853.4821858120392,1804.6064328033212,1827.562497390599,522907
1987-04-13,1827.562497390599,1872.3107047832502,1827.562497390599,1863.4743737797803,455037
1987-04-14,1863.4743737797803,1877.7838780280665,1838.499896956678,1852.3535296444902,637902
1987-04-15,1852.3535296444902,1852.3535296444902,1818.8207456409393,1838.8605152273772,396638
1987-04-16,1838.8605152273772,1873.9046835971735,1834.197827725526,1847.4505447689576,518397
1987-04-17,1847.4505447689576,1909.991729285664,1847.4505447689576,1897.3169930442511,460700
1987-04-20,1897.3169930442511,2008.3801555226487,1897.3169930442511,1989.2700217351207,598316
1987-04-21,1989.2700217351207,2035.8001466324833,1989.2700217351207,2034.5233989702026,664553
1987-04-22,2034.5233989702026,2034.5233989702026,1985.5880040263498,2008.2831881210705,541216
1987-04-23,2008.2831881210705,2017.8731634918613,1984.8913656204409,2012.2590234813388,628062
1987-04-24,2012.2590234813388,2012.2590234813388,1970.5721589738807,1984.6148618168102,513884
1987-04-27,1984.6148618168102,2001.7213304265529,1984.6148618168102,1998.9449754833897,516205
1987-04-28,1998.9449754833897,1998.9449754833897,1934.366329055158,1947.25055503713,531016
1987-04-29,1947.25055503713,1958.1379718954045,1919.5242628617245,1932.7644664281815,416011
1987-04-30,1932.7644664281815,1932.7644664281815,1892.6876415972538,1918.1929708861846,219182
1987-05-01,1918.1929708861846,1938.8563466982139,1918.1929708861846,1926.6707962625064,352205
1987-05-04,1926.6707962625064,1962.4818973104648,1926.3728683469692,1941.1026687382307,454247
1987-05-05,1941.1026687382307,2043.7185898433318,1941.1026687382307,2019.5621620297616,484035
1987-05-06,2019.5621620297616,2068.4392248729537,2019.5621620297616,2056.211630653146,526195
1987-05-07,2056.211630653146,2056.211630653146,1996.0933689744659,2005.9094252184332,502792
1987-05-08,2005.9094252184332,2005.9094252184332,1917.7700908962915,1940.2026777470717,531307
1987-05-11,1940.2026777470717,1940.2026777470717,1927.377300837478,1930.0779565641003,439664
1987-05-12,1930.0779565641003,1930.0779565641003,1866.0273454461421,1867.1410671325116,384058
1987-05-13,1867.1410671325116,1867.1410671325116,1841.9268890752712,1859.6919017091254,507974
1987-05-14,1859.6919017091254,1859.6919017091254,1825.3498849127297,1850.1630298226275,458182
1987-05-15,1850.1630298226275,1884.0234829531996,1845.039778943224,1856.768006473179,487998
1987-05-18,1856.768006473179,1943.5312962999262,1856.768006473179,1920.8769632334347,541010
1987-05-19,1920.8769632334347,1935.6335511745478,1915.9229966296102,1928.841887580202,421132
1987-05-20,1928.841887580202,1957.6110010688924,1921.7514575467512,1930.2528876303052,533672
1987-05-21,1930.2528876303052,1959.2059508546322,1928.123545712873,1953.919496075564,439977
1987-05-22,1953.919496075564,1953.919496075564,1915.5805307380858,1918.3118513129632,446167
1987-05-25,1918.3118513129632,1918.3118513129632,1814.0027490163266,1835.9165243147904,458961
1987-05-26,1835.9165243147904,1839.270779926608,1819.395485170296,1829.191881096617,526106
1987-05-27,1829.191881096617,1829.191881096617,1795.8319259506554,1808.0010209232794,486731
1987-05-28,1808.0010209232794,1837.6602488966373,1808.0010209232794,1828.1589884638095,514259
1987-05-29,1828.1589884638095,1828.1589884638095,1767.4538924752082,1791.9984653837753,486441
1987-06-01,1791.9984653837753,1850.589046903588,1791.9984653837753,1835.3915857055104,596329
1987-06-02,1835.3915857055104,1865.123855044636,1834.9692475850168,1849.408450495944,550548
1987-06-03,1849.408450495944,1916.9837966230946,1849.408450495944,1908.3639544528878,360076
1987-06-04,1908.3639544528878,1955.4723164310979,1905.421553329666,1928.1179034995423,541961
1987-06-05,1928.1179034995423,1928.1179034995423,1859.9066405360195,1881.2132915097595,419425
1987-06-08,1881.2132915097595,2021.7558078631273,1881.2132915097595,2014.6714652688468,686326
1987-06-09,2014.6714652688468,2014.6714652688468,1949.7816175005332,1952.3752649511569,588365
1987-06-10,1952.3752649511569,1980.4863174818595,1929.8740827590748,1954.5688726912526,532973
1987-06-11,1954.5688726912526,1993.1614578345393,1954.5688726912526,1966.8272991595238,518588
1987-06-12,1966.8272991595238,2002.4432839784079,1966.8272991595238,1988.3525557030619,549653
1987-06-15,1988.3525557030619,2014.7209949927603,1988.3525557030619,2007.6746822766684,595494
1987-06-16,2007.6746822766684,2007.6746822766684,1900.0264728905129,1904.7756076984913,357991
1987-06-17,1904.7756076984913,1926.667042685924,1891.7709034602206,1905.0152063501646,548226
1987-06-18,1905.0152063501646,1921.7259908371514,1905.0152063501646,1919.1332691465855,500765
1987-06-19,1919.1332691465855,1946.6749706028825,1918.7225025131115,1929.603796301091,363633
1987-06-22,1929.603796301091,1929.603796301091,1830.1445428020133,1854.0662051970364,496906
1987-06-23,1854.0662051970364,1856.2636776717193,1820.7867799539847,1829.2674650622519,598880
1987-06-24,1829.2674650622519,1914.8867567174532,1829.2674650622519,1901.557718783422,504421
1987-06-25,1901.557718783422,1901.557718783422,1834.6671546909474,1859.6802852497399,612075
1987-06-26,1859.6802852497399,1859.6802852497399,1827.824234678444,1842.6446250204317,560071
1987-06-29,1842.6446250204317,1887.1530427047414,1842.6446250204317,1860.5380158801238,525779
1987-06-30,1860.5380158801238,1886.576922432091,1849.2627582893094,1859.1486776045283,551368
1987-07-01,1859.1486776045283,1859.1486776045283,1813.504611554312,1838.862486939274,548351
1987-07-02,1838.862486939274,1838.862486939274,1787.99923945738,1789.242783587368,542062
1987-07-03,1789.242783587368,1789.242783587368,1745.6961219379077,1758.677590134771,538853
1987-07-06,1758.677590134771,1806.2056324090433,1758.677590134771,1792.882188919463,404337
1987-07-07,1792.882188919463,1792.882188919463,1736.347572193595,1761.9663792972885,420662
1987-07-08,1761.9663792972885,1780.569544563888,1756.597815036013,1760.2687146944372,482638
1987-07-09,1760.2687146944372,1760.2687146944372,1692.8712518831155,1697.1051837353161,344218
1987-07-10,1697.1051837353161,1697.1051837353161,1626.8515991414956,1636.5086114268977,495650
1987-07-13,1636.5086114268977,1673.4214276004316,1636.5086114268977,1664.5998569205658,522402
1987-07-14,1664.5998569205658,1664.5998569205658,1624.538638066098,1631.7742322810645,499884
1987-07-15,1631.7742322810645,1666.8069655337554,1631.7742322810645,1663.664394775251,302079
1987-07-16,1663.664394775251,1663.664394775251,1611.0744846315245,1616.7646482060393,649514
1987-07-17,1616.7646482060393,1616.7646482060393,1522.1463560136008,1545.2048998830796,453693
1987-07-20,1545.2048998830796,1545.2048998830796,1504.6438499808553,1520.976152715785,612534
1987-07-21,1520.976152715785,1520.976152715785,1460.7801952702685,1478.6294096548968,586205
1987-07-22,1478.6294096548968,1478.6294096548968,1434.2685224668994,1449.1731057617342,593719
1987-07-23,1449.1731057617342,1449.1731057617342,1405.8932468454734,1424.2247890306678,575769
1987-07-24,1424.2247890306678,1424.2247890306678,1358.6365043337341,1363.8839633938296,476182
1987-07-27,1363.8839633938296,1363.8839633938296,1295.4106483546157,1313.1884769150709,528633
1987-07-28,1313.1884769150709,1313.1884769150709,1261.8012569409257,1264.4006604160536,525234
1987-07-29,1264.4006604160536,1311.1693410219711,1264.4006604160536,1299.952914606638,544946
1987-07-30,1299.952914606638,1327.376955824624,1299.952914606638,1314.2258059752912,436894
1987-07-31,1314.2258059752912,1314.2258059752912,1288.1426593392666,1288.1592719665282,568811
1987-08-03,1288.1592719665282,1317.9035629944906,1288.1592719665282,1301.380055096974,521571
1987-08-04,1301.380055096974,1311.001804336886,1287.6228993138675,1301.5214146731269,563244
1987-08-05,1301.5214146731269,1301.5214146731269,1229.362676452804,1245.3083014955953,530361
1987-08-06,1245.3083014955953,1250.0355282766604,1238.8581770520107,1240.3413136039233,525720
1987-08-07,1240.3413136039233,1250.884932222825,1229.2862676696707,1233.2271508063764,488641
1987-08-10,1233.2271508063764,1263.1550261452212,1233.2271508063764,1253.3850082803733,569393
1987-08-11,1253.3850082803733,1253.9052562846844,1235.694450648638,1249.7447143783388,542407
1987-08-12,1249.7447143783388,1249.7447143783388,1227.1851251907137,1234.628469292488,493823
1987-08-13,1234.628469292488,1234.628469292488,1196.40211481747,1211.1888504929664,594253
1987-08-14,1211.1888504929664,1230.7666508387936,1211.1888504929664,1221.4573708617804,404970
1987-08-17,1221.4573708617804,1255.4396057567142,1221.4573708617804,1241.7097631119236,513162
1987-08-18,1241.7097631119236,1241.7097631119236,1223.7793448473485,1229.677463174095,531904
1987-08-19,1229.677463174095,1229.677463174095,1218.2646717825062,1225.165584865634,469784
1987-08-20,1225.165584865634,1236.865680193158,1220.6922500133478,1226.9988491178872,525882
1987-08-21,1226.9988491178872,1226.9988491178872,1177.127403764543,1187.0245493369164,565692
1987-08-24,1187.0245493369164,1211.3170581712268,1187.0245493369164,1209.2958085160258,548467
1987-08-25,1209.2958085160258,1209.2958085160258,1155.041094611068,1161.7821089239899,510304
1987-08-26,1161.7821089239899,1188.727020567574,1161.7821089239899,1172.5531519794806,526871
1987-08-27,1172.5531519794806,1176.4100320886328,1156.5250361213411,1163.6306860646544,423268
1987-08-28,1163.6306860646544,1222.0627801346911,1163.6306860646544,1205.3047883386203,557561
1987-08-31,1205.3047883386203,1222.6498449634087,1193.8949676917437,1207.0688922902016,500032
1987-09-01,1207.0688922902016,1237.7356099345996,1207.0688922902016,1226.4587832674547,428801
1987-09-02,1226.4587832674547,1228.649171745026,1214.8931365497708,1227.7712101816182,406352
1987-09-03,1227.7712101816182,1280.3516793363335,1227.7712101816182,1264.9577443133264,632077
1987-09-04,1264.9577443133264,1264.9577443133264,1239.211563242406,1250.593160937218,371794
1987-09-07,1250.593160937218,1298.9044300937057,1250.593160937218,1282.3071503947867,629681
1987-09-08,1282.3071503947867,1282.3071503947867,1225.9120306439559,1237.8853040676004,526593
1987-09-09,1237.8853040676004,1237.8853040676004,1195.608005292314,1201.9442355980605,452868
1987-09-10,1201.9442355980605,1201.9442355980605,1175.2409615898202,1179.4403716140753,568788
1987-09-11,1179.4403716140753,1179.4403716140753,1144.1738946248645,1148.5156346169397,597593
1987-09-14,1148.5156346169397,1260.4522150402909,1148.5156346169397,1257.1825412332475,443807
1987-09-15,1257.1825412332475,1350.43232912964,1257.1825412332475,1342.382037919879,561252
1987-09-16,1342.382037919879,1416.0215174579237,1342.382037919879,1414.761154915138,482279
1987-09-17,1414.761154915138,1414.761154915138,1368.595955805912,1380.0174588787402,509236
1987-09-18,1380.0174588787402,1414.812763718408,1380.0174588787402,1395.7146952372505,449847
1987-09-21,1395.7146952372505,1417.4482633804098,1395.7146952372505,1414.3536817705149,555691
1987-09-22,1414.3536817705149,1434.0680975651946,1414.3536817705149,1424.4004783430885,474855
1987-09-23,1424.4004783430885,1424.4004783430885,1391.6616939954959,1400.4161543170549,449299
1987-09-24,1400.4161543170549,1400.4161543170549,1309.9423290774612,1325.9689305895688,409132
1987-09-25,1325.9689305895688,1325.9689305895688,1255.8843463823396,1274.8698563762293,398455
1987-09-28,1274.8698563762293,1274.8698563762293,1241.0241340954733,1255.9883539649543,523642
1987-09-29,1255.9883539649543,1255.9883539649543,1203.0115983294588,1210.6801483937677,268567
1987-09-30,1210.6801483937677,1244.5293565334018,1210.6801483937677,1226.4298673793103,474787
1987-10-01,1226.4298673793103,1226.4298673793103,1182.298343318016,1197.8076288790205,554046
1987-10-02,1197.8076288790205,1204.2862473395917,1186.9250505001655,1197.664641936628,458453
1987-10-05,1197.664641936628,1210.1425235681204,1197.664641936628,1203.0526718224626,533180
1987-10-06,1203.0526718224626,1203.0526718224626,1121.2403257064702,1137.2102268908075,648830
1987-10-07,1137.2102268908075,1151.5308954500733,1120.6566971919078,1137.7102464379611,616347
1987-10-08,1137.7102464379611,1172.6421556842035,1137.7102464379611,1159.0216268934087,427102
1987-10-09,1159.0216268934087,1159.0216268934087,1096.2467380368876,1100.457053027105,542633
1987-10-12,1100.457053027105,1100.457053027105,1056.5447060745528,1058.2824983577618,433874
1987-10-13,1058.2824983577618,1076.272038686034,1058.2213655853361,1060.8190522436646,455133
1987-10-14,1060.8190522436646,1060.8190522436646,1034.0612459365923,1036.871738712503,578291
1987-10-15,1036.871738712503,1052.651713684193,1036.871738712503,1044.6588944153357,428154
1987-10-16,1044.6588944153357,1109.9894988000847,1044.6588944153357,1108.016922889836,618978
1987-10-19,1108.016922889836,1139.423121511024,1108.016922889836,1135.532681617204,509292
1987-10-20,1135.532681617204,1146.8098506283964,1123.1925351968716,1137.4348023993718,363341
1987-10-21,1137.4348023993718,1146.7367134294302,1134.3952240282526,1142.532099562124,623569
1987-10-22,1142.532099562124,1142.532099562124,1122.9756540555115,1134.0879115915384,567753
1987-10-23,1134.0879115915384,1165.7916178929734,1134.0879115915384,1163.6850349578024,608980
1987-10-26,1163.6850349578024,1193.3339230955967,1163.6850349578024,1186.0568099907402,433430
1987-10-27,1186.0568099907402,1239.811537849749,1186.0568099907402,1221.8529137696978,435634
1987-10-28,1221.8529137696978,1221.8529137696978,1201.9666987682838,1206.6732440130338,577804
1987-10-29,1206.6732440130338,1206.6732440130338,1190.2639229689833,1195.4249516976968,627997
1987-10-30,1195.4249516976968,1204.3172452728154,1195.4249516976968,1199.9915559333654,666225
1987-11-02,1199.9915559333654,1199.9915559333654,1163.9499600217596,1175.2562384687908,559590
1987-11-03,1175.2562384687908,1175.2562384687908,1141.1810948687846,1143.9776031188596,526693
1987-11-04,1143.9776031188596,1181.744445831315,1143.9776031188596,1170.0442893995073,409686
1987-11-05,1170.0442893995073,1171.581250232115,1151.6426971830444,1167.0987941994956,350135
1987-11-06,1167.0987941994956,1217.7617146280438,1167.0987941994956,1215.0619144935615,474994
1987-11-09,1215.0619144935615,1215.0619144935615,1141.878513018179,1144.5253132553034,478963
1987-11-10,1144.5253132553034,1144.5253132553034,1101.9005531115617,1112.378612152188,422981
1987-11-11,1112.378612152188,1112.378612152188,1093.1873650210068,1094.146649533655,543777
1987-11-12,1094.146649533655,1100.6986041443663,1091.377001460791,1097.8304205245856,465426
1987-11-13,1097.8304205245856,1097.8304205245856,1086.7754894854936,1088.8027711713905,454808
1987-11-16,1088.8027711713905,1088.8027711713905,1055.4933782219518,1064.0912141835497,569918
1987-11-17,1064.0912141835497,1100.715155924627,1064.0912141835497,1085.4790139773502,529165
1987-11-18,1085.4790139773502,1096.1888481338858,1069.678766208382,1082.712045377808,470689
1987-11-19,1082.712045377808,1089.6542722893785,1070.9789003875314,1082.724308649541,434495
1987-11-20,1082.724308649541,1129.702752783402,1082.724308649541,1119.42159694469,573892
1987-11-23,1119.42159694469,1119.42159694469,1073.5970795174924,1075.4718945196955,597586
1987-11-24,1075.4718945196955,1075.4718945196955,1025.4642330185554,1025.7209685848381,566335
1987-11-25,1025.7209685848381,1029.592644817303,1008.6544193773043,1020.3382588775634,555376
1987-11-26,1020.3382588775634,1020.3382588775634,991.2126588055522,998.1480836655588,530670
1987-11-27,998.1480836655588,1008.9269412382446,980.6737033329242,994.5338321458497,420297
1987-11-30,994.5338321458497,998.5860799891472,990.1536277000496,992.4552681519725,590795
1987-12-01,992.4552681519725,1010.3461430719555,992.4552681519725,1007.0106999414527,221873
1987-12-02,1007.0106999414527,1061.744248714291,1007.0106999414527,1046.094355519486,561273
1987-12-03,1046.094355519486,1061.3269570905954,1042.7582963424106,1055.068852045034,379334
1987-12-04,1055.068852045034,1055.068852045034,985.8241626989394,999.1917536936288,486099
1987-12-07,999.1917536936288,999.1917536936288,972.6533263272986,986.0410556854321,461710
1987-12-08,986.0410556854321,999.4979885831207,986.0410556854321,993.0253244986666,582809
1987-12-09,993.0253244986666,993.0253244986666,977.3973956386385,979.9095937366673,431683
1987-12-10,979.9095937366673,996.6360857596181,979.9095937366673,983.1021530575754,480495
1987-12-11,983.1021530575754,983.1021530575754,969.0537559909034,976.0953798359436,550156
1987-12-14,976.0953798359436,991.1231619869252,976.0953798359436,984.7275737319268,593314
1987-12-15,984.7275737319268,984.7275737319268,954.0821206225484,966.1192840829852,550975
1987-12-16,966.1192840829852,992.0329835198471,966.1192840829852,979.9580761460419,559645
1987-12-17,979.9580761460419,979.9580761460419,933.4552414758051,947.3882079500426,372289
1987-12-18,947.3882079500426,1008.7948683386236,947.3882079500426,999.3340557403101,439392
1987-12-21,999.3340557403101,999.3340557403101,943.731507316478,955.705223853272,576497
1987-12-22,955.705223853272,955.705223853272,916.2462439628963,924.2870558872106,382424
1987-12-23,924.2870558872106,946.1931577987002,923.8106477015708,935.9173687857337,439421
1987-12-24,935.9173687857337,935.9173687857337,914.9818195294479,926.3220525319208,459819
1987-12-25,926.3220525319208,967.9926283320287,926.3220525319208,962.8486698500868,640196
1987-12-28,962.8486698500868,997.911518279209,962.8486698500868,997.7161934142955,500185
1987-12-29,997.7161934142955,1014.404022033204,997.7161934142955,1002.5621497434614,473613
1987-12-30,1002.5621497434614,1002.5621497434614,966.2071391628788,969.7983789722053,528010
1987-12-31,969.7983789722053,978.6458963672363,969.7983789722053,975.8061877264334,474763
1988-01-01,975.8061877264334,975.8061877264334,951.9520163398639,966.4121727938198,590868
1988-01-04,966.4121727938198,966.4121727938198,937.5296674673195,943.9245936932653,545583
1988-01-05,943.9245936932653,947.9243770328521,929.8022411961762,937.3277211788559,507358
1988-01-06,937.3277211788559,958.2329441528155,937.3277211788559,956.8016724918788,717283
1988-01-07,956.8016724918788,960.0188078544255,947.3312735151709,959.9387096885224,529217
1988-01-08,959.9387096885224,966.0208378773617,943.3149736958155,956.6613268172159,433284
1988-01-11,956.6613268172159,967.1737634319364,956.6613268172159,964.9244660955112,396577
1988-01-12,964.9244660955112,1006.879983368423,964.9244660955112,1004.5145995081768,554105
1988-01-13,1004.5145995081768,1017.9418547416063,1004.5145995081768,1016.4020869950036,449503
1988-01-14,1016.4020869950036,1016.4020869950036,985.8071961040466,997.6920291431425,499595
1988-01-15,997.6920291431425,1009.4088010830486,997.6920291431425,1008.7595712818651,509182
1988-01-18,1008.7595712818651,1008.7595712818651,957.2212318934803,968.5559344978295,384633
1988-01-19,968.5559344978295,968.5559344978295,947.9869452883449,962.3267800043789,409899
1988-01-20,962.3267800043789,962.3267800043789,931.0317727740105,944.7251530717276,591901
1988-01-21,944.7251530717276,950.8559145914328,933.3939834240896,947.4919994667652,574870
1988-01-22,947.4919994667652,947.4919994667652,938.1167988747383,942.6010487521487,515698
1988-01-25,942.6010487521487,952.8659443561135,939.8627779407387,940.5418468057849,448742
1988-01-26,940.5418468057849,940.5418468057849,934.1124843032093,936.1261190834654,565563
1988-01-27,936.1261190834654,937.4038338453192,916.0999241614006,929.0109304784716,443697
1988-01-28,929.0109304784716,967.2750397601025,929.0109304784716,962.4958628763515,386114
1988-01-29,962.4958628763515,962.4958628763515,938.9685148511431,951.8744874908804,398031
1988-02-01,951.8744874908804,951.8744874908804,929.6871117916563,943.3404272512377,479456
1988-02-02,943.3404272512377,1001.8815646130874,943.3404272512377,991.220028499178,561670
1988-02-03,991.220028499178,998.4856648263554,984.243775312286,988.5377789319368,602109
1988-02-04,988.5377789319368,1017.1576805218658,988.5377789319368,1014.7103028470893,325272
1988-02-05,1014.7103028470893,1014.7103028470893,983.0914000388094,987.856720333949,473360
1988-02-08,987.856720333949,992.2150328486424,987.856720333949,991.9064601711214,468925
1988-02-09,991.9064601711214,991.9064601711214,947.8090256119807,954.9963979859241,561328
1988-02-10,954.9963979859241,973.7871007901126,950.2085100147593,963.9073460143935,424436
1988-02-11,963.9073460143935,963.9073460143935,950.6025017582779,953.3385948289924,590445
1988-02-12,953.3385948289924,953.3385948289924,943.0088573479387,948.5604647701588,537903
1988-02-15,948.5604647701588,950.868734973465,936.8544863013542,941.8648316092655,562102
1988-02-16,941.8648316092655,970.1753117072527,941.8648316092655,963.1559001126693,456759
1988-02-17,963.1559001126693,963.1559001126693,939.7012557637055,944.4208120245106,500824
1988-02-18,944.4208120245106,944.4208120245106,925.2843739359236,938.901813428289,463241
1988-02-19,938.901813428289,960.1727779802021,938.901813428289,951.1226686721377,454344
1988-02-22,951.1226686721377,977.1495665129476,951.1226686721377,972.1231141440151,596882
1988-02-23,972.1231141440151,988.9281599161037,972.1231141440151,976.916109725465,486886
1988-02-24,976.916109725465,987.6872951559109,976.916109725465,985.3430883708417,547433
1988-02-25,985.3430883708417,985.3430883708417,950.5999414440955,956.1834849709783,539209
1988-02-26,956.1834849709783,956.1834849709783,884.7073308699793,896.2618574058679,387794
1988-02-29,896.2618574058679,917.1714913472553,896.2618574058679,909.7934129727822,423733
1988-03-01,909.7934129727822,920.8766070987926,909.7934129727822,915.9417719121925,616357
1988-03-02,915.9417719121925,932.7651172700065,915.9417719121925,929.0211815165038,466963
1988-03-03,929.0211815165038,929.0211815165038,896.5492630594947,902.2906613280903,561348
1988-03-04,902.2906613280903,922.3736885321401,902.2906613280903,914.3061309170043,501586
1988-03-07,914.3061309170043,949.1264537939704,914.3061309170043,944.710023053684,418324
1988-03-08,944.710023053684,944.710023053684,907.9226754904311,917.1008642948339,480056
1988-03-09,917.1008642948339,932.1450563767088,917.1008642948339,930.7359245160434,442010
1988-03-10,930.7359245160434,939.1627647150942,926.8259862815887,928.0597588345153,398966
1988-03-11,928.0597588345153,928.0597588345153,910.3241425157712,915.2999800691638,599047
1988-03-14,915.2999800691638,915.2999800691638,879.5839221043492,886.2708877720469,586851
1988-03-15,886.2708877720469,905.2252558161236,886.2708877720469,899.5588052358227,446839
1988-03-16,899.5588052358227,902.8761805542038,898.5934223858676,898.7383597233228,600040
1988-03-17,898.7383597233228,898.7416546140595,880.8241921699987,886.3771660346423,328367
1988-03-18,886.3771660346423,917.8560665564685,886.3771660346423,911.6888968097627,496363
1988-03-21,911.6888968097627,911.6888968097627,889.3840396402921,897.7010255202133,540261
1988-03-22,897.7010255202133,897.7010255202133,851.994068233538,863.8569544525883,607576
1988-03-23,863.8569544525883,863.8569544525883,817.4227448402328,824.5922724395826,418830
1988-03-24,824.5922724395826,854.3765903015893,824.5922724395826,853.4722696224666,548099
1988-03-25,853.4722696224666,853.4722696224666,808.5989023861811,814.7296371469547,304831
1988-03-28,814.7296371469547,824.8345968745951,814.276204365715,817.9455040240993,567856
1988-03-29,817.9455040240993,836.8144055506638,817.9455040240993,828.2993824168053,475611
1988-03-30,828.2993824168053,843.9433895450525,828.2993824168053,839.4818786491714,517427
1988-03-31,839.4818786491714,851.2131168969617,839.4818786491714,841.7161263882666,320771
1988-04-01,841.7161263882666,853.6835051565255,835.3158251518075,843.0151532090481,434639
1988-04-04,843.0151532090481,843.0151532090481,816.9755942818962,827.529930200054,468209
1988-04-05,827.529930200054,859.9034230963088,827.529930200054,852.2690272307152,362303
1988-04-06,852.2690272307152,875.0913538194425,852.2690272307152,874.6951620835791,489536
1988-04-07,874.6951620835791,874.6951620835791,857.2284835307745,857.308080595935,579237
1988-04-08,857.308080595935,865.2116150322997,852.5613097660994,859.4277854172407,466620
1988-04-11,859.4277854172407,859.4277854172407,832.843030403668,839.8993576304057,463674
1988-04-12,839.8993576304057,839.8993576304057,815.3558680119048,817.4558005471885,497041
1988-04-13,817.4558005471885,833.9249518482303,817.4558005471885,829.9005173543784,617225
1988-04-14,829.9005173543784,866.8164888332888,829.9005173543784,859.7839442920313,404730
1988-04-15,859.7839442920313,864.0801415343427,845.3533297836381,858.1885895925776,367134
1988-04-18,858.1885895925776,890.742382963631,858.1885895925776,878.4883447809518,487535
1988-04-19,878.4883447809518,878.4883447809518,850.8688755049561,859.7527095234063,403648
1988-04-20,859.7527095234063,913.6317893077322,859.7527095234063,903.5756387552726,397730
1988-04-21,903.5756387552726,903.5756387552726,860.423080732871,864.2890798213344,531842
1988-04-22,864.2890798213344,864.2890798213344,846.6682525406657,855.0134828471521,546201
1988-04-25,855.0134828471521,855.0134828471521,830.8146475090282,836.0850061167025,406737
1988-04-26,836.0850061167025,836.0850061167025,786.5232227446812,793.5691473710052,573416
1988-04-27,793.5691473710052,822.2186309299501,793.5691473710052,814.6653090343898,547685
1988-04-28,814.6653090343898,827.2127640376655,814.6653090343898,817.0611388183044,423808
1988-04-29,817.0611388183044,832.3212576610293,817.0611388183044,827.1813826972578,377144
1988-05-02,827.1813826972578,870.9983126124012,827.1813826972578,864.3011046179444,494795
1988-05-03,864.3011046179444,872.7732320250551,864.0272337366948,868.1456543685973,406584
1988-05-04,868.1456543685973,868.6938153583615,845.661184423648,858.1981039542205,479656
1988-05-05,858.1981039542205,865.6593975815232,848.443641269815,860.4160619872315,647636
1988-05-06,860.4160619872315,860.4160619872315,826.8087164186762,838.9736545217389,422542
1988-05-09,838.9736545217389,838.9736545217389,821.3140004378063,825.3068248557114,469705
1988-05-10,825.3068248557114,825.3068248557114,816.056220353792,819.3680004711035,510995
1988-05-11,819.3680004711035,837.6454317165352,819.3680004711035,833.606982389038,559585
1988-05-12,833.606982389038,853.1286879499312,833.606982389038,851.1960753402683,485355
1988-05-13,851.1960753402683,851.1960753402683,823.6687492704461,824.5511040126224,453133
1988-05-16,824.5511040126224,824.5511040126224,810.7388487100355,822.2326272965065,691191
1988-05-17,822.2326272965065,840.411076548364,822.2326272965065,828.167641272025,595371
1988-05-18,828.167641272025,828.167641272025,810.3801842644015,813.3090190021003,438028
1988-05-19,813.3090190021003,820.8673241038196,807.0810501372345,809.4040834818236,474513
1988-05-20,809.4040834818236,830.7119799397414,809.4040834818236,828.2594619748819,528354
1988-05-23,828.2594619748819,840.2793422834891,820.6919597824646,832.5503014295747,418072
1988-05-24,832.5503014295747,832.5503014295747,797.0381300078525,802.7345971751432,528971
1988-05-25,802.7345971751432,802.7345971751432,787.9254982459447,789.7498882667832,309302
1988-05-26,789.7498882667832,793.8394038514527,786.9937981457422,792.2788480490907,525556
1988-05-27,792.2788480490907,800.9681681209431,790.1864183999165,794.9814856572257,465433
1988-05-30,794.9814856572257,794.9814856572257,770.2120486749587,775.4956197882121,566250
1988-05-31,775.4956197882121,775.4956197882121,756.6053522105075,764.3783924709043,597068
1988-06-01,764.3783924709043,764.3783924709043,733.1072332690633,735.3974530228974,545161
1988-06-02,735.3974530228974,776.7459671494081,735.3974530228974,775.507441941332,499573
1988-06-03,775.507441941332,796.2943870463123,775.507441941332,788.6974190888983,582964
1988-06-06,788.6974190888983,788.6974190888983,765.6749765027197,775.6795977571317,436171
1988-06-07,775.6795977571317,775.6795977571317,767.9456342726858,768.4955217075294,366277
1988-06-08,768.4955217075294,768.4955217075294,725.174998594175,728.2546132839801,358139
1988-06-09,728.2546132839801,728.2546132839801,724.1253288756585,724.7635150593525,467600
1988-06-10,724.7635150593525,735.4953159869249,723.8472322055413,724.8794949283005,473440
1988-06-13,724.8794949283005,724.8794949283005,698.7878142925447,705.8770382400194,515044
1988-06-14,705.8770382400194,737.3302399352789,705.8770382400194,729.8902607840522,483478
1988-06-15,729.8902607840522,732.0593823453233,723.3149737272978,728.4310472132615,596323
1988-06-16,728.4310472132615,737.2170468907907,725.8223253198198,732.0509890652764,507892
1988-06-17,732.0509890652764,732.0509890652764,707.0140065136366,707.4318093577878,552336
1988-06-20,707.4318093577878,720.6138551728501,707.4318093577878,717.8644923783852,562274
1988-06-21,717.8644923783852,717.8644923783852,696.2474430019707,705.0857865130855,420717
1988-06-22,705.0857865130855,705.0857865130855,687.1421845820463,695.8340302175595,360799
1988-06-23,695.8340302175595,715.356382309082,695.8340302175595,712.5106361448389,462347
1988-06-24,712.5106361448389,722.5057781518776,712.5106361448389,719.7231019219545,483293
1988-06-27,719.7231019219545,719.7231019219545,699.3317563033222,709.8260464788693,521751
1988-06-28,709.8260464788693,726.8470431129118,709.8260464788693,722.4647358741349,568750
1988-06-29,722.4647358741349,730.8438840821157,715.4664689361347,723.8908407289732,553458
1988-06-30,723.8908407289732,723.8908407289732,698.8965047060493,702.0887157137773,549964
1988-07-01,702.0887157137773,715.0912978854499,702.0887157137773,707.1562813246067,527328
1988-07-04,707.1562813246067,707.1562813246067,671.5900571350837,678.0541892998514,575988
1988-07-05,678.0541892998514,695.0482489488885,678.0541892998514,687.6245998278598,433920
1988-07-06,687.6245998278598,705.8428281256487,687.6245998278598,697.4273657647128,384761
1988-07-07,697.4273657647128,709.6379069486613,697.3062747341869,707.4841098804634,691584
1988-07-08,707.4841098804634,720.0393058112069,707.4841098804634,715.7117392174863,513625
1988-07-11,715.7117392174863,757.6987877111661,715.7117392174863,747.617698838689,526076
1988-07-12,747.617698838689,762.0612525503843,746.2331599257143,751.2482161660325,497208
1988-07-13,751.2482161660325,758.8889532817456,739.8827778657811,749.0832578049822,596680
1988-07-14,749.0832578049822,749.0832578049822,707.1377446554421,711.2889484110673,632722
1988-07-15,711.2889484110673,730.8143210774947,711.2889484110673,721.3181501807148,616134
1988-07-18,721.3181501807148,730.0915543977106,715.744119133427,721.4989969156256,568894
1988-07-19,721.4989969156256,721.4989969156256,710.4275284269478,720.0747517273732,422689
1988-07-20,720.0747517273732,720.0747517273732,688.6451831833564,698.1064218302827,590858
1988-07-21,698.1064218302827,734.113767158408,698.1064218302827,732.3066102973057,398819
1988-07-22,732.3066102973057,758.3888125125399,732.3066102973057,754.7454954512916,435309
1988-07-25,754.7454954512916,754.7454954512916,741.0732670031473,741.9770686414084,538613
1988-07-26,741.9770686414084,773.1600014997864,741.9770686414084,766.8497798783367,536466
1988-07-27,766.8497798783367,783.6851969538033,766.8497798783367,772.3411981384996,399940
1988-07-28,772.3411981384996,772.3411981384996,758.4362117510116,759.1019289585141,366730
1988-07-29,759.1019289585141,769.1405554970077,753.7626574931954,759.4592606571032,576996
1988-08-01,759.4592606571032,759.4592606571032,740.9721968609073,745.2471088673311,554837
1988-08-02,745.2471088673311,784.1333001743683,745.2471088673311,772.6817590182545,658437
1988-08-03,772.6817590182545,772.6817590182545,752.1638806639962,760.613987356501,562984
1988-08-04,760.613987356501,760.613987356501,738.2547209040403,747.3771814309616,430817
1988-08-05,747.3771814309616,747.3771814309616,703.5505366452975,703.9924186865431,580533
1988-08-08,703.9924186865431,744.44597538791,703.9924186865431,735.7672928049731,612792
1988-08-09,735.7672928049731,735.7672928049731,701.2307776393774,709.6615465420076,485427
1988-08-10,709.6615465420076,721.4187982165665,709.6615465420076,718.9878262888902,538694
1988-08-11,718.9878262888902,751.4655496908506,718.9878262888902,748.9725725663768,432426
1988-08-12,748.9725725663768,753.7209987963402,738.9380103899517,746.5583980250027,447661
1988-08-15,746.5583980250027,769.101840343963,746.5583980250027,760.9712292367637,503285
1988-08-16,760.9712292367637,760.9712292367637,729.7805178988194,739.7740673084726,483392
1988-08-17,739.7740673084726,747.7135568799107,737.1520959381925,745.8695337009509,533417
1988-08-18,745.8695337009509,753.9321640054283,743.3705892562853,752.7732786990472,619016
1988-08-19,752.7732786990472,752.7732786990472,746.98947207757,747.8238904238133,463728
1988-08-22,747.8238904238133,756.029291520507,743.7000525683795,748.7304178769441,487409
1988-08-23,748.7304178769441,757.3592014588604,744.5901343427925,755.528532034246,358232
1988-08-24,755.528532034246,807.3902750554284,755.528532034246,798.2977279434642,527714
1988-08-25,798.2977279434642,838.8464450563662,798.2977279434642,831.9309388823425,502452
1988-08-26,831.9309388823425,857.6482430616973,831.9309388823425,848.6696993022414,479658
1988-08-29,848.6696993022414,854.8829363703317,845.9929309646906,847.5277181477891,594180
1988-08-30,847.5277181477891,880.7911278136027,847.5277181477891,876.9937197288253,424660
1988-08-31,876.9937197288253,876.9937197288253,831.7880007419776,833.3684738184754,679486
1988-09-01,833.3684738184754,833.3684738184754,806.9383570137044,817.3126196546181,594449
1988-09-02,817.3126196546181,827.7663372562863,815.8308697464444,826.6882153030975,524875
1988-09-05,826.6882153030975,852.433022761816,826.6882153030975,845.7941086375253,565217
1988-09-06,845.7941086375253,888.7543971694889,845.7941086375253,876.0540536943275,529181
1988-09-07,876.0540536943275,905.1853975801863,876.0540536943275,897.949092469031,583544
1988-09-08,897.949092469031,922.2177680845587,897.949092469031,911.9561862143526,588682
1988-09-09,911.9561862143526,913.7960429642585,903.3126330309333,912.8854613469584,408334
1988-09-12,912.8854613469584,917.0367265444158,912.5310470999394,915.8820515849914,431448
1988-09-13,915.8820515849914,916.3158799414148,900.3674995993756,906.8898685806288,464588
1988-09-14,906.8898685806288,906.8898685806288,827.1345416304407,829.9441254803216,560596
1988-09-15,829.9441254803216,873.1773459477713,829.9441254803216,872.0224195084298,377065
1988-09-16,872.0224195084298,872.0224195084298,835.0009058154633,846.7709836950044,453145
1988-09-19,846.7709836950044,860.5674668400349,844.3192227493566,854.8083470428331,463943
1988-09-20,854.8083470428331,896.8536771212177,854.8083470428331,886.0809106291526,598702
1988-09-21,886.0809106291526,886.0809106291526,852.954311753589,865.3593458403483,541606
1988-09-22,865.3593458403483,884.0094014383419,865.3593458403483,883.5308718954575,563044
1988-09-23,883.5308718954575,904.4663347412356,880.6849117801648,893.6265721354218,464548
1988-09-26,893.6265721354218,915.4455649755644,893.6265721354218,915.4190159544179,540612
1988-09-27,915.4190159544179,951.22000822518,915.4190159544179,945.6248404348479,342240
1988-09-28,945.6248404348479,945.6248404348479,922.4708382855756,934.0115057858427,407964
1988-09-29,934.0115057858427,950.9401648668772,932.8181083762889,944.2715521749599,406821
1988-09-30,944.2715521749599,944.2715521749599,905.3057769422699,907.6255871231587,472055
1988-10-03,907.6255871231587,928.3662475391681,907.6255871231587,922.7069403824831,516340
1988-10-04,922.7069403824831,922.7069403824831,914.768747492107,917.3531523269605,454222
1988-10-05,917.3531523269605,936.0634489646176,917.3531523269605,931.6787526763229,432110
1988-10-06,931.6787526763229,931.6787526763229,897.1087449951617,899.4150845241983,559102
1988-10-07,899.4150845241983,906.5531295228267,896.6793371589124,901.7066977849869,578094
1988-10-10,901.7066977849869,901.7066977849869,870.2066212882304,876.7252947604253,407477
1988-10-11,876.7252947604253,882.6964266606986,874.1084495239837,878.2338834595481,591567
1988-10-12,878.2338834595481,878.2338834595481,844.7920227643936,853.8918458867748,526883
1988-10-13,853.8918458867748,853.8918458867748,813.1661213806977,825.3586132400071,390493
1988-10-14,825.3586132400071,825.3586132400071,793.962750306396,798.6235341778497,465330
1988-10-17,798.6235341778497,801.1503838273917,794.8657995635443,795.7300870720504,458709
1988-10-18,795.7300870720504,797.1760028523287,776.5932505210658,786.6578887550796,551376
1988-10-19,786.6578887550796,786.6578887550796,773.2804447450833,775.8523023069681,538075
1988-10-20,775.8523023069681,775.8523023069681,756.011943412107,756.510437925736,514374
1988-10-21,756.510437925736,787.0630095433461,756.510437925736,783.0259744682487,425735
1988-10-24,783.0259744682487,831.8952301138404,783.0259744682487,823.8836591345046,488850
1988-10-25,823.8836591345046,823.8836591345046,816.1706044202816,823.0537217181218,605453
1988-10-26,823.0537217181218,823.0537217181218,776.9752698162724,784.1394411392397,399106
1988-10-27,784.1394411392397,798.9210699580449,784.1394411392397,794.1616926844356,432223
1988-10-28,794.1616926844356,824.31107536694,794.1616926844356,816.2148245866989,561286
1988-10-31,816.2148245866989,816.2148245866989,800.2364555313351,804.6189056460544,505057
1988-11-01,804.6189056460544,809.6119470563837,796.1300425142459,803.111898075152,555832
1988-11-02,803.111898075152,803.111898075152,781.7440004837551,781.847263139295,499336
1988-11-03,781.847263139295,799.4985168251457,781.847263139295,796.3756640426905,537356
1988-11-04,796.3756640426905,799.1373281602719,793.8765368900661,797.4430614801458,513527
1988-11-07,797.4430614801458,797.4430614801458,761.6122430043939,762.1533960845416,440836
1988-11-08,762.1533960845416,762.1533960845416,726.2176460472941,730.9861302431189,502525
1988-11-09,730.9861302431189,730.9861302431189,715.7006375095898,721.2579575506371,406551
1988-11-10,721.2579575506371,741.0974417460014,721.2579575506371,731.2787021762555,411347
1988-11-11,731.2787021762555,745.195800981605,729.4055420416913,736.6298466996059,540520
1988-11-14,736.6298466996059,788.3612434712986,736.6298466996059,781.7637264412923,477500
1988-11-15,781.7637264412923,834.5415132819822,781.7637264412923,828.5012797435616,493998
1988-11-16,828.5012797435616,828.5012797435616,798.8717520838812,805.9529906257947,481878
1988-11-17,805.9529906257947,805.9529906257947,796.0663794595297,800.9565203505259,472568
1988-11-18,800.9565203505259,826.5009601669603,800.9565203505259,816.088042840193,556638
1988-11-21,816.088042840193,863.9065773176571,816.088042840193,861.4710718923164,753528
1988-11-22,861.4710718923164,876.4789624943123,860.1567625529475,871.7826980146623,524575
1988-11-23,871.7826980146623,872.1287265887686,867.1189989066464,868.9486037049033,463280
1988-11-24,868.9486037049033,871.5296217845978,855.3310407452713,861.9742469240864,364398
1988-11-25,861.9742469240864,861.9742469240864,850.1206432734602,856.0001879218202,543612
1988-11-28,856.0001879218202,856.0001879218202,836.7570523873089,844.4659383702873,662612
1988-11-29,844.4659383702873,859.1400668832157,843.4988663880829,849.2252569346425,424455
1988-11-30,849.2252569346425,858.7436351852969,848.233415313745,855.3456562450914,498904
1988-12-01,855.3456562450914,855.3456562450914,838.4129666035352,850.764018922596,442578
1988-12-02,850.764018922596,855.3936787655578,836.9404733271799,843.3946114582151,549474
1988-12-05,843.3946114582151,847.6477963611638,838.9105266547494,841.2663194175111,580114
1988-12-06,841.2663194175111,856.5620710205479,841.1371576569554,845.3027984123363,496212
1988-12-07,845.3027984123363,845.3027984123363,805.6774913604293,807.7600375855708,654144
1988-12-08,807.7600375855708,815.9887942880033,807.7600375855708,813.2359370236115,735016
1988-12-09,813.2359370236115,817.5260413107044,812.9516954943854,816.5878209030134,345277
1988-12-12,816.5878209030134,824.2875396354744,809.2362287835031,820.446637493057,351836
1988-12-13,820.446637493057,858.2239181603693,820.446637493057,849.8225972363624,461029
1988-12-14,849.8225972363624,900.5485187826927,849.8225972363624,900.125753476333,487585
1988-12-15,900.125753476333,901.9889173502504,880.9939854054892,894.2359289303995,434982
1988-12-16,894.2359289303995,899.6270575843641,891.6159711618909,893.5448072065979,496346
1988-12-19,893.5448072065979,911.9842299115948,893.5448072065979,904.2289380048924,530950
1988-12-20,904.2289380048924,915.9861847773991,904.2289380048924,915.3161100996165,493213
1988-12-21,915.3161100996165,915.3161100996165,888.7528897417429,901.8510925071953,460701
1988-12-22,901.8510925071953,901.8510925071953,849.8700911417002,856.7817237003892,576662
1988-12-23,856.7817237003892,913.5699432794983,856.7817237003892,900.7639171764952,532120
1988-12-26,900.7639171764952,900.7639171764952,889.4795812903023,893.3149021148903,573258
1988-12-27,893.3149021148903,912.752150641023,893.3149021148903,904.147122143223,671555
1988-12-28,904.147122143223,904.147122143223,888.8433538136579,891.2644190853605,340319
1988-12-29,891.2644190853605,961.3614784247635,891.2644190853605,949.418811127671,520784
1988-12-30,949.418811127671,959.6660836148277,949.418811127671,958.8746904813917,392943
1989-01-02,958.8746904813917,975.4497271673513,958.8746904813917,974.0050951374368,592073
1989-01-03,974.0050951374368,1001.7760692398243,974.0050951374368,999.4241236609777,344645
1989-01-04,999.4241236609777,1024.8052226079271,999.4241236609777,1018.3581668085143,500362
1989-01-05,1018.3581668085143,1053.777652389279,1018.3581668085143,1046.0834124379332,486215
1989-01-06,1046.0834124379332,1071.3388907670253,1046.0834124379332,1064.9121614003889,449690
1989-01-09,1064.9121614003889,1084.1260054940396,1064.9121614003889,1068.4472660959375,502765
1989-01-10,1068.4472660959375,1068.4472660959375,1049.446557585171,1050.7620235025229,573629
1989-01-11,1050.7620235025229,1090.5234725170205,1050.7620235025229,1078.8976652079066,488032
1989-01-12,1078.8976652079066,1142.2475624680296,1078.8976652079066,1132.4162289514861,542909
1989-01-13,1132.4162289514861,1138.0182510237435,1118.7905275727344,1128.7397300171908,518578
1989-01-16,1128.7397300171908,1175.2495262643583,1128.7397300171908,1174.4584784079268,608895
1989-01-17,1174.4584784079268,1174.4584784079268,1136.1804771627174,1145.1679717657828,421021
1989-01-18,1145.1679717657828,1181.6520105382622,1145.1679717657828,1175.259037022627,256246
1989-01-19,1175.259037022627,1175.259037022627,1143.4448426526087,1159.1642998283914,581845
1989-01-20,1159.1642998283914,1190.186974427344,1159.1642998283914,1184.993119003583,394750
1989-01-23,1184.993119003583,1235.6405780888804,1184.993119003583,1230.3088070017816,532856
1989-01-24,1230.3088070017816,1230.3088070017816,1212.0665990549414,1213.8240559717049,543612
1989-01-25,1213.8240559717049,1234.8619550441279,1213.8240559717049,1222.0234561550124,355751
1989-01-26,1222.0234561550124,1289.7025118846789,1222.0234561550124,1276.0310728940979,659871
1989-01-27,1276.0310728940979,1276.0310728940979,1263.9635079253267,1264.1721515359566,422257
1989-01-30,1264.1721515359566,1279.102222349595,1264.1721515359566,1277.2246917403938,547466
1989-01-31,1277.2246917403938,1296.4947256772764,1277.2246917403938,1293.9849757021955,536915
1989-02-01,1293.9849757021955,1301.9957641026479,1285.3022882462274,1288.770864560349,622423
1989-02-02,1288.770864560349,1341.8762575262288,1288.770864560349,1326.2746505274235,537947
1989-02-03,1326.2746505274235,1337.683472434155,1309.5237945644396,1327.0519581328929,485432
1989-02-06,1327.0519581328929,1327.0519581328929,1287.6809334265624,1299.7371913352847,576345
1989-02-07,1299.7371913352847,1338.2458982743804,1299.7371913352847,1323.4021305118774,357805
1989-02-08,1323.4021305118774,1365.4618597617905,1323.4021305118774,1346.2667093206287,547474
1989-02-09,1346.2667093206287,1381.8405545033715,1346.2667093206287,1365.5311466644869,400049
1989-02-10,1365.5311466644869,1365.5311466644869,1342.9545127726872,1346.145752579738,443266
1989-02-13,1346.145752579738,1346.145752579738,1309.1245087073999,1311.3329463764687,521078
1989-02-14,1311.3329463764687,1324.7279480989737,1309.399754334446,1312.0174890934702,475588
1989-02-15,1312.0174890934702,1347.3715298199884,1311.2838841744292,1330.7643545336628,546861
1989-02-16,1330.7643545336628,1343.4660327603574,1310.7995432526686,1325.0141593314693,441418
1989-02-17,1325.0141593314693,1325.0141593314693,1305.7897269827922,1321.2902226311576,489460
1989-02-20,1321.2902226311576,1321.2902226311576,1269.0512504158548,1286.4049072805476,610958
1989-02-21,1286.4049072805476,1286.4049072805476,1246.5298912699811,1255.268975699172,641253
1989-02-22,1255.268975699172,1264.834463649552,1243.5202393226903,1257.8158336688152,623103
1989-02-23,1257.8158336688152,1257.8158336688152,1222.8734410955155,1236.3206892700516,447714
1989-02-24,1236.3206892700516,1284.550359043158,1236.3206892700516,1273.0852072562545,443809
1989-02-27,1273.0852072562545,1273.7960745182716,1261.87548269793,1263.7434807564389,559424
1989-02-28,1263.7434807564389,1301.3726189127174,1263.7434807564389,1294.5509504691358,402658
1989-03-01,1294.5509504691358,1337.3013173935844,1294.5509504691358,1322.3222337130544,475115
1989-03-02,1322.3222337130544,1322.3222337130544,1273.393793216028,1283.8918190046397,421786
1989-03-03,1283.8918190046397,1286.8709953322214,1268.5739738183036,1279.6437918143822,542811
1989-03-06,1279.6437918143822,1285.4714267399895,1271.2169842927797,1275.0679618679676,632077
1989-03-07,1275.0679618679676,1301.3479273375835,1275.0679618679676,1284.7918353244313,491077
1989-03-08,1284.7918353244313,1315.1065306858275,1284.7918353244313,1312.3730970852696,473664
1989-03-09,1312.3730970852696,1382.4554059607315,1312.3730970852696,1381.0952260638594,549976
1989-03-10,1381.0952260638594,1381.0952260638594,1353.8879461004221,1368.1881067824481,493689
1989-03-13,1368.1881067824481,1368.1881067824481,1324.6884208224944,1340.338031434283,474486
1989-03-14,1340.338031434283,1340.338031434283,1289.8411618238804,1290.3948870804106,469694
1989-03-15,1290.3948870804106,1290.3948870804106,1270.8407752209785,1276.2654663961514,533319
1989-03-16,1276.2654663961514,1276.2654663961514,1242.8212230308045,1256.0080289410807,458914
1989-03-17,1256.0080289410807,1256.0080289410807,1207.9659056715718,1208.0105888036187,625441
1989-03-20,1208.0105888036187,1216.4762503436223,1201.9667428344462,1215.9786560605594,370746
1989-03-21,1215.9786560605594,1215.9786560605594,1185.895961111417,1196.8203891557328,507259
1989-03-22,1196.8203891557328,1196.8203891557328,1150.9945787839174,1152.5099109938674,430208
1989-03-23,1152.5099109938674,1152.5099109938674,1107.4575076577441,1121.176483802998,595053
1989-03-24,1121.176483802998,1121.176483802998,1098.4801965401018,1104.511902536823,381166
1989-03-27,1104.511902536823,1134.7576678261958,1104.511902536823,1121.041242494031,473899
1989-03-28,1121.041242494031,1134.1656464482394,1112.4445843844878,1127.4969585765089,391723
1989-03-29,1127.4969585765089,1166.4499099183056,1127.4969585765089,1156.1766473322173,418564
1989-03-30,1156.1766473322173,1156.1766473322173,1128.6039034550658,1131.1392315608482,544526
1989-03-31,1131.1392315608482,1148.3299683544283,1130.0481027403998,1133.1373808892313,671697
1989-04-03,1133.1373808892313,1133.1373808892313,1096.0454265447072,1109.1623187628452,741302
1989-04-04,1109.1623187628452,1109.1623187628452,1089.3310604845822,1090.9467175367067,475446
1989-04-05,1090.9467175367067,1112.2665508859807,1090.9467175367067,1105.6797883762051,579646
1989-04-06,1105.6797883762051,1174.795561396576,1105.6797883762051,1162.0835357499475,512234
1989-04-07,1162.0835357499475,1180.8903398478433,1157.0061346090251,1165.8130018996237,489535
1989-04-10,1165.8130018996237,1165.8130018996237,1126.3117134513327,1131.0138400412761,578969
1989-04-11,1131.0138400412761,1167.136502284202,1131.0138400412761,1160.603434196762,594039
1989-04-12,1160.603434196762,1223.4185304364662,1160.603434196762,1206.16790948022,536390
1989-04-13,1206.16790948022,1262.5256123657698,1206.16790948022,1245.4378276772056,513032
1989-04-14,1245.4378276772056,1245.4378276772056,1215.7022038164714,1232.9903160507342,452564
1989-04-17,1232.9903160507342,1259.216935735481,1232.9903160507342,1250.7414684517653,373049
1989-04-18,1250.7414684517653,1250.7414684517653,1194.3635444807253,1203.9437615801382,515881
1989-04-19,1203.9437615801382,1203.9437615801382,1177.685124007169,1193.047967531242,510021
1989-04-20,1193.047967531242,1212.12742804205,1193.047967531242,1201.896118158787,545453
1989-04-21,1201.896118158787,1201.896118158787,1173.8131806131057,1175.5717839431693,447576
1989-04-24,1175.5717839431693,1178.580804655818,1155.8506253470323,1168.9040517884157,485792
1989-04-25,1168.9040517884157,1174.8150425388696,1159.65738300679,1167.749947393856,583796
1989-04-26,1167.749947393856,1167.749947393856,1146.3781221388645,1154.3126605534364,518651
1989-04-27,1154.3126605534364,1154.3126605534364,1132.5640990634,1132.7144006968476,479056
1989-04-28,1132.7144006968476,1132.7144006968476,1113.5895807931875,1122.3810239427803,537768
1989-05-01,1122.3810239427803,1140.145425453663,1120.6407260079484,1126.5397297836262,499315
1989-05-02,1126.5397297836262,1149.7788217151842,1126.5397297836262,1144.7417209282094,585537
1989-05-03,1144.7417209282094,1158.033472921265,1144.6774237043933,1151.14787871332,415384
1989-05-04,1151.14787871332,1174.350838027063,1151.14787871332,1163.1076909966703,546404
1989-05-05,1163.1076909966703,1163.1076909966703,1109.0706224296584,1114.9942803371248,496681
1989-05-08,1114.9942803371248,1114.9942803371248,1083.3287032588366,1093.300913680588,466643
1989-05-09,1093.300913680588,1101.7114132862328,1083.3675219811407,1089.5736264529364,593854
1989-05-10,1089.5736264529364,1089.5736264529364,1042.583594919709,1049.3392263764931,634789
1989-05-11,1049.3392263764931,1093.1170457404708,1049.3392263764931,1091.2897404618282,505572
1989-05-12,1091.2897404618282,1108.8295541257219,1087.1956032019425,1099.2410626668798,495291
1989-05-15,1099.2410626668798,1099.2410626668798,1068.668552017726,1084.7196271728574,373407
1989-05-16,1084.7196271728574,1105.630998631663,1084.7196271728574,1091.8454638922192,526453
1989-05-17,1091.8454638922192,1093.9409079386603,1075.2739658066914,1086.3157240675139,539830
1989-05-18,1086.3157240675139,1130.3856138296537,1086.3157240675139,1124.6112279289737,554077
1989-05-19,1124.6112279289737,1124.6112279289737,1078.0112452178673,1085.725797686629,415338
1989-05-22,1085.725797686629,1085.725797686629,1061.9818136783267,1072.2583009910927,528607
1989-05-23,1072.2583009910927,1077.6251484774327,1061.4245348704455,1075.1042618084673,457485
1989-05-24,1075.1042618084673,1081.6175405895751,1052.9692051440973,1068.2264122803595,501580
1989-05-25,1068.2264122803595,1078.216688412064,1060.4670638134007,1076.2531914057404,448219
1989-05-26,1076.2531914057404,1078.146445910297,1062.2283232073735,1067.753577277509,587405
1989-05-29,1067.753577277509,1128.1390991902567,1067.753577277509,1112.3401000524186,469680
1989-05-30,1112.3401000524186,1112.4511110321969,1099.2281969783369,1104.7553798230447,431918
1989-05-31,1104.7553798230447,1141.5780507032503,1104.7553798230447,1137.763780772184,462607
1989-06-01,1137.763780772184,1145.7123134125054,1114.0657187130605,1130.7185230967693,628276
1989-06-02,1130.7185230967693,1159.3439395316757,1130.7185230967693,1156.3449529959214,353896
1989-06-05,1156.3449529959214,1188.9336773921523,1156.3449529959214,1173.860256922941,543926
1989-06-06,1173.860256922941,1173.860256922941,1147.340126367006,1155.6205014235875,531142
1989-06-07,1155.6205014235875,1155.6205014235875,1131.8589500617197,1132.9776514569285,567467
1989-06-08,1132.9776514569285,1161.836138276791,1132.9776514569285,1146.3566065920313,487820
1989-06-09,1146.3566065920313,1210.122803512128,1146.3566065920313,1194.530322731912,498683
1989-06-12,1194.530322731912,1227.6096291626684,1194.530322731912,1217.8991587668518,558777
1989-06-13,1217.8991587668518,1217.8991587668518,1174.1635295970327,1182.1803806228304,402970
1989-06-14,1182.1803806228304,1182.1803806228304,1168.9581104471542,1172.8901739205494,582469
1989-06-15,1172.8901739205494,1246.9621858290861,1172.8901739205494,1233.7413430463891,603593
1989-06-16,1233.7413430463891,1233.7413430463891,1220.1919161571418,1224.7636877567213,383337
1989-06-19,1224.7636877567213,1230.3975937869961,1199.614194010244,1214.8120762873502,565033
1989-06-20,1214.8120762873502,1234.7296258261135,1214.8120762873502,1218.2297416777762,562863
1989-06-21,1218.2297416777762,1234.6601709993706,1214.3413770506234,1232.1038535158218,467707
1989-06-22,1232.1038535158218,1251.041380708162,1231.8257197604494,1247.5365707352282,516734
1989-06-23,1247.5365707352282,1273.7679867066515,1247.5365707352282,1269.8579952947337,544051
1989-06-26,1269.8579952947337,1318.2510209752247,1269.8579952947337,1301.116460192639,488334
1989-06-27,1301.116460192639,1329.424011670224,1301.116460192639,1325.863724428923,393136
1989-06-28,1325.863724428923,1325.9462463258192,1301.8126190374835,1311.5921430197118,482807
1989-06-29,1311.5921430197118,1387.4702014940658,1311.5921430197118,1386.383790844994,566313
1989-06-30,1386.383790844994,1412.9572146092971,1386.383790844994,1397.6817179070197,569051
1989-07-03,1397.6817179070197,1397.6817179070197,1369.904789870563,1385.5591743988678,444548
1989-07-04,1385.5591743988678,1385.5591743988678,1336.40157318233,1347.566225721222,541215
1989-07-05,1347.566225721222,1351.3118379736304,1347.566225721222,1349.4431540798792,511802
1989-07-06,1349.4431540798792,1349.4431540798792,1278.6253066335244,1283.4477840399036,612821
1989-07-07,1283.4477840399036,1330.4463214122673,1283.4477840399036,1321.4393227943617,588774
1989-07-10,1321.4393227943617,1323.6503731238404,1308.5628387891318,1320.12558370033,521699
1989-07-11,1320.12558370033,1362.4927286001903,1320.12558370033,1361.0700433409934,473283
1989-07-12,1361.0700433409934,1361.0700433409934,1332.5443289633345,1338.207596546281,431421
1989-07-13,1338.207596546281,1368.9122035378614,1338.207596546281,1364.7676317698852,381510
1989-07-14,1364.7676317698852,1364.7676317698852,1288.723943193969,1304.4102417116578,525717
1989-07-17,1304.4102417116578,1304.4102417116578,1267.7031915188313,1279.6127436536285,373047
1989-07-18,1279.6127436536285,1292.036488032441,1279.6127436536285,1287.1125326897188,620129
1989-07-19,1287.1125326897188,1287.1125326897188,1273.5155022221604,1283.8759476383946,338501
1989-07-20,1283.8759476383946,1283.8759476383946,1239.750890846353,1241.5333150525169,402189
1989-07-21,1241.5333150525169,1254.7630266571948,1238.8435180954064,1244.4279371877667,478356
1989-07-24,1244.4279371877667,1252.882791269765,1223.1663629930915,1238.6750292186337,457604
1989-07-25,1238.6750292186337,1245.1742517787009,1233.3620450798383,1236.663689819888,479043
1989-07-26,1236.663689819888,1236.663689819888,1222.4484209563689,1223.6239150753859,422060
1989-07-27,1223.6239150753859,1229.8844735159819,1208.977973769406,1225.3351397608633,542771
1989-07-28,1225.3351397608633,1281.731331960018,1225.3351397608633,1278.1957612019362,368018
1989-07-31,1278.1957612019362,1278.1957612019362,1241.025357852378,1246.0626180489282,576073
1989-08-01,1246.0626180489282,1246.0626180489282,1183.42649659595,1197.8872167723775,480584
1989-08-02,1197.8872167723775,1203.8605272043117,1178.2465556725806,1192.9697225916025,616379
1989-08-03,1192.9697225916025,1196.232846978858,1168.0578444900898,1183.5828692074244,536857
1989-08-04,1183.5828692074244,1204.473967406578,1183.5828692074244,1201.5116857714759,620034
1989-08-07,1201.5116857714759,1201.5116857714759,1169.039587595414,1184.3965734263622,414832
1989-08-08,1184.3965734263622,1184.3965734263622,1151.502990499668,1158.4669176248728,524174
1989-08-09,1158.4669176248728,1189.8987121951784,1158.4669176248728,1184.9047227741426,356745
1989-08-10,1184.9047227741426,1193.6525431281782,1165.366612076926,1180.532041847841,592458
1989-08-11,1180.532041847841,1186.1513060693167,1175.0960146489506,1178.1455959858051,532345
1989-08-14,1178.1455959858051,1183.2431461372066,1167.5581855061469,1174.1657867175238,511230
1989-08-15,1174.1657867175238,1176.0151287300785,1167.4626851239636,1174.2365604253685,565205
1989-08-16,1174.2365604253685,1174.2365604253685,1113.6562362265872,1120.9549455145088,466810
1989-08-17,1120.9549455145088,1154.197328413238,1120.9549455145088,1140.8466838261286,481891
1989-08-18,1140.8466838261286,1176.2090511000847,1140.8466838261286,1169.1710891802388,558074
1989-08-21,1169.1710891802388,1237.7061417914292,1169.1710891802388,1227.7250309956255,472225
1989-08-22,1227.7250309956255,1282.6669741322503,1227.7250309956255,1273.450794123633,511464
1989-08-23,1273.450794123633,1273.450794123633,1208.250378140431,1221.7813924572529,473750
1989-08-24,1221.7813924572529,1221.7813924572529,1192.2267183931565,1210.2012038353107,448481
1989-08-25,1210.2012038353107,1219.8920909901708,1199.9018744098657,1204.7633415501336,449207
1989-08-28,1204.7633415501336,1230.124506426293,1204.7633415501336,1224.797355760428,525028
1989-08-29,1224.797355760428,1224.797355760428,1193.0658995922602,1201.3580584273097,574805
1989-08-30,1201.3580584273097,1218.1859993970006,1198.5669888708958,1200.6594977090324,549657
1989-08-31,1200.6594977090324,1201.6511174357834,1177.094573522486,1188.1310941277254,488810
1989-09-01,1188.1310941277254,1212.6515258044,1188.1310941277254,1206.1629471461192,450384
1989-09-04,1206.1629471461192,1229.5050355685185,1206.1629471461192,1223.884534305711,484926
1989-09-05,1223.884534305711,1223.884534305711,1195.682693725222,1204.8142738384242,596607
1989-09-06,1204.8142738384242,1204.8142738384242,1185.479923789451,1187.3159199559814,481762
1989-09-07,1187.3159199559814,1213.7751958127137,1187.3159199559814,1205.5920543032598,437800
1989-09-08,1205.5920543032598,1268.2470922280263,1205.5920543032598,1263.3593776067817,501708
1989-09-11,1263.3593776067817,1323.5795186677638,1263.3593776067817,1308.0158266864935,495465
1989-09-12,1308.0158266864935,1348.8663098485672,1308.0158266864935,1332.5060549587754,514776
1989-09-13,1332.5060549587754,1332.5060549587754,1264.3728460684995,1267.3036141685834,465937
1989-09-14,1267.3036141685834,1308.6084364918167,1267.3036141685834,1299.3408808313486,537047
1989-09-15,1299.3408808313486,1302.7695772391266,1275.309910395975,1290.8170549254137,554387
1989-09-18,1290.8170549254137,1334.8360521084312,1290.8170549254137,1331.4061950581602,583681
1989-09-19,1331.4061950581602,1331.4061950581602,1263.3890247001764,1276.9146952463993,595396
1989-09-20,1276.9146952463993,1290.4236876853836,1276.9146952463993,1286.1042782943064,499646
1989-09-21,1286.1042782943064,1286.1042782943064,1265.5750724922689,1268.00013782895,514339
1989-09-22,1268.00013782895,1315.8164340534624,1268.00013782895,1300.495342784576,544594
1989-09-25,1300.495342784576,1350.1636438716062,1300.495342784576,1333.040701053566,495066
1989-09-26,1333.040701053566,1334.8107378169086,1314.8520717155477,1319.644366292182,499497
1989-09-27,1319.644366292182,1319.644366292182,1283.602204651466,1284.572940178528,440145
1989-09-28,1284.572940178528,1304.9941902467579,1279.1910611635244,1290.5255047519324,529599
1989-09-29,1290.5255047519324,1299.6565052731446,1278.9171618999942,1287.850612166755,665728
1989-10-02,1287.850612166755,1314.8026162503782,1287.850612166755,1299.7747381467445,513620
1989-10-03,1299.7747381467445,1299.7747381467445,1242.6225703718655,1251.2522517367179,431196
1989-10-04,1251.2522517367179,1251.2522517367179,1215.3212683598197,1220.3035264857115,422446
1989-10-05,1220.3035264857115,1220.3035264857115,1199.2672636704935,1205.5860069917471,435865
1989-10-06,1205.5860069917471,1224.9654584252532,1200.9590865455118,1214.5453584817003,528872
1989-10-09,1214.5453584817003,1214.5453584817003,1183.9152023392116,1184.9890406902107,541451
1989-10-10,1184.9890406902107,1265.517002432548,1184.9890406902107,1254.979429168022,499850
1989-10-11,1254.979429168022,1254.979429168022,1199.2429366856327,1202.8002896841851,527137
1989-10-12,1202.8002896841851,1212.3526660648008,1189.761560238011,1201.284856271324,353460
1989-10-13,1201.284856271324,1201.284856271324,1145.900725903598,1158.8336389956391,519345
1989-10-16,1158.8336389956391,1226.4016451552432,1158.8336389956391,1221.5188006957792,548726
1989-10-17,1221.5188006957792,1221.5188006957792,1204.1085801588254,1207.0566669814448,497150
1989-10-18,1207.0566669814448,1288.2611882201563,1207.0566669814448,1274.0008548424544,471110
1989-10-19,1274.0008548424544,1315.027311230696,1274.0008548424544,1301.6699598762336,481515
1989-10-20,1301.6699598762336,1301.6699598762336,1242.2059301620202,1259.7346687264505,515061
1989-10-23,1259.7346687264505,1306.1043415661459,1259.7346687264505,1294.350030275717,454806
1989-10-24,1294.350030275717,1310.0089318556188,1293.7101895960898,1307.574239339102,587157
1989-10-25,1307.574239339102,1361.5563194891517,1307.574239339102,1343.9354260297434,613724
1989-10-26,1343.9354260297434,1343.9354260297434,1306.8521277279885,1323.7314396733404,490260
1989-10-27,1323.7314396733404,1371.138209361679,1323.7314396733404,1353.5809257632116,407969
1989-10-30,1353.5809257632116,1362.5383957204663,1344.09291595925,1350.5452676621937,519343
1989-10-31,1350.5452676621937,1379.371925842067,1350.5452676621937,1376.498745498465,487400
1989-11-01,1376.498745498465,1436.9044844494633,1376.498745498465,1415.6989358754308,570107
1989-11-02,1415.6989358754308,1448.352522760492,1415.6989358754308,1433.2775090362795,469089
1989-11-03,1433.2775090362795,1478.829699377424,1433.2775090362795,1457.8382898379775,393437
1989-11-06,1457.8382898379775,1457.8382898379775,1412.7461608858289,1418.2179215911824,375172
1989-11-07,1418.2179215911824,1418.2179215911824,1384.9503678140616,1396.6565522843239,402334
1989-11-08,1396.6565522843239,1430.231406955985,1396.6565522843239,1421.7901168106907,474968
1989-11-09,1421.7901168106907,1421.7901168106907,1395.4552118461415,1415.4067564214238,464127
1989-11-10,1415.4067564214238,1415.4067564214238,1388.4991163276297,1396.340353357635,487457
1989-11-13,1396.340353357635,1460.5642158684464,1396.340353357635,1460.2685381885615,529739
1989-11-14,1460.2685381885615,1470.1338633590715,1452.3044616053014,1469.3117755917915,330267
1989-11-15,1469.3117755917915,1479.898715021584,1454.9175491309754,1460.7699908143243,464736
1989-11-16,1460.7699908143243,1474.1400336684728,1445.7002299873684,1463.8221708942153,506620
1989-11-17,1463.8221708942153,1469.727622563611,1458.9382745585306,1463.2519942265528,530266
1989-11-20,1463.2519942265528,1463.2519942265528,1382.4654951540158,1387.9409487422788,537701
1989-11-21,1387.9409487422788,1387.9409487422788,1342.291109717689,1348.1411312038333,550004
1989-11-22,1348.1411312038333,1348.1992449501618,1317.2806607394905,1331.8586197129607,469246
1989-11-23,1331.8586197129607,1375.829887027384,1331.8586197129607,1360.1389382461234,662749
1989-11-24,1360.1389382461234,1360.1389382461234,1330.7211561478834,1336.5842950122187,519611
1989-11-27,1336.5842950122187,1336.5842950122187,1290.4871130427596,1290.6879469563642,466979
1989-11-28,1290.6879469563642,1299.1065860117262,1278.3994888557354,1285.428456199499,516827
1989-11-29,1285.428456199499,1362.0937216162301,1285.428456199499,1345.2912970173245,506193
1989-11-30,1345.2912970173245,1365.5785196323218,1345.2912970173245,1362.611650539714,475807
1989-12-01,1362.611650539714,1437.6613676977552,1362.611650539714,1417.5607996942858,378336
1989-12-04,1417.5607996942858,1429.324542828665,1392.5768452957989,1409.7980414937715,490852
1989-12-05,1409.7980414937715,1409.7980414937715,1395.3992554323895,1407.6991938374913,313844
1989-12-06,1407.6991938374913,1407.6991938374913,1363.3694236746355,1371.164430980466,594574
1989-12-07,1371.164430980466,1449.6337011790874,1371.164430980466,1435.5629044574266,552625
1989-12-08,1435.5629044574266,1458.0444090906528,1433.1959223326094,1453.5017192049147,497234
1989-12-11,1453.5017192049147,1521.566917046303,1453.5017192049147,1500.5476577662705,609725
1989-12-12,1500.5476577662705,1500.5476577662705,1466.1282405979396,1471.106919035223,579192
1989-12-13,1471.106919035223,1497.4941841584198,1471.106919035223,1491.7409334167376,337489
1989-12-14,1491.7409334167376,1553.6955993442782,1491.7409334167376,1544.5886164888816,543346
1989-12-15,1544.5886164888816,1582.7172360531856,1544.5886164888816,1575.1683787716345,625878
1989-12-18,1575.1683787716345,1575.1683787716345,1557.4125708637387,1567.7071157957264,541197
1989-12-19,1567.7071157957264,1584.1750796830236,1554.1262109176434,1561.1032972238518,619666
1989-12-20,1561.1032972238518,1561.1032972238518,1517.4432844096489,1528.9570591143304,527054
1989-12-21,1528.9570591143304,1558.0291565791445,1528.9570591143304,1549.5413572064056,661297
1989-12-22,1549.5413572064056,1576.407438987968,1549.5413572064056,1564.1187496688208,372008
1989-12-25,1564.1187496688208,1566.8003755648795,1539.6316996117328,1548.7166215641105,575448
1989-12-26,1548.7166215641105,1551.4138980365283,1527.270971289577,1532.9751517665713,568147
1989-12-27,1532.9751517665713,1535.8909914163776,1504.5384620724783,1513.629487067162,528510
1989-12-28,1513.629487067162,1548.5588645044227,1513.629487067162,1545.6442838507367,561607
1989-12-29,1545.6442838507367,1580.7772974292627,1545.6442838507367,1564.0584432247485,487825
1990-01-01,1564.0584432247485,1566.820308626361,1559.4307112639087,1562.195853948815,346468
1990-01-02,1562.195853948815,1562.195853948815,1505.016559623718,1526.4473748074186,592551
1990-01-03,1526.4473748074186,1554.5177184476292,1518.379596532855,1537.8784729027766,513675
1990-01-04,1537.8784729027766,1572.8003298406459,1537.8784729027766,1567.4565417497538,434660
1990-01-05,1567.4565417497538,1567.4565417497538,1514.6736869046572,1536.941108083117,459930
1990-01-08,1536.941108083117,1541.166106277476,1513.1858155243199,1519.1918710682987,508131
1990-01-09,1519.1918710682987,1519.1918710682987,1460.8910975331607,1477.564202569487,489849
1990-01-10,1477.564202569487,1477.564202569487,1458.4545952800308,1461.9424773653204,513028
1990-01-11,1461.9424773653204,1498.8772063026547,1458.6596610279723,1477.5436407780776,491664
1990-01-12,1477.5436407780776,1477.5436407780776,1446.4950063694112,1451.3790602779684,575128
1990-01-15,1451.3790602779684,1451.3790602779684,1428.7026225072386,1432.5786740517592,480246
1990-01-16,1432.5786740517592,1432.5786740517592,1349.017188708005,1368.1081070664811,535318
1990-01-17,1368.1081070664811,1372.329118198678,1349.5829827714992,1365.4436884995532,526748
1990-01-18,1365.4436884995532,1365.4436884995532,1323.863719483957,1342.9789764655254,445506
1990-01-19,1342.9789764655254,1342.9789764655254,1292.6662465745467,1298.0418018944756,474793
1990-01-22,1298.0418018944756,1357.8434428717617,1298.0418018944756,1347.3302413542476,427335
1990-01-23,1347.3302413542476,1379.12456416123,1347.3302413542476,1365.3638507232265,357511
1990-01-24,1365.3638507232265,1374.2122627004571,1342.6713881843257,1355.6059017847433,563297
1990-01-25,1355.6059017847433,1396.5504973988438,1355.6059017847433,1376.6013427873265,490206
1990-01-26,1376.6013427873265,1421.8786568667372,1376.6013427873265,1417.1104298107327,404090
1990-01-29,1417.1104298107327,1429.9701371794379,1410.3819238557392,1425.1006349354147,465370
1990-01-30,1425.1006349354147,1453.1889911986393,1419.7642727667956,1432.2636494635897,624199
1990-01-31,1432.2636494635897,1446.0498078897217,1425.4253264336833,1429.3176207460783,563285
1990-02-01,1429.3176207460783,1480.0569217774885,1429.3176207460783,1459.54928672686,439708
1990-02-02,1459.54928672686,1489.425933618546,1459.54928672686,1483.3344385829896,600583
1990-02-05,1483.3344385829896,1592.81824707447,1483.3344385829896,1572.966635338216,490795
1990-02-06,1572.966635338216,1585.2838768206093,1572.966635338216,1582.2091176796366,547100
1990-02-07,1582.2091176796366,1582.2091176796366,1495.5852485384396,1502.7622393680344,512501
1990-02-08,1502.7622393680344,1506.6941942742637,1470.616105429165,1486.216120196987,524774
1990-02-09,1486.216120196987,1486.216120196987,1460.6240319804733,1477.9806360127197,450901
1990-02-12,1477.9806360127197,1545.375448635537,1477.9806360127197,1524.5440140549133,441984
1990-02-13,1524.5440140549133,1556.4872434214333,1524.5440140549133,1549.0458341135447,403061
1990-02-14,1549.0458341135447,1603.7539770499777,1549.0458341135447,1580.337790071117,482023
1990-02-15,1580.337790071117,1641.7348999494877,1580.337790071117,1630.4267162257192,629768
1990-02-16,1630.4267162257192,1630.4267162257192,1573.3203595891946,1579.882054500396,492400
1990-02-19,1579.882054500396,1632.6400143946253,1579.882054500396,1611.4867830672065,512500
1990-02-20,1611.4867830672065,1705.2139407905352,1611.4867830672065,1680.0376067444486,510657
1990-02-21,1680.0376067444486,1757.8450148194684,1680.0376067444486,1756.351961814194,557854
1990-02-22,1756.351961814194,1775.18999849207,1729.6927224114675,1750.2140508387145,491836
1990-02-23,1750.2140508387145,1780.7068746564696,1750.2140508387145,1780.2354407566033,472176
1990-02-26,1780.2354407566033,1855.6655513291794,1780.2354407566033,1846.2646899438275,501716
1990-02-27,1846.2646899438275,1871.0821599701385,1845.5455327447778,1850.111399635555,442266
1990-02-28,1850.111399635555,1874.5936922286492,1829.570512455282,1854.6359141827288,550667
1990-03-01,1854.6359141827288,1915.6798189110955,1854.6359141827288,1903.8669544717718,524558
1990-03-02,1903.8669544717718,1903.8669544717718,1876.89252272227,1896.3286042265074,412946
1990-03-05,1896.3286042265074,1896.3286042265074,1820.5452186476093,1826.0872812327418,445234
1990-03-06,1826.0872812327418,1829.92871404298,1792.3913565690073,1811.4967369647748,478890
1990-03-07,1811.4967369647748,1895.374583651939,1811.4967369647748,1871.546327419946,544510
1990-03-08,1871.546327419946,1956.8135560359847,1871.546327419946,1936.2351497138536,592462
1990-03-09,1936.2351497138536,1936.2351497138536,1892.48601448154,1913.085253280789,494299
1990-03-12,1913.085253280789,1914.2479425149777,1888.800548072343,1906.1538882303755,574358
1990-03-13,1906.1538882303755,1981.6354382936322,1906.1538882303755,1962.2584182198482,507461
1990-03-14,1962.2584182198482,1969.2790252473362,1940.9010756759697,1966.4483962343104,465167
1990-03-15,1966.4483962343104,1988.633835923712,1945.652573324065,1974.837373916605,357045
1990-03-16,1974.837373916605,1974.837373916605,1932.2856044596635,1956.6164266640285,525555
1990-03-19,1956.6164266640285,2042.0672882249623,1956.6164266640285,2037.8873244837941,531144
1990-03-20,2037.8873244837941,2037.8873244837941,1994.342127488977,2002.8242263593015,576242
1990-03-21,2002.8242263593015,2021.6566598828078,1987.1728450194505,1998.9467087739079,481548
1990-03-22,1998.9467087739079,1998.9467087739079,1920.357226530096,1932.2738075172335,494087
1990-03-23,1932.2738075172335,1950.2947700755872,1909.337539527062,1935.3561290865239,503849
1990-03-26,1935.3561290865239,1948.4185053846688,1910.835286279883,1930.1612813209408,631030
1990-03-27,1930.1612813209408,1935.3686532412432,1910.3354285595256,1921.3246743632653,485536
1990-03-28,1921.3246743632653,1937.5779751362988,1901.4446415163907,1915.2288303526552,593198
1990-03-29,1915.2288303526552,1915.2288303526552,1788.5878974009036,1812.40911268564,668507
1990-03-30,1812.40911268564,1881.3411499778556,1812.40911268564,1865.587916585485,513458
1990-04-02,1865.587916585485,1865.587916585485,1828.6768731024265,1840.310703240095,416388
1990-04-03,1840.310703240095,1854.7246194203894,1837.420513484926,1843.101942192492,484970
1990-04-04,1843.101942192492,1846.503735370295,1843.101942192492,1846.2754509000176,400280
1990-04-05,1846.2754509000176,1868.358318529951,1840.5771945493511,1843.0088601578882,547489
1990-04-06,1843.0088601578882,1843.0088601578882,1798.7624609355823,1805.9923506620162,558544
1990-04-09,1805.9923506620162,1818.3636289985325,1782.332715062308,1801.7238383151825,504115
1990-04-10,1801.7238383151825,1871.5923306051482,1801.7238383151825,1858.8296685433959,506404
1990-04-11,1858.8296685433959,1911.515832202658,1858.8296685433959,1899.2658049703718,481470
1990-04-12,1899.2658049703718,1914.926700550589,1890.203349547956,1906.1959190417754,572776
1990-04-13,1906.1959190417754,1906.1959190417754,1875.7484822471874,1890.364019677819,439829
1990-04-16,1890.364019677819,1935.114481573674,1882.6285764800991,1910.7043216430864,469745
1990-04-17,1910.7043216430864,1910.7043216430864,1826.1273715277734,1851.195155891518,459204
1990-04-18,1851.195155891518,1871.1211121766914,1850.6451993418048,1861.3757929864144,489691
1990-04-19,1861.3757929864144,1861.3757929864144,1823.705761713788,1842.3619415567885,576288
1990-04-20,1842.3619415567885,1842.3619415567885,1783.7975637949937,1797.7299196919319,423730
1990-04-23,1797.7299196919319,1797.7299196919319,1767.5850637531698,1785.8336899869382,434990
1990-04-24,1785.8336899869382,1806.034190626013,1781.2056240011464,1781.7515762009189,502039
1990-04-25,1781.7515762009189,1815.8373851266751,1781.7515762009189,1800.5976641390534,560451
1990-04-26,1800.5976641390534,1869.3240632227044,1800.5976641390534,1845.3132867901074,550901
1990-04-27,1845.3132867901074,1845.3132867901074,1790.441654479005,1817.5752471603303,498324
1990-04-30,1817.5752471603303,1867.5607430851887,1817.5752471603303,1846.7783261424684,578302
1990-05-01,1846.7783261424684,1875.3584388858237,1844.6223626242042,1861.9353900691076,594311
1990-05-02,1861.9353900691076,1934.8020672386708,1861.9353900691076,1923.4375430325438,415848
1990-05-03,1923.4375430325438,2057.01798677304,1923.4375430325438,2029.116883122816,525239
1990-05-04,2029.116883122816,2029.116883122816,2001.588570991964,2014.864834718309,596305
1990-05-07,2014.864834718309,2014.864834718309,1974.9083854983726,1975.5029335554152,462488
1990-05-08,1975.5029335554152,1975.5029335554152,1920.1349012020119,1927.9096850808914,477369
1990-05-09,1927.9096850808914,1927.9096850808914,1901.5834428295543,1906.7562356064561,500664
1990-05-10,1906.7562356064561,1906.7562356064561,1792.6812236750113,1805.148642835802,277994
1990-05-11,1805.148642835802,1900.9535433793,1805.148642835802,1879.2586600216287,529409
1990-05-14,1879.2586600216287,1879.2586600216287,1828.6664399669926,1851.1130457962813,587629
1990-05-15,1851.1130457962813,1889.7341863915758,1841.738736067265,1868.2887032689773,549673
1990-05-16,1868.2887032689773,1948.129840498342,1868.2887032689773,1927.4546705458274,450451
1990-05-17,1927.4546705458274,1963.6597447004401,1927.4546705458274,1946.0906394183924,393667
1990-05-18,1946.0906394183924,1979.5798483278988,1946.0906394183924,1971.8043160868312,417911
1990-05-21,1971.8043160868312,2053.6104060659386,1971.8043160868312,2039.98167505673,448575
1990-05-22,2039.98167505673,2039.98167505673,1984.6226868498352,2005.3357140826793,482913
1990-05-23,2005.3357140826793,2013.0276670436751,2001.3995532149988,2001.715274347538,557708
1990-05-24,2001.715274347538,2001.715274347538,1917.4977821260043,1943.53040500164,470711
1990-05-25,1943.53040500164,2039.498469307947,1943.53040500164,2031.4727255836717,521115
1990-05-28,2031.4727255836717,2031.4727255836717,1888.5094828097929,1917.2309739090044,429489
1990-05-29,1917.2309739090044,1924.8401872443962,1901.5561431921953,1906.6259023273385,577466
1990-05-30,1906.6259023273385,1906.6259023273385,1858.9170721996354,1874.7617233101887,584504
1990-05-31,1874.7617233101887,1955.5462688300358,1874.7617233101887,1941.0839152387289,494248
1990-06-01,1941.0839152387289,2019.7828423848061,1941.0839152387289,2009.500496938992,325464
1990-06-04,2009.500496938992,2054.7721695781397,2009.500496938992,2041.1921941745647,560252
1990-06-05,2041.1921941745647,2092.1239255621604,2041.1921941745647,2074.7834197972193,535948
1990-06-06,2074.7834197972193,2079.418521240406,2039.9135867070595,2061.4917987682416,312266
1990-06-07,2061.4917987682416,2061.4917987682416,1985.540099685377,2015.008551516393,480916
1990-06-08,2015.008551516393,2062.1724327999873,2015.008551516393,2049.5662525493844,407348
1990-06-11,2049.5662525493844,2078.167907598125,2041.8780647642384,2063.1951154912413,560680
1990-06-12,2063.1951154912413,2125.2032280433596,2063.1951154912413,2109.721819916804,425963
1990-06-13,2109.721819916804,2172.57651670255,2109.721819916804,2172.258759991236,638763
1990-06-14,2172.258759991236,2213.6021000028695,2153.0898401073996,2185.0419018107523,493583
1990-06-15,2185.0419018107523,2199.940186391323,2155.9665492534587,2184.4716928035155,542786
1990-06-18,2184.4716928035155,2184.4716928035155,2108.407279079117,2137.9722772358505,592162
1990-06-19,2137.9722772358505,2218.533290448853,2137.9722772358505,2213.020740807678,555058
1990-06-20,2213.020740807678,2339.3390415866593,2213.020740807678,2321.520203874208,444815
1990-06-21,2321.520203874208,2349.8406989481673,2317.9868388806954,2319.0231775536795,564183
1990-06-22,2319.0231775536795,2471.799714408734,2319.0231775536795,2445.0499092840596,604349
1990-06-25,2445.0499092840596,2491.06458862679,2426.2346341453035,2457.560795768424,446097
1990-06-26,2457.560795768424,2540.611127380825,2457.560795768424,2516.3243410003283,527250
1990-06-27,2516.3243410003283,2547.6903164584837,2500.241472763568,2530.7126456314795,549177
1990-06-28,2530.7126456314795,2549.45336467818,2487.538291080874,2519.2824192771627,366588
1990-06-29,2519.2824192771627,2519.2824192771627,2479.701607057249,2487.8867096642457,483552
1990-07-02,2487.8867096642457,2615.6404894775537,2487.8867096642457,2608.82805092807,673825
1990-07-03,2608.82805092807,2633.640099236436,2608.82805092807,2615.608293171473,486734
1990-07-04,2615.608293171473,2615.608293171473,2465.4900494907656,2487.706821500006,566748
1990-07-05,2487.706821500006,2487.706821500006,2405.2000282909503,2419.2612893244495,391647
1990-07-06,2419.2612893244495,2419.2612893244495,2390.3807558309036,2391.9508272582243,446139
1990-07-09,2391.9508272582243,2496.2546704640026,2391.9508272582243,2462.703359761917,460967
1990-07-10,2462.703359761917,2462.703359761917,2354.3843593904144,2365.452741947092,451907
1990-07-11,2365.452741947092,2419.1171242011565,2365.452741947092,2416.319022929232,414930
1990-07-12,2416.319022929232,2422.2155199038666,2385.9918774192497,2404.647937964836,357791
1990-07-13,2404.647937964836,2404.647937964836,2336.556193950328,2354.794168074947,679919
1990-07-16,2354.794168074947,2356.3087554066874,2301.379701973356,2324.787175644024,341201
1990-07-17,2324.787175644024,2324.787175644024,2203.22529874983,2213.9835084294914,418934
1990-07-18,2213.9835084294914,2213.9835084294914,2132.6059555952697,2143.863690509672,625767
1990-07-19,2143.863690509672,2143.863690509672,2064.66424245496,2084.6439773286825,356141
1990-07-20,2084.6439773286825,2084.6439773286825,2046.416629619563,2050.5503486448347,465660
1990-07-23,2050.5503486448347,2061.958415915253,2044.7652174615932,2056.1939745537584,649064
1990-07-24,2056.1939745537584,2067.5505952710732,2055.803039291621,2064.8181253008815,523449
1990-07-25,2064.8181253008815,2082.562737410832,2058.5563868078925,2065.4803873854526,572103
1990-07-26,2065.4803873854526,2065.4803873854526,2042.8632590988332,2049.965066929316,446882
1990-07-27,2049.965066929316,2136.1320633489695,2049.965066929316,2109.9584024955534,566440
1990-07-30,2109.9584024955534,2109.9584024955534,2037.7221572932344,2057.7910698484015,247470
1990-07-31,2057.7910698484015,2057.7910698484015,2036.8988031838478,2048.7261798532554,401854
1990-08-01,2048.7261798532554,2082.681352208245,2048.7261798532554,2062.236490873938,489099
1990-08-02,2062.236490873938,2101.369326767468,2062.236490873938,2097.7997819772027,487937
1990-08-03,2097.7997819772027,2124.3121779358344,2090.9667555140823,2122.6626678469165,615111
1990-08-06,2122.6626678469165,2122.6626678469165,1996.5322629084355,2021.584385457809,472279
1990-08-07,2021.584385457809,2045.9257307090013,2010.2050157250242,2029.7027343217171,385624
1990-08-08,2029.7027343217171,2061.36595259636,2024.5229619495926,2031.6656748623607,378644
1990-08-09,2031.6656748623607,2069.908673255391,2027.2914894233093,2054.624922523953,529559
1990-08-10,2054.624922523953,2098.353711612158,2054.624922523953,2088.1961460289967,526694
1990-08-13,2088.1961460289967,2106.0159651336307,2088.1961460289967,2103.8054161939867,483929
1990-08-14,2103.8054161939867,2108.5582187372192,2097.1814448894334,2104.547426395492,484712
1990-08-15,2104.547426395492,2106.8560781304855,2055.3511842323796,2078.1870659781825,387293
1990-08-16,2078.1870659781825,2084.632440380572,2059.5455297503536,2083.3285596314277,428414
1990-08-17,2083.3285596314277,2083.3285596314277,2039.7486384121914,2066.233801134314,582596
1990-08-20,2066.233801134314,2067.00662835883,2016.7800649678695,2045.868404233381,467313
1990-08-21,2045.868404233381,2045.868404233381,1945.0484943339225,1946.0332553879923,523011
1990-08-22,1946.0332553879923,1946.0332553879923,1897.1292843461351,1916.3425526732879,542301
1990-08-23,1916.3425526732879,1916.3425526732879,1886.0320010979935,1893.558077297689,416074
1990-08-24,1893.558077297689,1963.4507572475045,1893.558077297689,1934.7414043078245,439039
1990-08-27,1934.7414043078245,1934.7414043078245,1814.4589390493093,1820.4281142695022,562698
1990-08-28,1820.4281142695022,1820.4281142695022,1794.418972951496,1797.9362377565978,750266
1990-08-29,1797.9362377565978,1811.2886286124776,1770.4594573035904,1789.7526703972976,379406
1990-08-30,1789.7526703972976,1865.9542496145993,1789.7526703972976,1850.7941997062883,496578
1990-08-31,1850.7941997062883,1856.1322041048493,1839.872770982016,1851.1119498752244,416783
1990-09-03,1851.1119498752244,1851.1119498752244,1817.5686413641715,1842.6840355847503,521659
1990-09-04,1842.6840355847503,1842.6840355847503,1806.078948849379,1822.1413206862417,578557
1990-09-05,1822.1413206862417,1822.1413206862417,1734.7038158147554,1760.2491760759196,390853
1990-09-06,1760.2491760759196,1825.5927562530328,1760.2491760759196,1803.1757840801847,498226
1990-09-07,1803.1757840801847,1803.1757840801847,1746.247516606914,1761.5865001724435,636721
1990-09-10,1761.5865001724435,1826.3352008413094,1761.5865001724435,1806.210157504737,416056
1990-09-11,1806.210157504737,1828.983201044696,1806.210157504737,1819.6925867880996,460313
1990-09-12,1819.6925867880996,1954.8401662034257,1819.6925867880996,1928.0529457146843,443921
1990-09-13,1928.0529457146843,1928.0529457146843,1873.8510598269302,1880.5305198024291,468681
1990-09-14,1880.5305198024291,1880.5305198024291,1855.0351579929995,1855.1064801159691,472466
1990-09-17,1855.1064801159691,1922.8371300203844,1855.1064801159691,1916.6313055605258,566857
1990-09-18,1916.6313055605258,1916.6313055605258,1780.8272951076603,1803.8435423781843,559340
1990-09-19,1803.8435423781843,1846.749747140539,1803.8435423781843,1840.1723829817338,569502
1990-09-20,1840.1723829817338,1860.4656257649058,1840.1723829817338,1855.9347018385313,508724
1990-09-21,1855.9347018385313,1889.1289790158105,1855.9347018385313,1863.5797873775364,682758
1990-09-24,1863.5797873775364,1863.5797873775364,1777.247216624912,1783.2563321078167,543482
1990-09-25,1783.2563321078167,1839.8331144429699,1783.2563321078167,1838.4166904776816,427718
1990-09-26,1838.4166904776816,1895.3696651623707,1838.4166904776816,1884.8393799255784,387771
1990-09-27,1884.8393799255784,1884.8393799255784,1797.3731479848482,1824.1571493356273,584299
1990-09-28,1824.1571493356273,1953.2687772838337,1824.1571493356273,1925.9579550808596,514040
1990-10-01,1925.9579550808596,1967.9150788865977,1925.9579550808596,1947.612368986521,497167
1990-10-02,1947.612368986521,1947.612368986521,1916.0144483691838,1919.8958423865352,542756
1990-10-03,1919.8958423865352,1925.0537326955873,1917.3775446821728,1922.9890098713056,543404
1990-10-04,1922.9890098713056,1987.2559445481363,1922.9890098713056,1969.3070860507498,361878
1990-10-05,1969.3070860507498,2046.830110571093,1969.3070860507498,2018.1460259513387,469232
1990-10-08,2018.1460259513387,2018.1460259513387,1968.326776573474,1989.2437135587948,600894
1990-10-09,1989.2437135587948,2093.4837901911005,1989.2437135587948,2067.0226194695297,505811
1990-10-10,2067.0226194695297,2137.6379552375056,2067.0226194695297,2116.827040410914,461616
1990-10-11,2116.827040410914,2184.537486381177,2116.827040410914,2155.4120586620097,511326
1990-10-12,2155.4120586620097,2287.805818705383,2155.4120586620097,2258.8272957323634,492420
1990-10-15,2258.8272957323634,2350.925639717409,2258.8272957323634,2331.0773092537884,367723
1990-10-16,2331.0773092537884,2380.300770564563,2331.0773092537884,2370.3460225635454,611253
1990-10-17,2370.3460225635454,2428.759321080179,2370.3460225635454,2426.556444010256,488241
1990-10-18,2426.556444010256,2494.7292626696963,2426.556444010256,2486.0998048546767,500122
1990-10-19,2486.0998048546767,2486.0998048546767,2359.7335064209183,2395.266767005994,508752
1990-10-22,2395.266767005994,2401.756646888549,2379.5196890793973,2401.0268260374282,530729
1990-10-23,2401.0268260374282,2450.4012377305376,2401.0268260374282,2449.8170467037658,581349
1990-10-24,2449.8170467037658,2449.8170467037658,2326.887908359477,2337.13660759768,488227
1990-10-25,2337.13660759768,2460.981315485982,2337.13660759768,2427.6169836237223,455623
1990-10-26,2427.6169836237223,2427.6169836237223,2370.553584738317,2402.6583037990117,578859
1990-10-29,2402.6583037990117,2402.6583037990117,2375.9976475358835,2400.3241671795004,601047
1990-10-30,2400.3241671795004,2449.1415109720288,2394.8662139638227,2423.8603564948967,573709
1990-10-31,2423.8603564948967,2423.8603564948967,2352.7402530059317,2373.1562337539112,511653
1990-11-01,2373.1562337539112,2373.1562337539112,2241.8104745365526,2272.8692723246704,528298
1990-11-02,2272.8692723246704,2340.644592088366,2272.8692723246704,2332.9206765862364,478029
1990-11-05,2332.9206765862364,2433.319745193217,2332.9206765862364,2407.2954489692183,392688
1990-11-06,2407.2954489692183,2447.2029809500755,2407.2954489692183,2415.3562030202024,477232
1990-11-07,2415.3562030202024,2415.3562030202024,2315.8487145703116,2331.3020934078086,532432
1990-11-08,2331.3020934078086,2331.3020934078086,2288.9349967456537,2297.5288540806528,476716
1990-11-09,2297.5288540806528,2297.5288540806528,2246.139850760191,2254.027406207276,508698
1990-11-12,2254.027406207276,2254.027406207276,2239.5944555116776,2242.8119693813774,475442
1990-11-13,2242.8119693813774,2302.494543536143,2242.8119693813774,2272.3060112893168,546427
1990-11-14,2272.3060112893168,2272.3060112893168,2197.8420052509427,2210.2443121924875,470198
1990-11-15,2210.2443121924875,2295.016362737534,2210.2443121924875,2271.8539596874375,458677
1990-11-16,2271.8539596874375,2311.0668129518945,2271.8539596874375,2307.9909045547747,383827
1990-11-19,2307.9909045547747,2307.9909045547747,2225.1514488902576,2251.5459704366135,444004
1990-11-20,2251.5459704366135,2292.554089672696,2251.5459704366135,2285.2410865873517,445320
1990-11-21,2285.2410865873517,2313.2847458795327,2285.2410865873517,2307.062549744034,624822
1990-11-22,2307.062549744034,2307.062549744034,2274.1117967078667,2276.999690007958,552253
1990-11-23,2276.999690007958,2281.1657564630405,2226.6111506199495,2254.5814001964904,540443
1990-11-26,2254.5814001964904,2254.5814001964904,2185.7308595713475,2194.9249019272474,528758
1990-11-27,2194.9249019272474,2194.9249019272474,2149.9265130312724,2152.035511442794,473694
1990-11-28,2152.035511442794,2191.510527414969,2139.4605119363946,2162.3236542958866,531841
1990-11-29,2162.3236542958866,2263.6529542884105,2162.3236542958866,2240.220070505881,459403
1990-11-30,2240.220070505881,2257.6238132853946,2215.4736836081493,2233.91276818884,404130
1990-12-03,2233.91276818884,2275.5816988418856,2224.005627486632,2242.5008351373485,554661
1990-12-04,2242.5008351373485,2260.8438235213707,2220.6375012256594,2238.8327207731877,505457
1990-12-05,2238.8327207731877,2325.924384579172,2238.8327207731877,2314.041408377738,391878
1990-12-06,2314.041408377738,2314.041408377738,2251.6761818447703,2268.876573246089,428962
1990-12-07,2268.876573246089,2386.043910200122,2268.876573246089,2358.6478828942813,534953
1990-12-10,2358.6478828942813,2468.1294953533193,2358.6478828942813,2445.709044796574,374526
1990-12-11,2445.709044796574,2459.231188872264,2409.0137631082525,2429.097957316866,519615
1990-12-12,2429.097957316866,2492.8389886453087,2429.097957316866,2481.87731456579,381469
1990-12-13,2481.87731456579,2481.87731456579,2389.0995361733753,2424.585324889634,376815
1990-12-14,2424.585324889634,2424.585324889634,2374.6143880360564,2407.591923102914,482642
1990-12-17,2407.591923102914,2512.512889966918,2407.591923102914,2504.7342795426093,421635
1990-12-18,2504.7342795426093,2591.385113447703,2504.7342795426093,2564.233212838504,432131
1990-12-19,2564.233212838504,2580.7280410890908,2553.8636712052266,2560.50501244076,646645
1990-12-20,2560.50501244076,2560.50501244076,2508.6226559515853,2537.1861574962127,441429
1990-12-21,2537.1861574962127,2537.1861574962127,2433.411814841981,2459.0889843560985,393921
1990-12-24,2459.0889843560985,2459.0889843560985,2391.822284887983,2412.034357474123,599423
1990-12-25,2412.034357474123,2412.034357474123,2277.7153563293386,2291.360474182656,582229
1990-12-26,2291.360474182656,2368.605141617226,2291.360474182656,2336.160565255249,593335
1990-12-27,2336.160565255249,2371.0508034770246,2327.6191771590684,2336.0627067870996,471459
1990-12-28,2336.0627067870996,2349.87825299158,2297.4271884412146,2324.3898648547474,435595
1990-12-31,2324.3898648547474,2329.177521471869,2299.1953517678717,2302.6778505939556,469488
1991-01-01,2302.6778505939556,2302.6778505939556,2225.15274075341,2249.3999282308773,473646
1991-01-02,2249.3999282308773,2249.3999282308773,2149.0698950870674,2174.273223608558,513341
1991-01-03,2174.273223608558,2201.8620697404804,2163.88501777098,2175.564098497428,507785
1991-01-04,2175.564098497428,2176.274233608049,2160.672116905086,2173.865244083013,566541
1991-01-07,2173.865244083013,2188.795542309066,2136.1033866548582,2163.553481003559,524409
1991-01-08,2163.553481003559,2163.553481003559,2082.153037975955,2103.495598749759,560379
1991-01-09,2103.495598749759,2184.467865098614,2103.495598749759,2175.7123228320584,648864
1991-01-10,2175.7123228320584,2236.147340416883,2175.7123228320584,2223.1681458966914,437775
1991-01-11,2223.1681458966914,2223.1681458966914,2136.8480181783157,2165.2708306812483,457013
1991-01-14,2165.2708306812483,2165.2708306812483,2088.211825451147,2090.124252332374,471021
1991-01-15,2090.124252332374,2190.2915023653063,2090.124252332374,2184.6552601525354,440090
1991-01-16,2184.6552601525354,2184.6552601525354,2135.2375542671457,2156.3958977658276,473727
1991-01-17,2156.3958977658276,2205.2966189473645,2156.3958977658276,2189.5248694379266,495332
1991-01-18,2189.5248694379266,2189.5248694379266,2140.6553130855405,2153.635375109649,568940
1991-01-21,2153.635375109649,2153.635375109649,2088.683264067351,2112.5952385680994,392352
1991-01-22,2112.5952385680994,2112.5952385680994,2039.5847477442878,2065.56886421983,600430
1991-01-23,2065.56886421983,2065.56886421983,1974.077227044674,1989.688291329745,576913
1991-01-24,1989.688291329745,1989.688291329745,1929.558274536707,1948.4996635210052,330170
1991-01-25,1948.4996635210052,2070.3220499699455,1948.4996635210052,2055.1521814042117,505228
1991-01-28,2055.1521814042117,2064.259215886372,2045.2482675156846,2054.398717293596,516462
1991-01-29,2054.398717293596,2054.398717293596,2003.0799442900561,2021.729209983319,403580
1991-01-30,2021.729209983319,2127.172902993573,2021.729209983319,2096.386260344728,476429
1991-01-31,2096.386260344728,2096.386260344728,2052.9392567554505,2080.994046270021,616916
1991-02-01,2080.994046270021,2080.994046270021,2008.9313312203276,2032.8784910437219,525752
1991-02-04,2032.8784910437219,2042.9765500588812,2009.5007204638748,2016.6439051557502,452287
1991-02-05,2016.6439051557502,2026.9911467372422,2011.511581129235,2018.530505075923,520274
1991-02-06,2018.530505075923,2023.7878978201086,1999.4598640086122,2009.1108901033595,464926
1991-02-07,2009.1108901033595,2029.4118199265215,2009.1108901033595,2027.6260990958028,432086
1991-02-08,2027.6260990958028,2128.1196245032274,2027.6260990958028,2107.7879563956376,393033
1991-02-11,2107.7879563956376,2146.955496719042,2102.739466411479,2115.911560914512,535275
1991-02-12,2115.911560914512,2191.6277317125905,2115.911560914512,2174.0410460804846,544145
1991-02-13,2174.0410460804846,2209.2147169061427,2174.0410460804846,2192.1888767955456,479296
1991-02-14,2192.1888767955456,2192.1888767955456,2136.846345230038,2155.8735873608653,523295
1991-02-15,2155.8735873608653,2155.8735873608653,2055.249085214582,2064.2824135617616,543697
1991-02-18,2064.2824135617616,2064.2824135617616,1992.815100054938,2022.0949712574484,360313
1991-02-19,2022.0949712574484,2022.0949712574484,1954.5822418336174,1974.5902897953824,540823
1991-02-20,1974.5902897953824,2058.8223190357626,1974.5902897953824,2037.8134540052515,534595
1991-02-21,2037.8134540052515,2050.4910197118857,2007.1037135873144,2022.7298198272388,412776
1991-02-22,2022.7298198272388,2022.7298198272388,1985.4203442895216,2010.3955116193679,467666
1991-02-25,2010.3955116193679,2010.3955116193679,1967.8620613315384,1970.9977883311117,621764
1991-02-26,1970.9977883311117,1987.7121511087348,1964.4755924340773,1986.8138972008555,538671
1991-02-27,1986.8138972008555,2005.2313844514658,1972.5787296068934,1979.3267830848883,432409
1991-02-28,1979.3267830848883,1983.00155851205,1932.4166394917797,1956.822710254663,573311
1991-03-01,1956.822710254663,1958.4551527014778,1909.6785688904379,1932.773142535988,711492
1991-03-04,1932.773142535988,2005.2548547733054,1932.773142535988,1989.4799357963032,516244
1991-03-05,1989.4799357963032,2055.953312495434,1989.4799357963032,2032.5567851893677,443737
1991-03-06,2032.5567851893677,2066.5725800234004,2017.5402646006548,2037.1187737998748,622457
1991-03-07,2037.1187737998748,2054.2323383472917,2037.1187737998748,2052.764171418958,499478
1991-03-08,2052.764171418958,2052.764171418958,2007.8818426573266,2021.040985621029,412543
1991-03-11,2021.040985621029,2039.216663367756,2021.040985621029,2027.1571076373973,469365
1991-03-12,2027.1571076373973,2131.5999680078075,2027.1571076373973,2112.9068758133867,592501
1991-03-13,2112.9068758133867,2112.9068758133867,2016.0938428548898,2044.0064449101917,547676
1991-03-14,2044.0064449101917,2132.551027287924,2044.0064449101917,2112.523060896395,536037
1991-03-15,2112.523060896395,2116.1683038976043,2106.2976961442546,2112.78114916944,521085
1991-03-18,2112.78114916944,2212.7270243205808,2112.78114916944,2193.361034233735,435582
1991-03-19,2193.361034233735,2267.659123344239,2193.361034233735,2235.1934452427613,597059
1991-03-20,2235.1934452427613,2275.9200257944203,2235.1934452427613,2269.3079594778023,435596
1991-03-21,2269.3079594778023,2269.3079594778023,2186.1251018982343,2203.504722013859,415324
1991-03-22,2203.504722013859,2314.832034547612,2203.504722013859,2293.278011371361,528907
1991-03-25,2293.278011371361,2335.0950116703457,2293.278011371361,2314.915476774674,587850
1991-03-26,2314.915476774674,2314.915476774674,2257.8028795032897,2290.5954519240595,452019
1991-03-27,2290.5954519240595,2290.5954519240595,2258.4092130206764,2265.8157239185043,424184
1991-03-28,2265.8157239185043,2340.719889953085,2265.8157239185043,2319.2984511491973,663462
1991-03-29,2319.2984511491973,2387.3586804034508,2319.2984511491973,2384.6230019403674,569186
1991-04-01,2384.6230019403674,2384.6230019403674,2341.952950597437,2363.585441598938,433618
1991-04-02,2363.585441598938,2485.3850823449025,2363.585441598938,2459.606647728628,413891
1991-04-03,2459.606647728628,2493.4758762844426,2459.606647728628,2492.5781760588898,341737
1991-04-04,2492.5781760588898,2497.1727170601025,2467.5154107566195,2489.4169649587816,540519
1991-04-05,2489.4169649587816,2537.1771180060546,2489.4169649587816,2523.379296851118,422665
1991-04-08,2523.379296851118,2523.6433181559146,2462.5452576414486,2489.8692790634755,459492
1991-04-09,2489.8692790634755,2489.8692790634755,2349.7587645669546,2362.86915875433,554388
1991-04-10,2362.86915875433,2421.2030965519452,2362.86915875433,2411.444579408088,568329
1991-04-11,2411.444579408088,2411.444579408088,2277.2563211333345,2305.592861934799,584397
1991-04-12,2305.592861934799,2308.4064624533753,2261.924714808402,2286.3885189843754,428519
1991-04-15,2286.3885189843754,2289.564914142922,2267.7225975287065,2289.3967284406453,547826
1991-04-16,2289.3967284406453,2289.3967284406453,2250.032430859909,2270.6182941167904,483494
1991-04-17,2270.6182941167904,2339.2365483861468,2270.6182941167904,2328.150386367828,358422
1991-04-18,2328.150386367828,2351.9867003370605,2291.6591242269506,2321.966981873345,511237
1991-04-19,2321.966981873345,2321.966981873345,2292.751283145839,2302.7191692751817,476265
1991-04-22,2302.7191692751817,2302.7191692751817,2157.3883309771923,2164.953274620655,392251
1991-04-23,2164.953274620655,2164.953274620655,2103.1056922989933,2119.3856597412587,436684
1991-04-24,2119.3856597412587,2205.1056164847273,2119.3856597412587,2175.3897471732957,449280
1991-04-25,2175.3897471732957,2215.11554191388,2175.3897471732957,2206.818930589956,486330
1991-04-26,2206.818930589956,2253.9026542600227,2201.660661991795,2223.0798431861826,606171
1991-04-29,2223.0798431861826,2223.0798431861826,2174.1022415218717,2203.502180336351,539927
1991-04-30,2203.502180336351,2203.502180336351,2168.8624171009556,2184.784647684973,497041
1991-05-01,2184.784647684973,2268.6840632344997,2184.784647684973,2259.668999689815,693811
1991-05-02,2259.668999689815,2377.791841335318,2259.668999689815,2359.974868084342,565602
1991-05-03,2359.974868084342,2359.974868084342,2338.1282227661363,2345.046127916394,412340
1991-05-06,2345.046127916394,2345.046127916394,2289.665731812423,2301.9130437369604,493509
1991-05-07,2301.9130437369604,2370.7606196007064,2301.9130437369604,2360.705212452969,452817
1991-05-08,2360.705212452969,2386.8702616639007,2360.705212452969,2365.3840503617603,418209
1991-05-09,2365.3840503617603,2374.247928257598,2349.0357223033852,2350.088315352196,328022
1991-05-10,2350.088315352196,2369.8575170435524,2339.9290531951056,2364.416803050534,406745
1991-05-13,2364.416803050534,2377.0105587161456,2314.665509191039,2345.272885576509,518526
1991-05-14,2345.272885576509,2379.6530323274105,2345.272885576509,2376.102161280484,487456
1991-05-15,2376.102161280484,2376.102161280484,2297.3346956304226,2311.9073968275347,428693
1991-05-16,2311.9073968275347,2311.9073968275347,2228.286630317398,2252.4556966069686,429389
1991-05-17,2252.4556966069686,2252.4556966069686,2174.176977347527,2194.2874242313496,473508
1991-05-20,2194.2874242313496,2358.1446773237867,2194.2874242313496,2328.7059692399334,559676
1991-05-21,2328.7059692399334,2451.9906314017085,2328.7059692399334,2437.7831264040633,575713
1991-05-22,2437.7831264040633,2540.223877965652,2437.7831264040633,2531.5900408797265,432902
1991-05-23,2531.5900408797265,2531.5900408797265,2475.686151697003,2476.461842892257,352835
1991-05-24,2476.461842892257,2476.461842892257,2409.1866041007834,2419.2868056755005,659026
1991-05-27,2419.2868056755005,2454.920920200634,2409.066114961017,2425.1974020139146,491985
1991-05-28,2425.1974020139146,2460.804750799402,2425.1974020139146,2450.949542182167,346534
1991-05-29,2450.949542182167,2450.949542182167,2360.1468562645587,2374.8921265370423,580534
1991-05-30,2374.8921265370423,2386.975734566286,2372.8259667301827,2374.434062809352,433111
1991-05-31,2374.434062809352,2374.434062809352,2350.7997111945438,2351.5665951569304,413661
1991-06-03,2351.5665951569304,2351.5665951569304,2287.98735595125,2299.5011503739297,398873
1991-06-04,2299.5011503739297,2299.5011503739297,2259.6280966691625,2275.7526347520484,495588
1991-06-05,2275.7526347520484,2275.7526347520484,2210.169966201795,2234.743044663767,563066
1991-06-06,2234.743044663767,2234.743044663767,2096.8198526734304,2109.2708071899983,477273
1991-06-07,2109.2708071899983,2109.2708071899983,2029.4209648243884,2055.599743350707,437312
1991-06-10,2055.599743350707,2147.4257315731647,2055.599743350707,2117.1639552690963,597467
1991-06-11,2117.1639552690963,2172.675891634992,2117.1639552690963,2166.2431677620825,375097
1991-06-12,2166.2431677620825,2241.2118018601423,2166.2431677620825,2233.5741709609315,446746
1991-06-13,2233.5741709609315,2233.5741709609315,2185.052682642908,2198.518628255052,446669
1991-06-14,2198.518628255052,2205.62907933925,2183.3952098460304,2189.277475874581,509024
1991-06-17,2189.277475874581,2212.3689391145153,2176.4194841525505,2189.1038564155465,456331
1991-06-18,2189.1038564155465,2189.1038564155465,2122.40516018588,2125.40154091082,496789
1991-06-19,2125.40154091082,2187.2621769862885,2125.40154091082,2181.5519279511504,447815
1991-06-20,2181.5519279511504,2181.5519279511504,2085.589895999007,2100.2772093405943,556351
1991-06-21,2100.2772093405943,2100.2772093405943,2040.171276898672,2053.1339483582465,466036
1991-06-24,2053.1339483582465,2053.1339483582465,1967.1143689449386,1981.6225137594163,332257
1991-06-25,1981.6225137594163,2046.8904093611084,1981.6225137594163,2016.8420679635697,538206
1991-06-26,2016.8420679635697,2016.8420679635697,2009.0662049173445,2012.0392361977679,433675
1991-06-27,2012.0392361977679,2012.0392361977679,1923.2196423555931,1928.1658678059307,451423
1991-06-28,1928.1658678059307,1974.782264468747,1924.2147801257208,1951.4293640667154,376290
1991-07-01,1951.4293640667154,2039.3560628512416,1951.4293640667154,2011.8843980578647,472009
1991-07-02,2011.8843980578647,2011.8843980578647,1909.4564079533461,1917.5509484877773,504123
1991-07-03,1917.5509484877773,1917.5509484877773,1840.0324916081277,1860.0854928757576,438649
1991-07-04,1860.0854928757576,1860.0854928757576,1818.8013095145916,1819.030597974135,492538
1991-07-05,1819.030597974135,1852.443152855115,1819.030597974135,1847.1345398799301,449593
1991-07-08,1847.1345398799301,1898.0920883627518,1847.1345398799301,1870.4829918697226,560934
1991-07-09,1870.4829918697226,1904.9863376905582,1870.4829918697226,1894.0007540867005,484310
1991-07-10,1894.0007540867005,1955.9836767570696,1894.0007540867005,1939.132545563517,518231
1991-07-11,1939.132545563517,1939.132545563517,1819.0347031362317,1845.8799718419882,454018
1991-07-12,1845.8799718419882,1916.7495463162766,1845.8799718419882,1891.1536989893773,464659
1991-07-15,1891.1536989893773,1986.2245106545083,1891.1536989893773,1958.665085136444,564184
1991-07-16,1958.665085136444,2045.3761868124845,1958.665085136444,2041.1420175100948,569695
1991-07-17,2041.1420175100948,2041.1420175100948,1991.6564503577215,1998.0654417964784,539742
1991-07-18,1998.0654417964784,2040.910049789258,1984.9751838092361,2013.9158671642176,559426
1991-07-19,2013.9158671642176,2054.617812190666,2013.9158671642176,2048.948072030389,496101
1991-07-22,2048.948072030389,2108.2500099540607,2047.635128828081,2078.2557116547937,511027
1991-07-23,2078.2557116547937,2078.2557116547937,2019.201587383396,2028.2832335625078,617923
1991-07-24,2028.2832335625078,2085.8945051277624,2028.2832335625078,2070.7924830863312,581291
1991-07-25,2070.7924830863312,2131.0544869217156,2070.7924830863312,2107.5390481341456,294063
1991-07-26,2107.5390481341456,2227.4341414255996,2107.5390481341456,2224.426701945082,359176
1991-07-29,2224.426701945082,2228.4722795700345,2214.0935778041626,2215.16845530814,542808
1991-07-30,2215.16845530814,2215.16845530814,2066.1381646819887,2086.4603184877274,638303
1991-07-31,2086.4603184877274,2161.5581484186687,2086.4603184877274,2150.2915657442522,453946
1991-08-01,2150.2915657442522,2268.3178502246656,2150.2915657442522,2249.914325635735,582503
1991-08-02,2249.914325635735,2249.914325635735,2144.6357773682366,2172.706991645738,418980
1991-08-05,2172.706991645738,2268.7110822462,2172.706991645738,2254.9214962980645,414336
1991-08-06,2254.9214962980645,2321.936788525505,2254.9214962980645,2310.9162735589643,579217
1991-08-07,2310.9162735589643,2312.2696098907536,2289.289522161355,2297.593834434922,527543
1991-08-08,2297.593834434922,2297.593834434922,2280.137365738734,2283.519341438939,581128
1991-08-09,2283.519341438939,2307.931323853612,2283.519341438939,2295.9520072952746,453777
1991-08-12,2295.9520072952746,2304.2881019902857,2284.355440417095,2294.41447899096,516049
1991-08-13,2294.41447899096,2353.7657791023644,2294.41447899096,2342.103658325336,446547
1991-08-14,2342.103658325336,2353.950029992977,2310.896785346097,2339.4876568763507,529837
1991-08-15,2339.4876568763507,2339.4876568763507,2237.187028491206,2258.9858346078877,414806
1991-08-16,2258.9858346078877,2258.9858346078877,2220.27753134938,2221.322452039565,555265
1991-08-19,2221.322452039565,2221.322452039565,2099.560159273242,2115.6400382958695,488907
1991-08-20,2115.6400382958695,2136.8144734356933,2115.6400382958695,2136.7865644314875,556754
1991-08-21,2136.7865644314875,2146.168393479593,2136.7865644314875,2146.082342671507,551113
1991-08-22,2146.082342671507,2197.078340472645,2146.082342671507,2184.901240397597,577618
1991-08-23,2184.901240397597,2261.5359215986246,2184.901240397597,2236.910559240919,556442
1991-08-26,2236.910559240919,2361.318023240686,2236.910559240919,2330.4428894914427,568681
1991-08-27,2330.4428894914427,2435.0759340514364,2330.4428894914427,2427.775364609401,514312
1991-08-28,2427.775364609401,2441.3604414990896,2417.666132219573,2440.2607937461157,478310
1991-08-29,2440.2607937461157,2440.2607937461157,2414.127016014888,2432.7179488656243,401627
1991-08-30,2432.7179488656243,2584.852114798897,2432.7179488656243,2547.7674862848144,617884
1991-09-02,2547.7674862848144,2547.7674862848144,2505.1150223654413,2506.0428809184423,511909
1991-09-03,2506.0428809184423,2506.0428809184423,2423.71406440684,2456.5489747630418,562764
1991-09-04,2456.5489747630418,2489.8931729449773,2456.5489747630418,2472.0795827337415,588986
1991-09-05,2472.0795827337415,2530.7108222331703,2472.0795827337415,2509.6732907656506,502286
1991-09-06,2509.6732907656506,2509.6732907656506,2442.936567550359,2470.0640319174386,514229
1991-09-09,2470.0640319174386,2470.0640319174386,2358.8015975128287,2371.6602661464844,453911
1991-09-10,2371.6602661464844,2425.566295736009,2371.6602661464844,2410.8686498274187,523763
1991-09-11,2410.8686498274187,2519.361472483945,2410.8686498274187,2507.8852936738117,534164
1991-09-12,2507.8852936738117,2507.8852936738117,2330.418667228913,2363.469444762877,480902
1991-09-13,2363.469444762877,2410.5026830006427,2363.469444762877,2389.183334237262,428667
1991-09-16,2389.183334237262,2389.183334237262,2271.915273876668,2274.8860515823794,529484
1991-09-17,2274.8860515823794,2274.8860515823794,2219.6526084645793,2236.6652916630383,584759
1991-09-18,2236.6652916630383,2283.4922092449287,2230.7990630781346,2249.7696135399387,491358
1991-09-19,2249.7696135399387,2249.7696135399387,2115.6916870178934,2128.2283074350726,355861
1991-09-20,2128.2283074350726,2128.2283074350726,2069.724571359579,2099.5240367545944,464851
1991-09-23,2099.5240367545944,2166.6309951300796,2099.5240367545944,2165.426223849467,446771
1991-09-24,2165.426223849467,2165.426223849467,2139.218611915811,2147.4440068437143,500454
1991-09-25,2147.4440068437143,2289.35499797476,2147.4440068437143,2257.9428341099497,510242
1991-09-26,2257.9428341099497,2301.5641486261106,2257.9428341099497,2294.3234546132476,521464
1991-09-27,2294.3234546132476,2317.9522940249944,2294.3234546132476,2312.4172372747043,420437
1991-09-30,2312.4172372747043,2351.2174490360135,2312.4172372747043,2343.058758506699,475316
1991-10-01,2343.058758506699,2343.058758506699,2299.3428623050268,2330.8857765380053,469402
1991-10-02,2330.8857765380053,2391.9108738556215,2330.8857765380053,2367.0263483218823,392516
1991-10-03,2367.0263483218823,2438.713203067925,2367.0263483218823,2425.8555824340174,441683
1991-10-04,2425.8555824340174,2440.517720918411,2370.5756512913267,2406.193936796276,499772
1991-10-07,2406.193936796276,2411.5183647783174,2375.451419405846,2410.3116089329637,584802
1991-10-08,2410.3116089329637,2410.3116089329637,2297.627303625332,2326.08726949308,497107
1991-10-09,2326.08726949308,2348.0746051494957,2295.992682606797,2316.129718726801,591441
1991-10-10,2316.129718726801,2461.611461712282,2316.129718726801,2443.296648822725,467275
1991-10-11,2443.296648822725,2457.014949258636,2415.5731328277966,2426.3189077596094,532942
1991-10-14,2426.3189077596094,2426.3189077596094,2285.55945637887,2299.399544753897,536852
1991-10-15,2299.399544753897,2317.7897011858786,2258.8099504468205,2286.4628113799,505649
1991-10-16,2286.4628113799,2325.9620279159253,2286.4628113799,2307.2179765194796,489635
1991-10-17,2307.2179765194796,2461.423332855111,2307.2179765194796,2454.9315880683735,574734
1991-10-18,2454.9315880683735,2546.331149666117,2454.9315880683735,2526.6430617026394,354624
1991-10-21,2526.6430617026394,2573.329754553278,2526.6430617026394,2552.4708131019606,616596
1991-10-22,2552.4708131019606,2552.4708131019606,2416.2220349126696,2426.4142381379,353660
1991-10-23,2426.4142381379,2426.4142381379,2309.8785880194655,2340.8839274073734,523466
1991-10-24,2340.8839274073734,2340.8839274073734,2246.2682898623593,2271.240325997497,573668
1991-10-25,2271.240325997497,2295.749151363934,2267.7658573189024,2269.437353500459,446199
1991-10-28,2269.437353500459,2269.437353500459,2212.901720450449,2234.620117560624,555958
1991-10-29,2234.620117560624,2392.0773081190546,2234.620117560624,2377.2681142487063,531091
1991-10-30,2377.2681142487063,2377.8707492049116,2352.2097889291063,2353.6970611957527,579896
1991-10-31,2353.6970611957527,2440.085853336956,2353.6970611957527,2432.1260436860625,420120
1991-11-01,2432.1260436860625,2459.322786825383,2408.141742569119,2439.3687884807186,545305
1991-11-04,2439.3687884807186,2599.977983978984,2439.3687884807186,2575.144255568704,564000
1991-11-05,2575.144255568704,2628.735663271218,2571.2350112621184,2610.2084698130516,510157
1991-11-06,2610.2084698130516,2631.8391603832247,2596.6178747431013,2606.931631741264,569214
1991-11-07,2606.931631741264,2635.283609681248,2588.084777803874,2618.4669579599,483055
1991-11-08,2618.4669579599,2730.400271208521,2618.4669579599,2706.7469238674958,479582
1991-11-11,2706.7469238674958,2706.7469238674958,2541.4987891122937,2542.078099092745,529384
1991-11-12,2542.078099092745,2594.8827108772343,2542.078099092745,2588.2530565332236,530883
1991-11-13,2588.2530565332236,2665.9099968221453,2588.2530565332236,2652.1996199839914,545045
1991-11-14,2652.1996199839914,2667.469935814478,2617.5964656162264,2632.9562140510134,634891
1991-11-15,2632.9562140510134,2632.9562140510134,2612.643728922627,2614.673670472568,540886
1991-11-18,2614.673670472568,2614.673670472568,2537.4192091648306,2569.9133123824436,444417
1991-11-19,2569.9133123824436,2678.0583355906488,2569.9133123824436,2670.7589799112857,531766
1991-11-20,2670.7589799112857,2797.7928096083124,2670.7589799112857,2773.6699115260817,442416
1991-11-21,2773.6699115260817,2891.08449728863,2773.6699115260817,2865.823405792885,324557
1991-11-22,2865.823405792885,2865.823405792885,2813.896111663301,2851.0165473639854,603874
1991-11-25,2851.0165473639854,3020.1536328019465,2851.0165473639854,3013.6473774974897,341651
1991-11-26,3013.6473774974897,3013.6473774974897,2882.876320513676,2924.9309311829456,484273
1991-11-27,2924.9309311829456,2924.9309311829456,2837.316616762672,2863.260279349101,659648
1991-11-28,2863.260279349101,2869.2652887097306,2843.5461608109913,2854.911708206983,524394
1991-11-29,2854.911708206983,2909.441569949569,2854.911708206983,2906.937877315757,612334
1991-12-02,2906.937877315757,3075.0120384029565,2906.937877315757,3038.9133353015254,581659
1991-12-03,3038.9133353015254,3079.9527572472803,3028.9543328004775,3049.5160952952256,516811
1991-12-04,3049.5160952952256,3069.938028389914,3033.9693844293615,3035.1205246422646,487630
1991-12-05,3035.1205246422646,3165.631989720724,3035.1205246422646,3120.7850892214265,448843
1991-12-06,3120.7850892214265,3150.0700430355464,3086.3542204279083,3129.7015184231655,595994
1991-12-09,3129.7015184231655,3129.7015184231655,3083.466384256135,3123.7062114293817,478768
1991-12-10,3123.7062114293817,3229.1815582142895,3123.7062114293817,3206.2801621518815,582996
1991-12-11,3206.2801621518815,3206.2801621518815,3028.6771868585192,3061.170465064479,340265
1991-12-12,3061.170465064479,3233.0505541006255,3061.170465064479,3197.6132015312382,457937
1991-12-13,3197.6132015312382,3253.3586300212733,3197.6132015312382,3214.406066196267,574692
1991-12-16,3214.406066196267,3214.406066196267,3072.394472810341,3091.52013766476,595186
1991-12-17,3091.52013766476,3145.4685371042774,3091.52013766476,3138.6620994429836,589365
1991-12-18,3138.6620994429836,3169.3348339830486,3138.6620994429836,3162.476385582199,404498
1991-12-19,3162.476385582199,3269.6995422904915,3162.476385582199,3239.938151469557,513274
1991-12-20,3239.938151469557,3242.6474555610694,3202.146678072325,3224.6989219545344,412098
1991-12-23,3224.6989219545344,3224.6989219545344,3185.205883950927,3194.566439917816,396593
1991-12-24,3194.566439917816,3320.2427415663165,3194.566439917816,3310.1497287939337,399579
1991-12-25,3310.1497287939337,3355.1870068502535,3310.1497287939337,3335.6481905713317,485371
1991-12-26,3335.6481905713317,3341.86597042693,3309.2708915535854,3313.1404133422757,391169
1991-12-27,3313.1404133422757,3388.3880478396213,3313.1404133422757,3387.6251591030095,525130
1991-12-30,3387.6251591030095,3387.6251591030095,3242.5927631062095,3267.6226773698736,591958
1991-12-31,3267.6226773698736,3320.011692049729,3267.6226773698736,3291.6091452732426,397579
1992-01-01,3291.6091452732426,3291.6091452732426,3178.5724293815,3188.885662981112,374224
1992-01-02,3188.885662981112,3188.885662981112,3042.7579612150716,3081.3438517528716,521676
1992-01-03,3081.3438517528716,3156.0609591584744,3081.3438517528716,3131.1366176373194,552321
1992-01-06,3131.1366176373194,3144.1088657422915,3085.746308306588,3122.6782832265244,732345
1992-01-07,3122.6782832265244,3127.0402821949956,3097.50206118431,3123.265604222488,433399
1992-01-08,3123.265604222488,3204.7214068321755,3123.265604222488,3176.5736398320546,544161
1992-01-09,3176.5736398320546,3282.6840271141823,3176.5736398320546,3250.1203948691495,683933
1992-01-10,3250.1203948691495,3250.1203948691495,3184.1073232077315,3224.525081363659,397049
1992-01-13,3224.525081363659,3391.5736226089666,3224.525081363659,3374.1584078654723,597632
1992-01-14,3374.1584078654723,3492.2983111183535,3374.1584078654723,3440.9520750937327,517506
1992-01-15,3440.9520750937327,3440.9520750937327,3381.681623561802,3385.278922659743,383165
1992-01-16,3385.278922659743,3385.278922659743,3317.310728038542,3331.636154221788,561836
1992-01-17,3331.636154221788,3343.124684524959,3276.552457861921,3298.308941110113,504122
1992-01-20,3298.308941110113,3298.308941110113,3268.247578075031,3276.789227427379,425775
1992-01-21,3276.789227427379,3276.789227427379,3214.2254870049396,3226.3702736306036,527408
1992-01-22,3226.3702736306036,3226.3702736306036,3127.6259157716436,3161.991131976808,520837
1992-01-23,3161.991131976808,3204.159627479308,3161.991131976808,3176.273801607696,472040
1992-01-24,3176.273801607696,3294.2710175119705,3176.273801607696,3259.348385424665,423403
1992-01-27,3259.348385424665,3259.348385424665,3173.361332749414,3206.329434355992,434257
1992-01-28,3206.329434355992,3206.329434355992,3146.7146563391907,3179.490259533181,521741
1992-01-29,3179.490259533181,3205.564245933831,3140.5387786056604,3176.090046096043,607852
1992-01-30,3176.090046096043,3176.090046096043,3055.936016802293,3091.5494418711805,488312
1992-01-31,3091.5494418711805,3091.5494418711805,3037.3214101415065,3080.364852674666,613583
1992-02-03,3080.364852674666,3145.63947460429,3080.364852674666,3111.564720123164,630536
1992-02-04,3111.564720123164,3111.564720123164,3014.189841642051,3034.8427758049647,526566
1992-02-05,3034.8427758049647,3060.3943784525904,3022.453668810502,3039.0884471656564,357606
1992-02-06,3039.0884471656564,3039.0884471656564,2968.5739463392333,3013.328516516455,583093
1992-02-07,3013.328516516455,3013.328516516455,2942.332993823342,2960.53673418569,514871
1992-02-10,2960.53673418569,3021.194269885659,2953.567771115813,2984.0257284270097,452781
1992-02-11,2984.0257284270097,2984.0257284270097,2850.411473917874,2876.9095513813686,412385
1992-02-12,2876.9095513813686,2876.9095513813686,2794.767092350009,2833.442412547283,516044
1992-02-13,2833.442412547283,2833.442412547283,2756.611388709399,2780.4257225322763,462807
1992-02-14,2780.4257225322763,2780.4257225322763,2745.2613403189603,2749.974800855978,513065
1992-02-17,2749.974800855978,2749.974800855978,2713.7851131459292,2718.6045300858523,345195
1992-02-18,2718.6045300858523,2718.6045300858523,2693.5680136551928,2702.831433869558,408953
1992-02-19,2702.831433869558,2702.831433869558,2583.6646349423186,2595.1832757968473,361150
1992-02-20,2595.1832757968473,2701.508700813094,2595.1832757968473,2690.3367881650365,600183
1992-02-21,2690.3367881650365,2690.3367881650365,2611.063515635148,2631.365527649854,494236
1992-02-24,2631.365527649854,2650.502057381729,2612.0996540221245,2628.122395757956,551535
1992-02-25,2628.122395757956,2767.7621574694263,2628.122395757956,2728.1171832473897,645397
1992-02-26,2728.1171832473897,2728.1171832473897,2656.767327098601,2662.396034148056,444939
1992-02-27,2662.396034148056,2700.3693640920433,2649.5317850409883,2673.998560403077,586748
1992-02-28,2673.998560403077,2695.3230115915826,2641.443001910547,2676.4369184272464,511432
1992-03-02,2676.4369184272464,2727.7137259115375,2676.4369184272464,2725.391840962617,349656
1992-03-03,2725.391840962617,2725.391840962617,2599.9672758967286,2637.167001299428,424657
1992-03-04,2637.167001299428,2748.5810095686825,2637.167001299428,2748.4866872153575,523973
1992-03-05,2748.4866872153575,2804.44229347728,2748.4866872153575,2784.488908387156,478521
1992-03-06,2784.488908387156,2784.488908387156,2709.8046169741965,2734.7858839417677,454869
1992-03-09,2734.7858839417677,2734.7858839417677,2706.0998989777,2716.082179209889,493377
1992-03-10,2716.082179209889,2716.082179209889,2667.8626947550674,2698.3734534411765,465319
1992-03-11,2698.3734534411765,2714.6005963561206,2683.327145776366,2696.8903911899015,512203
1992-03-12,2696.8903911899015,2739.7732388262475,2696.8903911899015,2737.0719176966923,453043
1992-03-13,2737.0719176966923,2737.0719176966923,2636.0870404796087,2666.0610417044923,390016
1992-03-16,2666.0610417044923,2688.9966098187133,2653.3009686862174,2670.572566071186,550816
1992-03-17,2670.572566071186,2670.572566071186,2601.8688697227226,2626.941952328437,535422
1992-03-18,2626.941952328437,2764.429599735568,2626.941952328437,2760.086766861543,464779
1992-03-19,2760.086766861543,2957.7033076384173,2760.086766861543,2940.042273924667,510048
1992-03-20,2940.042273924667,3043.9814931263786,2940.042273924667,3038.47308180462,618742
1992-03-23,3038.47308180462,3119.0044894559305,3038.47308180462,3114.6819501834034,476089
1992-03-24,3114.6819501834034,3190.968437260375,3114.6819501834034,3147.677918156258,457451
1992-03-25,3147.677918156258,3147.677918156258,3101.8758611337184,3133.2237419939866,493709
1992-03-26,3133.2237419939866,3133.2237419939866,3089.1539362914195,3111.416724740553,545588
1992-03-27,3111.416724740553,3111.416724740553,3046.206972675231,3071.042060147647,492456
1992-03-30,3071.042060147647,3071.042060147647,2963.0124225383356,3003.08191918111,401143
1992-03-31,3003.08191918111,3054.032629284647,3003.08191918111,3030.778423355176,585929
1992-04-01,3030.778423355176,3030.778423355176,2949.371122410141,2979.6637081946074,512889
1992-04-02,2979.6637081946074,2979.6637081946074,2794.381290859996,2828.9656831657553,526657
1992-04-03,2828.9656831657553,2932.376952300364,2828.9656831657553,2892.8558149204932,497216
1992-04-06,2892.8558149204932,3011.6086023039566,2892.8558149204932,2980.4551426869775,252905
1992-04-07,2980.4551426869775,3061.944054034812,2980.4551426869775,3049.864298190223,517720
1992-04-08,3049.864298190223,3049.864298190223,2893.9429239462543,2931.644486574378,539647
1992-04-09,2931.644486574378,2949.0023755188263,2914.750499063363,2930.953404056768,813343
1992-04-10,2930.953404056768,2987.359921086539,2930.953404056768,2955.847061847464,616310
1992-04-13,2955.847061847464,3090.2711604616943,2955.847061847464,3056.2711177501656,464041
1992-04-14,3056.2711177501656,3056.2711177501656,2977.2777842095757,2986.996982046151,626792
1992-04-15,2986.996982046151,2994.9864110663243,2959.3750657246987,2961.6795769526284,433570
1992-04-16,2961.6795769526284,2997.1648642645896,2921.723619700618,2957.6596192982133,376694
1992-04-17,2957.6596192982133,2999.9490776486846,2957.6596192982133,2968.653447925808,503434
1992-04-20,2968.653447925808,3095.9667617399277,2968.653447925808,3052.2243088989353,533692
1992-04-21,3052.2243088989353,3088.2850069226297,3052.2243088989353,3069.0126408568085,641662
1992-04-22,3069.0126408568085,3069.0126408568085,3005.483964781378,3013.6514970018748,408769
1992-04-23,3013.6514970018748,3060.407256829638,3009.9793496342745,3016.1459616378816,503922
1992-04-24,3016.1459616378816,3016.1459616378816,2904.6459711197745,2906.108262598156,450727
1992-04-27,2906.108262598156,2906.108262598156,2818.429399540653,2831.704489426717,601392
1992-04-28,2831.704489426717,2831.704489426717,2771.1399159044663,2788.282437955918,593566
1992-04-29,2788.282437955918,2788.282437955918,2659.8647642620795,2687.09916238361,529530
1992-04-30,2687.09916238361,2702.867752174997,2654.1625151647827,2672.517666136145,475775
1992-05-01,2672.517666136145,2685.766051251328,2667.806550640025,2669.222003466234,535414
1992-05-04,2669.222003466234,2669.222003466234,2576.8334382355224,2598.978722119239,542193
1992-05-05,2598.978722119239,2646.4474653491807,2598.978722119239,2631.6585143048637,509417
1992-05-06,2631.6585143048637,2631.6585143048637,2527.6043099449857,2563.2115017434976,463825
1992-05-07,2563.2115017434976,2563.2115017434976,2405.4499788548214,2414.3620742519493,520080
1992-05-08,2414.3620742519493,2414.3620742519493,2323.8868307581165,2343.860001559941,607686
1992-05-11,2343.860001559941,2378.8989628425425,2343.860001559941,2355.264093139291,586451
1992-05-12,2355.264093139291,2386.5406525443414,2345.4071291035953,2368.1731149450466,469296
1992-05-13,2368.1731149450466,2368.1731149450466,2298.1234651847312,2324.259550005551,464191
1992-05-14,2324.259550005551,2324.259550005551,2288.117815950766,2311.871924439754,469899
1992-05-15,2311.871924439754,2311.871924439754,2256.0587527754565,2280.0164641779106,494087
1992-05-18,2280.0164641779106,2326.069424500974,2280.0164641779106,2313.8820212039273,458132
1992-05-19,2313.8820212039273,2337.0376784847886,2302.281197146392,2304.2700335957816,353827
1992-05-20,2304.2700335957816,2304.2700335957816,2261.4803640806203,2265.454955662632,529393
1992-05-21,2265.454955662632,2328.456853995821,2265.454955662632,2302.0362237931927,505748
1992-05-22,2302.0362237931927,2372.5842035000137,2302.0362237931927,2353.672476811532,408626
1992-05-25,2353.672476811532,2368.745787063581,2318.8585118329916,2346.517498825889,468379
1992-05-26,2346.517498825889,2399.0754768536062,2346.517498825889,2370.398298613831,497873
1992-05-27,2370.398298613831,2370.398298613831,2307.3546059727314,2323.6019796494566,589348
1992-05-28,2323.6019796494566,2355.860072466535,2323.6019796494566,2346.974386459346,567712
1992-05-29,2346.974386459346,2390.7105200925953,2346.974386459346,2372.800807543903,570069
1992-06-01,2372.800807543903,2401.2089954108337,2349.57450572667,2366.5303439642466,453914
1992-06-02,2366.5303439642466,2369.232168695266,2329.6010781082077,2362.3137720564387,538892
1992-06-03,2362.3137720564387,2432.6634164928973,2362.3137720564387,2424.989937946288,472296
1992-06-04,2424.989937946288,2495.1089017261866,2424.989937946288,2470.9205125248504,506001
1992-06-05,2470.9205125248504,2540.2783275369043,2470.9205125248504,2513.13079282231,582981
1992-06-08,2513.13079282231,2635.0452367723474,2513.13079282231,2628.6212490158846,463403
1992-06-09,2628.6212490158846,2649.0300834542486,2601.8565681727578,2611.0907856389854,502038
1992-06-10,2611.0907856389854,2611.0907856389854,2569.6341007417022,2605.931018326774,449013
1992-06-11,2605.931018326774,2687.383502413074,2605.931018326774,2660.9648936651874,480227
1992-06-12,2660.9648936651874,2709.5901593792573,2656.4337398201674,2693.7728472460503,675935
1992-06-15,2693.7728472460503,2807.6393744757056,2693.7728472460503,2780.250330158756,460912
1992-06-16,2780.250330158756,2948.770914115206,2780.250330158756,2923.0160715273464,410217
1992-06-17,2923.0160715273464,2973.2939022795563,2923.0160715273464,2932.0113768305728,437444
1992-06-18,2932.0113768305728,2954.7734759636605,2929.2228548849507,2939.788031134589,518191
1992-06-19,2939.788031134589,2939.788031134589,2750.670306770206,2759.0027348975736,446824
1992-06-22,2759.0027348975736,2759.0027348975736,2717.176159816432,2725.767403587216,624330
1992-06-23,2725.767403587216,2773.326280567728,2725.767403587216,2761.619550367421,601785
1992-06-24,2761.619550367421,2761.619550367421,2701.6162400229173,2730.7165510758095,562982
1992-06-25,2730.7165510758095,2888.8979154295603,2730.7165510758095,2873.4981771780363,670946
1992-06-26,2873.4981771780363,2941.1055984367117,2873.4981771780363,2912.529350157783,619759
1992-06-29,2912.529350157783,2912.529350157783,2800.0789098758105,2808.778719211336,521697
1992-06-30,2808.778719211336,2808.778719211336,2720.576771431256,2730.0056475916203,610580
1992-07-01,2730.0056475916203,2730.0056475916203,2613.054476443772,2632.601704845167,563608
1992-07-02,2632.601704845167,2632.601704845167,2523.2805838762156,2532.23430930596,435686
1992-07-03,2532.23430930596,2606.873880205943,2532.23430930596,2596.5480223653735,582957
1992-07-06,2596.5480223653735,2602.4160160509214,2578.0642455001675,2601.2400912369544,534395
1992-07-07,2601.2400912369544,2601.2400912369544,2481.7768304405527,2502.774714181119,567207
1992-07-08,2502.774714181119,2535.071212568247,2502.774714181119,2525.442842946174,378539
1992-07-09,2525.442842946174,2525.442842946174,2486.877858012546,2511.087250379418,616075
1992-07-10,2511.087250379418,2570.3637881717377,2509.2999404981942,2541.42312525039,401556
1992-07-13,2541.42312525039,2647.105763168168,2541.42312525039,2627.3671505842117,514232
1992-07-14,2627.3671505842117,2792.497796616166,2627.3671505842117,2771.915184976538,478377
1992-07-15,2771.915184976538,2805.492286153024,2742.0121368960663,2774.05995120812,619183
1992-07-16,2774.05995120812,2779.872484112427,2746.594166467722,2762.4400843895014,517251
1992-07-17,2762.4400843895014,2851.3981491785526,2762.4400843895014,2833.157651648989,614452
1992-07-20,2833.157651648989,2833.157651648989,2793.0127023032433,2813.5236163739196,304658
1992-07-21,2813.5236163739196,2889.0135333647463,2813.5236163739196,2879.9708363759873,563617
1992-07-22,2879.9708363759873,3080.491302759548,2879.9708363759873,3077.9920852720884,487371
1992-07-23,3077.9920852720884,3077.9920852720884,2984.737294206013,2996.8179623897754,654160
1992-07-24,2996.8179623897754,3064.9042129558234,2996.8179623897754,3060.1427148594616,516413
1992-07-27,3060.1427148594616,3222.531178368,3060.1427148594616,3184.4660340248056,528463
1992-07-28,3184.4660340248056,3184.4660340248056,3131.861288350286,3137.1585829626965,488917
1992-07-29,3137.1585829626965,3180.2271785772095,3135.0132487249884,3147.758338220698,425589
1992-07-30,3147.758338220698,3147.758338220698,2999.3833835721694,3035.2391851272746,557691
1992-07-31,3035.2391851272746,3077.6206974482834,3033.154162471389,3061.2597371316156,402849
1992-08-03,3061.2597371316156,3061.2597371316156,2984.428201510751,3021.5346681053647,481663
1992-08-04,3021.5346681053647,3021.5346681053647,2852.4040371426277,2892.94653190028,438885
1992-08-05,2892.94653190028,2921.5327867793812,2871.066912710557,2903.6193041262486,640308
1992-08-06,2903.6193041262486,2903.6193041262486,2840.4643406191813,2865.3056993342034,574986
1992-08-07,2865.3056993342034,2921.510611306329,2847.8845827710907,2889.7183860372797,519498
1992-08-10,2889.7183860372797,2893.604488057229,2845.3737683419754,2878.04263244004,399045
1992-08-11,2878.04263244004,2914.2768896756647,2844.3375976644797,2884.4348371139895,432157
1992-08-12,2884.4348371139895,2929.733790128457,2884.4348371139895,2915.4060518372266,405337
1992-08-13,2915.4060518372266,2915.4060518372266,2792.8244393585323,2806.3021429176792,433114
1992-08-14,2806.3021429176792,2911.1323203800803,2806.3021429176792,2902.203052974301,482291
1992-08-17,2902.203052974301,2915.222471217621,2888.417769982133,2890.7527383986135,552189
1992-08-18,2890.7527383986135,2890.7527383986135,2809.6301693939376,2851.0553194603776,499483
1992-08-19,2851.0553194603776,2855.8336922952985,2836.983300947344,2848.2371025891016,462031
1992-08-20,2848.2371025891016,2848.2371025891016,2749.432071339311,2763.4535597239715,504879
1992-08-21,2763.4535597239715,2774.9260389227725,2745.571246511444,2772.311215778745,562063
1992-08-24,2772.311215778745,2772.311215778745,2706.201680566162,2736.58640409571,468515
1992-08-25,2736.58640409571,2736.58640409571,2708.639822750685,2721.29908495153,427621
1992-08-26,2721.29908495153,2721.29908495153,2661.57642732632,2668.4271058231743,522608
1992-08-27,2668.4271058231743,2668.4271058231743,2608.8211403789414,2620.800440686935,407172
1992-08-28,2620.800440686935,2620.800440686935,2583.875813941833,2593.26417590434,467602
1992-08-31,2593.26417590434,2661.29432337379,2593.26417590434,2630.6921037203347,560201
1992-09-01,2630.6921037203347,2714.3807224455077,2630.6921037203347,2705.364144870466,514738
1992-09-02,2705.364144870466,2705.364144870466,2634.4713563078567,2638.2816848829557,508402
1992-09-03,2638.2816848829557,2771.505067570019,2638.2816848829557,2748.2771222422116,504128
1992-09-04,2748.2771222422116,2817.004014382746,2748.2771222422116,2798.426366528997,462022
1992-09-07,2798.426366528997,2798.426366528997,2723.7091767190036,2739.3623570411714,499309
1992-09-08,2739.3623570411714,2739.3623570411714,2505.3509041573197,2516.3893428584474,495918
1992-09-09,2516.3893428584474,2516.3893428584474,2485.7180172556104,2487.891887181728,522013
1992-09-10,2487.891887181728,2487.891887181728,2447.3822813848788,2460.5672090517305,434822
1992-09-11,2460.5672090517305,2506.6682381774262,2450.623472278167,2470.202228944986,444266
1992-09-14,2470.202228944986,2470.202228944986,2328.0920687305497,2363.023154369297,531133
1992-09-15,2363.023154369297,2401.155395154673,2363.023154369297,2387.9406302996226,642646
1992-09-16,2387.9406302996226,2387.9406302996226,2305.641891541864,2312.778836984072,524071
1992-09-17,2312.778836984072,2320.1742538532308,2271.5634210566227,2291.4948548911243,490574
1992-09-18,2291.4948548911243,2392.50668635845,2291.4948548911243,2362.9200017708686,585914
1992-09-21,2362.9200017708686,2466.519215082584,2362.9200017708686,2443.5915668648345,467275
1992-09-22,2443.5915668648345,2443.5915668648345,2405.146203856509,2436.008783449519,488831
1992-09-23,2436.008783449519,2540.0578940019377,2436.008783449519,2505.3454987435484,541363
1992-09-24,2505.3454987435484,2551.307694407908,2497.554109480395,2533.387710679195,650991
1992-09-25,2533.387710679195,2591.508989961826,2533.387710679195,2585.8357783180204,429921
1992-09-28,2585.8357783180204,2636.279040267918,2585.8357783180204,2617.680721025017,516199
1992-09-29,2617.680721025017,2649.8076519631077,2617.680721025017,2641.0368802702574,537660
1992-09-30,2641.0368802702574,2641.0368802702574,2583.119287674405,2586.404019146592,444166
1992-10-01,2586.404019146592,2586.404019146592,2456.043274118621,2481.857571901811,620943
1992-10-02,2481.857571901811,2588.6874377706495,2481.857571901811,2555.861037786004,445405
1992-10-05,2555.861037786004,2677.9099899826056,2555.861037786004,2677.16813709412,502346
1992-10-06,2677.16813709412,2677.16813709412,2617.860717600142,2642.5415496101846,596994
1992-10-07,2642.5415496101846,2642.5415496101846,2568.9944510586224,2587.8472295932274,563216
1992-10-08,2587.8472295932274,2703.573037903629,2587.8472295932274,2684.3200393889024,419826
1992-10-09,2684.3200393889024,2761.330482162106,2684.3200393889024,2743.3809020277918,409102
1992-10-12,2743.3809020277918,2743.3809020277918,2698.8382239682555,2707.643869461101,376357
1992-10-13,2707.643869461101,2715.9410345172796,2657.8444560579496,2683.6766317144056,426302
1992-10-14,2683.6766317144056,2683.6766317144056,2544.359871312233,2557.436304105441,610814
1992-10-15,2557.436304105441,2568.3831327711023,2518.35705542297,2533.1756818241,471096
1992-10-16,2533.1756818241,2622.2632770796968,2533.1756818241,2614.404789531809,475504
1992-10-19,2614.404789531809,2732.879237974298,2614.404789531809,2699.2422612732403,489785
1992-10-20,2699.2422612732403,2783.3142619053,2699.2422612732403,2767.7932068298055,370724
1992-10-21,2767.7932068298055,2798.2346932800633,2738.483015610856,2762.813389002482,556378
1992-10-22,2762.813389002482,2928.9940158856316,2762.813389002482,2901.8687642090754,597687
1992-10-23,2901.8687642090754,2914.8537193704533,2861.3613056840045,2890.6529711882154,508199
1992-10-26,2890.6529711882154,2890.6529711882154,2784.2905250204967,2825.283027192623,391968
1992-10-27,2825.283027192623,2988.0118183220416,2825.283027192623,2981.095603332903,477004
1992-10-28,2981.095603332903,2981.095603332903,2916.174378327744,2941.744689789429,419384
1992-10-29,2941.744689789429,2960.050963051887,2931.464244557497,2959.12932100751,528935
1992-10-30,2959.12932100751,2986.627700751906,2939.1573524725895,2960.396694737812,535805
1992-11-02,2960.396694737812,2989.229664940424,2953.2561092099822,2987.2787836424645,705291
1992-11-03,2987.2787836424645,3013.592709579183,2960.8019102103326,2999.315200723236,437687
1992-11-04,2999.315200723236,2999.315200723236,2853.159298239826,2891.602913354324,513586
1992-11-05,2891.602913354324,2963.4180729254563,2891.602913354324,2954.502338254248,439825
1992-11-06,2954.502338254248,2954.502338254248,2866.330855121633,2903.5901346870864,467766
1992-11-09,2903.5901346870864,2911.6711418788414,2891.161042372518,2909.843122046124,482947
1992-11-10,2909.843122046124,2909.843122046124,2807.34878363393,2847.351199137367,326812
1992-11-11,2847.351199137367,2870.2559223967355,2841.4855134987647,2845.6189000962668,592458
1992-11-12,2845.6189000962668,2847.788556434579,2799.6728936508744,2824.4879747714863,458145
1992-11-13,2824.4879747714863,2833.977481950153,2784.9726194013488,2795.34266949484,598188
1992-11-16,2795.34266949484,2835.5044039527065,2795.34266949484,2833.237834504724,364588
1992-11-17,2833.237834504724,2840.0269517824436,2798.3138835699815,2837.0795143253963,407511
1992-11-18,2837.0795143253963,2837.0795143253963,2744.408983190924,2773.119419121951,389096
1992-11-19,2773.119419121951,2803.6150398923296,2771.3804984765557,2787.3717501295514,517935
1992-11-20,2787.3717501295514,2824.394531555217,2763.75480795535,2790.5207578903364,519088
1992-11-23,2790.5207578903364,2868.3162990143883,2790.5207578903364,2829.96303414292,471736
1992-11-24,2829.96303414292,2868.7641152777546,2811.959799581722,2842.4491839759626,523476
1992-11-25,2842.4491839759626,3082.129986581618,2842.4491839759626,3051.6384848488215,513125
1992-11-26,3051.6384848488215,3096.0647062266316,3051.6384848488215,3088.307828823086,501847
1992-11-27,3088.307828823086,3088.307828823086,3007.846661703718,3031.4998378147625,500754
1992-11-30,3031.4998378147625,3082.550775196552,3031.4998378147625,3057.14955520494,506140
1992-12-01,3057.14955520494,3147.145366261707,3057.14955520494,3145.655101977936,564815
1992-12-02,3145.655101977936,3145.655101977936,2919.879887281835,2939.6034927570117,499523
1992-12-03,2939.6034927570117,2981.09857985651,2927.8199646490275,2956.2233320187775,500669
1992-12-04,2956.2233320187775,3006.074458966278,2956.2233320187775,2986.6217402076463,529530
1992-12-07,2986.6217402076463,2986.6217402076463,2829.0836096035,2852.4470561596404,424498
1992-12-08,2852.4470561596404,2860.2207254664845,2817.6835412425858,2857.952453466041,465429
1992-12-09,2857.952453466041,2911.3752100512825,2826.9994549926987,2869.2126452814773,468542
1992-12-10,2869.2126452814773,2885.6057071063415,2817.9660494155214,2851.612914065204,300728
1992-12-11,2851.612914065204,2999.4438377034617,2851.612914065204,2987.4792367089017,616313
1992-12-14,2987.4792367089017,2987.4792367089017,2815.9935642650757,2853.4493548796754,454090
1992-12-15,2853.4493548796754,2853.4493548796754,2700.3852688358975,2720.407871600676,424667
1992-12-16,2720.407871600676,2720.407871600676,2664.9421213387054,2674.593230579049,358945
1992-12-17,2674.593230579049,2674.593230579049,2531.68854479115,2560.1156553335204,638823
1992-12-18,2560.1156553335204,2667.5297432250063,2560.1156553335204,2649.424592229494,496845
1992-12-21,2649.424592229494,2735.065546359568,2649.424592229494,2725.476915048016,399384
1992-12-22,2725.476915048016,2725.476915048016,2620.8655018063223,2636.9821260268277,483337
1992-12-23,2636.9821260268277,2647.302503445696,2604.5608612965066,2622.5524255763403,496817
1992-12-24,2622.5524255763403,2633.52115844151,2589.2834317913166,2608.9991237940653,508133
1992-12-25,2608.9991237940653,2675.2980990887218,2608.9991237940653,2656.4718590993075,454760
1992-12-28,2656.4718590993075,2796.991956889783,2656.4718590993075,2765.528757797741,582165
1992-12-29,2765.528757797741,2791.4334993632306,2765.528757797741,2777.0686295581727,477485
1992-12-30,2777.0686295581727,2835.371824588728,2777.0686295581727,2833.281797914543,425713
1992-12-31,2833.281797914543,2833.281797914543,2783.381535508376,2783.5903702435885,458597
1993-01-01,2783.5903702435885,2816.1627274158905,2758.460832238535,2778.338933302738,504827
1993-01-04,2778.338933302738,2817.243534994045,2778.338933302738,2814.049909549403,499711
1993-01-05,2814.049909549403,2814.049909549403,2752.4252625005,2767.7397809734402,396845
1993-01-06,2767.7397809734402,2828.993904684629,2767.7397809734402,2799.6355625853607,489945
1993-01-07,2799.6355625853607,2833.869148730292,2774.185153565958,2800.431647228586,389510
1993-01-08,2800.431647228586,2895.8439747424627,2800.431647228586,2880.185235222786,604458
1993-01-11,2880.185235222786,2901.7411402101884,2828.3070193878675,2858.983298911933,447092
1993-01-12,2858.983298911933,2858.983298911933,2801.4958211847584,2811.3433093676704,668711
1993-01-13,2811.3433093676704,2841.082936912958,2811.3433093676704,2827.80280733865,514614
1993-01-14,2827.80280733865,2827.80280733865,2710.84741616811,2743.692489398494,649391
1993-01-15,2743.692489398494,2743.692489398494,2692.80255436078,2697.0190830901156,462423
1993-01-18,2697.0190830901156,2746.428060532302,2686.5692967665677,2718.2228704769736,365140
1993-01-19,2718.2228704769736,2738.5883866779086,2686.6263113419755,2699.797753108847,505284
1993-01-20,2699.797753108847,2699.797753108847,2669.814602516426,2682.8842289262016,374804
1993-01-21,2682.8842289262016,2682.8842289262016,2577.1424059713304,2600.99529927087,564422
1993-01-22,2600.99529927087,2675.992593432198,2600.99529927087,2639.8005930699146,406775
1993-01-25,2639.8005930699146,2639.8005930699146,2581.962976465299,2594.33119799434,430936
1993-01-26,2594.33119799434,2594.33119799434,2435.1869857584174,2447.7820724123235,335471
1993-01-27,2447.7820724123235,2540.7185419164216,2447.7820724123235,2526.5927622665295,590525
1993-01-28,2526.5927622665295,2526.5927622665295,2492.593834933364,2497.197386561642,615743
1993-01-29,2497.197386561642,2612.1705218024927,2497.197386561642,2576.561468805329,370162
1993-02-01,2576.561468805329,2576.561468805329,2508.8411992173105,2533.9664886973646,417503
1993-02-02,2533.9664886973646,2592.7521212650104,2531.9140024528856,2564.220034908331,579407
1993-02-03,2564.220034908331,2646.758956442491,2564.220034908331,2612.486290325038,559521
1993-02-04,2612.486290325038,2612.486290325038,2520.834578638186,2552.6892194867614,576758
1993-02-05,2552.6892194867614,2678.6997353299485,2552.6892194867614,2644.092830490669,616815
1993-02-08,2644.092830490669,2651.6143829905523,2636.8668126354787,2650.8463219791233,462679
1993-02-09,2650.8463219791233,2764.139608455303,2650.8463219791233,2749.0716464557418,434947
1993-02-10,2749.0716464557418,2778.5067573618867,2749.0716464557418,2775.983880096582,445036
1993-02-11,2775.983880096582,2827.9251320566073,2775.983880096582,2816.7094510270563,441004
1993-02-12,2816.7094510270563,2816.7094510270563,2779.584259415875,2799.9061282637376,449209
1993-02-15,2799.9061282637376,2799.9061282637376,2739.286922769051,2752.763096277806,486378
1993-02-16,2752.763096277806,2752.763096277806,2735.014371124882,2747.2500076283222,579271
1993-02-17,2747.2500076283222,2772.5762715530796,2743.6691425163162,2744.2040172284646,483746
1993-02-18,2744.2040172284646,2744.2040172284646,2651.8023502745555,2654.2919692674373,437510
1993-02-19,2654.2919692674373,2678.164297048554,2639.5893416156728,2657.0893458931428,578375
1993-02-22,2657.0893458931428,2744.284241825713,2657.0893458931428,2728.0045778550734,428421
1993-02-23,2728.0045778550734,2945.8657082717223,2728.0045778550734,2903.8939794665325,622691
1993-02-24,2903.8939794665325,2903.8939794665325,2856.9929049207485,2862.1096108685356,472993
1993-02-25,2862.1096108685356,2862.1096108685356,2767.681873856279,2801.900624154433,403268
1993-02-26,2801.900624154433,2860.6707562128,2789.2773167440396,2827.247311988552,457071
1993-03-01,2827.247311988552,2859.095893477367,2821.9511740685693,2824.7739610480426,480181
1993-03-02,2824.7739610480426,2946.1125680363302,2824.7739610480426,2903.2774766613143,578256
1993-03-03,2903.2774766613143,2933.115201171214,2862.2989644975673,2904.38082310881,566319
1993-03-04,2904.38082310881,2904.38082310881,2812.0966653321466,2840.1133264591135,512405
1993-03-05,2840.1133264591135,2879.6921419077844,2812.3472846496347,2854.208884219177,610762
1993-03-08,2854.208884219177,2854.208884219177,2757.691950614668,2785.6442074050747,465687
1993-03-09,2785.6442074050747,2785.6442074050747,2716.070136777422,2728.7075923451334,399041
1993-03-10,2728.7075923451334,2786.0563590106244,2728.7075923451334,2756.4940205823,412866
1993-03-11,2756.4940205823,2756.4940205823,2701.887069763252,2710.6270969435313,471734
1993-03-12,2710.6270969435313,2762.6078830723227,2706.444347826815,2746.926982266311,617249
1993-03-15,2746.926982266311,2746.926982266311,2692.7091540126794,2709.045585143688,595034
1993-03-16,2709.045585143688,2812.8767977737016,2709.045585143688,2773.881896076708,556000
1993-03-17,2773.881896076708,2773.881896076708,2678.814185728785,2693.2951437485517,533041
1993-03-18,2693.2951437485517,2693.2951437485517,2649.3074928578717,2664.5110206535683,433728
1993-03-19,2664.5110206535683,2664.5110206535683,2585.642144242262,2613.6924306292353,401724
1993-03-22,2613.6924306292353,2768.1370433641714,2613.6924306292353,2733.391608996773,395487
1993-03-23,2733.391608996773,2888.354197801784,2733.391608996773,2853.9432238665427,533376
1993-03-24,2853.9432238665427,2853.9432238665427,2775.427820266031,2812.8691820198173,528543
1993-03-25,2812.8691820198173,2983.832982717161,2812.8691820198173,2954.2934000892287,465839
1993-03-26,2954.2934000892287,2954.2934000892287,2853.063884639043,2891.7729770706405,338310
1993-03-29,2891.7729770706405,2923.869258194938,2848.42530607469,2890.9414204639174,541091
1993-03-30,2890.9414204639174,2890.9414204639174,2773.8194631752235,2789.624760805105,382605
1993-03-31,2789.624760805105,2797.159983249461,2764.583838159086,2769.832285271273,510006
1993-04-01,2769.832285271273,2769.832285271273,2723.5350120571447,2749.4342807361963,414585
1993-04-02,2749.4342807361963,2749.4342807361963,2629.179099032254,2655.1391333268257,546313
1993-04-05,2655.1391333268257,2655.1391333268257,2496.8514040082205,2510.596709384363,609182
1993-04-06,2510.596709384363,2568.797988461417,2510.596709384363,2532.39490725216,444400
1993-04-07,2532.39490725216,2532.39490725216,2494.1253543558287,2505.77020347439,683085
1993-04-08,2505.77020347439,2607.0831034383064,2505.77020347439,2579.605824738739,544116
1993-04-09,2579.605824738739,2615.1461463916985,2579.605824738739,2600.4424853647756,550188
1993-04-12,2600.4424853647756,2600.4424853647756,2453.021915645557,2481.7691492892773,488393
1993-04-13,2481.7691492892773,2489.497610616719,2466.4647430721902,2488.2963953910876,519849
1993-04-14,2488.2963953910876,2519.473201403479,2448.2805633625835,2485.064016104547,514532
1993-04-15,2485.064016104547,2559.304341734134,2485.064016104547,2543.1847852489364,546333
1993-04-16,2543.1847852489364,2543.1847852489364,2494.1935705591886,2503.2328250648848,438984
1993-04-19,2503.2328250648848,2503.2328250648848,2425.8712955314454,2456.3223713472134,485142
1993-04-20,2456.3223713472134,2483.423449884419,2428.101518873342,2460.3909817059753,542126
1993-04-21,2460.3909817059753,2460.3909817059753,2426.716929129879,2441.3930423759302,529495
1993-04-22,2441.3930423759302,2456.0805582998755,2418.454555541506,2444.422814475478,510118
1993-04-23,2444.422814475478,2494.089466118597,2435.7124916106654,2470.680467840136,523056
1993-04-26,2470.680467840136,2571.0107744101606,2470.680467840136,2534.3959597241496,579503
1993-04-27,2534.3959597241496,2635.6419825526737,2534.3959597241496,2609.325943320853,533710
1993-04-28,2609.325943320853,2609.325943320853,2513.103072221362,2533.456534145324,497560
1993-04-29,2533.456534145324,2533.456534145324,2370.358126774056,2373.6002894480107,492159
1993-04-30,2373.6002894480107,2373.6002894480107,2325.131536167503,2345.066980644171,663649
1993-05-03,2345.066980644171,2345.066980644171,2294.7789311203974,2327.6723204204186,372910
1993-05-04,2327.6723204204186,2497.3411037586493,2327.6723204204186,2489.068580342771,432069
1993-05-05,2489.068580342771,2489.068580342771,2447.9415367370357,2460.845454436615,523077
1993-05-06,2460.845454436615,2460.845454436615,2396.078258118493,2427.8842935155576,452925
1993-05-07,2427.8842935155576,2427.8842935155576,2338.191634481653,2363.4272615413697,506239
1993-05-10,2363.4272615413697,2367.4363660538197,2311.7887150636648,2344.3113180062637,583772
1993-05-11,2344.3113180062637,2421.3101676520346,2344.3113180062637,2409.2857737666523,521302
1993-05-12,2409.2857737666523,2420.613752388414,2361.8661357665283,2395.0190919228817,509127
1993-05-13,2395.0190919228817,2395.0190919228817,2285.423465432065,2290.0742861512645,685327
1993-05-14,2290.0742861512645,2329.5431747179036,2290.0742861512645,2305.0121828788933,609883
1993-05-17,2305.0121828788933,2305.0121828788933,2263.7368670864043,2286.5504636201417,344574
1993-05-18,2286.5504636201417,2346.221203287124,2286.5504636201417,2334.6014591850285,478710
1993-05-19,2334.6014591850285,2401.0118035390656,2334.6014591850285,2393.6695072722855,478815
1993-05-20,2393.6695072722855,2393.6695072722855,2292.2611008364665,2307.8083914713857,484575
1993-05-21,2307.8083914713857,2334.8155894557685,2298.393645617568,2327.7669524610897,459125
1993-05-24,2327.7669524610897,2557.1085267524804,2327.7669524610897,2521.6441798600927,309748
1993-05-25,2521.6441798600927,2548.404930246267,2521.6441798600927,2546.7310194183488,420638
1993-05-26,2546.7310194183488,2645.8976910454708,2546.7310194183488,2637.240209909382,554514
1993-05-27,2637.240209909382,2665.771065656499,2603.9823410268386,2632.4799467988305,440897
1993-05-28,2632.4799467988305,2632.4799467988305,2572.7999493532993,2609.9756961207013,457608
1993-05-31,2609.9756961207013,2609.9756961207013,2407.8160645240587,2413.7366095052216,514651
1993-06-01,2413.7366095052216,2413.7366095052216,2349.8560274051238,2364.671166910443,607256
1993-06-02,2364.671166910443,2423.3846263796977,2364.671166910443,2408.1621181963505,524102
1993-06-03,2408.1621181963505,2423.09701269111,2380.3923634571765,2402.9100601946634,586070
1993-06-04,2402.9100601946634,2402.9100601946634,2314.763618666633,2333.7496194342843,494506
1993-06-07,2333.7496194342843,2333.7496194342843,2226.43797839425,2257.9140331877607,481409
1993-06-08,2257.9140331877607,2257.9140331877607,2151.7351009180593,2178.1212283833192,526270
1993-06-09,2178.1212283833192,2251.7501282071544,2178.1212283833192,2247.826510329531,427779
1993-06-10,2247.826510329531,2272.5408694388275,2247.826510329531,2270.9705601154055,583442
1993-06-11,2270.9705601154055,2270.9705601154055,2237.8480871483976,2264.140780860667,318222
1993-06-14,2264.140780860667,2399.2739119661624,2264.140780860667,2379.303597534204,379915
1993-06-15,2379.303597534204,2379.303597534204,2357.6911558396646,2361.601805488187,550276
1993-06-16,2361.601805488187,2361.601805488187,2302.482213748326,2329.1733980904805,418438
1993-06-17,2329.1733980904805,2346.1264492711216,2329.1733980904805,2344.9253636354943,504192
1993-06-18,2344.9253636354943,2455.1080211259887,2344.9253636354943,2450.122508923119,586457
1993-06-21,2450.122508923119,2450.122508923119,2374.0261904998233,2396.234185483673,578505
1993-06-22,2396.234185483673,2477.128029624229,2396.234185483673,2446.554944695843,487441
1993-06-23,2446.554944695843,2446.554944695843,2413.64850222909,2417.4572787991715,471038
1993-06-24,2417.4572787991715,2477.684439024656,2417.4572787991715,2451.6019793241985,483813
1993-06-25,2451.6019793241985,2607.0885507019552,2451.6019793241985,2583.055096242212,419062
1993-06-28,2583.055096242212,2583.055096242212,2466.638830834087,2474.9594086036304,592124
1993-06-29,2474.9594086036304,2602.070706187028,2474.9594086036304,2572.5168174919327,677684
1993-06-30,2572.5168174919327,2658.513802145398,2572.5168174919327,2637.5296769819706,582176
1993-07-01,2637.5296769819706,2699.231647552952,2637.5296769819706,2666.7262833965183,573425
1993-07-02,2666.7262833965183,2689.3750452467325,2640.4676843947364,2653.645177348031,394993
1993-07-05,2653.645177348031,2704.7939088443736,2641.4333549788576,2665.9204053238223,549740
1993-07-06,2665.9204053238223,2706.375300003459,2645.239889099891,2679.86237945368,566140
1993-07-07,2679.86237945368,2679.86237945368,2603.5498046331486,2605.4431736055108,520008
1993-07-08,2605.4431736055108,2665.742198044261,2605.4431736055108,2661.7311763262064,409253
1993-07-09,2661.7311763262064,2720.418275653776,2661.7311763262064,2716.137396031676,628018
1993-07-12,2716.137396031676,2761.559974832254,2716.137396031676,2732.517465584449,504001
1993-07-13,2732.517465584449,2808.224355117171,2732.517465584449,2805.371559020176,574071
1993-07-14,2805.371559020176,2927.050088926267,2805.371559020176,2894.2577577105976,551563
1993-07-15,2894.2577577105976,2894.2577577105976,2717.8202295088017,2728.538584361468,605636
1993-07-16,2728.538584361468,2728.538584361468,2571.820584620866,2586.0496644638006,363812
1993-07-19,2586.0496644638006,2626.2189541310986,2580.266170980768,2615.0277443003515,518611
1993-07-20,2615.0277443003515,2638.4537808582186,2576.0387292257146,2614.09896549578,526894
1993-07-21,2614.09896549578,2614.09896549578,2524.428517208273,2539.3288615927127,450667
1993-07-22,2539.3288615927127,2560.626551200743,2539.3288615927127,2554.6241531458163,705268
1993-07-23,2554.6241531458163,2593.4000833045598,2543.3174321948886,2562.376099487212,665021
1993-07-26,2562.376099487212,2562.376099487212,2489.6782800848805,2493.2565815388853,529776
1993-07-27,2493.2565815388853,2558.609372427177,2493.2565815388853,2543.3275619422243,451822
1993-07-28,2543.3275619422243,2668.2225949163962,2543.3275619422243,2648.9543785661754,377209
1993-07-29,2648.9543785661754,2755.980884355699,2648.9543785661754,2721.429926982013,405467
1993-07-30,2721.429926982013,2721.429926982013,2651.487581452006,2673.622853472869,493137
1993-08-02,2673.622853472869,2673.622853472869,2625.568258205832,2657.200562802781,454714
1993-08-03,2657.200562802781,2657.200562802781,2613.024320079514,2635.246017476374,557694
1993-08-04,2635.246017476374,2714.893334317798,2635.246017476374,2685.4468359529783,462819
1993-08-05,2685.4468359529783,2817.396289822571,2685.4468359529783,2812.993691079122,343960
1993-08-06,2812.993691079122,2812.993691079122,2756.104438713782,2763.725125366797,594330
1993-08-09,2763.725125366797,2774.129131978026,2737.0638580696177,2765.2389094689183,580290
1993-08-10,2765.2389094689183,2897.47634811721,2765.2389094689183,2887.108412158656,527819
1993-08-11,2887.108412158656,3044.8737254147118,2887.108412158656,3007.7154338932173,366559
1993-08-12,3007.7154338932173,3007.7154338932173,2863.8570329347,2886.8081067602207,390143
1993-08-13,2886.8081067602207,2898.092108530631,2850.735448861253,2888.3129510917315,568897
1993-08-16,2888.3129510917315,2888.3129510917315,2813.569234294556,2818.129210057312,490897
1993-08-17,2818.129210057312,2905.781067278983,2818.129210057312,2873.409618579778,239617
1993-08-18,2873.409618579778,2873.409618579778,2763.217503434399,2800.3378782690997,490562
1993-08-19,2800.3378782690997,2812.2654976431413,2787.0273013566734,2804.4122671567607,425158
1993-08-20,2804.4122671567607,2814.336966634922,2787.9082647987693,2788.6392472924613,542443
1993-08-23,2788.6392472924613,2833.508543295508,2788.6392472924613,2828.1825811099066,319613
1993-08-24,2828.1825811099066,2828.1825811099066,2739.9663867412364,2779.708106304364,519218
1993-08-25,2779.708106304364,2833.2989840325044,2769.7170137049807,2800.2998901155197,487619
1993-08-26,2800.2998901155197,2800.2998901155197,2753.0724417160627,2763.788972411382,503306
1993-08-27,2763.788972411382,2811.552526135294,2763.788972411382,2805.750408052371,428964
1993-08-30,2805.750408052371,2895.540989502481,2805.750408052371,2867.8602109181675,528539
1993-08-31,2867.8602109181675,2977.844218827043,2867.8602109181675,2950.0508942518295,475547
1993-09-01,2950.0508942518295,2950.0508942518295,2852.4160323119977,2856.3115205577337,519198
1993-09-02,2856.3115205577337,2856.3115205577337,2821.0957526872066,2834.1238544787598,585807
1993-09-03,2834.1238544787598,2962.5630882584196,2834.1238544787598,2926.1017688776574,535115
1993-09-06,2926.1017688776574,2946.1601000578303,2906.527760486815,2943.102673268781,406717
1993-09-07,2943.102673268781,2982.791820129038,2924.194953193789,2968.6902876729623,461376
1993-09-08,2968.6902876729623,2968.6902876729623,2852.0483156967284,2881.4720030437093,464615
1993-09-09,2881.4720030437093,3067.340304622334,2881.4720030437093,3059.422251218108,613323
1993-09-10,3059.422251218108,3126.088375124281,3047.0941820666944,3084.594447068724,449177
1993-09-13,3084.594447068724,3158.4788618287903,3078.12402550484,3117.8616979011567,307293
1993-09-14,3117.8616979011567,3121.2326409282036,3035.9435982419195,3079.146496407022,470660
1993-09-15,3079.146496407022,3079.146496407022,2893.9842951660644,2930.3333954565474,530705
1993-09-16,2930.3333954565474,3062.6304794845328,2930.3333954565474,3018.784814248151,450535
1993-09-17,3018.784814248151,3035.2390248546467,2990.2405668727783,2994.1231398395257,468308
1993-09-20,2994.1231398395257,2994.1231398395257,2946.047090673622,2970.902920794011,458588
1993-09-21,2970.902920794011,2970.902920794011,2908.641163583975,2929.209641421274,405383
1993-09-22,2929.209641421274,3022.8339738287805,2929.209641421274,2992.413103066186,479385
1993-09-23,2992.413103066186,3012.6065014571795,2961.4726197156565,2999.942384712333,439024
1993-09-24,2999.942384712333,3122.2862981663834,2999.942384712333,3092.944184617444,382909
1993-09-27,3092.944184617444,3176.307147651694,3092.944184617444,3129.8410443121256,411372
1993-09-28,3129.8410443121256,3197.3143417682486,3129.8410443121256,3186.191170704665,376769
1993-09-29,3186.191170704665,3186.191170704665,3080.6957232716063,3113.042088505662,562280
1993-09-30,3113.042088505662,3113.042088505662,3027.832898434169,3065.698830484834,500674
1993-10-01,3065.698830484834,3075.3773584092555,3033.1207329636422,3044.8060432742377,642838
1993-10-04,3044.8060432742377,3133.533861213559,3044.8060432742377,3101.6753017949522,500174
1993-10-05,3101.6753017949522,3197.1653558508797,3101.6753017949522,3177.1330576453374,508689
1993-10-06,3177.1330576453374,3232.8008335071486,3159.1453534772186,3199.718650989046,556694
1993-10-07,3199.718650989046,3232.5575913370803,3181.116351809252,3205.4843518806233,443479
1993-10-08,3205.4843518806233,3205.4843518806233,3148.483313283236,3172.844253959129,551408
1993-10-11,3172.844253959129,3239.9608687606574,3172.844253959129,3220.977809165251,486073
1993-10-12,3220.977809165251,3240.526402942774,3166.2637553629093,3194.738001878559,502061
1993-10-13,3194.738001878559,3194.738001878559,3076.5415061495964,3099.11696971197,463054
1993-10-14,3099.11696971197,3099.11696971197,3032.571230349297,3057.78313385268,539698
1993-10-15,3057.78313385268,3105.8024285629413,3040.681851897564,3066.9056453042863,604613
1993-10-18,3066.9056453042863,3163.391626706587,3066.9056453042863,3146.6002759830203,440305
1993-10-19,3146.6002759830203,3146.6002759830203,3061.044868365372,3094.5717306928836,404603
1993-10-20,3094.5717306928836,3163.2933721285194,3094.5717306928836,3135.426758316996,462811
1993-10-21,3135.426758316996,3141.8505518464412,3065.8202659824833,3104.480423918412,511012
1993-10-22,3104.480423918412,3121.3925732233533,3089.5456605117474,3101.952681586352,475226
1993-10-25,3101.952681586352,3101.952681586352,3080.124229152344,3096.1568390380357,626197
1993-10-26,3096.1568390380357,3324.4448217441754,3096.1568390380357,3279.808926169626,526715
1993-10-27,3279.808926169626,3321.218898846374,3237.3885076436386,3283.172671405543,460773
1993-10-28,3283.172671405543,3316.278804992301,3259.6550338291527,3270.920752195267,525513
1993-10-29,3270.920752195267,3374.3913788735163,3270.920752195267,3337.580996560306,590129
1993-11-01,3337.580996560306,3378.230737114922,3321.863498113745,3347.353724722373,295725
1993-11-02,3347.353724722373,3347.353724722373,3251.111043583867,3280.479847883329,412282
1993-11-03,3280.479847883329,3367.7855295105715,3280.479847883329,3335.170576366157,442397
1993-11-04,3335.170576366157,3335.170576366157,3228.0970991009212,3253.882436207391,501038
1993-11-05,3253.882436207391,3253.882436207391,3171.7487519494475,3191.337830194588,467789
1993-11-08,3191.337830194588,3247.810577049172,3191.337830194588,3228.363071563659,699403
1993-11-09,3228.363071563659,3228.363071563659,3106.959806686371,3125.268313085713,535885
1993-11-10,3125.268313085713,3125.268313085713,3022.184786139412,3028.028749428612,373471
1993-11-11,3028.028749428612,3090.9002310668075,3028.028749428612,3077.76316524216,458084
1993-11-12,3077.76316524216,3224.553960048916,3077.76316524216,3214.07139035256,445173
1993-11-15,3214.07139035256,3295.2698321886874,3214.07139035256,3260.527523032334,442025
1993-11-16,3260.527523032334,3421.0575575338353,3260.527523032334,3381.2974697853733,536260
1993-11-17,3381.2974697853733,3384.7937232785926,3348.147211823155,3375.539624015949,486389
1993-11-18,3375.539624015949,3375.539624015949,3240.439203176904,3258.4480137914943,474730
1993-11-19,3258.4480137914943,3258.4480137914943,3152.142486113655,3161.626599274677,383337
1993-11-22,3161.626599274677,3161.626599274677,3087.24899916909,3123.6857553185428,614834
1993-11-23,3123.6857553185428,3147.6912617615703,3083.29910605062,3116.4982608915197,480038
1993-11-24,3116.4982608915197,3175.1515723881266,3116.4982608915197,3172.03060537505,525299
1993-11-25,3172.03060537505,3225.5056291559663,3172.03060537505,3222.3236531642206,575604
1993-11-26,3222.3236531642206,3222.3236531642206,3179.195004940313,3187.4406123183508,472888
1993-11-29,3187.4406123183508,3274.5159082589507,3187.4406123183508,3232.098570837929,578422
1993-11-30,3232.098570837929,3302.1210958092393,3232.098570837929,3292.3159611664414,450652
1993-12-01,3292.3159611664414,3344.139196445242,3292.3159611664414,3330.669910220816,551990
1993-12-02,3330.669910220816,3330.669910220816,3221.844077814354,3251.6920666068627,651354
1993-12-03,3251.6920666068627,3385.6172595056773,3251.6920666068627,3351.084878449281,447912
1993-12-06,3351.084878449281,3351.084878449281,3235.0596713116443,3259.454058810587,575987
1993-12-07,3259.454058810587,3441.0293806399304,3259.454058810587,3411.3194834372484,539069
1993-12-08,3411.3194834372484,3531.778818969914,3411.3194834372484,3506.30349082002,535558
1993-12-09,3506.30349082002,3506.30349082002,3436.1867520018727,3470.1775080661273,556268
1993-12-10,3470.1775080661273,3470.1775080661273,3398.4291825663436,3433.196535594399,453590
1993-12-13,3433.196535594399,3474.4379010698062,3392.092218535207,3431.1203906952387,410354
1993-12-14,3431.1203906952387,3431.1203906952387,3351.082378470216,3401.7744093752954,388733
1993-12-15,3401.7744093752954,3552.978556023678,3401.7744093752954,3522.873014300975,391028
1993-12-16,3522.873014300975,3562.1635376077456,3522.873014300975,3549.7893934187123,524977
1993-12-17,3549.7893934187123,3661.3723730539523,3549.7893934187123,3642.202709708452,315099
1993-12-20,3642.202709708452,3642.202709708452,3505.7991472111394,3522.361547065345,491066
1993-12-21,3522.361547065345,3754.26686556963,3522.361547065345,3741.7197559484853,551919
1993-12-22,3741.7197559484853,3741.7197559484853,3632.981533379614,3635.6721496904906,407398
1993-12-23,3635.6721496904906,3635.6721496904906,3529.4255518441646,3540.6333933395204,476203
1993-12-24,3540.6333933395204,3540.6333933395204,3432.876353156821,3482.796929131582,421471
1993-12-27,3482.796929131582,3560.0951952826217,3476.709096650407,3520.4797789616655,554038
1993-12-28,3520.4797789616655,3520.4797789616655,3398.662662950408,3415.494681960781,648149
1993-12-29,3415.494681960781,3415.494681960781,3287.776859884653,3337.1732593248066,393696
1993-12-30,3337.1732593248066,3350.615657661272,3306.447818148492,3314.6963169358637,483110
1993-12-31,3314.6963169358637,3314.6963169358637,3153.385913148964,3200.9841273324378,511449
1994-01-03,3200.9841273324378,3201.9691626514013,3189.3700750117396,3197.4567597875907,523873
1994-01-04,3197.4567597875907,3197.4567597875907,3101.853585169763,3117.6722907699855,617297
1994-01-05,3117.6722907699855,3207.148378777936,3117.6722907699855,3172.302697276268,435786
1994-01-06,3172.302697276268,3261.9625540973784,3172.302697276268,3225.1539249615566,361707
1994-01-07,3225.1539249615566,3225.1539249615566,3157.9989715524353,3198.240972112642,549046
1994-01-10,3198.240972112642,3257.416242332379,3198.240972112642,3238.011003835451,558574
1994-01-11,3238.011003835451,3238.011003835451,3168.1803069421785,3216.0829670752396,480713
1994-01-12,3216.0829670752396,3277.72628240622,3216.0829670752396,3277.4837427362336,507767
1994-01-13,3277.4837427362336,3382.583362825523,3277.4837427362336,3352.65801450008,443987
1994-01-14,3352.65801450008,3538.658690877054,3352.65801450008,3536.890562986782,543137
1994-01-17,3536.890562986782,3536.890562986782,3492.1016192238803,3531.1469334109725,484142
1994-01-18,3531.1469334109725,3677.848550678885,3531.1469334109725,3628.5852295896316,422447
1994-01-19,3628.5852295896316,3771.2501677136124,3628.5852295896316,3758.6497479539335,460976
1994-01-20,3758.6497479539335,3758.6497479539335,3734.5804392406917,3743.854053747323,319808
1994-01-21,3743.854053747323,3791.813603407169,3743.854053747323,3761.0550780143,437653
1994-01-24,3761.0550780143,3761.0550780143,3560.4590696550736,3608.997335323327,434348
1994-01-25,3608.997335323327,3726.4245360297173,3608.997335323327,3694.8926374218904,464009
1994-01-26,3694.8926374218904,3857.487566195741,3694.8926374218904,3817.1688314596736,519878
1994-01-27,3817.1688314596736,3851.153189778632,3800.882891445227,3811.135400639613,541473
1994-01-28,3811.135400639613,3811.135400639613,3752.257127010728,3754.966785397455,559442
1994-01-31,3754.966785397455,3754.966785397455,3671.71928227898,3698.6411340672753,630205
1994-02-01,3698.6411340672753,3760.882222196009,3698.6411340672753,3727.7942601386244,522746
1994-02-02,3727.7942601386244,3775.622370676894,3691.663308705821,3720.262922261291,452336
1994-02-03,3720.262922261291,3863.283567230276,3720.262922261291,3843.185120688345,669001
1994-02-04,3843.185120688345,3871.317529748594,3843.185120688345,3858.6226720395016,420282
1994-02-07,3858.6226720395016,3900.7167857410323,3858.6226720395016,3867.6748894839116,667641
1994-02-08,3867.6748894839116,3897.523189463828,3867.6748894839116,3895.6745455814334,434687
1994-02-09,3895.6745455814334,4255.08747724368,3895.6745455814334,4214.404920376806,542002
1994-02-10,4214.404920376806,4214.404920376806,4130.808949974359,4176.183774599954,398347
1994-02-11,4176.183774599954,4199.392295130217,4147.731105041332,4170.58527389539,589031
1994-02-14,4170.58527389539,4274.450618061466,4170.58527389539,4261.253449472824,501500
1994-02-15,4261.253449472824,4263.297417402985,4187.275639526835,4213.523398665304,502536
1994-02-16,4213.523398665304,4320.4797624397615,4213.523398665304,4270.805360603787,564090
1994-02-17,4270.805360603787,4270.805360603787,4029.191268463404,4074.1697512536266,387638
1994-02-18,4074.1697512536266,4341.631616270984,4074.1697512536266,4312.422416291232,545638
1994-02-21,4312.422416291232,4312.422416291232,4214.991092472039,4249.513579663997,434086
1994-02-22,4249.513579663997,4332.920406955353,4220.562705980773,4284.813189508221,476673
1994-02-23,4284.813189508221,4284.813189508221,4197.209619172056,4223.851383936939,469291
1994-02-24,4223.851383936939,4297.953640463816,4223.851383936939,4289.658523640094,595678
1994-02-25,4289.658523640094,4289.658523640094,4108.2720028182675,4168.136198390496,472564
1994-02-28,4168.136198390496,4168.136198390496,4027.120912466115,4054.600450030982,682619
1994-03-01,4054.600450030982,4180.923019119906,4054.600450030982,4124.292697879814,519676
1994-03-02,4124.292697879814,4161.641933058174,4124.292697879814,4138.557104762897,468026
1994-03-03,4138.557104762897,4138.557104762897,3941.070128193682,3983.048754013943,590935
1994-03-04,3983.048754013943,4102.257423862546,3983.048754013943,4048.9746450832135,450338
1994-03-07,4048.9746450832135,4066.696555265865,4004.7422655388505,4058.490538689669,446547
1994-03-08,4058.490538689669,4064.355378490319,3992.8608647343003,4024.2374960671013,575011
1994-03-09,4024.2374960671013,4041.085421378708,3958.613731185705,3992.544703847356,555135
1994-03-10,3992.544703847356,3992.544703847356,3875.726829986105,3878.777771644465,495336
1994-03-11,3878.777771644465,3945.9965915139364,3878.777771644465,3921.4159226463785,587338
1994-03-14,3921.4159226463785,4063.6165106991484,3921.4159226463785,4039.0916459329665,451714
1994-03-15,4039.0916459329665,4062.7306566169614,3997.0340587700766,4014.008848625976,532979
1994-03-16,4014.008848625976,4115.780710270685,4014.008848625976,4061.117532446342,534973
1994-03-17,4061.117532446342,4061.117532446342,3994.4997338097073,4003.3174753928506,469875
1994-03-18,4003.3174753928506,4003.3174753928506,3856.2476034673955,3902.080587349634,626008
1994-03-21,3902.080587349634,3902.080587349634,3828.165422674453,3855.7798006338894,586661
1994-03-22,3855.7798006338894,3855.7798006338894,3789.869227101484,3793.8872966471245,426591
1994-03-23,3793.8872966471245,4026.348494166143,3793.8872966471245,4017.618344156203,592465
1994-03-24,4017.618344156203,4017.618344156203,3888.6361599449406,3892.874114635378,419156
1994-03-25,3892.874114635378,3892.874114635378,3717.208302720429,3746.234982477514,606746
1994-03-28,3746.234982477514,3746.234982477514,3530.700617587038,3554.468871078187,474010
1994-03-29,3554.468871078187,3554.468871078187,3449.632057776551,3469.919005730333,462039
1994-03-30,3469.919005730333,3469.919005730333,3344.6770667013798,3378.2055268498557,547323
1994-03-31,3378.2055268498557,3560.3718774292047,3378.2055268498557,3531.823732177602,554621
1994-04-01,3531.823732177602,3588.3803930893027,3531.823732177602,3584.0754299581213,484558
1994-04-04,3584.0754299581213,3587.3436430091106,3505.5892896178307,3537.123090716505,483299
1994-04-05,3537.123090716505,3595.7248444045017,3518.209227736218,3553.056190683218,388127
1994-04-06,3553.056190683218,3664.319234394297,3553.056190683218,3659.308310571256,490631
1994-04-07,3659.308310571256,3659.308310571256,3526.498393049771,3556.6259770680863,517498
1994-04-08,3556.6259770680863,3707.0570836025095,3556.6259770680863,3678.8374895237466,401239
1994-04-11,3678.8374895237466,3692.1866699586703,3631.759542489396,3639.0423351819168,629123
1994-04-12,3639.0423351819168,3639.0423351819168,3491.6814476786753,3509.496406233887,492115
1994-04-13,3509.496406233887,3509.496406233887,3304.9521608472746,3337.0682723953964,583317
1994-04-14,3337.0682723953964,3397.061524724163,3327.022613737328,3363.5822696094347,432167
1994-04-15,3363.5822696094347,3363.5822696094347,3333.182032860917,3333.900190534018,472517
1994-04-18,3333.900190534018,3333.900190534018,3074.002520761641,3104.4581620861372,689702
1994-04-19,3104.4581620861372,3266.222389135215,3104.4581620861372,3232.8886076188105,532285
1994-04-20,3232.8886076188105,3393.8839576499513,3232.8886076188105,3349.2034865642668,588483
1994-04-21,3349.2034865642668,3349.2034865642668,3199.830729601221,3218.0661452402037,472408
1994-04-22,3218.0661452402037,3399.0009582548014,3218.0661452402037,3362.366274917864,558428
1994-04-25,3362.366274917864,3362.366274917864,3310.2977710141295,3323.9786306466394,588034
1994-04-26,3323.9786306466394,3323.9786306466394,3198.185107828092,3199.7939245833118,559971
1994-04-27,3199.7939245833118,3199.7939245833118,3091.1312526328165,3100.4722868260087,461378
1994-04-28,3100.4722868260087,3100.4722868260087,2998.988127648514,3027.4130798087954,412650
1994-04-29,3027.4130798087954,3123.78330983372,3027.4130798087954,3111.027062632746,563647
1994-05-02,3111.027062632746,3111.027062632746,2965.498611797075,2999.332037778429,511548
1994-05-03,2999.332037778429,2999.332037778429,2941.248685007934,2955.5120924093085,490424
1994-05-04,2955.5120924093085,2981.5553540158826,2949.222128484665,2965.3491795442856,459683
1994-05-05,2965.3491795442856,2965.3491795442856,2844.4102014742994,2861.972557466167,540942
1994-05-06,2861.972557466167,2973.0986803002306,2861.972557466167,2953.2011888769835,531132
1994-05-09,2953.2011888769835,3007.394757434067,2953.2011888769835,2992.8003644959485,720563
1994-05-10,2992.8003644959485,2992.8003644959485,2922.8622497125793,2924.7736622965404,508443
1994-05-11,2924.7736622965404,2924.7736622965404,2801.2446327172456,2843.5041088674707,484356
1994-05-12,2843.5041088674707,2843.5041088674707,2790.3063924944095,2802.288418364782,529637
1994-05-13,2802.288418364782,2802.288418364782,2692.1650195865554,2712.5024617539134,535687
1994-05-16,2712.5024617539134,2754.42928797413,2712.5024617539134,2732.9144467907017,431424
1994-05-17,2732.9144467907017,2732.9144467907017,2680.6904083784425,2681.581050034765,492478
1994-05-18,2681.581050034765,2770.552572224997,2681.581050034765,2730.664241010088,511415
1994-05-19,2730.664241010088,2819.17655636056,2730.664241010088,2784.5934566325786,460949
1994-05-20,2784.5934566325786,2935.2912604681187,2784.5934566325786,2915.326545484388,402472
1994-05-23,2915.326545484388,2915.326545484388,2825.559171763426,2829.869591622916,499984
1994-05-24,2829.869591622916,2956.1253114866972,2829.869591622916,2928.227835300492,405470
1994-05-25,2928.227835300492,2991.585363328423,2928.227835300492,2977.5916806591313,504758
1994-05-26,2977.5916806591313,3056.791145077635,2974.1057581079917,3016.662969448727,658319
1994-05-27,3016.662969448727,3016.662969448727,2832.1608533303342,2871.4841644087523,412065
1994-05-30,2871.4841644087523,2881.133105057692,2814.8016458963607,2840.781927113141,641051
1994-05-31,2840.781927113141,2840.781927113141,2701.104039640008,2711.6904479067252,444868
1994-06-01,2711.6904479067252,2846.79938322355,2711.6904479067252,2811.9340800627015,426321
1994-06-02,2811.9340800627015,2811.9340800627015,2769.66737018157,2781.184971823232,538304
1994-06-03,2781.184971823232,2840.098288867986,2781.184971823232,2817.4420584667864,362718
1994-06-06,2817.4420584667864,2846.6137007920897,2800.540305772225,2825.5241029095105,478825
1994-06-07,2825.5241029095105,2825.5241029095105,2773.279417204148,2773.386627099386,442286
1994-06-08,2773.386627099386,2773.386627099386,2629.1825019837993,2661.7794738419084,571351
1994-06-09,2661.7794738419084,2796.31441940878,2661.7794738419084,2772.1903236308553,355547
1994-06-10,2772.1903236308553,2890.688269434691,2772.1903236308553,2861.4951949467877,406084
1994-06-13,2861.4951949467877,2861.4951949467877,2803.815728179814,2842.3313050764978,529196
1994-06-14,2842.3313050764978,2842.3313050764978,2725.8132997529074,2764.8849663397027,402498
1994-06-15,2764.8849663397027,2785.938468264658,2737.207207440139,2755.1876088925383,504565
1994-06-16,2755.1876088925383,2755.1876088925383,2725.118084214514,2733.235106077857,538728
1994-06-17,2733.235106077857,2773.995139416667,2733.235106077857,2755.602469194302,421675
1994-06-20,2755.602469194302,2766.0511107419047,2717.4321290389535,2734.6983675690435,525349
1994-06-21,2734.6983675690435,2734.6983675690435,2634.377957363789,2671.6990759350174,602370
1994-06-22,2671.6990759350174,2693.066651868891,2643.583561714834,2659.3636406708006,565387
1994-06-23,2659.3636406708006,2659.3636406708006,2567.2539598536127,2593.678398159161,480231
1994-06-24,2593.678398159161,2593.678398159161,2378.618735011759,2394.855470432911,531403
1994-06-27,2394.855470432911,2419.516851721232,2389.759394137449,2397.6238019924735,687468
1994-06-28,2397.6238019924735,2417.838126548,2397.6238019924735,2411.0884181680335,515271
1994-06-29,2411.0884181680335,2523.5149702952517,2411.0884181680335,2514.7302188580857,460124
1994-06-30,2514.7302188580857,2565.418724203542,2514.7302188580857,2559.0162713801183,448835
1994-07-01,2559.0162713801183,2691.560656311032,2559.0162713801183,2662.402904210513,501090
1994-07-04,2662.402904210513,2794.1664627975197,2662.402904210513,2754.5721206715166,537573
1994-07-05,2754.5721206715166,2838.0637553805955,2754.5721206715166,2818.678042664839,471772
1994-07-06,2818.678042664839,2818.678042664839,2759.383351151518,2795.6877284417833,528184
1994-07-07,2795.6877284417833,2836.1545021791544,2795.6877284417833,2815.902750114629,522563
1994-07-08,2815.902750114629,2815.902750114629,2694.007198860523,2732.9700059204383,424100
1994-07-11,2732.9700059204383,2732.9700059204383,2633.2335531859685,2647.526805361445,504548
1994-07-12,2647.526805361445,2742.2801507868153,2647.526805361445,2720.2340448595437,701855
1994-07-13,2720.2340448595437,2844.359367505743,2720.2340448595437,2810.0279660788547,471961
1994-07-14,2810.0279660788547,2874.9592397617334,2810.0279660788547,2847.8828238507444,205598
1994-07-15,2847.8828238507444,3004.8980897793494,2847.8828238507444,2976.1180332468684,500474
1994-07-18,2976.1180332468684,2976.1180332468684,2888.3881999406162,2903.6365984008967,517943
1994-07-19,2903.6365984008967,2909.0055057032514,2869.5845152560914,2907.1996511986845,483711
1994-07-20,2907.1996511986845,2959.662804751572,2889.515925272225,2925.116589528617,396199
1994-07-21,2925.116589528617,2925.116589528617,2860.26334700605,2894.1418389462588,493199
1994-07-22,2894.1418389462588,2937.0378536481394,2894.1418389462588,2931.8422639549663,500528
1994-07-25,2931.8422639549663,3066.636377150226,2931.8422639549663,3057.9310176888866,556340
1994-07-26,3057.9310176888866,3057.9310176888866,2997.3914039122465,3040.502513445639,546343
1994-07-27,3040.502513445639,3167.066531142189,3040.502513445639,3127.829251943572,562420
1994-07-28,3127.829251943572,3193.271937018654,3127.829251943572,3173.5326494068627,484820
1994-07-29,3173.5326494068627,3349.3844753824387,3173.5326494068627,3340.283075745744,495654
1994-08-01,3340.283075745744,3454.9599822174414,3340.283075745744,3416.9943147168883,612364
1994-08-02,3416.9943147168883,3424.58546597901,3328.7648582759275,3377.8456260148855,464602
1994-08-03,3377.8456260148855,3467.193475786054,3377.8456260148855,3455.552772894393,586221
1994-08-04,3455.552772894393,3455.552772894393,3271.4354951064015,3304.4081168612743,406729
1994-08-05,3304.4081168612743,3490.505973728881,3304.4081168612743,3449.614431288549,425308
1994-08-08,3449.614431288549,3577.1090192581846,3449.614431288549,3569.6450284543243,402751
1994-08-09,3569.6450284543243,3569.6450284543243,3467.729784835868,3505.486095077644,644620
1994-08-10,3505.486095077644,3578.8682879596154,3505.486095077644,3548.87709180482,464391
1994-08-11,3548.87709180482,3548.87709180482,3506.8277691660187,3525.4465337892093,488695
1994-08-12,3525.4465337892093,3525.4465337892093,3382.6478221983957,3429.3998255928323,533032
1994-08-15,3429.3998255928323,3536.0812475255443,3429.3998255928323,3502.3013353409665,436246
1994-08-16,3502.3013353409665,3553.6688939582623,3502.3013353409665,3547.557979520697,407871
1994-08-17,3547.557979520697,3575.927542215121,3489.7851102126215,3524.9542389518733,517858
1994-08-18,3524.9542389518733,3841.8794367307296,3524.9542389518733,3787.0017598650393,424247
1994-08-19,3787.0017598650393,3790.5970857809125,3759.0059389348908,3790.1580075620454,504222
1994-08-22,3790.1580075620454,3790.1580075620454,3661.0950777710227,3709.214601324871,651199
1994-08-23,3709.214601324871,3842.7480243507403,3709.214601324871,3793.5366899011324,593935
1994-08-24,3793.5366899011324,3972.6155670373582,3793.5366899011324,3925.8161709239653,482176
1994-08-25,3925.8161709239653,3956.112184384795,3922.5373040280897,3953.399520035871,517347
1994-08-26,3953.399520035871,4028.9852291055527,3953.399520035871,4022.276157247841,570771
1994-08-29,4022.276157247841,4022.276157247841,3880.5114286651083,3910.0736321395348,335221
1994-08-30,3910.0736321395348,3962.1662076091293,3852.1609445348413,3905.971761032351,555680
1994-08-31,3905.971761032351,3965.295416117477,3897.801513998263,3949.3718341306117,492175
1994-09-01,3949.3718341306117,3949.3718341306117,3849.0739819766154,3884.9381098724425,473802
1994-09-02,3884.9381098724425,4050.122048300319,3884.9381098724425,4047.767708600513,468647
1994-09-05,4047.767708600513,4161.951844760081,4047.767708600513,4154.115831639536,466869
1994-09-06,4154.115831639536,4258.034788005371,4154.115831639536,4246.380145811688,389329
1994-09-07,4246.380145811688,4456.092659424367,4246.380145811688,4433.953122188262,499837
1994-09-08,4433.953122188262,4569.728585859848,4433.953122188262,4519.421245494593,372611
1994-09-09,4519.421245494593,4757.030197857143,4519.421245494593,4701.515319693928,576172
1994-09-12,4701.515319693928,4855.332264225655,4701.515319693928,4831.828183939538,442993
1994-09-13,4831.828183939538,4954.616578934631,4831.828183939538,4954.135853843001,591474
1994-09-14,4954.135853843001,5027.173856754895,4954.135853843001,5025.3626219565085,639255
1994-09-15,5025.3626219565085,5025.3626219565085,4907.067176126827,4980.756108539119,552411
1994-09-16,4980.756108539119,5277.501920108753,4980.756108539119,5210.546902952225,570576
1994-09-19,5210.546902952225,5303.429537232063,5210.546902952225,5272.809469937317,311983
1994-09-20,5272.809469937317,5493.793260645833,5272.809469937317,5440.918347475593,411956
1994-09-21,5440.918347475593,5601.003187336546,5440.918347475593,5556.104937221863,466514
1994-09-22,5556.104937221863,5615.281906577281,5496.8614002820195,5559.397943354413,336872
1994-09-23,5559.397943354413,5559.397943354413,5130.425448283423,5155.818295214675,386652
1994-09-26,5155.818295214675,5196.84588906303,5109.772272314821,5181.8918038453485,442624
1994-09-27,5181.8918038453485,5187.164803998475,5140.662623724666,5151.799103557632,584864
1994-09-28,5151.799103557632,5458.933975424192,5151.799103557632,5413.647765992323,452536
1994-09-29,5413.647765992323,5700.046426664203,5413.647765992323,5631.634065926472,614927
1994-09-30,5631.634065926472,5663.8752048549195,5631.634065926472,5661.97874549376,647705
1994-10-03,5661.97874549376,5674.360689636282,5615.166257599712,5648.9523518285,460497
1994-10-04,5648.9523518285,5648.9523518285,5337.203511402777,5417.593673633201,492696
1994-10-05,5417.593673633201,5422.540546504944,5354.654359303527,5371.241147231605,424787
1994-10-06,5371.241147231605,5699.789359254241,5371.241147231605,5664.0756623925545,623108
1994-10-07,5664.0756623925545,5916.451163794509,5664.0756623925545,5873.768130508386,633111
1994-10-10,5873.768130508386,5873.768130508386,5841.1411188469465,5845.907333913665,513883
1994-10-11,5845.907333913665,5932.594863739323,5801.108994225381,5877.060979705445,433604
1994-10-12,5877.060979705445,6012.464847834318,5877.060979705445,5964.1572583346815,470760
1994-10-13,5964.1572583346815,6098.4908314322565,5964.1572583346815,6047.378673013373,560073
1994-10-14,6047.378673013373,6219.203416209093,6047.378673013373,6141.846265297798,665597
1994-10-17,6141.846265297798,6141.846265297798,5885.398987101808,5915.165714885016,522061
1994-10-18,5915.165714885016,6170.282271855566,5915.165714885016,6148.182244390846,516261
1994-10-19,6148.182244390846,6148.182244390846,6056.991598672928,6062.620804841648,548317
1994-10-20,6062.620804841648,6062.620804841648,6017.399611853591,6028.858015894876,481987
1994-10-21,6028.858015894876,6121.580284850971,5984.095496028502,6067.184276262356,499428
1994-10-24,6067.184276262356,6067.184276262356,5755.074801714363,5767.920049720664,539594
1994-10-25,5767.920049720664,5868.28377512508,5767.920049720664,5863.523993884338,404690
1994-10-26,5863.523993884338,5944.678806712195,5798.512490070834,5864.365670408027,255634
1994-10-27,5864.365670408027,6025.357352700838,5864.365670408027,5970.393684577266,514113
1994-10-28,5970.393684577266,5970.393684577266,5821.887200016658,5889.009688546361,476188
1994-10-31,5889.009688546361,5889.009688546361,5753.3809137934895,5758.9153779289745,647309
1994-11-01,5758.9153779289745,5758.9153779289745,5680.157604610579,5690.934026701302,394816
1994-11-02,5690.934026701302,5690.934026701302,5534.493220170384,5562.740534058323,435636
1994-11-03,5562.740534058323,5562.740534058323,5382.352102130772,5462.185584601064,490935
1994-11-04,5462.185584601064,5734.439584595533,5462.185584601064,5663.558623607168,489855
1994-11-07,5663.558623607168,5723.0488029608705,5663.558623607168,5710.384511760643,377914
1994-11-08,5710.384511760643,5771.599834774776,5695.810006313034,5734.976422953943,563042
1994-11-09,5734.976422953943,5734.976422953943,5579.05109326566,5600.779211326789,509944
1994-11-10,5600.779211326789,5600.779211326789,5513.378509989167,5544.662331739771,624455
1994-11-11,5544.662331739771,5869.671221101472,5544.662331739771,5841.8649826027,542567
1994-11-14,5841.8649826027,6063.684510866455,5841.8649826027,6030.974530471751,400730
1994-11-15,6030.974530471751,6160.007775429095,6029.794028609223,6088.820743524585,564567
1994-11-16,6088.820743524585,6088.820743524585,5871.277132229894,5890.856498796725,560557
1994-11-17,5890.856498796725,6176.290888383147,5890.856498796725,6102.363418906889,427851
1994-11-18,6102.363418906889,6229.172762941697,6102.363418906889,6222.274644372927,422516
1994-11-21,6222.274644372927,6222.274644372927,5951.21350274384,5995.627961456333,443923
1994-11-22,5995.627961456333,6317.398867118553,5995.627961456333,6262.417831651763,613063
1994-11-23,6262.417831651763,6262.417831651763,6039.294372122514,6065.94203198383,655446
1994-11-24,6065.94203198383,6193.736641442181,6030.667530893579,6111.195745720833,446238
1994-11-25,6111.195745720833,6471.330982864124,6111.195745720833,6425.312661671488,513460
1994-11-28,6425.312661671488,6608.562794285315,6425.312661671488,6600.96596338895,469029
1994-11-29,6600.96596338895,6600.96596338895,6491.170867688982,6511.13077489352,552395
1994-11-30,6511.13077489352,6511.13077489352,6089.884677034674,6109.572778527609,500593
1994-12-01,6109.572778527609,6153.848832268017,6090.085446842852,6112.623242249052,451677
1994-12-02,6112.623242249052,6218.760696350325,6110.965194151601,6190.543652602118,488370
1994-12-05,6190.543652602118,6190.543652602118,5990.8223218252515,6071.20212830769,586613
1994-12-06,6071.20212830769,6146.329189814504,6071.20212830769,6121.7553119777485,464608
1994-12-07,6121.7553119777485,6181.94987648792,6040.081074783236,6111.948340383605,411054
1994-12-08,6111.948340383605,6145.441619482049,6111.930489190171,6125.19305415476,385448
1994-12-09,6125.19305415476,6155.920636616237,6102.176675367463,6122.987767624986,609697
1994-12-12,6122.987767624986,6122.987767624986,5997.36218732673,6059.935982170495,530332
1994-12-13,6059.935982170495,6059.935982170495,5943.554623908287,5957.99868558489,499572
1994-12-14,5957.99868558489,5957.99868558489,5815.030449643708,5851.714271226219,427180
1994-12-15,5851.714271226219,6019.631697003019,5851.714271226219,5946.574430124928,424762
1994-12-16,5946.574430124928,6117.745206600543,5946.574430124928,6056.6222626288045,490305
1994-12-19,6056.6222626288045,6328.110750216503,6056.6222626288045,6251.893340322197,452216
1994-12-20,6251.893340322197,6398.464687457731,6251.893340322197,6358.7940077390695,407480
1994-12-21,6358.7940077390695,6358.7940077390695,6004.612297507769,6089.007295772002,469862
1994-12-22,6089.007295772002,6148.973725756221,6068.648280594414,6100.243049234695,397887
1994-12-23,6100.243049234695,6314.130603327184,6100.243049234695,6279.725270357981,425071
1994-12-26,6279.725270357981,6279.725270357981,6108.041559887514,6137.0818927504815,511242
1994-12-27,6137.0818927504815,6137.0818927504815,5939.430967336156,6013.359789333798,503361
1994-12-28,6013.359789333798,6162.829689916191,6013.359789333798,6081.9424859759,535142
1994-12-29,6081.9424859759,6128.212308231316,6081.9424859759,6124.460413719412,408425
1994-12-30,6124.460413719412,6221.394606054354,6123.749989436745,6155.242403865295,480326
1995-01-02,6155.242403865295,6405.200453087218,6155.242403865295,6348.168981266421,476750
1995-01-03,6348.168981266421,6624.3426946168975,6348.168981266421,6604.505907139389,505772
1995-01-04,6604.505907139389,6826.7275991741035,6604.505907139389,6740.979353315433,459178
1995-01-05,6740.979353315433,6941.121633813921,6740.979353315433,6890.106843421816,521992
1995-01-06,6890.106843421816,6927.007249303253,6844.913254985498,6877.374702634918,506210
1995-01-09,6877.374702634918,7034.762762002414,6877.374702634918,7032.761883017879,492546
1995-01-10,7032.761883017879,7032.761883017879,6805.993584646172,6824.053843652619,585879
1995-01-11,6824.053843652619,6824.053843652619,6563.854529238763,6659.436897685462,509093
1995-01-12,6659.436897685462,6659.436897685462,6412.7307052196165,6470.378138358508,602531
1995-01-13,6470.378138358508,6470.378138358508,6354.481420955159,6418.7328855562955,416742
1995-01-16,6418.7328855562955,6431.848191639176,6318.746162465013,6398.776053918249,563680
1995-01-17,6398.776053918249,6398.776053918249,6349.802900111946,6362.2226216780955,648114
1995-01-18,6362.2226216780955,6422.948664497943,6269.2276086346355,6348.092001442081,448721
1995-01-19,6348.092001442081,6427.1798911151345,6296.89228403724,6377.618515487342,614228
1995-01-20,6377.618515487342,6377.618515487342,6332.515656314976,6334.637433614596,576683
1995-01-23,6334.637433614596,6334.637433614596,6013.802861313032,6074.24319772074,458643
1995-01-24,6074.24319772074,6218.1849992846555,6065.276349606234,6142.263391490785,413273
1995-01-25,6142.263391490785,6361.8731841295,6142.263391490785,6295.173471566016,686956
1995-01-26,6295.173471566016,6311.438413152771,6250.7876525566935,6309.256372650087,467744
1995-01-27,6309.256372650087,6359.417468677895,6247.338722508307,6304.504728493761,492337
1995-01-30,6304.504728493761,6381.496801145568,6304.504728493761,6311.621086656502,728985
1995-01-31,6311.621086656502,6362.826332472002,6272.948905181783,6361.538053558873,568598
1995-02-01,6361.538053558873,6384.778038541544,6339.691065588888,6373.328332069253,453550
1995-02-02,6373.328332069253,6373.328332069253,6287.592094171358,6350.608093112636,426735
1995-02-03,6350.608093112636,6350.608093112636,6111.382978287736,6155.047387227251,632430
1995-02-06,6155.047387227251,6155.047387227251,6023.46910129643,6025.764622140826,385343
1995-02-07,6025.764622140826,6025.764622140826,5904.654617691833,5907.328320817462,510867
1995-02-08,5907.328320817462,6050.976825992853,5907.328320817462,5961.691407432898,504429
1995-02-09,5961.691407432898,5961.691407432898,5844.393253456425,5878.736033770448,510468
1995-02-10,5878.736033770448,6177.642062174505,5878.736033770448,6098.077572200162,418587
1995-02-13,6098.077572200162,6181.615576421143,6083.393912448349,6171.77345702328,601647
1995-02-14,6171.77345702328,6240.570664163124,6093.135110333258,6182.864257070536,537581
1995-02-15,6182.864257070536,6473.323475450708,6182.864257070536,6394.265611631523,455498
1995-02-16,6394.265611631523,6557.370856740358,6394.265611631523,6549.5064506972985,446816
1995-02-17,6549.5064506972985,6549.5064506972985,6061.844692016398,6138.21237118025,384911
1995-02-20,6138.21237118025,6537.435198602885,6138.21237118025,6505.026570254635,295108
1995-02-21,6505.026570254635,6505.026570254635,6262.629516032879,6284.664835856324,441588
1995-02-22,6284.664835856324,6566.8771698185965,6284.664835856324,6534.236542668165,606680
1995-02-23,6534.236542668165,6706.289966714531,6534.236542668165,6650.035151011223,481716
1995-02-24,6650.035151011223,6818.511042511768,6650.035151011223,6803.446266163477,498067
1995-02-27,6803.446266163477,6905.728652909562,6803.446266163477,6885.752693766622,476185
1995-02-28,6885.752693766622,6910.036904203654,6767.989377186024,6870.3389183775635,563953
1995-03-01,6870.3389183775635,6972.8342123328075,6870.3389183775635,6949.2206849867325,531547
1995-03-02,6949.2206849867325,6949.2206849867325,6691.281231506969,6753.73588202686,488875
1995-03-03,6753.73588202686,7083.63433097067,6753.73588202686,7041.62070304047,529568
1995-03-06,7041.62070304047,7043.624936509384,6968.059011227303,7002.478310899736,513348
1995-03-07,7002.478310899736,7002.478310899736,6848.408243039225,6851.634554767078,392799
1995-03-08,6851.634554767078,6937.752162904308,6781.2963791234815,6882.322133028234,329926
1995-03-09,6882.322133028234,7090.858477144086,6882.322133028234,7045.926197464998,483428
1995-03-10,7045.926197464998,7045.926197464998,6645.431700629497,6661.056118264962,395173
1995-03-13,6661.056118264962,6661.056118264962,6617.691083282966,6623.975405728649,430980
1995-03-14,6623.975405728649,6623.975405728649,6196.195628020121,6288.673873069986,593799
1995-03-15,6288.673873069986,6436.463735310348,6288.673873069986,6396.1123080872185,630867
1995-03-16,6396.1123080872185,6572.627600470716,6396.1123080872185,6478.10159919117,637865
1995-03-17,6478.10159919117,6539.979993100803,6406.370979122719,6455.5553337016545,586185
1995-03-20,6455.5553337016545,6455.5553337016545,6335.146572361141,6416.213472865624,491869
1995-03-21,6416.213472865624,6574.100406526378,6416.213472865624,6498.377181458967,490574
1995-03-22,6498.377181458967,6498.377181458967,6169.841408968249,6223.340796934016,556079
1995-03-23,6223.340796934016,6416.008183027797,6223.340796934016,6362.780335725236,670491
1995-03-24,6362.780335725236,6530.088506250378,6362.780335725236,6502.010575345825,518007
1995-03-27,6502.010575345825,6502.010575345825,6244.56607670192,6330.92420312978,520077
1995-03-28,6330.92420312978,6330.92420312978,5971.052524382155,6060.043432026415,443070
1995-03-29,6060.043432026415,6156.802407755456,6010.870234710002,6072.32609161114,515046
1995-03-30,6072.32609161114,6072.32609161114,5875.022233957975,5895.441779986639,528274
1995-03-31,5895.441779986639,5983.255358421141,5879.053173305056,5958.202971437394,448137
1995-04-03,5958.202971437394,5958.202971437394,5635.238453699274,5694.718292206223,375383
1995-04-04,5694.718292206223,5694.718292206223,5496.513250367397,5502.685217658639,530484
1995-04-05,5502.685217658639,5502.685217658639,5259.748139302166,5315.333899192741,540863
1995-04-06,5315.333899192741,5510.847935928474,5315.333899192741,5430.462483126995,523850
1995-04-07,5430.462483126995,5430.462483126995,5337.381429784464,5364.370770745986,570730
1995-04-10,5364.370770745986,5364.370770745986,5135.233198384413,5161.593342128651,482072
1995-04-11,5161.593342128651,5161.593342128651,4976.741324304895,5037.034183190047,546298
1995-04-12,5037.034183190047,5037.034183190047,4840.627518263928,4890.184154002596,500493
1995-04-13,4890.184154002596,5272.176234032287,4890.184154002596,5205.214094794985,503659
1995-04-14,5205.214094794985,5205.214094794985,5125.084638764212,5151.754747490833,590179
1995-04-17,5151.754747490833,5201.406874771025,5143.139567373601,5159.695536159754,488887
1995-04-18,5159.695536159754,5210.9829071088025,5101.443071814573,5168.196479420683,639585
1995-04-19,5168.196479420683,5265.310375591865,5168.196479420683,5209.77247828352,671407
1995-04-20,5209.77247828352,5381.637920509942,5209.77247828352,5361.539299923224,558388
1995-04-21,5361.539299923224,5438.149493910154,5361.539299923224,5407.257025456322,497827
1995-04-24,5407.257025456322,5407.257025456322,5293.2210681355145,5333.107856641143,508740
1995-04-25,5333.107856641143,5523.541907673392,5333.107856641143,5491.127937820738,617365
1995-04-26,5491.127937820738,5491.127937820738,5382.707729429396,5389.523939282684,616449
1995-04-27,5389.523939282684,5487.356007287933,5373.34085851106,5444.544689905466,501532
1995-04-28,5444.544689905466,5458.946397599434,5422.237133744982,5423.994629153233,596089
1995-05-01,5423.994629153233,5423.994629153233,5363.320345156672,5370.256999560554,542140
1995-05-02,5370.256999560554,5370.256999560554,5217.018709123864,5281.907275327686,437933
1995-05-03,5281.907275327686,5565.466060067368,5281.907275327686,5501.7415037872615,449410
1995-05-04,5501.7415037872615,5602.73896536914,5470.807812769891,5530.500454326538,611653
1995-05-05,5530.500454326538,5546.490410861578,5422.703474383587,5503.53330854804,480557
1995-05-08,5503.53330854804,5503.53330854804,5449.856393916568,5483.246391503156,394960
1995-05-09,5483.246391503156,5589.344642008788,5483.246391503156,5557.551144223469,596932
1995-05-10,5557.551144223469,5853.119088233939,5557.551144223469,5807.907509832963,445327
1995-05-11,5807.907509832963,5860.953647144266,5807.907509832963,5854.96720341029,414867
1995-05-12,5854.96720341029,5863.425532728938,5761.33383925865,5791.401024198761,329953
1995-05-15,5791.401024198761,5848.356369450513,5710.741043460522,5773.050911758817,596048
1995-05-16,5773.050911758817,5825.1810170343815,5716.573468900148,5794.999975412735,443058
1995-05-17,5794.999975412735,5967.530516332463,5794.999975412735,5947.261623989207,457100
1995-05-18,5947.261623989207,5957.097215333293,5941.4238539953685,5943.433676201565,663933
1995-05-19,5943.433676201565,5943.433676201565,5787.580072583512,5808.437971820941,469512
1995-05-22,5808.437971820941,5865.7371377854615,5772.946525743585,5827.048564696054,537691
1995-05-23,5827.048564696054,5904.757974715752,5814.419282342499,5891.652873243907,447199
1995-05-24,5891.652873243907,6055.333264210377,5891.161830189365,5979.707851966534,496191
1995-05-25,5979.707851966534,6236.501617800371,5979.707851966534,6157.405205900914,576701
1995-05-26,6157.405205900914,6157.405205900914,6043.938802158985,6045.083733081768,423195
1995-05-29,6045.083733081768,6334.7240126383185,6045.083733081768,6279.529295699302,514661
1995-05-30,6279.529295699302,6593.584372611015,6279.529295699302,6533.417644614184,430667
1995-05-31,6533.417644614184,6533.417644614184,6189.590596853211,6223.534048548231,424455
1995-06-01,6223.534048548231,6223.534048548231,5923.39653882604,5967.256271553477,533024
1995-06-02,5967.256271553477,6076.796351038799,5967.256271553477,6073.4943969412225,369759
1995-06-05,6073.4943969412225,6073.4943969412225,5730.448334013825,5805.405293788757,686595
1995-06-06,5805.405293788757,5884.009165664705,5805.405293788757,5850.562803437377,558714
1995-06-07,5850.562803437377,6034.471596798593,5850.562803437377,6012.387498852294,383867
1995-06-08,6012.387498852294,6012.387498852294,5885.876253731788,5933.666586141446,640501
1995-06-09,5933.666586141446,5933.666586141446,5819.3009465979885,5824.089678499241,408255
1995-06-12,5824.089678499241,5915.042560788318,5795.310735286748,5849.061464531513,562798
1995-06-13,5849.061464531513,5862.9919909789305,5796.168724573586,5825.482327889212,387957
1995-06-14,5825.482327889212,6069.968142628266,5825.482327889212,6051.877896863439,586475
1995-06-15,6051.877896863439,6069.522969494712,5966.724147828619,5981.653427863352,510891
1995-06-16,5981.653427863352,6137.396038417386,5981.653427863352,6057.6634972019865,411892
1995-06-19,6057.6634972019865,6057.6634972019865,5931.092304614702,5967.1367376301705,399037
1995-06-20,5967.1367376301705,6241.05187031305,5967.1367376301705,6195.808801537393,486764
1995-06-21,6195.808801537393,6290.792993523946,6141.265735291788,6216.075570229148,447725
1995-06-22,6216.075570229148,6216.075570229148,6188.344889556164,6191.761820500295,486395
1995-06-23,6191.761820500295,6191.761820500295,6028.535968626955,6096.733048099733,630164
1995-06-26,6096.733048099733,6116.030609626258,6041.781555453208,6083.4535588672225,516489
1995-06-27,6083.4535588672225,6083.4535588672225,5811.378618834564,5880.331661747652,552402
1995-06-28,5880.331661747652,5880.331661747652,5687.281079562373,5739.141093143941,649683
1995-06-29,5739.141093143941,5762.165864459112,5698.861605146686,5753.836568090493,357468
1995-06-30,5753.836568090493,5823.942883866025,5753.836568090493,5797.206605171488,402674
1995-07-03,5797.206605171488,5797.206605171488,5631.583601879566,5665.7743346330135,539160
1995-07-04,5665.7743346330135,5915.880176533627,5665.7743346330135,5832.377425676405,329878
1995-07-05,5832.377425676405,5962.572073135616,5830.451587954764,5885.793507668928,566577
1995-07-06,5885.793507668928,5931.185061717683,5851.708673832492,5872.701145040832,495579
1995-07-07,5872.701145040832,5872.701145040832,5637.585820639339,5710.847666520355,403321
1995-07-10,5710.847666520355,5830.853784322503,5710.847666520355,5795.669345055353,469797
1995-07-11,5795.669345055353,5822.132069912104,5735.991200124451,5793.057396918952,514544
1995-07-12,5793.057396918952,5990.641702783708,5793.057396918952,5931.249713866344,546561
1995-07-13,5931.249713866344,6155.457529391451,5931.249713866344,6126.491530002805,480616
1995-07-14,6126.491530002805,6126.491530002805,6030.820132278958,6106.7586373922995,554630
1995-07-17,6106.7586373922995,6106.7586373922995,5919.279264921596,5999.526738637435,509105
1995-07-18,5999.526738637435,6112.589685857229,5980.825005133401,6068.090634684242,536112
1995-07-19,6068.090634684242,6068.090634684242,5813.6397569856035,5844.370020133363,559495
1995-07-20,5844.370020133363,6032.452574106396,5844.370020133363,5946.156590783321,558405
1995-07-21,5946.156590783321,5953.321468925877,5907.683088849055,5945.38267427386,423219
1995-07-24,5945.38267427386,5945.38267427386,5574.857801521451,5591.1858192221225,590720
1995-07-25,5591.1858192221225,5795.137514958821,5591.1858192221225,5713.5710123406225,502303
1995-07-26,5713.5710123406225,5918.672898352875,5713.5710123406225,5868.572466364814,575958
1995-07-27,5868.572466364814,5935.809462593741,5842.393511762568,5920.902416827625,473190
1995-07-28,5920.902416827625,6034.009319571494,5913.011910280702,5979.451711762704,595198
1995-07-31,5979.451711762704,6250.952301552442,5979.451711762704,6207.51165220481,473558
1995-08-01,6207.51165220481,6253.363161815098,6160.340639170118,6180.212383419274,460247
1995-08-02,6180.212383419274,6532.094599715503,6180.212383419274,6455.19253720661,523359
1995-08-03,6455.19253720661,6455.19253720661,6263.095711814022,6326.813282825424,443069
1995-08-04,6326.813282825424,6326.813282825424,6165.271580072544,6214.427952063015,631566
1995-08-07,6214.427952063015,6325.776804318044,6197.567796413313,6240.946286543285,655139
1995-08-08,6240.946286543285,6240.946286543285,5908.655852524761,5987.674985643794,444898
1995-08-09,5987.674985643794,5987.674985643794,5679.3887939701535,5687.468590586494,455118
1995-08-10,5687.468590586494,5794.371123538814,5687.468590586494,5719.329500953701,489379
1995-08-11,5719.329500953701,5721.760200209052,5660.60427142614,5692.333016815288,606041
1995-08-14,5692.333016815288,5872.277966123333,5692.333016815288,5843.460994765652,492049
1995-08-15,5843.460994765652,6073.33554114962,5843.460994765652,6065.293558272085,567194
1995-08-16,6065.293558272085,6065.293558272085,5927.756248508316,5940.377954684886,453245
1995-08-17,5940.377954684886,6121.157666841717,5940.377954684886,6067.200002753619,635715
1995-08-18,6067.200002753619,6067.200002753619,5866.038732726166,5889.687538392114,460424
1995-08-21,5889.687538392114,5929.557274943598,5858.048713430071,5908.709410049746,401607
1995-08-22,5908.709410049746,5953.160648486087,5865.718789556905,5906.808673035865,596917
1995-08-23,5906.808673035865,5906.808673035865,5770.179446831431,5823.6233612508395,539973
1995-08-24,5823.6233612508395,6088.818653594593,5823.6233612508395,6034.872344750622,472528
1995-08-25,6034.872344750622,6034.872344750622,5952.592737534097,5994.232536620093,526874
1995-08-28,5994.232536620093,6110.1484776565385,5994.232536620093,6023.976162367752,387573
1995-08-29,6023.976162367752,6023.976162367752,5953.384056577728,5977.842375689756,565856
1995-08-30,5977.842375689756,5977.842375689756,5795.357359290068,5859.618153381278,537231
1995-08-31,5859.618153381278,5859.618153381278,5811.264222017426,5828.201834095255,527259
1995-09-01,5828.201834095255,5943.431064010436,5828.201834095255,5873.25334344181,579503
1995-09-04,5873.25334344181,5991.557753984599,5873.25334344181,5924.78185963106,437296
1995-09-05,5924.78185963106,6204.778703283614,5924.78185963106,6186.099064807043,457188
1995-09-06,6186.099064807043,6186.099064807043,6084.989519320657,6111.066510967215,554526
1995-09-07,6111.066510967215,6111.066510967215,5913.464737446091,5983.1832428161015,450828
1995-09-08,5983.1832428161015,6174.878611294195,5983.1832428161015,6102.255504032819,578322
1995-09-11,6102.255504032819,6234.177712266325,6102.255504032819,6228.63665642402,496829
1995-09-12,6228.63665642402,6228.63665642402,5969.022915051729,6039.6339467102935,524282
1995-09-13,6039.6339467102935,6162.291502036396,6039.6339467102935,6106.973163126301,482390
1995-09-14,6106.973163126301,6106.973163126301,5911.088336288649,5948.4950295694725,405737
1995-09-15,5948.4950295694725,5948.4950295694725,5793.541952320323,5815.7630361471465,450988
1995-09-18,5815.7630361471465,6008.38642440181,5815.7630361471465,5937.9138878451195,462749
1995-09-19,5937.9138878451195,5937.9138878451195,5558.725164948395,5615.435926946436,508847
1995-09-20,5615.435926946436,5781.436448280747,5615.435926946436,5731.054769925716,434656
1995-09-21,5731.054769925716,5731.054769925716,5664.172963503041,5687.839494687189,398962
1995-09-22,5687.839494687189,5687.839494687189,5618.13439497187,5659.055570663675,541801
1995-09-25,5659.055570663675,5679.879585476212,5589.52471995808,5631.559890355144,505386
1995-09-26,5631.559890355144,5917.56748270523,5631.559890355144,5835.724058223397,528854
1995-09-27,5835.724058223397,6028.321171273803,5835.724058223397,5970.21111613863,476675
1995-09-28,5970.21111613863,6211.39175624392,5970.21111613863,6173.4704463733515,452385
1995-09-29,6173.4704463733515,6173.4704463733515,6048.44789033039,6074.065140942527,333289
1995-10-02,6074.065140942527,6074.065140942527,5913.259281132265,5963.460280014399,448810
1995-10-03,5963.460280014399,6080.580403997095,5963.460280014399,6045.244520991014,513900
1995-10-04,6045.244520991014,6190.119034934503,6045.244520991014,6131.019928347843,581752
1995-10-05,6131.019928347843,6131.019928347843,5980.745678072225,6050.877227358647,552112
1995-10-06,6050.877227358647,6098.269007410475,6002.245636464708,6090.082557942847,356131
1995-10-09,6090.082557942847,6296.614113614756,6090.082557942847,6291.049046825102,444314
1995-10-10,6291.049046825102,6548.068450237797,6291.049046825102,6525.5046558278245,438011
1995-10-11,6525.5046558278245,6700.053290380631,6525.5046558278245,6660.443624419,471810
1995-10-12,6660.443624419,6756.023617098276,6625.686823225456,6705.871582698353,407008
1995-10-13,6705.871582698353,6705.871582698353,6581.641039414274,6620.124533088922,496349
1995-10-16,6620.124533088922,6620.124533088922,6565.062811160929,6589.050426909676,588470
1995-10-17,6589.050426909676,6828.569121075808,6589.050426909676,6796.1502070212755,470404
1995-10-18,6796.1502070212755,6986.041541134586,6796.1502070212755,6894.232066776075,438237
1995-10-19,6894.232066776075,6894.232066776075,6692.050696976306,6766.031277152747,484972
1995-10-20,6766.031277152747,6766.031277152747,6438.403252192713,6526.394267362173,498792
1995-10-23,6526.394267362173,6721.782210761201,6526.394267362173,6714.580078985883,367814
1995-10-24,6714.580078985883,6714.580078985883,6630.373073564728,6675.89435882648,511042
1995-10-25,6675.89435882648,6781.836832074407,6675.89435882648,6780.45209975271,563608
1995-10-26,6780.45209975271,6787.964617463336,6651.484902281788,6707.414462957318,705038
1995-10-27,6707.414462957318,6803.666105332085,6707.414462957318,6796.849792009162,556656
1995-10-30,6796.849792009162,6898.758164751799,6796.849792009162,6887.103435684487,386226
1995-10-31,6887.103435684487,7132.51253065195,6887.103435684487,7082.123546361891,307867
1995-11-01,7082.123546361891,7176.93436899499,7034.249913248309,7090.222016035068,512484
1995-11-02,7090.222016035068,7284.595730460163,7090.222016035068,7182.266702443664,443788
1995-11-03,7182.266702443664,7341.705344931045,7182.266702443664,7238.64665185871,578180
1995-11-06,7238.64665185871,7238.64665185871,7105.403172082007,7133.654979285796,530994
1995-11-07,7133.654979285796,7173.227341347854,7114.33571229692,7154.388658540069,435927
1995-11-08,7154.388658540069,7154.388658540069,7034.964764404914,7065.952499923179,675296
1995-11-09,7065.952499923179,7065.952499923179,6791.796280304505,6811.094316755337,435522
1995-11-10,6811.094316755337,7190.773494479836,6811.094316755337,7105.2626812815215,349963
1995-11-13,7105.2626812815215,7105.2626812815215,6963.326986677622,7025.040549786091,555425
1995-11-14,7025.040549786091,7108.901459224301,7025.040549786091,7108.373299093568,721089
1995-11-15,7108.373299093568,7486.063858343541,7108.373299093568,7422.566052022537,591958
1995-11-16,7422.566052022537,7422.566052022537,7227.086114812767,7290.11742458595,351747
1995-11-17,7290.11742458595,7593.345908261661,7290.11742458595,7580.308298931049,443961
1995-11-20,7580.308298931049,8211.790533734862,7580.308298931049,8199.735207194173,603321
1995-11-21,8199.735207194173,8615.63239194131,8199.735207194173,8559.711607944604,491055
1995-11-22,8559.711607944604,8595.170727202876,8414.469699917083,8536.779252522374,514718
1995-11-23,8536.779252522374,8728.14420164682,8536.779252522374,8724.310973677038,513475
1995-11-24,8724.310973677038,8724.310973677038,8408.919565262295,8415.261474484532,525402
1995-11-27,8415.261474484532,8415.261474484532,8290.699674020741,8351.492295570088,547620
1995-11-28,8351.492295570088,8556.181030822621,8351.492295570088,8473.156804127935,387740
1995-11-29,8473.156804127935,8483.228204117244,8281.307065784404,8363.672789027436,454115
1995-11-30,8363.672789027436,8363.672789027436,8226.787655859558,8287.676192172099,525521
1995-12-01,8287.676192172099,8420.99159609652,8218.622318535361,8338.294730243011,577233
1995-12-04,8338.294730243011,8545.91983059513,8338.294730243011,8430.738774693791,476694
1995-12-05,8430.738774693791,8449.51060488932,8430.738774693791,8440.28023435749,345214
1995-12-06,8440.28023435749,8440.28023435749,7967.054794097754,8047.608574694278,544099
1995-12-07,8047.608574694278,8047.608574694278,7845.823501317377,7953.333138335678,426537
1995-12-08,7953.333138335678,8294.040707941096,7953.333138335678,8239.525179897693,359988
1995-12-11,8239.525179897693,8317.328639159425,8122.772064789,8210.723655498083,477648
1995-12-12,8210.723655498083,8550.737153901267,8210.723655498083,8500.11316056521,523409
1995-12-13,8500.11316056521,8615.45422762296,8500.11316056521,8585.655035801967,576336
1995-12-14,8585.655035801967,8713.161439223213,8585.655035801967,8670.746515365507,525742
1995-12-15,8670.746515365507,8789.642196403453,8620.714237423264,8687.276712064202,443793
1995-12-18,8687.276712064202,8950.53207106599,8687.276712064202,8864.388091533538,486908
1995-12-19,8864.388091533538,8864.388091533538,8754.991868200359,8823.161159031195,472215
1995-12-20,8823.161159031195,8823.161159031195,8760.915879234148,8782.226264003963,491188
1995-12-21,8782.226264003963,9081.584840557543,8782.226264003963,8983.759730541304,494788
1995-12-22,8983.759730541304,9401.26120448693,8983.759730541304,9387.234647722717,601191
1995-12-25,9387.234647722717,9761.138402191438,9387.234647722717,9674.292975670933,421045
1995-12-26,9674.292975670933,9674.292975670933,9520.995318320773,9545.600368687714,533118
1995-12-27,9545.600368687714,9649.373125623055,9532.242075504126,9581.853915561313,352044
1995-12-28,9581.853915561313,9605.891993641028,9557.426993520292,9597.733283783637,422685
1995-12-29,9597.733283783637,9624.297826366004,9564.396404095192,9579.548097451565,471253
1996-01-01,9579.548097451565,9579.548097451565,9385.523449839751,9444.156775616957,408130
1996-01-02,9444.156775616957,9444.156775616957,9210.20868291983,9306.478707918317,628810
1996-01-03,9306.478707918317,9494.972899107304,9306.478707918317,9364.637717108493,462374
1996-01-04,9364.637717108493,9364.637717108493,8868.396803098747,8947.429748194249,356826
1996-01-05,8947.429748194249,9243.503815548516,8947.429748194249,9120.522752618781,624767
1996-01-08,9120.522752618781,9636.213269703174,9120.522752618781,9496.484032736536,433799
1996-01-09,9496.484032736536,9496.484032736536,8871.195872785407,8996.699848342063,380442
1996-01-10,8996.699848342063,9090.19089096129,8909.692076458545,8964.613059988656,447967
1996-01-11,8964.613059988656,8964.613059988656,8868.431161582243,8878.873642461307,416759
1996-01-12,8878.873642461307,9247.723510465727,8878.873642461307,9136.393772635998,337087
1996-01-15,9136.393772635998,9136.393772635998,8853.900563556055,8862.71653276163,454204
1996-01-16,8862.71653276163,8862.71653276163,8720.406496844978,8800.580255693909,572714
1996-01-17,8800.580255693909,8900.869510263294,8780.516269325652,8784.939705606484,464143
1996-01-18,8784.939705606484,8981.453018270395,8784.939705606484,8953.731285110218,581580
1996-01-19,8953.731285110218,8976.073001607607,8885.853518670232,8903.961663221522,491472
1996-01-22,8903.961663221522,8903.961663221522,8636.33866045955,8695.332574339604,524922
1996-01-23,8695.332574339604,8695.332574339604,8531.174863991951,8574.365074920064,568866
1996-01-24,8574.365074920064,8574.365074920064,8385.876386375625,8464.041169815493,599836
1996-01-25,8464.041169815493,8464.041169815493,8307.956802129753,8354.099856131941,618586
1996-01-26,8354.099856131941,8354.099856131941,8129.701244024034,8208.962169714621,489011
1996-01-29,8208.962169714621,8208.962169714621,7879.751745029864,7994.144860589222,561255
1996-01-30,7994.144860589222,7994.144860589222,7693.519461472245,7730.38259138163,612933
1996-01-31,7730.38259138163,7881.134575855387,7730.38259138163,7824.782887655104,480732
1996-02-01,7824.782887655104,8115.0114376634265,7824.782887655104,8078.5926239445325,490090
1996-02-02,8078.5926239445325,8078.5926239445325,7739.788373765804,7753.9641063393055,353091
1996-02-05,7753.9641063393055,8102.60004139926,7753.9641063393055,8064.8100762923505,586905
1996-02-06,8064.8100762923505,8064.8100762923505,7634.2194460125575,7664.878181230166,484444
1996-02-07,7664.878181230166,7734.888021685293,7546.006469172589,7625.8159747157315,567964
1996-02-08,7625.8159747157315,7625.8159747157315,7430.268673739981,7463.374942398809,474560
1996-02-09,7463.374942398809,7610.2874341539155,7461.264148341483,7560.484978318303,429031
1996-02-12,7560.484978318303,7614.154690747753,7549.646377646357,7581.60146677472,449206
1996-02-13,7581.60146677472,7908.466812652438,7581.60146677472,7795.572480448038,568360
1996-02-14,7795.572480448038,7826.812172963891,7746.067611040988,7811.508564522494,554009
1996-02-15,7811.508564522494,8000.882134835132,7811.508564522494,7906.949966614699,488907
1996-02-16,7906.949966614699,7906.949966614699,7764.937543688568,7791.842312148864,627177
1996-02-19,7791.842312148864,7811.595450027132,7610.104318486137,7714.492983865659,515430
1996-02-20,7714.492983865659,8122.576578561052,7714.492983865659,8100.544300644543,468349
1996-02-21,8100.544300644543,8100.544300644543,7875.405415301963,7932.830202478324,567595
1996-02-22,7932.830202478324,8134.216811871032,7932.830202478324,8082.063202674604,623337
1996-02-23,8082.063202674604,8211.269736407266,8082.063202674604,8104.427802674137,470433
1996-02-26,8104.427802674137,8104.427802674137,7932.50295724174,7973.979988650476,494316
1996-02-27,7973.979988650476,7983.173432496612,7913.059504872831,7962.332303490783,572444
1996-02-28,7962.332303490783,8307.915637984801,7962.332303490783,8283.927278113311,572690
1996-02-29,8283.927278113311,8651.790645517909,8283.927278113311,8612.13497523762,358263
1996-03-01,8612.13497523762,8710.976665593644,8585.81642127499,8678.695958717679,544800
1996-03-04,8678.695958717679,8865.879958070042,8678.695958717679,8827.55758375632,534753
1996-03-05,8827.55758375632,8928.741704395388,8816.333765240679,8871.03093608377,450414
1996-03-06,8871.03093608377,9296.375941358543,8871.03093608377,9173.115530770852,546315
1996-03-07,9173.115530770852,9173.115530770852,8762.894866532992,8801.075857695356,417092
1996-03-08,8801.075857695356,8869.876648189156,8725.317725923767,8838.472220768404,428558
1996-03-11,8838.472220768404,8838.472220768404,8430.205069600795,8502.94196778154,488697
1996-03-12,8502.94196778154,8799.335542807208,8502.94196778154,8758.552519178544,516617
1996-03-13,8758.552519178544,9121.438410297911,8758.552519178544,9095.859309368225,407859
1996-03-14,9095.859309368225,9095.859309368225,8815.613178317208,8879.852666504261,427585
1996-03-15,8879.852666504261,9181.71406708927,8879.852666504261,9085.686169883758,568796
1996-03-18,9085.686169883758,9085.686169883758,8795.512179714668,8925.081917536838,512285
1996-03-19,8925.081917536838,8925.081917536838,8486.322657055187,8516.409414713482,466311
1996-03-20,8516.409414713482,8920.260096595524,8516.409414713482,8881.289914767245,541585
1996-03-21,8881.289914767245,8881.289914767245,8741.464991692925,8822.086262742932,459886
1996-03-22,8822.086262742932,9147.847202293791,8822.086262742932,9110.403716278384,462031
1996-03-25,9110.403716278384,9129.119129307304,9086.181439242033,9095.674781067224,369085
1996-03-26,9095.674781067224,9095.674781067224,8662.056255019443,8733.620498660068,670597
1996-03-27,8733.620498660068,8924.360640789022,8733.620498660068,8889.380774728847,490397
1996-03-28,8889.380774728847,8889.380774728847,8562.030395989806,8606.289517141618,517958
1996-03-29,8606.289517141618,8848.832803735999,8606.289517141618,8749.110774255974,498034
1996-04-01,8749.110774255974,8749.110774255974,8351.442408932888,8415.736403737008,573499
1996-04-02,8415.736403737008,8456.578356932794,8281.24688798361,8383.951215729128,620447
1996-04-03,8383.951215729128,8743.146518222187,8383.951215729128,8690.016958568722,534091
1996-04-04,8690.016958568722,8690.016958568722,8466.698566186895,8576.90125405548,509178
1996-04-05,8576.90125405548,8576.90125405548,8239.853076420619,8258.489992819214,575198
1996-04-08,8258.489992819214,8575.99091519758,8258.489992819214,8496.40048787882,390278
1996-04-09,8496.40048787882,8595.5373510432,8469.548141675372,8579.798013685671,606219
1996-04-10,8579.798013685671,8579.798013685671,8187.9501852778,8261.393177406228,655741
1996-04-11,8261.393177406228,8457.942705154783,8261.393177406228,8408.443787960805,355199
1996-04-12,8408.443787960805,8408.443787960805,8245.97585896296,8247.101938908907,407372
1996-04-15,8247.101938908907,8284.072746905782,8151.806514773457,8228.963163317114,480518
1996-04-16,8228.963163317114,8228.963163317114,8150.018388537628,8174.837161899858,500770
1996-04-17,8174.837161899858,8174.837161899858,8052.895079174529,8117.224788599499,617259
1996-04-18,8117.224788599499,8117.224788599499,8016.723137431066,8069.422472691712,400788
1996-04-19,8069.422472691712,8199.974709240721,8069.422472691712,8167.56606432043,514793
1996-04-22,8167.56606432043,8167.56606432043,8019.030427605103,8134.374641907692,412893
1996-04-23,8134.374641907692,8264.053070654538,8134.374641907692,8257.089773189444,451573
1996-04-24,8257.089773189444,8257.089773189444,8076.112578052706,8158.628653499534,523740
1996-04-25,8158.628653499534,8158.628653499534,7729.556372923678,7768.978271329391,520025
1996-04-26,7768.978271329391,7768.978271329391,7340.774475097936,7446.982846797401,568692
1996-04-29,7446.982846797401,7469.751568191451,7378.265644554614,7393.9657628699715,556395
1996-04-30,7393.9657628699715,7578.423587401458,7393.9657628699715,7525.436476007399,593655
1996-05-01,7525.436476007399,7528.640133082291,7426.429259064087,7526.76085651961,622499
1996-05-02,7526.76085651961,7538.2159163204515,7490.380599005951,7509.756293437613,619390
1996-05-03,7509.756293437613,7509.756293437613,7360.247598113398,7430.863910282996,458889
1996-05-06,7430.863910282996,7430.863910282996,7337.3918396856,7355.34070862731,624078
1996-05-07,7355.34070862731,7496.451495231285,7289.055737976163,7393.976426585622,501397
1996-05-08,7393.976426585622,7416.825295306138,7315.459004110917,7377.182344983479,555821
1996-05-09,7377.182344983479,7558.304309806045,7377.182344983479,7468.97431586087,599770
1996-05-10,7468.97431586087,7468.97431586087,7135.735346921798,7208.76082794591,531291
1996-05-13,7208.76082794591,7208.76082794591,7098.801893811968,7129.076849144425,385625
1996-05-14,7129.076849144425,7274.800656046919,7129.076849144425,7266.053336072471,384173
1996-05-15,7266.053336072471,7441.985368457256,7266.053336072471,7368.128448967987,371057
1996-05-16,7368.128448967987,7476.0945238570475,7292.446566770768,7384.314184342529,434380
1996-05-17,7384.314184342529,7465.119485957951,7384.314184342529,7462.5145205860945,437045
1996-05-20,7462.5145205860945,7505.922286710407,7373.526567546955,7397.862598362689,507554
1996-05-21,7397.862598362689,7753.709952280449,7397.862598362689,7692.361940759459,645306
1996-05-22,7692.361940759459,7938.6739361655855,7692.361940759459,7928.33999592843,537986
1996-05-23,7928.33999592843,7928.33999592843,7667.356976512115,7675.424768683349,401220
1996-05-24,7675.424768683349,7780.937110181253,7624.527629758414,7731.884388028546,435267
1996-05-27,7731.884388028546,8142.550514453118,7731.884388028546,8123.446698205959,458782
1996-05-28,8123.446698205959,8147.105156733624,8063.2574338812165,8084.108567619509,579371
1996-05-29,8084.108567619509,8309.929965346837,8084.108567619509,8243.571433042756,429886
1996-05-30,8243.571433042756,8536.584123462615,8243.571433042756,8434.471468372318,478136
1996-05-31,8434.471468372318,8434.471468372318,8186.538007549314,8201.778326321382,430019
1996-06-03,8201.778326321382,8244.932327017765,8102.308722953178,8180.368658076473,581149
1996-06-04,8180.368658076473,8180.368658076473,7798.194441915029,7887.71015139854,640958
1996-06-05,7887.71015139854,8095.416696631216,7887.71015139854,7977.12226409541,599245
1996-06-06,7977.12226409541,7998.634922805531,7941.3957665537055,7957.360301537726,658019
1996-06-07,7957.360301537726,8240.610706149053,7957.360301537726,8161.1810765100845,499465
1996-06-10,8161.1810765100845,8402.971631374994,8161.1810765100845,8330.214962484637,496556
1996-06-11,8330.214962484637,8669.00482658181,8330.214962484637,8658.327918761555,511372
1996-06-12,8658.327918761555,8658.327918761555,8279.684995271457,8384.174507196503,614406
1996-06-13,8384.174507196503,8384.174507196503,8222.583356379095,8279.800511164292,472366
1996-06-14,8279.800511164292,8801.778947022756,8279.800511164292,8715.799155322966,397079
1996-06-17,8715.799155322966,8715.799155322966,8393.938539695433,8497.590434649343,548957
1996-06-18,8497.590434649343,8538.010075752321,8497.590434649343,8522.405586620001,395052
1996-06-19,8522.405586620001,8522.405586620001,8349.746793580549,8433.841455361078,596639
1996-06-20,8433.841455361078,8749.624617477084,8433.841455361078,8654.49147915306,510538
1996-06-21,8654.49147915306,8823.477563786058,8654.49147915306,8728.850495776242,512414
1996-06-24,8728.850495776242,8828.474752962318,8728.850495776242,8820.639858311724,555123
1996-06-25,8820.639858311724,8820.639858311724,8575.753567873631,8661.796241628861,375841
1996-06-26,8661.796241628861,8834.701615595211,8661.796241628861,8736.08928550955,507366
1996-06-27,8736.08928550955,8991.369796254256,8736.08928550955,8953.027493276502,395850
1996-06-28,8953.027493276502,8953.027493276502,8487.577474341608,8488.883579092779,522982
1996-07-01,8488.883579092779,8488.883579092779,8298.560988105095,8306.204947691325,439493
1996-07-02,8306.204947691325,8306.204947691325,8133.297878087436,8187.015158952134,475686
1996-07-03,8187.015158952134,8467.0632428347,8187.015158952134,8408.325963521313,452081
1996-07-04,8408.325963521313,8408.325963521313,8035.798648619448,8143.0078563627585,523830
1996-07-05,8143.0078563627585,8149.319523719108,8034.0750023301725,8131.833951180603,458992
1996-07-08,8131.833951180603,8131.833951180603,8026.89835646167,8087.624675356104,384291
1996-07-09,8087.624675356104,8221.190026207407,8087.624675356104,8208.3786707944,498367
1996-07-10,8208.3786707944,8208.3786707944,7814.064452514118,7830.767716286365,424289
1996-07-11,7830.767716286365,7913.971583795914,7830.767716286365,7858.70606381352,418805
1996-07-12,7858.70606381352,8325.861014776849,7858.70606381352,8323.33062376639,561473
1996-07-15,8323.33062376639,8526.204142582023,8323.33062376639,8516.563365763308,479889
1996-07-16,8516.563365763308,8807.351140349117,8516.563365763308,8772.936763980544,512637
1996-07-17,8772.936763980544,8772.936763980544,8419.997171734889,8520.658993002628,468580
1996-07-18,8520.658993002628,8520.658993002628,8198.007009877208,8218.658839044967,514185
1996-07-19,8218.658839044967,8218.658839044967,8008.60752265831,8112.426404757566,463131
1996-07-22,8112.426404757566,8565.117851024243,8112.426404757566,8441.883084873234,499168
1996-07-23,8441.883084873234,8447.640149698762,8296.772070009672,8411.01073764774,413025
1996-07-24,8411.01073764774,8411.01073764774,8009.434226982568,8047.927267645814,405531
1996-07-25,8047.927267645814,8047.927267645814,7876.906907343054,7993.922920326583,327164
1996-07-26,7993.922920326583,7993.922920326583,7824.065956276884,7912.530546490442,335979
1996-07-29,7912.530546490442,8141.179485330185,7912.530546490442,8119.234861975718,435225
1996-07-30,8119.234861975718,8152.2442960697435,8101.495186011462,8120.5528239663945,573659
1996-07-31,8120.5528239663945,8120.5528239663945,7813.880782726346,7884.732752078696,384009
1996-08-01,7884.732752078696,7884.732752078696,7568.000901925531,7631.9021187439075,408132
1996-08-02,7631.9021187439075,7712.281313449675,7596.427643641702,7695.930021353211,547761
1996-08-05,7695.930021353211,7754.17644187753,7596.7484892823795,7640.815773435959,568344
1996-08-06,7640.815773435959,7753.67278123216,7562.883690546424,7646.186057604234,386858
1996-08-07,7646.186057604234,7646.186057604234,7460.399791066268,7528.616330339169,420294
1996-08-08,7528.616330339169,7571.237213965356,7520.876231177343,7565.8941843669,493515
1996-08-09,7565.8941843669,7565.8941843669,7256.718373611467,7328.21545154533,556338
1996-08-12,7328.21545154533,7352.135239074429,7283.0323951074815,7298.789007181604,627714
1996-08-13,7298.789007181604,7453.776493070512,7298.789007181604,7401.029944767532,441679
1996-08-14,7401.029944767532,7401.029944767532,7263.028822696112,7363.261296361268,488548
1996-08-15,7363.261296361268,7431.141836225779,7351.292607572789,7352.549302399765,539626
1996-08-16,7352.549302399765,7753.34002471874,7352.549302399765,7698.344355565768,499158
1996-08-19,7698.344355565768,7698.344355565768,7334.535347100565,7429.645629873109,482392
1996-08-20,7429.645629873109,7429.645629873109,7133.6312737197895,7233.716377685983,327167
1996-08-21,7233.716377685983,7454.700921531513,7233.716377685983,7405.022808714532,418817
1996-08-22,7405.022808714532,7790.63578340146,7405.022808714532,7701.97454326757,272801
1996-08-23,7701.97454326757,7784.1901773509535,7676.347106528365,7762.50172323876,526595
1996-08-26,7762.50172323876,7762.50172323876,7527.347141854749,7552.27065022788,457279
1996-08-27,7552.27065022788,7816.311116726645,7552.27065022788,7739.8764573181525,454537
1996-08-28,7739.8764573181525,8050.819133517918,7739.8764573181525,7960.288770059085,476926
1996-08-29,7960.288770059085,7960.288770059085,7720.155354039649,7747.875937070836,438097
1996-08-30,7747.875937070836,8009.91071086054,7747.875937070836,7929.535861323727,449864
1996-09-02,7929.535861323727,8042.762354135895,7929.535861323727,8011.877836515427,438088
1996-09-03,8011.877836515427,8011.877836515427,7861.9073420625,7938.045226105772,574574
1996-09-04,7938.045226105772,7987.532230642474,7848.946736788639,7924.250509187622,439037
1996-09-05,7924.250509187622,7924.250509187622,7680.220390935605,7755.883157946771,416576
1996-09-06,7755.883157946771,7775.252351847104,7599.034737925331,7689.30979074864,602992
1996-09-09,7689.30979074864,7689.30979074864,7571.913699985352,7665.07107738657,452508
1996-09-10,7665.07107738657,7803.459388914244,7665.07107738657,7757.479430538084,370185
1996-09-11,7757.479430538084,7869.238256969812,7739.361401874706,7783.76104910957,518118
1996-09-12,7783.76104910957,7783.76104910957,7492.232630244912,7587.6687241977625,517991
1996-09-13,7587.6687241977625,7903.580696343858,7587.6687241977625,7832.814411649163,655720
1996-09-16,7832.814411649163,7832.814411649163,7661.648595810809,7733.671373225287,448680
1996-09-17,7733.671373225287,8065.679810024567,7733.671373225287,8002.5993148832795,606430
1996-09-18,8002.5993148832795,8146.295454607062,8002.5993148832795,8085.417741151946,632183
1996-09-19,8085.417741151946,8176.992620298612,8085.417741151946,8144.917724137467,475324
1996-09-20,8144.917724137467,8272.89450721042,8144.917724137467,8264.463318469298,490941
1996-09-23,8264.463318469298,8449.853195961605,8264.463318469298,8413.649524864375,665631
1996-09-24,8413.649524864375,8514.757058328407,8413.649524864375,8476.057553824661,440067
1996-09-25,8476.057553824661,8476.057553824661,8208.864788382743,8297.440697899952,485504
1996-09-26,8297.440697899952,8297.440697899952,7927.163876197086,7997.755751254222,639997
1996-09-27,7997.755751254222,7997.755751254222,7818.516989358479,7841.2902556329245,483195
1996-09-30,7841.2902556329245,7851.383671483138,7705.642110290542,7765.279740461888,482699
1996-10-01,7765.279740461888,7765.279740461888,7444.708080900611,7547.54170644869,557435
1996-10-02,7547.54170644869,7928.334260927056,7547.54170644869,7881.37420163285,443989
1996-10-03,7881.37420163285,7881.37420163285,7541.853696892182,7636.910209347617,469225
1996-10-04,7636.910209347617,7636.910209347617,7555.696788983402,7566.971007947452,421281
1996-10-07,7566.971007947452,8136.605324683549,7566.971007947452,8025.421735387693,497314
1996-10-08,8025.421735387693,8201.953192731922,8025.421735387693,8200.321965791964,519460
1996-10-09,8200.321965791964,8215.037262218597,8174.621459194752,8186.044315993401,507283
1996-10-10,8186.044315993401,8186.044315993401,7989.873808643258,8045.256064626312,531659
1996-10-11,8045.256064626312,8191.006635200976,8045.256064626312,8110.3641095705225,499548
1996-10-14,8110.3641095705225,8280.665814732178,8110.3641095705225,8249.29939967254,497473
1996-10-15,8249.29939967254,8526.024939234856,8249.29939967254,8416.865079818346,594057
1996-10-16,8416.865079818346,8744.486995595678,8416.865079818346,8629.910826693565,381689
1996-10-17,8629.910826693565,8865.266336364963,8629.910826693565,8758.139117734157,374569
1996-10-18,8758.139117734157,8987.818872125546,8758.139117734157,8905.273873830198,474128
1996-10-21,8905.273873830198,8905.273873830198,8657.518253605363,8742.632064766547,623081
1996-10-22,8742.632064766547,9034.619699883988,8742.632064766547,8989.608623178397,554485
1996-10-23,8989.608623178397,9183.093454791644,8989.608623178397,9124.8930274394,313460
1996-10-24,9124.8930274394,9684.547094723288,9124.8930274394,9551.247606657766,509587
1996-10-25,9551.247606657766,9551.247606657766,9366.697638053296,9491.90932150425,469543
1996-10-28,9491.90932150425,9554.958980714608,9421.248914820284,9493.511576442235,472901
1996-10-29,9493.511576442235,9635.236044322672,9370.190373107604,9493.094273234457,601896
1996-10-30,9493.094273234457,9599.840655504177,9493.094273234457,9502.759034283637,581606
1996-10-31,9502.759034283637,9585.68945765066,9444.770725712044,9497.019220543458,497274
1996-11-01,9497.019220543458,9497.019220543458,9284.355698961923,9385.232275541865,572230
1996-11-04,9385.232275541865,9385.232275541865,8959.46013532533,9053.7546170464,485213
1996-11-05,9053.7546170464,9304.01403972514,9053.7546170464,9208.313833118578,417485
1996-11-06,9208.313833118578,9390.694388934386,9208.313833118578,9336.762270309662,472691
1996-11-07,9336.762270309662,9336.762270309662,8942.084234309676,8980.901686751131,592772
1996-11-08,8980.901686751131,9371.080649471094,8980.901686751131,9330.197421835228,451589
1996-11-11,9330.197421835228,9781.598081522376,9330.197421835228,9727.941356580659,471320
1996-11-12,9727.941356580659,9930.699169036208,9727.941356580659,9835.303223470557,416265
1996-11-13,9835.303223470557,10362.206963852792,9835.303223470557,10289.67211877256,454020
1996-11-14,10289.67211877256,10289.67211877256,10010.020859319307,10156.806396176682,366084
1996-11-15,10156.806396176682,10561.51408689579,10156.806396176682,10528.067950889645,602490
1996-11-18,10528.067950889645,10528.067950889645,10294.02013807123,10308.043718990026,425835
1996-11-19,10308.043718990026,10308.043718990026,9865.693061237555,9995.702985697468,479780
1996-11-20,9995.702985697468,10395.303009756644,9995.702985697468,10272.679635254794,447099
1996-11-21,10272.679635254794,10272.679635254794,10039.612580820885,10133.152741115975,572121
1996-11-22,10133.152741115975,10380.829673583063,10133.152741115975,10339.392506933571,510058
1996-11-25,10339.392506933571,10339.392506933571,10187.714759560402,10226.10108778554,544247
1996-11-26,10226.10108778554,10564.439010714475,10226.10108778554,10409.187627337677,380049
1996-11-27,10409.187627337677,10423.412478594377,10201.803404090151,10272.979862080476,448349
1996-11-28,10272.979862080476,10500.658351629696,10239.523837280767,10363.956238312743,582359
1996-11-29,10363.956238312743,10363.956238312743,9989.808094586035,10032.10847013271,670859
1996-12-02,10032.10847013271,10344.447813679984,10032.10847013271,10285.532491880995,621934
1996-12-03,10285.532491880995,10612.23339665572,10285.532491880995,10578.164255320773,311848
1996-12-04,10578.164255320773,10578.164255320773,10352.124689153103,10470.388668868394,513923
1996-12-05,10470.388668868394,11010.477608527623,10470.388668868394,10954.167280142494,422248
1996-12-06,10954.167280142494,10954.167280142494,10483.750156749931,10636.988107825015,553297
1996-12-09,10636.988107825015,10636.988107825015,10155.343035004202,10307.52274263153,595788
1996-12-10,10307.52274263153,10360.348209725085,10286.948853275198,10302.149031862828,480426
1996-12-11,10302.149031862828,10338.695703709513,10113.549974914342,10201.036208488511,446777
1996-12-12,10201.036208488511,10430.220612948737,10201.036208488511,10365.694180394528,456661
1996-12-13,10365.694180394528,10365.694180394528,10119.767388781438,10240.535699875638,570533
1996-12-16,10240.535699875638,10240.998613677464,10081.238896911054,10175.132837423342,528725
1996-12-17,10175.132837423342,10522.651170138735,10175.132837423342,10403.449471193939,419146
1996-12-18,10403.449471193939,10737.81258105469,10403.449471193939,10640.245908296973,387749
1996-12-19,10640.245908296973,11047.901618286762,10640.245908296973,10930.40614996143,569122
1996-12-20,10930.40614996143,11004.262893019288,10786.907657614882,10900.434940791347,469696
1996-12-23,10900.434940791347,11271.201516352061,10900.434940791347,11148.956575370692,492036
1996-12-24,11148.956575370692,11425.459185015345,11148.956575370692,11412.90090107634,542029
1996-12-25,11412.90090107634,11747.890856117534,11412.90090107634,11629.818305729184,416451
1996-12-26,11629.818305729184,11629.818305729184,11443.951344361118,11494.447188696555,527067
1996-12-27,11494.447188696555,11497.84851356406,11371.08441379517,11437.149048639494,420650
1996-12-30,11437.149048639494,11902.18119532192,11437.149048639494,11770.60156220832,590808
1996-12-31,11770.60156220832,11770.60156220832,11461.597803833385,11554.366488065169,594528
1997-01-01,11554.366488065169,11654.774180556044,11446.362972141695,11517.125812223185,405044
1997-01-02,11517.125812223185,11517.125812223185,11413.471631473083,11442.66993815336,589786
1997-01-03,11442.66993815336,11914.649858833625,11442.66993815336,11878.884761470277,510774
1997-01-06,11878.884761470277,12081.349109029392,11878.884761470277,12011.915076513576,405019
1997-01-07,12011.915076513576,12426.542936338634,12011.915076513576,12257.686583318064,466743
1997-01-08,12257.686583318064,12695.237554760803,12257.686583318064,12693.459916934842,551854
1997-01-09,12693.459916934842,12693.459916934842,12326.9212623946,12421.965712620251,498765
1997-01-10,12421.965712620251,12977.596926962928,12421.965712620251,12833.041975126585,487528
1997-01-13,12833.041975126585,12833.041975126585,12555.09878017122,12693.2737269887,518608
1997-01-14,12693.2737269887,12693.2737269887,12005.92455792006,12119.767575758535,533271
1997-01-15,12119.767575758535,12119.767575758535,11822.3355835713,11970.058824679432,586138
1997-01-16,11970.058824679432,12326.955333856073,11970.058824679432,12206.813950402457,556157
1997-01-17,12206.813950402457,12822.716523621446,12206.813950402457,12637.757267013027,442941
1997-01-20,12637.757267013027,12793.918832077972,12570.554013008668,12689.572881244065,555571
1997-01-21,12689.572881244065,12689.572881244065,12473.873009563009,12482.460106528899,485848
1997-01-22,12482.460106528899,12757.331588377965,12482.460106528899,12641.850479288067,460350
1997-01-23,12641.850479288067,12641.850479288067,12251.842024852856,12311.30027196974,434749
1997-01-24,12311.30027196974,12350.433413599145,12161.424736933572,12171.937912578673,556394
1997-01-27,12171.937912578673,12171.937912578673,11970.093435352177,12131.96177612283,373038
1997-01-28,12131.96177612283,12131.96177612283,11618.871545947506,11683.13569334002,398164
1997-01-29,11683.13569334002,11879.08312125753,11683.13569334002,11782.167188573147,710874
1997-01-30,11782.167188573147,12246.996728446757,11782.167188573147,12138.456839948296,621546
1997-01-31,12138.456839948296,12300.13206907389,12138.456839948296,12151.092368826296,539988
1997-02-03,12151.092368826296,12491.949639452943,12151.092368826296,12413.035587443157,605037
1997-02-04,12413.035587443157,12699.865704627277,12413.035587443157,12582.913760825932,398420
1997-02-05,12582.913760825932,13044.528559659771,12582.913760825932,12974.758787641094,616669
1997-02-06,12974.758787641094,13136.467521151662,12849.282335317628,13025.60207649864,511579
1997-02-07,13025.60207649864,13342.604761840506,13025.60207649864,13232.452402600024,627881
1997-02-10,13232.452402600024,13232.452402600024,12655.279246457147,12842.381814511547,464089
1997-02-11,12842.381814511547,13045.000107330443,12751.317815292314,12915.831938014153,566145
1997-02-12,12915.831938014153,13049.372578548591,12865.747725938734,12870.734132333964,529864
1997-02-13,12870.734132333964,12870.734132333964,12185.83160827392,12262.960952083238,399756
1997-02-14,12262.960952083238,12262.960952083238,11635.883317921094,11664.176163659218,489209
1997-02-17,11664.176163659218,11664.176163659218,11313.29541497821,11437.206186442234,642462
1997-02-18,11437.206186442234,11437.206186442234,11339.424292683865,11349.890681209896,520580
1997-02-19,11349.890681209896,11349.890681209896,11186.20028544399,11248.435349773074,454201
1997-02-20,11248.435349773074,11253.850837075537,11088.081323405208,11097.60705494624,491006
1997-02-21,11097.60705494624,11097.60705494624,10760.677946017106,10874.491356685186,565560
1997-02-24,10874.491356685186,11228.151399513494,10874.491356685186,11170.688751493408,482472
1997-02-25,11170.688751493408,11170.688751493408,10804.061786446471,10884.647924569912,482172
1997-02-26,10884.647924569912,10945.196557168028,10856.996899128564,10938.857965364776,424221
1997-02-27,10938.857965364776,11158.579472013931,10938.857965364776,11055.446609815122,645120
1997-02-28,11055.446609815122,11186.928078095289,10963.177438685852,11066.910079071611,441040
1997-03-03,11066.910079071611,11066.910079071611,10831.887782547285,10924.092129825816,640728
1997-03-04,10924.092129825816,11362.898525857441,10924.092129825816,11280.962852318258,459527
1997-03-05,11280.962852318258,11684.85169707541,11280.962852318258,11587.240713655116,481186
1997-03-06,11587.240713655116,11962.00535195241,11587.240713655116,11805.756869973859,433565
1997-03-07,11805.756869973859,11805.756869973859,11616.086518269549,11679.411864397352,516779
1997-03-10,11679.411864397352,12092.320567795115,11679.411864397352,11932.94374497642,497589
1997-03-11,11932.94374497642,12610.26218061774,11932.94374497642,12489.793722126138,573970
1997-03-12,12489.793722126138,12917.112100971475,12489.793722126138,12793.75088521943,568048
1997-03-13,12793.75088521943,12963.396364268912,12744.244232362706,12863.90136431674,437816
1997-03-14,12863.90136431674,13324.61822689925,12863.90136431674,13233.044439373038,437413
1997-03-17,13233.044439373038,13321.882439056786,13094.076837528588,13147.081822285429,596282
1997-03-18,13147.081822285429,13147.081822285429,12814.127703934011,12971.933347970564,460400
1997-03-19,12971.933347970564,12971.933347970564,12570.18860290427,12651.957656157412,531982
1997-03-20,12651.957656157412,13172.132372966274,12651.957656157412,13060.868164858151,415892
1997-03-21,13060.868164858151,13147.608068904336,12847.315735483957,12971.814958894762,495645
1997-03-24,12971.814958894762,12971.814958894762,12522.693304591143,12675.975484777642,589915
1997-03-25,12675.975484777642,12978.444423614583,12675.975484777642,12836.088741101636,576528
1997-03-26,12836.088741101636,13024.355290403222,12836.088741101636,13001.363460550823,510101
1997-03-27,13001.363460550823,13411.342459306652,13001.363460550823,13390.670281289827,518741
1997-03-28,13390.670281289827,13390.670281289827,12978.653165122443,13164.888467449224,678713
1997-03-31,13164.888467449224,13164.888467449224,13093.859041450121,13131.063843947453,602936
1997-04-01,13131.063843947453,13666.116156474547,13131.063843947453,13575.269579687936,525533
1997-04-02,13575.269579687936,13575.269579687936,13113.177326988005,13200.863374073466,495636
1997-04-03,13200.863374073466,13200.863374073466,12675.393901926629,12852.868803028934,481666
1997-04-04,12852.868803028934,12852.868803028934,11971.163831940215,12148.993828773031,557685
1997-04-07,12148.993828773031,12148.993828773031,11455.875832039676,11609.535629460906,552314
1997-04-08,11609.535629460906,12261.63687771264,11609.535629460906,12173.200490827641,506445
1997-04-09,12173.200490827641,12314.93607852531,12119.092095845986,12173.667781403377,494941
1997-04-10,12173.667781403377,12173.667781403377,11766.964559509834,11895.09211196471,418617
1997-04-11,11895.09211196471,12033.606159732892,11771.919351085844,11922.01467706628,502278
1997-04-14,11922.01467706628,12325.347890808092,11922.01467706628,12156.193049841382,518600
1997-04-15,12156.193049841382,12284.188107560729,12114.896164219841,12161.821248621896,423499
1997-04-16,12161.821248621896,12244.294494828528,12062.362005872015,12205.056792022619,521915
1997-04-17,12205.056792022619,12205.056792022619,12011.084133835047,12163.941263459403,372772
1997-04-18,12163.941263459403,12431.030961195418,12163.941263459403,12369.67073198903,662391
1997-04-21,12369.67073198903,12369.67073198903,11691.503809593341,11807.471392310676,561059
1997-04-22,11807.471392310676,11807.471392310676,11654.38697229919,11682.890060489335,517128
1997-04-23,11682.890060489335,12065.411237917773,11682.890060489335,11951.064637300808,251138
1997-04-24,11951.064637300808,11951.064637300808,11369.980660460997,11497.834175808497,299473
1997-04-25,11497.834175808497,11760.418276032224,11497.834175808497,11688.995852437192,514416
1997-04-28,11688.995852437192,11853.884713214573,11688.995852437192,11749.13176605935,681701
1997-04-29,11749.13176605935,11864.863146203634,11749.13176605935,11797.622805118817,548390
1997-04-30,11797.622805118817,12031.66228841437,11797.622805118817,11930.109301870967,345283
1997-05-01,11930.109301870967,12125.995695513058,11897.289074560726,12040.66701958486,513638
1997-05-02,12040.66701958486,12040.66701958486,11738.598745630552,11770.040529885286,388135
1997-05-05,11770.040529885286,11770.040529885286,11418.410164835097,11472.270372737257,539293
1997-05-06,11472.270372737257,12067.393018836907,11472.270372737257,11923.671027643179,514910
1997-05-07,11923.671027643179,11993.373698547108,11846.211839586702,11897.549293957103,600427
1997-05-08,11897.549293957103,11897.549293957103,11468.524844733396,11574.018521335134,550169
1997-05-09,11574.018521335134,11814.121237780075,11567.50453439395,11667.472978071914,463678
1997-05-12,11667.472978071914,11950.457946275488,11667.472978071914,11824.472391079651,606624
1997-05-13,11824.472391079651,12058.760982422846,11824.472391079651,12058.208415230485,469761
1997-05-14,12058.208415230485,12820.045725141943,12058.208415230485,12659.990697403426,343166
1997-05-15,12659.990697403426,12735.331278930767,12533.44532269641,12709.33589102403,420510
1997-05-16,12709.33589102403,12952.956626439824,12709.33589102403,12874.860604664402,370304
1997-05-19,12874.860604664402,13568.417388103597,12874.860604664402,13489.529400325448,475847
1997-05-20,13489.529400325448,13489.529400325448,13320.40543526352,13337.575609055288,411871
1997-05-21,13337.575609055288,13337.575609055288,13004.435927241122,13094.853093320153,533728
1997-05-22,13094.853093320153,13094.853093320153,12053.340200592453,12152.476659857588,470235
1997-05-23,12152.476659857588,12195.46560277434,12113.529530086662,12168.047016792136,495467
1997-05-26,12168.047016792136,12367.92574362687,12147.461150573949,12207.539331492657,497198
1997-05-27,12207.539331492657,12207.539331492657,11693.650497005026,11782.230252819478,472906
1997-05-28,11782.230252819478,12264.79238243992,11782.230252819478,12086.886340448995,497696
1997-05-29,12086.886340448995,12086.886340448995,11653.111123731484,11802.326230577659,799782
1997-05-30,11802.326230577659,12069.658277124563,11802.326230577659,11992.332069717088,470519
1997-06-02,11992.332069717088,12379.560828588763,11992.332069717088,12316.872489529725,460253
1997-06-03,12316.872489529725,12447.527353694368,12134.009939164029,12280.223934389798,431679
1997-06-04,12280.223934389798,12280.223934389798,11889.391163191167,12055.055984986997,453304
1997-06-05,12055.055984986997,12055.055984986997,11828.862419240817,11925.227379901577,496806
1997-06-06,11925.227379901577,12224.029534801084,11925.227379901577,12111.675005758814,420406
1997-06-09,12111.675005758814,12216.835870057583,12090.389008488202,12122.82496086262,441356
1997-06-10,12122.82496086262,12358.76280275908,12066.997880785266,12181.178819796762,451464
1997-06-11,12181.178819796762,12754.688443028355,12181.178819796762,12731.421747496828,610581
1997-06-12,12731.421747496828,12731.421747496828,12324.489848122714,12349.258570980244,581173
1997-06-13,12349.258570980244,12615.716829347086,12349.258570980244,12607.289125231506,392159
1997-06-16,12607.289125231506,12822.60605415076,12607.289125231506,12780.66373595332,584048
1997-06-17,12780.66373595332,13222.686708652944,12780.66373595332,13070.932425432233,514803
1997-06-18,13070.932425432233,13236.63647013935,12947.092896042943,13074.701370489895,435677
1997-06-19,13074.701370489895,13139.942122792685,13018.882666075788,13034.656846067777,648582
1997-06-20,13034.656846067777,13034.656846067777,12621.836900075657,12633.353912317001,395122
1997-06-23,12633.353912317001,12725.741155610214,12465.428525130685,12603.757794365349,555410
1997-06-24,12603.757794365349,13526.943798769029,12603.757794365349,13345.87459686365,451161
1997-06-25,13345.87459686365,13629.069287271148,13345.87459686365,13588.259620610319,474174
1997-06-26,13588.259620610319,14007.017314035395,13588.259620610319,13825.181214308106,481550
1997-06-27,13825.181214308106,14020.180910355184,13825.181214308106,13908.928115949839,474534
1997-06-30,13908.928115949839,14438.284485786753,13908.928115949839,14417.841387869623,486604
1997-07-01,14417.841387869623,14561.775030128014,14336.953006927082,14455.507787120316,522937
1997-07-02,14455.507787120316,14455.507787120316,13598.41509608186,13760.78088331405,496940
1997-07-03,13760.78088331405,13804.759448397499,13677.749311931784,13745.298942563757,476914
1997-07-04,13745.298942563757,14022.913413872015,13745.298942563757,13877.738305173436,481240
1997-07-07,13877.738305173436,14008.351540260399,13716.341959056303,13895.354026002758,588568
1997-07-08,13895.354026002758,14011.26684839571,13717.133439404804,13866.526392402762,502831
1997-07-09,13866.526392402762,14290.593553682274,13866.526392402762,14242.672422896945,553035
1997-07-10,14242.672422896945,14655.096581309877,14242.672422896945,14452.478894211055,449973
1997-07-11,14452.478894211055,14452.478894211055,14059.668725385392,14242.378123929468,519374
1997-07-14,14242.378123929468,14472.95646013149,14208.007321752584,14422.787458182209,469290
1997-07-15,14422.787458182209,14422.787458182209,13402.189816547594,13550.118121414163,503656
1997-07-16,13550.118121414163,13550.118121414163,13155.408203527828,13277.955762488658,498980
1997-07-17,13277.955762488658,13277.955762488658,13117.75945644573,13175.03592731636,461435
1997-07-18,13175.03592731636,13658.791283560175,13175.03592731636,13482.06649202609,362051
1997-07-21,13482.06649202609,14195.093969231037,13482.06649202609,14048.84024604514,520659
1997-07-22,14048.84024604514,14048.84024604514,13691.82249568777,13884.086180349848,497007
1997-07-23,13884.086180349848,13884.086180349848,13536.284255961165,13712.891121847744,432864
1997-07-24,13712.891121847744,14050.847496806167,13712.891121847744,13969.22981890826,469609
1997-07-25,13969.22981890826,14521.274872380669,13969.22981890826,14431.176093133947,554448
1997-07-28,14431.176093133947,15151.519531150685,14431.176093133947,15138.438585998543,478508
1997-07-29,15138.438585998543,15665.186206954868,15138.438585998543,15573.426921114762,416734
1997-07-30,15573.426921114762,15573.426921114762,15218.97621727668,15392.198962863726,240314
1997-07-31,15392.198962863726,16172.683299118917,15392.198962863726,15954.406670148664,568646
1997-08-01,15954.406670148664,16274.461829795084,15869.620478180192,16037.651583279603,561812
1997-08-04,16037.651583279603,16819.150589683908,16037.651583279603,16632.319554568923,507382
1997-08-05,16632.319554568923,16662.09301138365,16537.041721007725,16586.91763161524,717414
1997-08-06,16586.91763161524,16586.91763161524,15989.490072795217,16191.064800742595,633652
1997-08-07,16191.064800742595,16606.489981202485,16191.064800742595,16480.94876643732,550351
1997-08-08,16480.94876643732,16933.401901479265,16480.94876643732,16867.626204295553,605322
1997-08-11,16867.626204295553,17132.344913533005,16814.915571261943,16949.325300936092,590707
1997-08-12,16949.325300936092,17525.059861298098,16949.325300936092,17463.091711500565,506201
1997-08-13,17463.091711500565,17779.43585516193,17303.833588299683,17532.471508387545,528850
1997-08-14,17532.471508387545,17532.471508387545,17295.800812178255,17389.322973196977,527918
1997-08-15,17389.322973196977,17863.25377886203,17389.322973196977,17832.960592265492,542688
1997-08-18,17832.960592265492,17977.59789894425,17654.050708190487,17903.253669056823,573490
1997-08-19,17903.253669056823,17957.02048940706,17786.55728080301,17883.111837127817,493144
1997-08-20,17883.111837127817,17883.111837127817,17253.743062915586,17275.365771267414,419602
1997-08-21,17275.365771267414,17360.329848079065,17008.480380213594,17226.39920403936,654850
1997-08-22,17226.39920403936,18184.727961607696,17226.39920403936,17927.091950660655,471907
1997-08-25,17927.091950660655,18566.994382007117,17927.091950660655,18513.032504063514,599036
1997-08-26,18513.032504063514,18513.032504063514,18184.125300939235,18282.24041895254,498100
1997-08-27,18282.24041895254,18282.24041895254,17182.252191600353,17333.2423340788,395362
1997-08-28,17333.2423340788,17863.02896919519,17333.2423340788,17735.577291015394,507361
1997-08-29,17735.577291015394,17735.577291015394,17384.706942045595,17539.929478459824,451650
1997-09-01,17539.929478459824,18158.50002019122,17539.929478459824,18062.667228953957,414843
1997-09-02,18062.667228953957,18586.106349463134,18062.667228953957,18424.434032496323,451191
1997-09-03,18424.434032496323,18424.434032496323,17492.845624741305,17591.176836821032,478738
1997-09-04,17591.176836821032,17591.176836821032,17146.322205162796,17172.006934522105,507860
1997-09-05,17172.006934522105,17814.35547085265,17172.006934522105,17759.683795547164,382219
1997-09-08,17759.683795547164,17759.683795547164,17365.99701310184,17545.799646252162,513146
1997-09-09,17545.799646252162,17545.799646252162,17257.99817207791,17312.760554117573,570344
1997-09-10,17312.760554117573,17727.789643488446,17312.760554117573,17579.37556421641,495097
1997-09-11,17579.37556421641,18083.068301370495,17579.37556421641,17910.585276698952,483513
1997-09-12,17910.585276698952,18405.222543281034,17910.585276698952,18175.965278004995,517324
1997-09-15,18175.965278004995,18175.965278004995,17741.11376343428,17951.099853677333,447425
1997-09-16,17951.099853677333,18505.846027016698,17951.099853677333,18255.098692480642,575599
1997-09-17,18255.098692480642,18255.098692480642,18148.272082513042,18211.829184408187,508518
1997-09-18,18211.829184408187,18211.829184408187,17704.89655749411,17756.933980777165,595057
1997-09-19,17756.933980777165,17858.89212138222,17710.312929476462,17763.046747543598,559610
1997-09-22,17763.046747543598,17763.046747543598,17329.769449841362,17331.17364375764,472132
1997-09-23,17331.17364375764,17331.17364375764,16442.517989929765,16530.640030490642,544731
1997-09-24,16530.640030490642,17078.09627661824,16530.640030490642,17028.305789196285,347655
1997-09-25,17028.305789196285,17028.305789196285,16446.63283427126,16671.55589906321,556719
1997-09-26,16671.55589906321,16755.367300374015,16481.911312505308,16613.640184953303,449571
1997-09-29,16613.640184953303,16777.719435161216,16431.41925218534,16667.114080511023,570894
1997-09-30,16667.114080511023,16948.790387530742,16667.114080511023,16722.885368522682,512845
1997-10-01,16722.885368522682,16722.885368522682,15969.980228008837,16035.69365681158,532202
1997-10-02,16035.69365681158,16296.478771314292,16034.63632239199,16254.756359551602,556161
1997-10-03,16254.756359551602,16264.462154523539,15860.423349266825,16042.727358228825,510191
1997-10-06,16042.727358228825,16042.727358228825,15334.059320592023,15415.428045029561,513276
1997-10-07,15415.428045029561,15531.016145678825,15351.845518273887,15436.238107963109,371267
1997-10-08,15436.238107963109,15935.742814628711,15436.238107963109,15851.623286289867,454770
1997-10-09,15851.623286289867,15851.623286289867,15083.875417577523,15282.581546371612,573042
1997-10-10,15282.581546371612,15282.581546371612,15042.520300802813,15150.138328956888,573523
1997-10-13,15150.138328956888,15932.774798433538,15150.138328956888,15769.720909195301,491799
1997-10-14,15769.720909195301,16174.549963524869,15769.720909195301,16003.533076309182,561946
1997-10-15,16003.533076309182,16350.023475873226,16003.533076309182,16256.942520389794,504985
1997-10-16,16256.942520389794,16256.942520389794,16024.182811259057,16104.157183506053,499548
1997-10-17,16104.157183506053,17045.120280702144,16104.157183506053,16921.00919756781,465448
1997-10-20,16921.00919756781,17541.698471449763,16921.00919756781,17457.074222735646,486880
1997-10-21,17457.074222735646,18252.321571011304,17457.074222735646,18182.290012072262,654913
1997-10-22,18182.290012072262,18182.290012072262,17083.593985365187,17316.493575403718,512820
1997-10-23,17316.493575403718,17316.493575403718,15872.74199492995,16101.405829645853,569911
1997-10-24,16101.405829645853,16253.509177758613,15804.221460654404,16029.870312669202,510630
1997-10-27,16029.870312669202,16127.625409337756,15745.192564704681,15958.354197278222,429683
1997-10-28,15958.354197278222,15958.354197278222,15758.92367195818,15777.40182729506,624338
1997-10-29,15777.40182729506,16275.6979186308,15777.40182729506,16084.472117808953,463706
1997-10-30,16084.472117808953,16394.717550276644,16084.472117808953,16169.749557543582,413463
1997-10-31,16169.749557543582,16169.749557543582,15529.810357351964,15758.661245057934,533452
1997-11-03,15758.661245057934,15772.611917018578,15487.421968324035,15595.26075422015,582386
1997-11-04,15595.26075422015,15595.26075422015,14924.334437653493,14988.353736471487,528685
1997-11-05,14988.353736471487,15489.38565271519,14988.353736471487,15488.992335891486,506114
1997-11-06,15488.992335891486,16136.164703307888,15488.992335891486,15989.291883117814,527803
1997-11-07,15989.291883117814,15989.291883117814,15808.826798131591,15957.314175908574,572451
1997-11-10,15957.314175908574,16589.163572234353,15957.314175908574,16393.746587560985,641561
1997-11-11,16393.746587560985,16393.746587560985,15979.339606897016,16159.836412367522,508404
1997-11-12,16159.836412367522,16501.861218008216,16159.836412367522,16447.496233793863,436250
1997-11-13,16447.496233793863,16447.496233793863,16005.390881810597,16078.727063130864,522629
1997-11-14,16078.727063130864,16078.727063130864,15498.23802745307,15692.838760070514,473898
1997-11-17,15692.838760070514,15692.838760070514,15005.553996105922,15068.759543094084,399408
1997-11-18,15068.759543094084,15896.50812812292,15068.759543094084,15673.985387341922,604006
1997-11-19,15673.985387341922,15673.985387341922,14962.528254120296,15097.89659821151,617041
1997-11-20,15097.89659821151,15097.89659821151,14305.51725280608,14331.94221205269,345785
1997-11-21,14331.94221205269,14540.421860265285,14331.94221205269,14470.841689697609,571403
1997-11-24,14470.841689697609,14611.023291012047,14300.361419312427,14447.331510398199,567163
1997-11-25,14447.331510398199,14641.538851759242,14427.62681128873,14543.358461310245,554043
1997-11-26,14543.358461310245,14543.358461310245,14286.185581032441,14459.141612674854,548720
1997-11-27,14459.141612674854,14725.77482174672,14431.393603085273,14638.000126554125,530927
1997-11-28,14638.000126554125,15255.068552809216,14638.000126554125,15063.193021509871,512622
1997-12-01,15063.193021509871,15263.591183067101,15035.385690415864,15161.042309671204,477026
1997-12-02,15161.042309671204,15536.455619944687,15161.042309671204,15386.38655727818,608516
1997-12-03,15386.38655727818,15523.029534238052,15386.38655727818,15433.344041357208,636960
1997-12-04,15433.344041357208,15433.344041357208,14950.447000893548,15052.929611814494,506701
1997-12-05,15052.929611814494,15052.929611814494,14523.50266201259,14650.109437307094,559121
1997-12-08,14650.109437307094,15595.232924554599,14650.109437307094,15539.745231714043,499005
1997-12-09,15539.745231714043,15845.602300118759,15539.745231714043,15698.430460668202,570646
1997-12-10,15698.430460668202,15931.892748992665,15681.385914070464,15881.420759013567,506845
1997-12-11,15881.420759013567,16658.662846367482,15881.420759013567,16568.341421482335,474794
1997-12-12,16568.341421482335,16624.474892895963,16404.14074993755,16431.86388608121,611806
1997-12-15,16431.86388608121,16431.86388608121,15972.890581294638,16152.286216067896,602984
1997-12-16,16152.286216067896,16157.617838429009,15823.602164597014,16024.992535271409,509844
1997-12-17,16024.992535271409,16433.413359482787,16024.992535271409,16283.709847639164,432263
1997-12-18,16283.709847639164,16443.746768417484,16201.798996343907,16420.99743768506,608667
1997-12-19,16420.99743768506,16471.332437584235,16108.560896897303,16231.612794498784,429055
1997-12-22,16231.612794498784,16231.612794498784,15745.0634800789,15752.55211030203,351572
1997-12-23,15752.55211030203,16198.003135087922,15752.55211030203,16174.87399647872,650718
1997-12-24,16174.87399647872,16250.971644993944,16129.494877352927,16189.94111647488,464987
1997-12-25,16189.94111647488,16581.596236607606,16189.94111647488,16397.33921646288,376084
1997-12-26,16397.33921646288,16965.941363133777,16397.33921646288,16944.464015163387,566816
1997-12-29,16944.464015163387,16944.464015163387,16263.238741835858,16452.01479958529,391309
1997-12-30,16452.01479958529,16657.852459851903,16371.874744933026,16601.053543984035,508594
1997-12-31,16601.053543984035,17960.001545017098,16601.053543984035,17842.398344156278,464221
1998-01-01,17842.398344156278,17842.398344156278,17563.74972344146,17607.004778775492,575932
1998-01-02,17607.004778775492,17641.400555638313,17381.743702598284,17405.002362526815,586326
1998-01-05,17405.002362526815,17405.002362526815,16913.29883704669,16979.28113034773,547281
1998-01-06,16979.28113034773,16979.28113034773,16720.917162706057,16746.742303744795,528555
1998-01-07,16746.742303744795,17898.3604617476,16746.742303744795,17766.012809170483,502914
1998-01-08,17766.012809170483,17766.012809170483,17557.398295599844,17574.462962159887,482991
1998-01-09,17574.462962159887,17574.462962159887,16990.526389079674,17169.34241824697,490380
1998-01-12,17169.34241824697,17169.34241824697,16089.003814507092,16154.857860937618,538028
1998-01-13,16154.857860937618,16389.555294956685,16153.97699609465,16301.529319354824,549994
1998-01-14,16301.529319354824,16301.529319354824,15483.72174805604,15585.092092945937,547052
1998-01-15,15585.092092945937,15652.880218011956,15328.00844960381,15440.24428301174,543034
1998-01-16,15440.24428301174,15440.24428301174,15069.595368414626,15267.316259982974,548447
1998-01-19,15267.316259982974,15947.382743678903,15267.316259982974,15810.72192732163,546824
1998-01-20,15810.72192732163,15810.72192732163,14334.646084358019,14399.006613699858,557112
1998-01-21,14399.006613699858,14565.964521204321,14365.777140333514,14541.218254306426,531806
1998-01-22,14541.218254306426,14541.218254306426,14004.147088813632,14134.167821530697,652486
1998-01-23,14134.167821530697,14327.332927829011,14134.167821530697,14298.245246119133,497311
1998-01-26,14298.245246119133,14298.245246119133,13822.854141551408,13901.240215741736,420210
1998-01-27,13901.240215741736,13901.240215741736,13316.384724616353,13456.353080232926,495972
1998-01-28,13456.353080232926,14029.636367874426,13456.353080232926,13839.726774857825,523451
1998-01-29,13839.726774857825,14517.621170163891,13839.726774857825,14447.740095164767,528153
1998-01-30,14447.740095164767,15302.422063256989,14447.740095164767,15091.781116311024,488659
1998-02-02,15091.781116311024,15122.26810694042,14913.176509200279,15064.659524822906,544058
1998-02-03,15064.659524822906,15127.482005324437,14980.069963696666,15052.292487720459,427850
1998-02-04,15052.292487720459,15139.612603032178,15030.309425312942,15108.635928720318,571067
1998-02-05,15108.635928720318,15159.815731328928,14898.63079886838,14997.810488840565,509225
1998-02-06,14997.810488840565,15088.07945092321,14836.471854929174,14892.979834274418,467843
1998-02-09,14892.979834274418,15097.988196155695,14892.979834274418,15066.646343915165,604369
1998-02-10,15066.646343915165,15759.86297106011,15066.646343915165,15572.435203996514,358783
1998-02-11,15572.435203996514,15758.077892496434,15572.435203996514,15732.842553899252,524688
1998-02-12,15732.842553899252,15792.441633012244,15461.229192598195,15649.248702007148,405911
1998-02-13,15649.248702007148,16280.283338980622,15649.248702007148,16128.138883370444,426929
1998-02-16,16128.138883370444,17138.38135648107,16128.138883370444,16974.96435162449,521395
1998-02-17,16974.96435162449,17275.473814541256,16974.96435162449,17220.741761083813,522985
1998-02-18,17220.741761083813,17220.741761083813,16375.582530117132,16513.895160347198,459299
1998-02-19,16513.895160347198,16531.13166873098,16256.716529855958,16491.040410432597,563625
1998-02-20,16491.040410432597,16491.040410432597,16153.498813330583,16166.565211443367,709658
1998-02-23,16166.565211443367,16328.374384624067,16118.766526798212,16297.665217790975,449287
1998-02-24,16297.665217790975,16421.874227353615,16089.051761021836,16282.22707150732,459587
1998-02-25,16282.22707150732,16297.682942612842,15931.626816193975,16158.23827665901,453736
1998-02-26,16158.23827665901,16158.23827665901,15755.78495769941,15914.298731073555,611309
1998-02-27,15914.298731073555,15914.298731073555,15457.71926293522,15462.893440874888,492465
1998-03-02,15462.893440874888,15462.893440874888,14931.029773164923,15054.646101459919,503559
1998-03-03,15054.646101459919,15773.088196505449,15054.646101459919,15615.163462604582,512114
1998-03-04,15615.163462604582,15615.163462604582,15097.88572947863,15221.68339076891,509907
1998-03-05,15221.68339076891,15940.768807695276,15221.68339076891,15795.609851014324,558555
1998-03-06,15795.609851014324,16912.01028215133,15795.609851014324,16726.9374829189,516491
1998-03-09,16726.9374829189,17313.970500649637,16726.9374829189,17196.312273405216,583710
1998-03-10,17196.312273405216,17762.402429311005,17196.312273405216,17722.905053834213,623434
1998-03-11,17722.905053834213,18362.67020366217,17722.905053834213,18248.335653365586,592301
1998-03-12,18248.335653365586,18513.494521518296,18034.55804482217,18301.97349239499,583713
1998-03-13,18301.97349239499,18301.97349239499,18088.51595166411,18142.43370001353,338179
1998-03-16,18142.43370001353,18228.858750959436,18142.43370001353,18179.0724664624,300464
1998-03-17,18179.0724664624,18290.52262073201,17833.972144776817,18034.376882296216,604539
1998-03-18,18034.376882296216,18034.376882296216,17357.330126333705,17557.894266546096,510855
1998-03-19,17557.894266546096,17852.956863083546,17557.894266546096,17708.216751184736,411341
1998-03-20,17708.216751184736,18287.300299621875,17708.216751184736,18133.374227952263,645851
1998-03-23,18133.374227952263,18479.96178280196,18133.374227952263,18393.76856882341,484814
1998-03-24,18393.76856882341,18393.76856882341,17885.021121400066,17938.479596473127,554869
1998-03-25,17938.479596473127,18162.57519988974,17927.530723542714,17948.39129058649,419142
1998-03-26,17948.39129058649,19246.656592527575,17948.39129058649,19038.511544073055,448149
1998-03-27,19038.511544073055,19337.21128065064,19038.511544073055,19295.780604371565,498713
1998-03-30,19295.780604371565,19551.52346081448,19187.942858702678,19414.46690619947,471552
1998-03-31,19414.46690619947,19414.46690619947,18909.961018722173,18946.236337614748,706063
1998-04-01,18946.236337614748,19605.859499990016,18946.236337614748,19482.402884194642,485062
1998-04-02,19482.402884194642,19482.402884194642,18793.360051076994,19072.901828309612,557745
1998-04-03,19072.901828309612,20288.71873314979,19072.901828309612,20098.516855318572,418976
1998-04-06,20098.516855318572,20098.516855318572,19378.643144541493,19392.238837227,403374
1998-04-07,19392.238837227,19392.238837227,18621.37487741043,18636.385525074995,532945
1998-04-08,18636.385525074995,19355.06730642759,18636.385525074995,19114.198973727118,591104
1998-04-09,19114.198973727118,19736.660079714005,19114.198973727118,19656.43122752013,468882
1998-04-10,19656.43122752013,19656.43122752013,19030.058859532288,19113.88527054079,319939
1998-04-13,19113.88527054079,19737.295144915664,19113.88527054079,19609.836886854762,419650
1998-04-14,19609.836886854762,19804.96083363979,19292.751527720626,19538.485067510126,511515
1998-04-15,19538.485067510126,19548.824328236762,19429.534840384375,19454.11141866752,536098
1998-04-16,19454.11141866752,19666.495504518316,19292.692773612966,19427.2223284638,494572
1998-04-17,19427.2223284638,20332.433869310906,19427.2223284638,20057.856549100685,478119
1998-04-20,20057.856549100685,20429.81199675926,20043.67357211252,20140.64943275781,519570
1998-04-21,20140.64943275781,20768.512975879537,20140.64943275781,20495.713696932748,363785
1998-04-22,20495.713696932748,20904.157598294714,20495.713696932748,20600.56634879705,416567
1998-04-23,20600.56634879705,20600.56634879705,19439.647535350327,19703.42419713672,406150
1998-04-24,19703.42419713672,19758.85509004516,19508.541791590145,19712.975968990737,340047
1998-04-27,19712.975968990737,19769.405905101405,19401.263773582537,19560.38290327276,459789
1998-04-28,19560.38290327276,19599.47701030146,19395.106751987867,19397.20190372621,553184
1998-04-29,19397.20190372621,19397.20190372621,19054.56491393811,19117.401794014648,620936
1998-04-30,19117.401794014648,20203.36910814039,19117.401794014648,19911.714028267197,434034
1998-05-01,19911.714028267197,19911.714028267197,19312.164340729465,19388.733109418405,511569
1998-05-04,19388.733109418405,20106.113426384247,19388.733109418405,19872.126341715473,657847
1998-05-05,19872.126341715473,20577.162993911614,19872.126341715473,20458.687763282396,472591
1998-05-06,20458.687763282396,20458.687763282396,20198.806018905987,20222.72002819598,549385
1998-05-07,20222.72002819598,20222.72002819598,19871.070173696633,19906.785683631122,582855
1998-05-08,19906.785683631122,21271.337197434692,19906.785683631122,21082.512926997842,528160
1998-05-11,21082.512926997842,21082.512926997842,20503.70803539939,20585.33807446165,380244
1998-05-12,20585.33807446165,21109.601087377447,20585.33807446165,20983.24179371512,514747
1998-05-13,20983.24179371512,20983.24179371512,20743.2369507921,20785.55742470705,584270
1998-05-14,20785.55742470705,20785.55742470705,20094.351529512067,20386.891738725448,475367
1998-05-15,20386.891738725448,20878.211611965242,20386.891738725448,20676.23995134494,482910
1998-05-18,20676.23995134494,21830.828309967994,20676.23995134494,21745.462165502122,439544
1998-05-19,21745.462165502122,21745.462165502122,21235.87494429802,21323.183956194618,567764
1998-05-20,21323.183956194618,22159.79367047321,21323.183956194618,22021.471908825588,592101
1998-05-21,22021.471908825588,22326.665983809537,21917.606701047367,22164.777179732595,346040
1998-05-22,22164.777179732595,22612.314004534306,22057.58116892272,22355.148786631544,542743
1998-05-25,22355.148786631544,22355.148786631544,21697.43016139655,21823.53364481619,430101
1998-05-26,21823.53364481619,21823.53364481619,21230.010123832326,21300.435237393478,649208
1998-05-27,21300.435237393478,21300.435237393478,20841.13330088021,20848.538516166795,453696
1998-05-28,20848.538516166795,21267.27868830667,20797.680139580352,21073.234609843177,630407
1998-05-29,21073.234609843177,21207.21446798541,20937.553918545695,21184.16554368263,436480
1998-06-01,21184.16554368263,21807.25897466093,21184.16554368263,21530.40002197216,481909
1998-06-02,21530.40002197216,22134.044738914432,21530.40002197216,21974.718246535176,422393
1998-06-03,21974.718246535176,22345.94653321325,21974.718246535176,22248.750487878016,496337
1998-06-04,22248.750487878016,22248.750487878016,21768.9077304339,21993.305814103915,411381
1998-06-05,21993.305814103915,21993.305814103915,20823.4624787758,21130.28150971125,607578
1998-06-08,21130.28150971125,21130.28150971125,20919.156729553142,21099.502555560168,595242
1998-06-09,21099.502555560168,21099.502555560168,20590.79326744595,20740.30885833284,533358
1998-06-10,20740.30885833284,21168.93372701185,20740.30885833284,21097.51369472426,549235
1998-06-11,21097.51369472426,21141.54665412433,20755.337557346615,20861.28339613456,510752
1998-06-12,20861.28339613456,20861.28339613456,20497.55835826426,20550.503324677113,430723
1998-06-15,20550.503324677113,21374.275904035763,20550.503324677113,21085.265548362753,423770
1998-06-16,21085.265548362753,21480.504626713155,21085.265548362753,21410.69144537622,538329
1998-06-17,21410.69144537622,21443.96063163553,21339.335720759027,21442.18692697123,399553
1998-06-18,21442.18692697123,21442.18692697123,20780.853194232524,20812.294084353307,626309
1998-06-19,20812.294084353307,20888.983266433883,20683.013379942495,20856.43552828777,443574
1998-06-22,20856.43552828777,21648.489497518767,20856.43552828777,21628.23797353766,440113
1998-06-23,21628.23797353766,21628.23797353766,21133.925369134093,21210.990698125333,485594
1998-06-24,21210.990698125333,21514.29635809052,21100.66617789094,21267.13905468864,506726
1998-06-25,21267.13905468864,21267.13905468864,20749.25384146862,20828.29265684748,490411
1998-06-26,20828.29265684748,22031.310168981807,20828.29265684748,21914.6123519221,584758
1998-06-29,21914.6123519221,22507.661030755327,21914.6123519221,22405.6954136799,408556
1998-06-30,22405.6954136799,22730.897687581135,22112.35534524959,22424.157973683396,540093
1998-07-01,22424.157973683396,22819.757175817464,22424.157973683396,22546.195164439952,565825
1998-07-02,22546.195164439952,22546.195164439952,21644.807746939307,21820.780048279066,472595
1998-07-03,21820.780048279066,21820.780048279066,21123.97727565095,21245.070668318403,504523
1998-07-06,21245.070668318403,21415.777951716365,21179.75853500941,21277.359499833296,411032
1998-07-07,21277.359499833296,21553.99035145949,21277.359499833296,21373.62888928162,530966
1998-07-08,21373.62888928162,21486.010707208115,21117.017772282037,21218.44666316658,381275
1998-07-09,21218.44666316658,22007.584501644473,21218.44666316658,21937.91113060763,533116
1998-07-10,21937.91113060763,22045.17289438488,21704.550058198463,21787.38448048256,495719
1998-07-13,21787.38448048256,22966.48273919342,21787.38448048256,22741.78047672873,466442
1998-07-14,22741.78047672873,22741.78047672873,21836.095614386213,22092.07609485451,458380
1998-07-15,22092.07609485451,22092.07609485451,21038.934208762785,21216.660260273817,586188
1998-07-16,21216.660260273817,22100.49565136931,21216.660260273817,22088.254221818817,434753
1998-07-17,22088.254221818817,22544.709402150467,22088.254221818817,22223.207162857132,398877
1998-07-20,22223.207162857132,23133.052391832392,22223.207162857132,22852.41700643275,596474
1998-07-21,22852.41700643275,23034.090011050743,22694.867190455636,22803.20075169584,502101
1998-07-22,22803.20075169584,23350.373268093343,22803.20075169584,23206.71504768195,358372
1998-07-23,23206.71504768195,24235.037893387347,23206.71504768195,24051.9055783209,587935
1998-07-24,24051.9055783209,24670.78485970744,24051.9055783209,24555.600215885257,553551
1998-07-27,24555.600215885257,24933.05509887121,24555.600215885257,24882.3481290123,353675
1998-07-28,24882.3481290123,26009.438807686598,24882.3481290123,25645.335244368445,362403
1998-07-29,25645.335244368445,25645.335244368445,24554.25385461552,24745.763865276727,473651
1998-07-30,24745.763865276727,24745.763865276727,24014.80811600492,24099.23120661968,474218
1998-07-31,24099.23120661968,24327.34255913302,23684.478187982135,24000.719120151207,436257
1998-08-03,24000.719120151207,24000.719120151207,23224.36783134802,23371.079952933895,482741
1998-08-04,23371.079952933895,23371.079952933895,22774.946205802018,23010.229736817528,569210
1998-08-05,23010.229736817528,23010.229736817528,22465.685887525233,22687.789054325473,514310
1998-08-06,22687.789054325473,23305.367156900797,22687.789054325473,22981.67687770015,453049
1998-08-07,22981.67687770015,23321.757408876703,22981.67687770015,23081.53645467371,465124
1998-08-10,23081.53645467371,23081.53645467371,22665.043417165907,22925.046592564147,423294
1998-08-11,22925.046592564147,22925.046592564147,22213.756879570246,22501.86918635366,412856
1998-08-12,22501.86918635366,23307.75306936738,22501.86918635366,23010.0847221244,576029
1998-08-13,23010.0847221244,23434.59280383635,23010.0847221244,23189.858217527886,408210
1998-08-14,23189.858217527886,24101.41086514141,23189.858217527886,23869.683382428924,524574
1998-08-17,23869.683382428924,23933.596875772182,23804.26114047104,23851.191703540924,559923
1998-08-18,23851.191703540924,23851.191703540924,23353.381593375085,23486.17497171291,382336
1998-08-19,23486.17497171291,24593.650128089674,23486.17497171291,24330.90267275299,661920
1998-08-20,24330.90267275299,24330.90267275299,23905.983945337706,24200.8688464464,474934
1998-08-21,24200.8688464464,24200.8688464464,23968.881553483883,24013.76912778388,370488
1998-08-24,24013.76912778388,24013.76912778388,23523.234708075026,23691.717382351384,642783
1998-08-25,23691.717382351384,24160.401782409404,23691.717382351384,24137.868013047606,453431
1998-08-26,24137.868013047606,24137.868013047606,22625.316372349393,22822.858506977376,586631
1998-08-27,22822.858506977376,23508.85568734973,22822.858506977376,23448.24912467912,515454
1998-08-28,23448.24912467912,23448.24912467912,22893.204114493463,23020.6822370839,434837
1998-08-31,23020.6822370839,23020.6822370839,22199.187197572704,22418.447748614304,484235
1998-09-01,22418.447748614304,22418.447748614304,21959.387502167316,22010.371901810267,437010
1998-09-02,22010.371901810267,22178.096157863747,21940.507020293866,22049.871601244555,405901
1998-09-03,22049.871601244555,22049.871601244555,21343.78823075719,21349.854913192146,501700
1998-09-04,21349.854913192146,21716.112030999673,21349.854913192146,21659.64242191171,490066
1998-09-07,21659.64242191171,21659.64242191171,21156.05459441038,21198.789108101075,485051
1998-09-08,21198.789108101075,21255.27227785897,20681.745469585938,20944.33352161658,467970
1998-09-09,20944.33352161658,20944.33352161658,20083.69774671027,20267.66151913465,545508
1998-09-10,20267.66151913465,20676.50577603994,20118.897899232867,20416.399649552222,564911
1998-09-11,20416.399649552222,20515.187024788604,20386.494243325935,20455.348624936683,422465
1998-09-14,20455.348624936683,20559.108667248733,20147.35981133187,20431.421372867204,358663
1998-09-15,20431.421372867204,20580.147856002844,20241.52360957401,20419.97296273869,379298
1998-09-16,20419.97296273869,20765.79768633586,20419.97296273869,20720.476218215208,527251
1998-09-17,20720.476218215208,21245.44360700217,20720.476218215208,20979.774262151423,481680
1998-09-18,20979.774262151423,20979.774262151423,20454.781254695834,20717.93597579066,518348
1998-09-21,20717.93597579066,20717.93597579066,19909.97280545371,20016.009487191997,362064
1998-09-22,20016.009487191997,20016.009487191997,19441.67951013205,19665.944758992027,608649
1998-09-23,19665.944758992027,20036.047446774868,19665.944758992027,19997.08108335643,496777
1998-09-24,19997.08108335643,20678.26221591685,19997.08108335643,20596.020849861325,634285
1998-09-25,20596.020849861325,20596.020849861325,19625.40401042234,19730.63335849927,470290
1998-09-28,19730.63335849927,19848.293998582776,19517.44962559624,19636.661502572926,444156
1998-09-29,19636.661502572926,20001.145382640887,19593.595791659372,19837.401929078576,654080
1998-09-30,19837.401929078576,19837.401929078576,19067.653467293614,19216.08731087754,578556
1998-10-01,19216.08731087754,19266.086002298984,19098.000620292743,19237.84335490869,649739
1998-10-02,19237.84335490869,19327.488841444152,19012.603673029476,19169.199479526702,534240
1998-10-05,19169.199479526702,19423.07306338308,19167.72391437135,19359.06490266109,625169
1998-10-06,19359.06490266109,20194.820635575805,19359.06490266109,19927.049168022262,555879
1998-10-07,19927.049168022262,20184.774714777726,19927.049168022262,20092.693327342487,419907
1998-10-08,20092.693327342487,20402.401749403933,20070.45029449899,20315.051456797548,577511
1998-10-09,20315.051456797548,20315.051456797548,19589.885119580817,19755.66957561714,486255
1998-10-12,19755.66957561714,19755.66957561714,18181.746813999893,18223.552521962814,498026
1998-10-13,18223.552521962814,18223.552521962814,17402.56079094566,17527.279131385865,587952
1998-10-14,17527.279131385865,17527.279131385865,17172.547654927177,17236.842904633868,519556
1998-10-15,17236.842904633868,17236.842904633868,16932.965316512924,16958.57284950532,634638
1998-10-16,16958.57284950532,17470.42455326304,16958.57284950532,17450.793676999394,483724
1998-10-19,17450.793676999394,18064.713985193284,17450.793676999394,18021.386543236848,437863
1998-10-20,18021.386543236848,18242.554658681904,17853.48689807859,18090.420335291365,461702
1998-10-21,18090.420335291365,18141.84450906895,17998.560363587585,18074.375857105268,476809
1998-10-22,18074.375857105268,18686.94676786291,18074.375857105268,18454.840626005243,554683
1998-10-23,18454.840626005243,18556.73945746941,18255.665744236372,18394.039878471205,347170
1998-10-26,18394.039878471205,18796.980258729414,18394.039878471205,18672.841465449626,620028
1998-10-27,18672.841465449626,18672.841465449626,17985.729010065294,18183.72817897528,478825
1998-10-28,18183.72817897528,18183.72817897528,17688.752429863136,17927.994960915392,462394
1998-10-29,17927.994960915392,18034.779554041303,17757.149849144862,18026.12188150486,437932
1998-10-30,18026.12188150486,18172.94526661282,17869.905995513807,17938.509144885753,397064
1998-11-02,17938.509144885753,18226.653975880516,17907.84632626153,17987.550854221634,448674
1998-11-03,17987.550854221634,18173.99208093266,17836.279384716603,18004.239595232557,555465
1998-11-04,18004.239595232557,18264.82119603709,18004.239595232557,18183.64528128313,370502
1998-11-05,18183.64528128313,18183.64528128313,17119.147539754144,17281.982646945246,531377
1998-11-06,17281.982646945246,17364.428657739474,17150.19670103447,17249.379758779967,482296
1998-11-09,17249.379758779967,17249.379758779967,17074.18737750377,17167.270321287608,322994
1998-11-10,17167.270321287608,17440.992096939466,17167.270321287608,17384.095648262435,536909
1998-11-11,17384.095648262435,17384.095648262435,16800.67435998608,16933.149786635415,418332
1998-11-12,16933.149786635415,17024.243570415172,16593.81373803122,16841.5294369433,484591
1998-11-13,16841.5294369433,17300.503832176968,16841.5294369433,17089.731127767005,498899
1998-11-16,17089.731127767005,17346.25986314704,17089.731127767005,17320.892849209744,682289
1998-11-17,17320.892849209744,17592.71695018909,17320.892849209744,17500.447653970292,365315
1998-11-18,17500.447653970292,17500.447653970292,17065.302519427936,17177.661106690513,444412
1998-11-19,17177.661106690513,17500.545621313693,17039.413484934903,17246.446156407343,502967
1998-11-20,17246.446156407343,17806.532564609213,17246.446156407343,17761.91270921437,547736
1998-11-23,17761.91270921437,18030.21816699582,17761.91270921437,18014.646663793937,519338
1998-11-24,18014.646663793937,18428.8538373072,18014.646663793937,18367.924387705734,555309
1998-11-25,18367.924387705734,19078.83065604255,18367.924387705734,18932.233251654216,528622
1998-11-26,18932.233251654216,18977.2464483882,18517.39442826673,18786.02793647322,548143
1998-11-27,18786.02793647322,19236.29810052589,18786.02793647322,18999.023904986818,679820
1998-11-30,18999.023904986818,19468.1679981203,18999.023904986818,19336.99981255222,493463
1998-12-01,19336.99981255222,19449.354205144624,18964.34371703819,19196.402310661408,487433
1998-12-02,19196.402310661408,19484.857677596217,19082.975185147916,19287.970136867465,474746
1998-12-03,19287.970136867465,19855.421488836913,19287.970136867465,19620.98272228969,449983
1998-12-04,19620.98272228969,19620.98272228969,18912.12947869158,18995.05772548953,482028
1998-12-07,18995.05772548953,18995.05772548953,18088.007663682853,18284.225801279554,530187
1998-12-08,18284.225801279554,18284.447132010355,17807.05979902071,18045.910720894182,558474
1998-12-09,18045.910720894182,18045.910720894182,17835.93512834554,17850.184385652374,510338
1998-12-10,17850.184385652374,17905.490769962675,17469.386363072845,17719.07700309511,636289
1998-12-11,17719.07700309511,17719.07700309511,17412.85801725696,17533.421089317228,585780
1998-12-14,17533.421089317228,17616.578322147874,17132.370583323536,17389.940270369287,593377
1998-12-15,17389.940270369287,17820.385053702492,17389.940270369287,17656.86185541327,492048
1998-12-16,17656.86185541327,18035.20769729111,17656.86185541327,17825.804801761333,366031
1998-12-17,17825.804801761333,18124.267313006003,17825.804801761333,17957.65349936222,567558
1998-12-18,17957.65349936222,18408.799645063493,17957.65349936222,18279.264547829876,469172
1998-12-21,18279.264547829876,19534.74963147438,18279.264547829876,19255.423223810783,558637
1998-12-22,19255.423223810783,19842.948001825836,19255.423223810783,19681.819446470956,449273
1998-12-23,19681.819446470956,20675.11171097929,19681.819446470956,20635.873471603452,451171
1998-12-24,20635.873471603452,20635.873471603452,20125.827255590262,20262.105548927448,450415
1998-12-25,20262.105548927448,20509.787229633315,20262.105548927448,20293.918664519988,547374
1998-12-28,20293.918664519988,20293.918664519988,19559.547665721886,19659.21804486337,508385
1998-12-29,19659.21804486337,19715.57947973482,19293.973481414636,19465.950312194258,477261
1998-12-30,19465.950312194258,19754.075200267438,19327.530016517903,19485.596808242026,504018
1998-12-31,19485.596808242026,19811.947266709998,19485.596808242026,19807.62059798635,512471
1999-01-01,19807.62059798635,20856.538496013352,19807.62059798635,20721.17553816629,541052
1999-01-04,20721.17553816629,20721.17553816629,20052.923816096358,20084.304523685194,571654
1999-01-05,20084.304523685194,20084.304523685194,19177.33913860106,19458.571439732525,389675
1999-01-06,19458.571439732525,19650.16613299256,19359.87061299718,19367.105213105984,451915
1999-01-07,19367.105213105984,19367.105213105984,18547.745451258175,18778.103610908445,600423
1999-01-08,18778.103610908445,19286.495735574983,18778.103610908445,19200.695155407913,456245
1999-01-11,19200.695155407913,19567.864234727436,19200.695155407913,19516.705363177523,474731
1999-01-12,19516.705363177523,19645.44228234208,19302.192935131065,19548.423626115724,584046
1999-01-13,19548.423626115724,20115.86978139388,19548.423626115724,19980.800535693037,534043
1999-01-14,19980.800535693037,20544.029562906948,19980.800535693037,20293.140037652363,520716
1999-01-15,20293.140037652363,21042.07891094893,20293.140037652363,20998.708854725275,591174
1999-01-18,20998.708854725275,22217.94836043631,20998.708854725275,22082.242735275056,417016
1999-01-19,22082.242735275056,22082.242735275056,21631.42223365468,21687.304257876516,454575
1999-01-20,21687.304257876516,22076.823703001828,21687.304257876516,22034.83120414584,413145
1999-01-21,22034.83120414584,22249.17306347985,21795.43066413899,21998.335399937394,602660
1999-01-22,21998.335399937394,21998.335399937394,21477.628442998037,21649.25735488306,503429
1999-01-25,21649.25735488306,21649.25735488306,20144.645697609354,20305.6963800242,386369
1999-01-26,20305.6963800242,20305.6963800242,19039.340357239922,19285.708551452866,408469
1999-01-27,19285.708551452866,19690.117350472086,19285.708551452866,19499.423794561273,571420
1999-01-28,19499.423794561273,19499.423794561273,18945.201303559945,19119.971801163647,330551
1999-01-29,19119.971801163647,19119.971801163647,18662.90069178753,18668.426712511213,431579
1999-02-01,18668.426712511213,18802.327153821057,18628.40419452925,18669.574087220546,603775
1999-02-02,18669.574087220546,19064.02523127778,18669.574087220546,18909.297812868244,666208
1999-02-03,18909.297812868244,18956.100936231425,18673.265141512642,18942.260788014722,335035
1999-02-04,18942.260788014722,19238.543508640443,18942.260788014722,19023.954961954456,565806
1999-02-05,19023.954961954456,19023.954961954456,18461.463589806277,18577.72120956791,468450
1999-02-08,18577.72120956791,18577.72120956791,18314.612341657168,18324.299832767174,371304
1999-02-09,18324.299832767174,18379.77128451081,18038.92022696817,18245.561290471283,477885
1999-02-10,18245.561290471283,18245.561290471283,17547.00448778787,17682.627043458928,602869
1999-02-11,17682.627043458928,18123.640187370267,17682.627043458928,17944.376588439613,381701
1999-02-12,17944.376588439613,18388.785419346124,17944.376588439613,18345.82513501966,419862
1999-02-15,18345.82513501966,18345.82513501966,17974.71732252613,17978.17210263074,487715
1999-02-16,17978.17210263074,18202.74816308211,17978.17210263074,18107.159652757648,539334
1999-02-17,18107.159652757648,18107.159652757648,17342.268986315416,17473.71272033426,472727
1999-02-18,17473.71272033426,17563.375011616823,17298.372949103,17535.634931347384,555335
1999-02-19,17535.634931347384,17850.18469238227,17535.634931347384,17764.221032914917,539485
1999-02-22,17764.221032914917,17764.221032914917,17545.318315239183,17684.02451630605,592669
1999-02-23,17684.02451630605,17911.07219327334,17644.10104792359,17789.754864602255,557649
1999-02-24,17789.754864602255,17789.754864602255,16968.884001700488,17163.63373097075,591263
1999-02-25,17163.63373097075,17412.457275926106,17149.728619269667,17220.100401391832,543039
1999-02-26,17220.100401391832,17357.793793194647,17195.55901314358,17268.793283841394,601761
1999-03-01,17268.793283841394,17268.793283841394,16836.032014583045,16998.378524578926,581575
1999-03-02,16998.378524578926,17041.99483089812,16916.930344390767,16972.852805385566,469263
1999-03-03,16972.852805385566,17043.78450541785,16896.680655801043,16987.507082449472,379380
1999-03-04,16987.507082449472,16987.507082449472,16603.25779881727,16757.677512539347,424661
1999-03-05,16757.677512539347,16794.467939953858,16750.551231424277,16782.300706814716,524952
1999-03-08,16782.300706814716,16925.640497002005,16569.690512115565,16731.050852213943,467332
1999-03-09,16731.050852213943,17382.930161026015,16731.050852213943,17148.78274250272,424910
1999-03-10,17148.78274250272,17252.618896852277,17088.92576366585,17096.600984752255,595643
1999-03-11,17096.600984752255,17108.143850506432,16941.05922266612,16974.894744232424,461048
1999-03-12,16974.894744232424,17322.58172083801,16974.894744232424,17243.780679941396,524072
1999-03-15,17243.780679941396,17592.631500572177,17166.596521019383,17412.448448444833,473602
1999-03-16,17412.448448444833,17462.974490200144,17276.315006490644,17390.95399934247,610870
1999-03-17,17390.95399934247,17986.089530760484,17390.95399934247,17826.5634168117,475383
1999-03-18,17826.5634168117,17945.199888583677,17707.869618264827,17916.197821413967,414472
1999-03-19,17916.197821413967,17916.197821413967,17325.655771255268,17408.631462878588,441994
1999-03-22,17408.631462878588,17408.631462878588,16700.591538180255,16853.82088404417,616020
1999-03-23,16853.82088404417,17145.1391992724,16853.82088404417,17006.4911226771,473396
1999-03-24,17006.4911226771,17006.4911226771,16345.095929389734,16483.40310498304,720341
1999-03-25,16483.40310498304,16483.40310498304,15901.842427836147,15948.033829347825,287470
1999-03-26,15948.033829347825,15948.033829347825,15378.022101147115,15428.761228930183,549960
1999-03-29,15428.761228930183,15428.761228930183,14902.640775191949,14970.346475657727,442118
1999-03-30,14970.346475657727,14970.346475657727,14548.1265010528,14697.777128521559,487887
1999-03-31,14697.777128521559,15202.148410956468,14697.777128521559,15019.916675092836,577065
1999-04-01,15019.916675092836,15194.414993248625,14896.634286566552,14991.590005639006,494310
1999-04-02,14991.590005639006,15429.235131296566,14991.590005639006,15230.482932264016,535568
1999-04-05,15230.482932264016,16261.296560040835,15230.482932264016,16229.482145590946,388822
1999-04-06,16229.482145590946,16229.482145590946,15265.236114578152,15283.25058533074,561719
1999-04-07,15283.25058533074,15652.227179742595,15283.25058533074,15607.834981958862,490411
1999-04-08,15607.834981958862,15698.91104079652,15451.542086666155,15588.764501799209,350510
1999-04-09,15588.764501799209,15588.764501799209,15104.283867454042,15144.025761358422,458205
1999-04-12,15144.025761358422,15835.496780830392,15144.025761358422,15783.429016441409,523905
1999-04-13,15783.429016441409,16445.347939561805,15783.429016441409,16326.629972342771,483652
1999-04-14,16326.629972342771,16326.629972342771,15841.231683955255,16078.674913541852,357615
1999-04-15,16078.674913541852,16078.674913541852,15829.036766207599,15902.002050710205,614559
1999-04-16,15902.002050710205,15902.002050710205,15604.00438508693,15769.120844128109,604615
1999-04-19,15769.120844128109,16288.8912061162,15769.120844128109,16051.765413532132,476899
1999-04-20,16051.765413532132,16051.765413532132,15586.215798100746,15697.614261290692,537185
1999-04-21,15697.614261290692,15861.721437965598,15530.643411671554,15644.621403599167,491971
1999-04-22,15644.621403599167,15701.290493154453,15621.17731695526,15646.837723165301,440266
1999-04-23,15646.837723165301,15646.837723165301,15184.68621059661,15233.299064185501,579364
1999-04-26,15233.299064185501,15390.928906476034,15198.835069036455,15315.259942907818,454936
1999-04-27,15315.259942907818,15522.554482715757,15315.259942907818,15356.926150406236,417485
1999-04-28,15356.926150406236,15356.926150406236,14890.224607751263,15007.35169057992,586765
1999-04-29,15007.35169057992,15007.35169057992,14745.079789580377,14783.126237315813,508791
1999-04-30,14783.126237315813,14783.126237315813,14565.158611895478,14585.115841894883,647982
1999-05-03,14585.115841894883,14822.613579541088,14534.973137696625,14742.911778162092,376206
1999-05-04,14742.911778162092,14761.175151262183,14437.484287986155,14620.131076880809,384301
1999-05-05,14620.131076880809,14620.131076880809,13934.621392473184,14027.649238444923,456799
1999-05-06,14027.649238444923,14638.218355466182,14027.649238444923,14436.173844964462,532869
1999-05-07,14436.173844964462,14436.173844964462,14052.17648069989,14185.268302312674,451392
1999-05-10,14185.268302312674,14185.268302312674,13640.523096297837,13752.89684126824,496021
1999-05-11,13752.89684126824,13956.574937713118,13752.89684126824,13787.235550000636,379486
1999-05-12,13787.235550000636,14339.95344035924,13787.235550000636,14304.689322532324,486889
1999-05-13,14304.689322532324,14432.16562139892,14304.689322532324,14428.630281625412,520043
1999-05-14,14428.630281625412,14428.630281625412,14169.647180533622,14180.740743827488,568206
1999-05-17,14180.740743827488,14367.567980296992,14153.898394246808,14167.437419930871,499731
1999-05-18,14167.437419930871,15075.467426196903,14167.437419930871,14937.216394014333,424871
1999-05-19,14937.216394014333,15134.108906464911,14798.416533105838,15022.438203944475,403464
1999-05-20,15022.438203944475,15022.438203944475,14459.236830603588,14641.155505396227,535997
1999-05-21,14641.155505396227,14641.155505396227,14033.02868862359,14158.057099349864,463893
1999-05-24,14158.057099349864,14158.057099349864,13908.042327487845,13946.433209733776,383767
1999-05-25,13946.433209733776,14268.62018706408,13915.6205882634,14079.49073328097,405538
1999-05-26,14079.49073328097,14079.49073328097,13283.627513095978,13365.037871592416,541270
1999-05-27,13365.037871592416,14097.237140030104,13365.037871592416,14005.476530251111,571377
1999-05-28,14005.476530251111,14005.476530251111,13264.807148175225,13409.244237481302,482871
1999-05-31,13409.244237481302,13409.244237481302,12986.323300242746,13156.612044389643,506221
1999-06-01,13156.612044389643,13351.021086360866,13156.612044389643,13181.418768933154,415518
1999-06-02,13181.418768933154,13660.063697026504,13181.418768933154,13636.12521691587,481950
1999-06-03,13636.12521691587,13636.12521691587,13053.754941871031,13248.636983061671,491153
1999-06-04,13248.636983061671,13396.694092188525,13248.636983061671,13291.632752062884,634089
1999-06-07,13291.632752062884,13291.632752062884,13184.665556626222,13220.61847318316,477182
1999-06-08,13220.61847318316,13621.224978898957,13220.61847318316,13616.36898284347,619004
1999-06-09,13616.36898284347,14346.103079292365,13616.36898284347,14260.108482146024,509532
1999-06-10,14260.108482146024,14387.576123282635,14169.029344848861,14194.850889507195,557501
1999-06-11,14194.850889507195,14194.850889507195,14075.172999926777,14106.204118445334,369188
1999-06-14,14106.204118445334,14106.204118445334,13584.481059290612,13692.970685202597,443143
1999-06-15,13692.970685202597,14275.164790815621,13692.970685202597,14258.84724798802,354266
1999-06-16,14258.84724798802,14658.142592895127,14258.84724798802,14485.79779218913,442204
1999-06-17,14485.79779218913,14485.79779218913,14080.089657628989,14147.08101765884,589858
1999-06-18,14147.08101765884,14147.08101765884,13800.078691713876,13941.18998016285,534170
1999-06-21,13941.18998016285,14240.274522111778,13941.18998016285,14202.079356700622,598888
1999-06-22,14202.079356700622,14202.079356700622,13431.491486187986,13480.38711173094,636741
1999-06-23,13480.38711173094,13480.38711173094,12417.281634589806,12599.321338450136,444651
1999-06-24,12599.321338450136,12972.787672850396,12599.321338450136,12823.438555109238,561899
1999-06-25,12823.438555109238,12823.438555109238,12438.637449367328,12505.986312579593,641223
1999-06-28,12505.986312579593,12505.986312579593,12159.84495195443,12272.975045502462,539212
1999-06-29,12272.975045502462,12272.975045502462,11944.618745875878,11949.661883779314,538495
1999-06-30,11949.661883779314,11949.661883779314,11628.188408746662,11708.85690708844,490581
1999-07-01,11708.85690708844,11821.565454444813,11708.85690708844,11797.266147475484,471781
1999-07-02,11797.266147475484,11797.266147475484,11069.51739015075,11204.01219557022,397527
1999-07-05,11204.01219557022,11204.01219557022,10886.519243815543,10903.74617284795,408374
1999-07-06,10903.74617284795,11230.957799533586,10903.74617284795,11119.802945875022,617830
1999-07-07,11119.802945875022,11119.802945875022,10898.467240863956,11041.217208691056,408931
1999-07-08,11041.217208691056,11437.478036790622,11041.217208691056,11283.890723806555,589718
1999-07-09,11283.890723806555,11848.876316110565,11283.890723806555,11723.754174283453,574529
1999-07-12,11723.754174283453,11723.754174283453,11216.397353461149,11220.72370625366,596566
1999-07-13,11220.72370625366,11220.72370625366,10706.474342081488,10799.996127255079,652181
1999-07-14,10799.996127255079,11095.63078333725,10799.996127255079,11002.19324450785,464389
1999-07-15,11002.19324450785,11324.351125976831,11002.19324450785,11240.983702029229,551151
1999-07-16,11240.983702029229,11640.601020724718,11240.983702029229,11565.297986334648,469574
1999-07-19,11565.297986334648,11743.171983100177,11565.297986334648,11629.10034184802,593580
1999-07-20,11629.10034184802,11886.690084660051,11629.10034184802,11847.332088493236,531884
1999-07-21,11847.332088493236,12371.477969791596,11847.332088493236,12286.448576508614,543322
1999-07-22,12286.448576508614,12286.448576508614,11746.680878819187,11915.062828843298,422445
1999-07-23,11915.062828843298,11915.062828843298,11573.010206407193,11592.293582890326,453208
1999-07-26,11592.293582890326,11592.293582890326,11291.195518227032,11452.484843117363,600512
1999-07-27,11452.484843117363,11785.371639263489,11452.484843117363,11753.794642550209,551953
1999-07-28,11753.794642550209,12572.28193870723,11753.794642550209,12467.462327696152,559632
1999-07-29,12467.462327696152,12467.462327696152,12013.42001787944,12145.36872011268,523578
1999-07-30,12145.36872011268,12286.379595064018,12145.36872011268,12254.610546640111,563299
1999-08-02,12254.610546640111,12254.610546640111,11927.141792657178,12020.109397222372,472445
1999-08-03,12020.109397222372,12056.615121546512,11893.705150039334,11950.656287777889,569762
1999-08-04,11950.656287777889,12244.135085221158,11950.656287777889,12168.233083622581,512897
1999-08-05,12168.233083622581,12924.256264142325,12168.233083622581,12870.476097201474,445360
1999-08-06,12870.476097201474,13226.277322666872,12870.476097201474,13129.443805956953,412818
1999-08-09,13129.443805956953,13639.075603946612,13129.443805956953,13637.222180239221,525616
1999-08-10,13637.222180239221,14014.555944153375,13637.222180239221,13871.224197379073,501082
1999-08-11,13871.224197379073,14559.135037976956,13871.224197379073,14439.534282520071,494203
1999-08-12,14439.534282520071,15220.26785424361,14439.534282520071,15069.86102245377,530704
1999-08-13,15069.86102245377,15069.86102245377,14971.60849015709,15003.58985011127,369940
1999-08-16,15003.58985011127,15003.58985011127,13904.590084444322,13982.117066147532,524233
1999-08-17,13982.117066147532,13982.117066147532,13475.665963389447,13638.872452605614,455832
1999-08-18,13638.872452605614,14082.508877378184,13638.872452605614,13893.369893685542,647009
1999-08-19,13893.369893685542,13893.369893685542,13692.918773498961,13805.782606061712,443961
1999-08-20,13805.782606061712,13805.782606061712,13317.819435284755,13454.29265794949,413507
1999-08-23,13454.29265794949,13454.29265794949,13249.918925148266,13298.544652448907,427915
1999-08-24,13298.544652448907,13298.544652448907,13141.280390198737,13244.788484131772,426825
1999-08-25,13244.788484131772,13244.788484131772,12503.95708678959,12583.749998797184,408931
1999-08-26,12583.749998797184,13219.682101218506,12583.749998797184,13064.053605003559,516870
1999-08-27,13064.053605003559,13064.053605003559,12603.708551258615,12634.765795084964,442638
1999-08-30,12634.765795084964,12824.654465652113,12634.765795084964,12728.66642519253,600090
1999-08-31,12728.66642519253,12825.69627330982,12728.66642519253,12800.985007371384,511263
1999-09-01,12800.985007371384,12800.985007371384,12500.56636438491,12546.94697339411,639209
1999-09-02,12546.94697339411,12546.94697339411,12162.425005393841,12252.76816392129,529120
1999-09-03,12252.76816392129,12295.424413548255,12190.802099056466,12211.074531950795,594474
1999-09-06,12211.074531950795,12718.739661342304,12211.074531950795,12601.762305892506,438572
1999-09-07,12601.762305892506,13063.517258972342,12601.762305892506,12949.548132709626,458970
1999-09-08,12949.548132709626,13167.970697685065,12907.244961808725,13036.902944657022,447789
1999-09-09,13036.902944657022,13552.338667152884,13036.902944657022,13445.425740552757,469920
1999-09-10,13445.425740552757,13613.306577144433,13360.20640670958,13474.759482755522,510625
1999-09-13,13474.759482755522,13474.759482755522,13220.24853170897,13295.845120713957,338287
1999-09-14,13295.845120713957,13812.562280366206,13295.845120713957,13680.148462719819,375077
1999-09-15,13680.148462719819,13897.003587582065,13680.148462719819,13811.006334655562,389220
1999-09-16,13811.006334655562,13926.327701180722,13751.526720762613,13834.919074816222,318111
1999-09-17,13834.919074816222,13834.919074816222,13270.30451326978,13423.234353552112,536301
1999-09-20,13423.234353552112,14112.619944790807,13423.234353552112,14002.713991965538,504369
1999-09-21,14002.713991965538,14269.327402725248,13948.496492263097,14140.117517588355,689544
1999-09-22,14140.117517588355,15289.268415194267,14140.117517588355,15260.148061354079,512085
1999-09-23,15260.148061354079,15376.186531604219,14987.925905900915,15183.216970234436,430999
1999-09-24,15183.216970234436,15205.035779171249,15046.441320952472,15160.352843983143,509361
1999-09-27,15160.352843983143,15160.352843983143,14873.921088460775,14876.156584452014,530876
1999-09-28,14876.156584452014,15788.683325185755,14876.156584452014,15587.277421229976,462802
1999-09-29,15587.277421229976,16532.25527291243,15587.277421229976,16335.100540968484,469503
1999-09-30,16335.100540968484,16887.103664256876,16335.100540968484,16710.576414641517,582824
1999-10-01,16710.576414641517,17048.261806032493,16710.576414641517,16899.731974682567,491400
1999-10-04,16899.731974682567,17543.670877293887,16899.731974682567,17301.054854204503,514483
1999-10-05,17301.054854204503,17864.881478078103,17301.054854204503,17651.05947935107,467290
1999-10-06,17651.05947935107,17651.05947935107,17134.725354750593,17243.041429664452,535616
1999-10-07,17243.041429664452,17540.3405020204,17243.041429664452,17497.767494393174,436002
1999-10-08,17497.767494393174,17497.767494393174,16911.342832960225,17024.275871601134,437765
1999-10-11,17024.275871601134,17427.665543982403,17024.275871601134,17201.595457729683,509343
1999-10-12,17201.595457729683,17201.595457729683,16407.28596786829,16466.399676495876,299683
1999-10-13,16466.399676495876,16466.399676495876,16012.149353125533,16033.991070913662,696420
1999-10-14,16033.991070913662,16259.09192870412,15955.464956336138,16175.761737886163,635670
1999-10-15,16175.761737886163,16175.761737886163,15571.678881034733,15580.363483090408,565236
1999-10-18,15580.363483090408,15580.363483090408,15386.040193813356,15554.665132568085,413276
1999-10-19,15554.665132568085,15759.01540513127,15349.362121784277,15543.301790635911,540299
1999-10-20,15543.301790635911,15543.301790635911,14786.69870195541,14982.966365980385,570762
1999-10-21,14982.966365980385,15248.87695355284,14982.966365980385,15090.448386956794,383184
1999-10-22,15090.448386956794,15275.997054555506,14865.788021147773,15064.87519292341,384819
1999-10-25,15064.87519292341,16244.599063611193,15064.87519292341,16008.189785504592,543372
1999-10-26,16008.189785504592,16346.213548351892,16008.189785504592,16320.109688607316,431127
1999-10-27,16320.109688607316,16320.109688607316,15722.485918073622,15790.835495950529,377613
1999-10-28,15790.835495950529,16817.49083190349,15790.835495950529,16616.11725639777,535420
1999-10-29,16616.11725639777,17084.567460408678,16616.11725639777,16845.44214405502,480542
1999-11-01,16845.44214405502,16845.44214405502,16347.2192786016,16432.352517326686,405256
1999-11-02,16432.352517326686,16660.69836986331,16284.549273891213,16485.64893731798,531754
1999-11-03,16485.64893731798,16826.476500270095,16417.336677520812,16643.81723128593,500263
1999-11-04,16643.81723128593,16643.81723128593,16229.227725959743,16231.517704803155,426470
1999-11-05,16231.517704803155,16361.149038709416,16148.356630094398,16322.524400306462,605875
1999-11-08,16322.524400306462,16356.706166498167,16106.099151547867,16155.029686117843,462935
1999-11-09,16155.029686117843,16155.029686117843,15388.085428564322,15489.053983499334,463412
1999-11-10,15489.053983499334,15703.094854287954,15451.370114986055,15660.946151435663,559212
1999-11-11,15660.946151435663,15660.946151435663,15267.778730878907,15299.014002060094,484266
1999-11-12,15299.014002060094,15299.014002060094,15066.308528267935,15120.196896885906,485524
1999-11-15,15120.196896885906,15772.928197031664,15120.196896885906,15596.600808133908,577211
1999-11-16,15596.600808133908,16129.12437867539,15596.600808133908,15970.913588942094,590607
1999-11-17,15970.913588942094,15970.913588942094,15464.464792516475,15626.78797338548,428538
1999-11-18,15626.78797338548,16404.785745041547,15626.78797338548,16342.397513801789,534138
1999-11-19,16342.397513801789,16451.531298758273,16143.2405702794,16225.668341584074,580090
1999-11-22,16225.668341584074,16272.005976002769,16044.819575074622,16122.286637917714,540294
1999-11-23,16122.286637917714,16385.971007171116,16122.286637917714,16289.248748498492,505236
1999-11-24,16289.248748498492,16289.248748498492,15987.924620152606,16226.529012324798,454917
1999-11-25,16226.529012324798,16226.529012324798,15832.702917147466,15978.893155968324,525835
1999-11-26,15978.893155968324,16149.614748764678,15968.046594884543,16032.795426052477,574450
1999-11-29,16032.795426052477,16244.071429993757,16032.795426052477,16215.599667968896,560641
1999-11-30,16215.599667968896,16993.208756132644,16215.599667968896,16873.103143262586,603746
1999-12-01,16873.103143262586,17015.645741160923,16873.103143262586,16996.294954945773,411202
1999-12-02,16996.294954945773,16996.294954945773,16689.436312924812,16810.63524544716,605559
1999-12-03,16810.63524544716,16810.63524544716,16514.756724514453,16560.26334137911,535623
1999-12-06,16560.26334137911,16735.66879456736,16552.009286135864,16725.6287442208,588784
1999-12-07,16725.6287442208,17390.678429413663,16725.6287442208,17197.898616346833,311105
1999-12-08,17197.898616346833,17197.898616346833,16919.239012463164,16983.970582392147,583861
1999-12-09,16983.970582392147,16983.970582392147,16549.886302207713,16650.617508767642,517322
1999-12-10,16650.617508767642,16920.254113421597,16649.342219301114,16843.12549422803,552019
1999-12-13,16843.12549422803,16843.12549422803,16477.612229026578,16599.74558544568,420395
1999-12-14,16599.74558544568,17021.94728881328,16599.74558544568,16776.070659955516,555344
1999-12-15,16776.070659955516,17253.254198763647,16776.070659955516,17143.69638613011,536988
1999-12-16,17143.69638613011,17545.64225371374,17143.69638613011,17399.724762699625,469384
1999-12-17,17399.724762699625,17423.437560357124,17231.12946560954,17282.646603279343,491095
1999-12-20,17282.646603279343,17688.39733789474,17185.03201182684,17433.337460879146,356277
1999-12-21,17433.337460879146,17433.337460879146,16646.354228295455,16865.7890709105,518479
1999-12-22,16865.7890709105,17297.777474688217,16865.7890709105,17165.633716018816,506599
1999-12-23,17165.633716018816,17582.109192361942,17165.633716018816,17376.467947193803,466372
1999-12-24,17376.467947193803,17376.467947193803,16767.675394259302,16931.60196893998,575394
1999-12-27,16931.60196893998,16931.60196893998,16691.80858648811,16762.557583771584,471624
1999-12-28,16762.557583771584,17188.31386023464,16762.557583771584,16959.24327560022,594624
1999-12-29,16959.24327560022,17233.01393240805,16959.24327560022,17136.619936398576,543651
1999-12-30,17136.619936398576,18218.557167106042,17136.619936398576,18006.5331760843,555906
1999-12-31,18006.5331760843,18006.5331760843,17685.313460739537,17761.513170449194,561958
2000-01-03,17761.513170449194,18250.936566503307,17761.513170449194,17992.85159998933,575294
2000-01-04,17992.85159998933,17992.85159998933,16930.42278840514,17001.775232982785,559890
2000-01-05,17001.775232982785,17389.585074614915,17001.775232982785,17323.259762939248,453305
2000-01-06,17323.259762939248,17323.259762939248,17165.354173748732,17178.542625986734,366602
2000-01-07,17178.542625986734,17178.542625986734,16833.47837447271,16905.46200975182,561416
2000-01-10,16905.46200975182,16905.46200975182,15716.041227642309,15728.21062470654,490555
2000-01-11,15728.21062470654,16216.874930195088,15728.21062470654,16086.208036011596,555745
2000-01-12,16086.208036011596,16630.051504384453,16086.208036011596,16534.989749996796,482247
2000-01-13,16534.989749996796,16534.989749996796,15418.882084689048,15529.319374758514,433493
2000-01-14,15529.319374758514,15913.14559763031,15529.319374758514,15862.006307709364,527975
2000-01-17,15862.006307709364,16114.070246758476,15862.006307709364,15978.901662203347,646567
2000-01-18,15978.901662203347,16209.210878477494,15815.040528167929,15985.006388471416,555128
2000-01-19,15985.006388471416,15985.006388471416,15599.47075652634,15635.333338506285,562445
2000-01-20,15635.333338506285,15635.333338506285,14884.72139923536,14960.42932290819,521890
2000-01-21,14960.42932290819,14999.88266162361,14960.42932290819,14981.947987707921,592976
2000-01-24,14981.947987707921,14981.947987707921,14315.683327564739,14415.106978828357,460528
2000-01-25,14415.106978828357,14950.188829397295,14415.106978828357,14744.101910619387,553376
2000-01-26,14744.101910619387,14744.101910619387,14440.1735472974,14635.758269645185,393128
2000-01-27,14635.758269645185,14635.758269645185,14210.578442004771,14261.563603210887,544534
2000-01-28,14261.563603210887,14697.11926582515,14261.563603210887,14584.080692775658,443567
2000-01-31,14584.080692775658,14809.140456427318,14504.97353177499,14685.268341227358,451355
2000-02-01,14685.268341227358,14939.580396830797,14685.268341227358,14787.582053610216,483126
2000-02-02,14787.582053610216,14787.582053610216,14273.389384963946,14402.606360335492,596224
2000-02-03,14402.606360335492,14506.534188758746,14258.74859265625,14460.655291172674,474265
2000-02-04,14460.655291172674,14684.763176972649,14460.655291172674,14546.194285477373,465565
2000-02-07,14546.194285477373,14550.637152340509,14289.769050493855,14484.005430662184,523690
2000-02-08,14484.005430662184,14488.289501942814,14379.970944102184,14452.064936407527,407262
2000-02-09,14452.064936407527,14654.968685801603,14371.12833023816,14462.820233961476,446872
2000-02-10,14462.820233961476,15310.836530634797,14462.820233961476,15293.152855955057,575873
2000-02-11,15293.152855955057,15293.152855955057,14455.898076157971,14553.50442897673,406997
2000-02-14,14553.50442897673,14734.730837553247,14523.013571330079,14535.088528573413,287305
2000-02-15,14535.088528573413,14535.088528573413,13646.436277110088,13788.968592568352,378886
2000-02-16,13788.968592568352,14330.756804876552,13788.968592568352,14277.59426606393,525346
2000-02-17,14277.59426606393,14277.59426606393,13835.271148547665,13898.656931458565,545014
2000-02-18,13898.656931458565,14400.027063597898,13898.656931458565,14272.05831278531,540815
2000-02-21,14272.05831278531,14764.78891949649,14272.05831278531,14717.270208267719,442159
2000-02-22,14717.270208267719,14802.838838778922,14689.39707986836,14719.215742486549,572347
2000-02-23,14719.215742486549,14719.215742486549,14409.846348854895,14420.994811507144,523999
2000-02-24,14420.994811507144,14420.994811507144,14265.51594899647,14310.586081235691,511108
2000-02-25,14310.586081235691,14310.586081235691,13931.305313917577,14026.763619427615,455876
2000-02-28,14026.763619427615,14026.763619427615,13549.267758312932,13721.175699433908,389220
2000-02-29,13721.175699433908,13998.869031298676,13721.175699433908,13942.027185226212,541693
2000-03-01,13942.027185226212,14361.989512402719,13942.027185226212,14169.827081797932,709627
2000-03-02,14169.827081797932,14366.858688921513,13973.77896245779,14177.58289051672,381946
2000-03-03,14177.58289051672,14831.127197332862,14177.58289051672,14645.454725841015,477713
2000-03-06,14645.454725841015,14893.01689456807,14645.454725841015,14744.578948931365,431002
2000-03-07,14744.578948931365,14785.285372498507,14415.7522543769,14604.975771079784,518018
2000-03-08,14604.975771079784,14999.786282589363,14604.975771079784,14868.008667938864,524070
2000-03-09,14868.008667938864,15010.123054447982,14868.008667938864,14975.574709265193,542473
2000-03-10,14975.574709265193,15608.597135004833,14975.574709265193,15448.121401899565,452183
2000-03-13,15448.121401899565,16159.129326517836,15448.121401899565,16009.09281313009,389201
2000-03-14,16009.09281313009,16539.854471928327,16009.09281313009,16514.905595192206,315378
2000-03-15,16514.905595192206,16764.61725478775,16514.905595192206,16703.45160541492,573668
2000-03-16,16703.45160541492,16905.749219570713,16703.45160541492,16834.788471484688,594741
2000-03-17,16834.788471484688,17301.965207706417,16834.788471484688,17065.802827013442,484208
2000-03-20,17065.802827013442,17065.802827013442,16580.81688799621,16806.84004866138,549989
2000-03-21,16806.84004866138,17338.074681008096,16806.84004866138,17103.337076352906,498116
2000-03-22,17103.337076352906,17329.28231960573,17035.161113244823,17129.843003079637,379244
2000-03-23,17129.843003079637,17151.348351683802,16965.20763786995,17101.85494864346,618631
2000-03-24,17101.85494864346,17101.85494864346,16576.785838039603,16605.582490670495,594924
2000-03-27,16605.582490670495,16649.289719607637,16398.277489765158,16435.04324819132,413464
2000-03-28,16435.04324819132,16754.699062254687,16435.04324819132,16641.46210261452,446023
2000-03-29,16641.46210261452,16641.46210261452,16396.522876580806,16538.505683942472,481843
2000-03-30,16538.505683942472,16538.505683942472,15850.733225326305,16012.987706882617,488122
2000-03-31,16012.987706882617,16012.987706882617,15262.476184892826,15286.995403405554,393865
2000-04-03,15286.995403405554,16045.096430402698,15286.995403405554,15906.068909418489,451100
2000-04-04,15906.068909418489,15906.068909418489,15266.49913806779,15310.713728159039,422056
2000-04-05,15310.713728159039,16153.56417988284,15310.713728159039,15966.176568741828,547380
2000-04-06,15966.176568741828,16204.119426371328,15966.176568741828,16180.807519783722,474967
2000-04-07,16180.807519783722,16616.790382178544,16180.807519783722,16372.348986172803,423908
2000-04-10,16372.348986172803,16529.160892863372,16322.494463395378,16405.676473340864,631496
2000-04-11,16405.676473340864,16405.676473340864,15587.61932070664,15780.642653112793,558555
2000-04-12,15780.642653112793,15780.642653112793,15578.063520986849,15624.722346075534,563416
2000-04-13,15624.722346075534,15893.90277694018,15525.268809968202,15698.594504782477,499340
2000-04-14,15698.594504782477,16204.376520291658,15698.594504782477,16058.67355769774,479167
2000-04-17,16058.67355769774,16058.67355769774,15465.164836903547,15677.890251718469,484456
2000-04-18,15677.890251718469,17100.530883725845,15677.890251718469,17005.6494639498,522707
2000-04-19,17005.6494639498,17005.6494639498,15983.930238118452,16201.449658275094,308187
2000-04-20,16201.449658275094,16505.64351491988,16201.449658275094,16405.5344880896,503799
2000-04-21,16405.5344880896,17690.277953106008,16405.5344880896,17429.605029626706,538063
2000-04-24,17429.605029626706,17692.900153668317,17429.605029626706,17633.193789273784,480772
2000-04-25,17633.193789273784,18381.491671779822,17633.193789273784,18378.778144157302,535460
2000-04-26,18378.778144157302,18378.778144157302,17286.804274793438,17513.530000036088,495498
2000-04-27,17513.530000036088,17513.530000036088,17318.283081679707,17437.428589222058,503896
2000-04-28,17437.428589222058,18404.760985820674,17437.428589222058,18333.68812255227,518721
2000-05-01,18333.68812255227,18333.68812255227,17589.798483202405,17756.21651053512,579409
2000-05-02,17756.21651053512,18966.280259163537,17756.21651053512,18934.067799509594,539526
2000-05-03,18934.067799509594,19586.251593438854,18934.067799509594,19331.422980350817,476211
2000-05-04,19331.422980350817,19331.422980350817,18544.14226596869,18740.63797654012,419339
2000-05-05,18740.63797654012,18740.63797654012,18061.975295283086,18068.57565016933,515831
2000-05-08,18068.57565016933,18068.57565016933,17558.38556909502,17704.306726395473,482775
2000-05-09,17704.306726395473,17867.511450284546,17704.306726395473,17770.62009074985,654008
2000-05-10,17770.62009074985,17966.24045534902,17457.571707349016,17706.87505737141,565983
2000-05-11,17706.87505737141,18080.724430190854,17706.87505737141,18004.487798156424,648980
2000-05-12,18004.487798156424,18004.487798156424,17331.727042393246,17401.86418812854,576835
2000-05-15,17401.86418812854,17462.23020471839,17213.839848832307,17345.77705440531,362404
2000-05-16,17345.77705440531,17345.77705440531,16726.8682544422,16876.369088697174,535501
2000-05-17,16876.369088697174,17058.078372581575,16778.220528985243,16838.739712597777,407783
2000-05-18,16838.739712597777,17113.803773490068,16838.739712597777,16888.52093255018,437209
2000-05-19,16888.52093255018,16953.202759143296,16646.070413047277,16896.8444610628,385375
2000-05-22,16896.8444610628,16896.8444610628,16493.6410232776,16531.100615003288,415299
2000-05-23,16531.100615003288,16531.100615003288,16116.49504014161,16304.793110187404,477775
2000-05-24,16304.793110187404,17120.90111142256,16304.793110187404,16937.00280511793,509011
2000-05-25,16937.00280511793,17299.282512144408,16917.33612677327,17162.2047463735,582088
2000-05-26,17162.2047463735,17162.2047463735,16322.108045705438,16373.867879995922,484003
2000-05-29,16373.867879995922,16373.867879995922,15735.696397788612,15936.706940719858,531774
2000-05-30,15936.706940719858,15936.706940719858,15635.106470139901,15797.496751113173,526336
2000-05-31,15797.496751113173,15797.496751113173,15082.475053846507,15115.92493297398,511450
2000-06-01,15115.92493297398,15115.92493297398,14444.608982352662,14576.94573845297,389684
2000-06-02,14576.94573845297,14925.825686755581,14576.94573845297,14918.91106682602,629158
2000-06-05,14918.91106682602,14918.91106682602,14463.777088237935,14618.878607320099,542371
2000-06-06,14618.878607320099,14618.878607320099,14396.738806238833,14517.326177101382,441173
2000-06-07,14517.326177101382,14517.326177101382,13975.897975367825,14015.77094710108,591397
2000-06-08,14015.77094710108,14430.843638752029,14015.77094710108,14295.513828451445,518194
2000-06-09,14295.513828451445,14295.513828451445,13566.46561197031,13746.440542850132,398107
2000-06-12,13746.440542850132,14040.398921124828,13746.440542850132,13938.63218934615,346810
2000-06-13,13938.63218934615,13938.63218934615,13556.531509018867,13690.245250902219,461489
2000-06-14,13690.245250902219,13690.245250902219,13405.035418430463,13422.855656356041,507997
2000-06-15,13422.855656356041,13804.047322745037,13422.855656356041,13625.001277663298,564118
2000-06-16,13625.001277663298,13625.001277663298,13033.48017308587,13101.798492862006,643742
2000-06-19,13101.798492862006,13101.798492862006,12676.862529285425,12821.008801085467,511192
2000-06-20,12821.008801085467,12821.008801085467,12455.421737750985,12628.538278301894,437308
2000-06-21,12628.538278301894,12628.538278301894,12168.133632125107,12233.189138699005,588796
2000-06-22,12233.189138699005,12455.090326341402,12233.189138699005,12430.238398486474,501123
2000-06-23,12430.238398486474,12911.701447256399,12430.238398486474,12762.9055782235,354676
2000-06-26,12762.9055782235,13181.39192360788,12762.9055782235,13080.221697804043,685228
2000-06-27,13080.221697804043,13334.220062975788,13080.221697804043,13233.801175555409,422095
2000-06-28,13233.801175555409,13337.548058824224,13170.286086044222,13258.487403910287,516314
2000-06-29,13258.487403910287,13413.436844865535,13209.21429476957,13234.938967714674,503590
2000-06-30,13234.938967714674,13234.938967714674,12901.501820437814,12986.973531576154,365882
2000-07-03,12986.973531576154,13349.964201387953,12986.973531576154,13162.858230739868,477291
2000-07-04,13162.858230739868,13472.912015772807,13162.858230739868,13420.896217751426,560272
2000-07-05,13420.896217751426,13837.159171686277,13420.896217751426,13737.888491445952,510121
2000-07-06,13737.888491445952,13737.888491445952,13275.588652212451,13465.491331755553,558845
2000-07-07,13465.491331755553,13465.491331755553,13387.493174868905,13444.207270006875,451796
2000-07-10,13444.207270006875,13444.207270006875,13123.330633642,13288.16029721738,537832
2000-07-11,13288.16029721738,13748.901950879988,13288.16029721738,13656.645592673785,515983
2000-07-12,13656.645592673785,13877.5313107861,13656.645592673785,13791.213536341082,494936
2000-07-13,13791.213536341082,13855.334057316612,13488.18147765424,13685.387504750677,490239
2000-07-14,13685.387504750677,13908.814562368902,13685.387504750677,13865.511532228207,576465
2000-07-17,13865.511532228207,14071.123258475433,13865.511532228207,13980.019989180004,281110
2000-07-18,13980.019989180004,14335.914900672631,13980.019989180004,14320.729221511549,358019
2000-07-19,14320.729221511549,14486.458252768703,14222.771481526122,14432.092013409094,491886
2000-07-20,14432.092013409094,14432.092013409094,13817.29059515578,13917.011088244537,360169
2000-07-21,13917.011088244537,13917.011088244537,13270.520809211062,13414.547693457529,470613
2000-07-24,13414.547693457529,13842.60446703626,13414.547693457529,13680.057879326396,486366
2000-07-25,13680.057879326396,14127.724813759683,13680.057879326396,13971.543813571147,398994
2000-07-26,13971.543813571147,13971.543813571147,13095.492733812755,13287.39313736235,538405
2000-07-27,13287.39313736235,13657.486049320107,13287.39313736235,13534.550249446622,582039
2000-07-28,13534.550249446622,14104.68866449088,13534.550249446622,14053.122671938321,533832
2000-07-31,14053.122671938321,14053.122671938321,13596.4789856494,13722.348133846242,513597
2000-08-01,13722.348133846242,13722.348133846242,13143.967011530456,13258.05328117128,631897
2000-08-02,13258.05328117128,13599.585221288195,13258.05328117128,13448.771043025165,490463
2000-08-03,13448.771043025165,13599.017430498703,13285.560467231364,13436.115301571643,422689
2000-08-04,13436.115301571643,13721.665800445931,13436.115301571643,13589.870617017154,617355
2000-08-07,13589.870617017154,13589.870617017154,13378.221884517936,13408.813891919164,478617
2000-08-08,13408.813891919164,13408.813891919164,12938.913732657873,13108.063897531629,533472
2000-08-09,13108.063897531629,13108.063897531629,12648.13489717055,12822.890943219105,517110
2000-08-10,12822.890943219105,13100.432872698555,12822.890943219105,12959.52573510541,585430
2000-08-11,12959.52573510541,13586.674064538334,12959.52573510541,13437.68919185783,376411
2000-08-14,13437.68919185783,13795.015659629053,13437.68919185783,13732.267309022362,516941
2000-08-15,13732.267309022362,13963.13119824708,13732.267309022362,13948.67996300284,511938
2000-08-16,13948.67996300284,13948.67996300284,13788.293570887136,13814.82117478593,398987
2000-08-17,13814.82117478593,14559.24767242688,13814.82117478593,14433.591999967717,367212
2000-08-18,14433.591999967717,14433.591999967717,14234.348962070553,14375.290679074316,430239
2000-08-21,14375.290679074316,14375.290679074316,13825.000759940802,13941.202226727504,398863
2000-08-22,13941.202226727504,13941.202226727504,13648.094798425233,13719.90536030775,615274
2000-08-23,13719.90536030775,14345.540014394755,13719.90536030775,14317.703611139055,557573
2000-08-24,14317.703611139055,14452.618107775794,14219.76821194519,14250.35918173665,559117
2000-08-25,14250.35918173665,14534.257017448774,14168.997472026518,14330.118705850826,549760
2000-08-28,14330.118705850826,14990.405925213401,14330.118705850826,14836.522566597578,509886
2000-08-29,14836.522566597578,15323.396605711883,14836.522566597578,15224.779098446983,498851
2000-08-30,15224.779098446983,15490.77840715969,15176.03044653527,15305.644980539671,519624
2000-08-31,15305.644980539671,15428.868946518596,15050.623631695946,15262.673035625887,566914
2000-09-01,15262.673035625887,15262.673035625887,14198.167221538832,14377.497961856046,538030
2000-09-04,14377.497961856046,14483.281461846955,14240.149305671712,14354.497272735609,489111
2000-09-05,14354.497272735609,14354.497272735609,14033.408722012053,14195.078412744122,548552
2000-09-06,14195.078412744122,14371.70442426013,14170.448361192952,14210.334232609492,536474
2000-09-07,14210.334232609492,14887.94314442354,14210.334232609492,14667.934897001385,489497
2000-09-08,14667.934897001385,14667.934897001385,13938.894280377493,14117.639360444364,560345
2000-09-11,14117.639360444364,14117.639360444364,13845.334413421548,13868.736724231823,491430
2000-09-12,13868.736724231823,14599.408365232975,13868.736724231823,14587.24904177556,482891
2000-09-13,14587.24904177556,15215.573075130585,14587.24904177556,15014.870214443032,608031
2000-09-14,15014.870214443032,15382.482185829269,15014.870214443032,15318.030096442611,484267
2000-09-15,15318.030096442611,15561.470280888574,15318.030096442611,15447.430086446637,517371
2000-09-18,15447.430086446637,15814.63149688813,15447.430086446637,15637.661970043444,528864
2000-09-19,15637.661970043444,15637.661970043444,14824.533584457353,15016.357870560403,441545
2000-09-20,15016.357870560403,15354.555167351731,15016.357870560403,15168.444252633399,513868
2000-09-21,15168.444252633399,15418.443124605927,15168.444252633399,15317.318129071504,486160
2000-09-22,15317.318129071504,15648.226185183681,15317.318129071504,15476.981305203495,543062
2000-09-25,15476.981305203495,16204.720059854466,15476.981305203495,16020.618863965741,373925
2000-09-26,16020.618863965741,16625.279222066725,16020.618863965741,16385.146730060264,537166
2000-09-27,16385.146730060264,16385.146730060264,16108.542899896367,16196.883399542196,583537
2000-09-28,16196.883399542196,16196.883399542196,15878.007497939969,15883.23339072919,368363
2000-09-29,15883.23339072919,16026.981604345028,15770.713491449536,15937.095032625042,462340
2000-10-02,15937.095032625042,16244.864994994265,15832.170240743239,16021.085972783167,456005
2000-10-03,16021.085972783167,16363.00575910641,16021.085972783167,16319.156531150009,558568
2000-10-04,16319.156531150009,16319.156531150009,15946.050011533103,16109.230909980284,409966
2000-10-05,16109.230909980284,16278.42823361669,16060.767582503111,16159.75292633875,531524
2000-10-06,16159.75292633875,16159.75292633875,15629.530207878783,15759.966612244498,552258
2000-10-09,15759.966612244498,16207.679802523679,15757.569579402369,15983.556090190968,489748
2000-10-10,15983.556090190968,15983.556090190968,15738.162757041553,15748.643716553706,560824
2000-10-11,15748.643716553706,15871.704206970828,15748.643716553706,15846.09023256896,419525
2000-10-12,15846.09023256896,16050.276767624337,15846.09023256896,15985.172966306092,668316
2000-10-13,15985.172966306092,16041.364635139653,15809.884607522792,15967.98742127419,588591
2000-10-16,15967.98742127419,16286.450212933163,15967.98742127419,16174.074414061108,495329
2000-10-17,16174.074414061108,16174.074414061108,15782.897191163733,15877.333383974279,401089
2000-10-18,15877.333383974279,16138.683454641428,15877.333383974279,15965.56698791003,460809
2000-10-19,15965.56698791003,16464.61191526904,15965.56698791003,16435.273392056246,405704
2000-10-20,16435.273392056246,16665.612558133384,16277.654933979238,16507.794481174493,434230
2000-10-23,16507.794481174493,16507.794481174493,15961.214620021601,16178.899595229657,534429
2000-10-24,16178.899595229657,16178.899595229657,15619.885317097567,15793.423706948073,461280
2000-10-25,15793.423706948073,15793.423706948073,15326.337261362612,15552.532055284151,582244
2000-10-26,15552.532055284151,15552.532055284151,15211.60722272139,15342.528734149877,536030
2000-10-27,15342.528734149877,15561.397223368453,15342.528734149877,15386.482776839404,383565
2000-10-30,15386.482776839404,15647.07626375914,15386.482776839404,15496.25289632397,437065
2000-10-31,15496.25289632397,15496.25289632397,15124.301846577075,15196.459156808443,221125
2000-11-01,15196.459156808443,15196.459156808443,14370.978733276233,14485.692957251234,450094
2000-11-02,14485.692957251234,14504.336051526545,14285.650755967641,14420.807689739464,498972
2000-11-03,14420.807689739464,14974.114693001673,14420.807689739464,14787.842972128159,553949
2000-11-06,14787.842972128159,14787.842972128159,14346.18545327934,14356.936158937546,442886
2000-11-07,14356.936158937546,14678.103896366285,14356.936158937546,14675.676261186869,571234
2000-11-08,14675.676261186869,15153.780061083678,14675.676261186869,15106.033506759824,640861
2000-11-09,15106.033506759824,15158.919601836751,14978.673709219249,15062.80496244079,616223
2000-11-10,15062.80496244079,15443.203955241146,15062.80496244079,15436.504291029067,481484
2000-11-13,15436.504291029067,15436.504291029067,14891.529078496676,14962.050587001148,638219
2000-11-14,14962.050587001148,15694.071510271056,14962.050587001148,15690.508148670859,505264
2000-11-15,15690.508148670859,16416.308523835112,15690.508148670859,16207.06337220954,494274
2000-11-16,16207.06337220954,16375.044327211284,16207.06337220954,16320.059669224827,564001
2000-11-17,16320.059669224827,16320.059669224827,16185.800639927429,16290.255719171426,647419
2000-11-20,16290.255719171426,16801.498936072087,16290.255719171426,16739.878645071993,470221
2000-11-21,16739.878645071993,17076.94889400683,16739.878645071993,16950.206424417505,600885
2000-11-22,16950.206424417505,16950.206424417505,15946.466853965167,16013.685499071502,548289
2000-11-23,16013.685499071502,16013.685499071502,15422.014038971654,15601.679533141898,373128
2000-11-24,15601.679533141898,15601.679533141898,15393.566331508691,15427.826295076045,476805
2000-11-27,15427.826295076045,15676.58865905179,15343.913482845637,15475.466900208768,442078
2000-11-28,15475.466900208768,15483.000883559429,15261.090622896058,15357.02237927484,564349
2000-11-29,15357.02237927484,15921.511813440495,15357.02237927484,15900.086029279335,568433
2000-11-30,15900.086029279335,16425.09796468644,15900.086029279335,16269.840625192846,373280
2000-12-01,16269.840625192846,16356.721361176396,16243.151706945773,16353.974995544395,451572
2000-12-04,16353.974995544395,16353.974995544395,16049.277195671604,16097.734094926087,490270
2000-12-05,16097.734094926087,16196.39381059839,15974.958978748291,16005.33695235292,530491
2000-12-06,16005.33695235292,16175.150884310517,15800.996228564927,16020.698591773864,645124
2000-12-07,16020.698591773864,16265.9479309257,15927.490768907312,16071.849370713533,500608
2000-12-08,16071.849370713533,16071.849370713533,15632.844364265296,15743.868837606822,417434
2000-12-11,15743.868837606822,15743.868837606822,15155.87406600783,15311.378494416284,528202
2000-12-12,15311.378494416284,15311.378494416284,14909.343637581173,14986.404741777003,445071
2000-12-13,14986.404741777003,14986.404741777003,14132.312239351171,14252.765492032784,563283
2000-12-14,14252.765492032784,14639.359222105653,14235.767941641008,14433.67776689974,274429
2000-12-15,14433.67776689974,14433.67776689974,14046.433123360732,14059.121328567313,500181
2000-12-18,14059.121328567313,14262.289527610606,13910.54776145561,14119.658623982135,332588
2000-12-19,14119.658623982135,14171.612572604281,14054.865023133203,14067.32059425269,338823
2000-12-20,14067.32059425269,14223.1243544865,13975.33656893015,14074.352755450926,480320
2000-12-21,14074.352755450926,14312.078989142785,14010.940150985298,14112.511365722123,549440
2000-12-22,14112.511365722123,14333.176522056783,13954.283174683347,14164.887257661945,641241
2000-12-25,14164.887257661945,14287.339024324689,14131.358131748011,14274.98667164569,334849
2000-12-26,14274.98667164569,14539.513905698896,14274.98667164569,14528.495345707885,530445
2000-12-27,14528.495345707885,14972.3066971868,14528.495345707885,14925.412437116034,531941
2000-12-28,14925.412437116034,14925.412437116034,14424.69957674765,14625.889614915082,465926
2000-12-29,14625.889614915082,14625.889614915082,14142.285575015721,14293.189396354648,443538
2001-01-01,14293.189396354648,14357.120737980531,14051.226929789538,14158.055551474908,499910
2001-01-02,14158.055551474908,14776.260710669954,14158.055551474908,14716.912362938156,526033
2001-01-03,14716.912362938156,15001.044193206866,14716.912362938156,14908.956730970613,457143
2001-01-04,14908.956730970613,15523.445769197111,14908.956730970613,15427.439714759583,572199
2001-01-05,15427.439714759583,15427.439714759583,14638.000038952838,14848.925110565,359717
2001-01-08,14848.925110565,15046.11355881091,14848.925110565,15010.932090245924,602919
2001-01-09,15010.932090245924,15010.932090245924,14599.483569760301,14766.606391650525,464664
2001-01-10,14766.606391650525,15295.006419595022,14766.606391650525,15251.44298931368,475661
2001-01-11,15251.44298931368,15278.82203675169,15021.625651641252,15217.563553004868,572333
2001-01-12,15217.563553004868,15338.818747230487,15131.986770777552,15312.208647277195,376107
2001-01-15,15312.208647277195,15462.014768257684,15261.315167112389,15411.615024479175,653499
2001-01-16,15411.615024479175,15623.513798506901,15222.099204578128,15404.828704868118,514186
2001-01-17,15404.828704868118,15404.828704868118,14804.226674572705,14854.283124569392,422105
2001-01-18,14854.283124569392,14854.283124569392,14530.246337743478,14575.268291187876,353646
2001-01-19,14575.268291187876,14808.331079039583,14575.268291187876,14792.716414988521,469108
2001-01-22,14792.716414988521,14792.716414988521,14710.252722800164,14724.637098706009,585083
2001-01-23,14724.637098706009,14724.637098706009,14336.585371092842,14469.799399661513,466010
2001-01-24,14469.799399661513,14469.799399661513,14105.406035319244,14134.198836836887,319366
2001-01-25,14134.198836836887,14878.182840540141,14134.198836836887,14791.172706565694,393175
2001-01-26,14791.172706565694,14791.172706565694,14472.836213111848,14498.542055880527,421177
2001-01-29,14498.542055880527,14498.542055880527,14029.96214005938,14143.769728595822,481984
2001-01-30,14143.769728595822,14143.769728595822,13861.250641970255,13903.120036038097,608787
2001-01-31,13903.120036038097,14483.999040769895,13903.120036038097,14309.952608896063,563653
2001-02-01,14309.952608896063,14309.952608896063,13877.285426294584,14085.433122425322,561174
2001-02-02,14085.433122425322,14085.433122425322,13807.2000802176,13867.11110098401,481063
2001-02-05,13867.11110098401,13867.11110098401,13483.144495402688,13564.195414956052,423425
2001-02-06,13564.195414956052,13585.608810704127,13374.544865676497,13531.54367273761,534679
2001-02-07,13531.54367273761,14082.410704706446,13531.54367273761,14035.680067094903,636185
2001-02-08,14035.680067094903,14227.75999889687,14021.91614661298,14122.159475266735,357215
2001-02-09,14122.159475266735,14461.724190026365,14088.52954449678,14283.408484473368,443153
2001-02-12,14283.408484473368,14449.613200963808,14283.408484473368,14424.970794066938,519754
2001-02-13,14424.970794066938,14424.970794066938,13941.098463243845,14108.064957614313,608588
2001-02-14,14108.064957614313,14872.582078274581,14108.064957614313,14842.692960949133,574213
2001-02-15,14842.692960949133,15286.82758577018,14842.692960949133,15094.993935725252,489274
2001-02-16,15094.993935725252,15520.305478044966,15094.993935725252,15352.418003463841,463851
2001-02-19,15352.418003463841,15352.418003463841,14699.828598738453,14763.149491556143,449901
2001-02-20,14763.149491556143,14821.865499272822,14585.98227231234,14711.209414598501,485127
2001-02-21,14711.209414598501,14711.209414598501,14351.919594941257,14536.740173519713,519076
2001-02-22,14536.740173519713,14576.796314042549,14287.08312962513,14469.843332118917,356878
2001-02-23,14469.843332118917,14794.970744853323,14451.44166849996,14646.618134172593,499879
2001-02-26,14646.618134172593,15523.185526088366,14646.618134172593,15318.076830735004,405949
2001-02-27,15318.076830735004,15493.467477799508,15194.933212587266,15308.11472284078,455912
2001-02-28,15308.11472284078,15308.11472284078,14959.230345287668,15131.569265327244,328073
2001-03-01,15131.569265327244,15131.569265327244,14705.249962711441,14784.718071673286,484670
2001-03-02,14784.718071673286,14794.669761598818,14487.064631584553,14694.271447557707,519711
2001-03-05,14694.271447557707,14694.271447557707,14417.875193742433,14587.733798486666,476433
2001-03-06,14587.733798486666,14587.733798486666,14231.530425895893,14422.691188618785,546821
2001-03-07,14422.691188618785,14422.691188618785,14102.847848446472,14250.103940342573,525567
2001-03-08,14250.103940342573,14827.328401970164,14250.103940342573,14770.916979388021,541864
2001-03-09,14770.916979388021,14770.916979388021,14253.00171210174,14455.535517738597,637552
2001-03-12,14455.535517738597,14455.535517738597,14227.121820387325,14260.195915920445,562300
2001-03-13,14260.195915920445,14260.195915920445,13980.364140403997,14020.707016489801,480426
2001-03-14,14020.707016489801,14388.275248366122,14020.707016489801,14307.314519230891,520822
2001-03-15,14307.314519230891,14457.221485402835,14266.139117942796,14444.73268379068,414756
2001-03-16,14444.73268379068,14574.68305736613,14319.745600979553,14384.903409944769,450449
2001-03-19,14384.903409944769,14781.689969137326,14384.903409944769,14745.554897098675,489505
2001-03-20,14745.554897098675,14745.554897098675,14266.540738227899,14317.229654316512,437242
2001-03-21,14317.229654316512,14317.229654316512,13470.54561346417,13660.236574390463,514189
2001-03-22,13660.236574390463,13675.499485066199,13614.47502818771,13645.454036743798,455892
2001-03-23,13645.454036743798,14543.33453021612,13645.454036743798,14480.692186677297,459545
2001-03-26,14480.692186677297,15350.657313854133,14480.692186677297,15286.047784305043,440813
2001-03-27,15286.047784305043,16451.50437669568,15286.047784305043,16250.613338711806,541241
2001-03-28,16250.613338711806,16250.613338711806,15729.404515936412,15759.52698902926,554162
2001-03-29,15759.52698902926,15759.52698902926,15339.307566810536,15534.199099724008,389345
2001-03-30,15534.199099724008,16451.5076191336,15534.199099724008,16248.439708464972,565112
2001-04-02,16248.439708464972,16248.439708464972,15741.25434149694,15967.673499175171,532331
2001-04-03,15967.673499175171,15967.673499175171,15467.355916659992,15619.69977690812,497158
2001-04-04,15619.69977690812,16203.354483742169,15619.69977690812,16163.033840854856,461888
2001-04-05,16163.033840854856,16438.14481895276,16074.901472241858,16295.298120146746,429565
2001-04-06,16295.298120146746,16295.298120146746,15710.015017364247,15848.292749106604,359572
2001-04-09,15848.292749106604,16924.896091196133,15848.292749106604,16889.48853307962,572865
2001-04-10,16889.48853307962,16889.48853307962,16438.37921330355,16580.374615984867,619729
2001-04-11,16580.374615984867,16580.374615984867,16177.763733177433,16285.523408194322,573593
2001-04-12,16285.523408194322,17039.837494391726,16285.523408194322,16816.575508768572,459649
2001-04-13,16816.575508768572,16816.575508768572,16007.029652698411,16085.295866665474,521527
2001-04-16,16085.295866665474,16471.152595788222,16085.295866665474,16371.181258127086,554531
2001-04-17,16371.181258127086,16371.181258127086,15618.880591795127,15696.571571862325,304914
2001-04-18,15696.571571862325,16452.818624635805,15696.571571862325,16290.810156108888,522240
2001-04-19,16290.810156108888,16343.118595039952,15932.0181231125,16111.572775457162,489106
2001-04-20,16111.572775457162,16277.94893819434,16111.572775457162,16276.958135322238,645452
2001-04-23,16276.958135322238,16276.958135322238,16003.443764112224,16212.970778971736,508321
2001-04-24,16212.970778971736,16804.488572308936,16212.970778971736,16649.521503406053,520823
2001-04-25,16649.521503406053,16764.07843976692,16498.086595872584,16715.53279707988,473670
2001-04-26,16715.53279707988,16715.53279707988,16083.491963541175,16217.203626716395,407458
2001-04-27,16217.203626716395,16853.719801124502,16217.203626716395,16758.451595361457,632520
2001-04-30,16758.451595361457,16758.451595361457,16064.618024734486,16150.422396254373,658599
2001-05-01,16150.422396254373,16745.902463861235,16150.422396254373,16603.471318649186,623033
2001-05-02,16603.471318649186,16603.471318649186,15978.719815649607,16022.699858075306,694272
2001-05-03,16022.699858075306,16022.699858075306,15910.772641347281,15967.000503422854,424697
2001-05-04,15967.000503422854,15967.000503422854,15597.494981460191,15606.32482892713,430948
2001-05-07,15606.32482892713,15606.32482892713,15209.515727305943,15304.891746399591,566508
2001-05-08,15304.891746399591,15684.10363445253,15304.891746399591,15596.138445617944,543729
2001-05-09,15596.138445617944,16007.020023877933,15596.138445617944,15778.127622658516,545125
2001-05-10,15778.127622658516,16424.43602234954,15778.127622658516,16346.780780066356,490447
2001-05-11,16346.780780066356,16781.3734104436,16346.780780066356,16573.770967399058,445570
2001-05-14,16573.770967399058,16842.069961133464,16560.417786607923,16753.717659250124,556821
2001-05-15,16753.717659250124,16993.026219256826,16740.655166240675,16868.41610988662,603148
2001-05-16,16868.41610988662,16868.41610988662,16695.85848752668,16699.208129909915,430177
2001-05-17,16699.208129909915,16699.208129909915,16350.361930166302,16488.9374900915,467979
2001-05-18,16488.9374900915,16976.094374403987,16488.9374900915,16789.889600306116,480089
2001-05-21,16789.889600306116,16789.889600306116,16055.877378268535,16234.87368557488,634310
2001-05-22,16234.87368557488,16247.900468753876,15812.43886247988,16042.708442375695,404213
2001-05-23,16042.708442375695,16144.989353059273,15991.863996387743,16062.924483987137,554227
2001-05-24,16062.924483987137,16688.109585453323,16062.924483987137,16481.529813789595,388893
2001-05-25,16481.529813789595,17021.654046617867,16481.529813789595,16786.866768623902,606797
2001-05-28,16786.866768623902,16786.866768623902,16312.646723036321,16401.941028634952,630644
2001-05-29,16401.941028634952,16491.998705516,16353.004652142943,16435.303592567605,403735
2001-05-30,16435.303592567605,16440.991217880324,16202.088315985466,16398.933632810928,423694
2001-05-31,16398.933632810928,16398.933632810928,15671.399820146336,15820.105630159893,643654
2001-06-01,15820.105630159893,16312.472062630775,15820.105630159893,16264.393600213796,402093
2001-06-04,16264.393600213796,16362.448561033983,15980.991794524385,16129.828474981548,570420
2001-06-05,16129.828474981548,16129.828474981548,15640.404238536335,15788.359495039816,554883
2001-06-06,15788.359495039816,16067.242624948907,15788.359495039816,16031.542245111401,379943
2001-06-07,16031.542245111401,16031.542245111401,15731.237862331714,15783.829468183214,609406
2001-06-08,15783.829468183214,15826.94874816751,15659.679494150467,15754.229876722622,607104
2001-06-11,15754.229876722622,16313.755316526878,15754.229876722622,16155.232767690544,524764
2001-06-12,16155.232767690544,16155.232767690544,15632.938799861624,15761.280426016006,462277
2001-06-13,15761.280426016006,15925.222758993525,15502.543365810126,15692.50353071037,491960
2001-06-14,15692.50353071037,16000.98122334782,15692.50353071037,15869.126103102388,432884
2001-06-15,15869.126103102388,16121.958103164063,15869.126103102388,16019.082948475532,515583
2001-06-18,16019.082948475532,16019.082948475532,15798.780009414897,15887.743857364383,391412
2001-06-19,15887.743857364383,16602.980045815057,15887.743857364383,16459.26057659334,515796
2001-06-20,16459.26057659334,16459.26057659334,16206.566967288636,16214.498651359805,577600
2001-06-21,16214.498651359805,16253.827029378424,16161.081818816527,16240.966687870208,463860
2001-06-22,16240.966687870208,16462.29075915687,16240.966687870208,16346.29863496682,490883
2001-06-25,16346.29863496682,16346.29863496682,16167.33808743452,16175.441601077753,529669
2001-06-26,16175.441601077753,16515.22882126084,16175.441601077753,16417.627204338907,453069
2001-06-27,16417.627204338907,17284.130527584635,16417.627204338907,17134.743966097467,523936
2001-06-28,17134.743966097467,17134.743966097467,16725.960978139155,16819.66076076433,562233
2001-06-29,16819.66076076433,16819.66076076433,16389.3955585926,16393.635944273836,513620
2001-07-02,16393.635944273836,16479.999660861136,16098.70161723938,16308.030539900672,599022
2001-07-03,16308.030539900672,16308.030539900672,15922.046400083475,16138.806396358035,522673
2001-07-04,16138.806396358035,16138.806396358035,15713.051156343228,15919.13073076486,511344
2001-07-05,15919.13073076486,16238.406294052775,15919.13073076486,16178.837402624813,489665
2001-07-06,16178.837402624813,16535.35529616217,16144.287895286141,16355.919202201145,466765
2001-07-09,16355.919202201145,16994.09453550017,16355.919202201145,16828.830683359978,469793
2001-07-10,16828.830683359978,16828.830683359978,16325.327694890493,16372.185170434108,418683
2001-07-11,16372.185170434108,16873.901390301333,16372.185170434108,16812.42974205768,411505
2001-07-12,16812.42974205768,16812.42974205768,16632.977560811116,16698.15335393488,548063
2001-07-13,16698.15335393488,16698.15335393488,15943.676530520297,16086.187429895874,452831
2001-07-16,16086.187429895874,16522.07078701404,16086.187429895874,16329.696721545712,487726
2001-07-17,16329.696721545712,16730.407760834285,16329.696721545712,16484.58778627271,513423
2001-07-18,16484.58778627271,17043.650164594797,16484.58778627271,16826.281625243024,408288
2001-07-19,16826.281625243024,16871.137938304873,16643.20545121921,16830.61499071658,522999
2001-07-20,16830.61499071658,16929.44544461575,16727.308006087347,16809.718103283485,485886
2001-07-23,16809.718103283485,16809.718103283485,16407.450221134255,16459.623791204234,476242
2001-07-24,16459.623791204234,16868.75243206537,16459.623791204234,16860.253482686257,438627
2001-07-25,16860.253482686257,16860.253482686257,16507.914786213965,16535.454553861244,297077
2001-07-26,16535.454553861244,16535.454553861244,15546.85861751884,15698.844608872232,522213
2001-07-27,15698.844608872232,15698.844608872232,15300.38526488271,15395.55161733334,535073
2001-07-30,15395.55161733334,15548.55869338885,15320.218582089545,15543.233555925459,433173
2001-07-31,15543.233555925459,15543.233555925459,14582.196868448555,14610.533766361503,475047
2001-08-01,14610.533766361503,14610.533766361503,13872.546802210452,13933.62661222764,543225
2001-08-02,13933.62661222764,13934.50763669527,13772.256785529225,13789.200490584526,426496
2001-08-03,13789.200490584526,13789.200490584526,13659.287071224835,13723.740893918739,344974
2001-08-06,13723.740893918739,13723.740893918739,13432.298999671415,13532.522598479054,559819
2001-08-07,13532.522598479054,13801.255096901734,13532.522598479054,13732.799876077828,537605
2001-08-08,13732.799876077828,14023.24636002237,13732.799876077828,14001.20537584374,502275
2001-08-09,14001.20537584374,14319.166409985402,14001.20537584374,14236.724363339088,428189
2001-08-10,14236.724363339088,14236.724363339088,13909.164060872981,14006.37049903139,620901
2001-08-13,14006.37049903139,14006.37049903139,13689.075661150267,13808.673123483763,420187
2001-08-14,13808.673123483763,13808.673123483763,13458.565747659584,13618.226291287752,349895
2001-08-15,13618.226291287752,13897.740578941448,13607.010279206117,13709.603146732452,415036
2001-08-16,13709.603146732452,13740.535236186874,13502.041416393931,13691.567615007234,408214
2001-08-17,13691.567615007234,13895.624336001047,13691.567615007234,13794.720678009,509723
2001-08-20,13794.720678009,13794.720678009,13463.075527155499,13552.678193925947,424928
2001-08-21,13552.678193925947,13552.678193925947,13167.45761248792,13187.683735191738,444190
2001-08-22,13187.683735191738,13300.150570175505,13024.204158306635,13221.27055748866,540731
2001-08-23,13221.27055748866,13582.565335873436,13221.27055748866,13501.079048444031,451708
2001-08-24,13501.079048444031,14093.493610991152,13501.079048444031,13929.336220800298,476091
2001-08-27,13929.336220800298,14111.149954030952,13929.336220800298,14106.230828763373,526866
2001-08-28,14106.230828763373,14376.707265221374,14094.687676817137,14279.953786111493,559492
2001-08-29,14279.953786111493,14279.953786111493,13518.733509623278,13649.65882235032,565885
2001-08-30,13649.65882235032,13649.65882235032,12940.434678778753,12969.302478903352,619542
2001-08-31,12969.302478903352,12969.302478903352,12786.919951248114,12857.457231537765,579318
2001-09-03,12857.457231537765,12857.457231537765,11974.643775373374,12141.743715295623,477736
2001-09-04,12141.743715295623,12730.841145408192,12141.743715295623,12603.26268413898,433043
2001-09-05,12603.26268413898,13286.09163558032,12603.26268413898,13261.637384995567,417412
2001-09-06,13261.637384995567,13261.637384995567,12910.82208440416,12915.696351569051,604714
2001-09-07,12915.696351569051,13126.282836029619,12915.696351569051,13111.292783170065,438966
2001-09-10,13111.292783170065,13316.812420504903,13075.11266346438,13156.580290108797,544538
2001-09-11,13156.580290108797,13437.265439058336,13141.631127286468,13274.952959929991,535038
2001-09-12,13274.952959929991,13274.952959929991,12885.371574905883,12888.5221370093,468756
2001-09-13,12888.5221370093,12991.279465537193,12664.952630786507,12846.288632750613,342231
2001-09-14,12846.288632750613,13079.682897008992,12846.288632750613,13059.4463224196,503910
2001-09-17,13059.4463224196,13059.4463224196,12807.120992984685,12875.35254149909,558683
2001-09-18,12875.35254149909,12875.35254149909,12628.956075285832,12635.009710259681,405539
2001-09-19,12635.009710259681,12635.009710259681,11958.424229335933,12025.77349859766,321577
2001-09-20,12025.77349859766,12274.011217529069,12006.901897934504,12163.138912609531,586942
2001-09-21,12163.138912609531,12163.138912609531,11746.705346844332,11822.771859088061,305416
2001-09-24,11822.771859088061,12733.51394305825,11822.771859088061,12655.295732330207,464916
2001-09-25,12655.295732330207,13057.505411225104,12655.295732330207,13046.072952011535,368640
2001-09-26,13046.072952011535,13064.069819018216,12908.619075164519,12985.47344405136,553839
2001-09-27,12985.47344405136,13222.45977897717,12980.35246170794,13168.686385210402,394526
2001-09-28,13168.686385210402,13168.686385210402,12703.885193887505,12799.345635505879,529551
2001-10-01,12799.345635505879,12799.345635505879,11955.399442955657,12023.401850188557,544132
2001-10-02,12023.401850188557,12023.401850188557,11780.359869111327,11787.026144611038,437059
2001-10-03,11787.026144611038,12173.964345160874,11787.026144611038,12107.124076938571,560317
2001-10-04,12107.124076938571,12763.641632328918,12107.124076938571,12592.955170551453,499333
2001-10-05,12592.955170551453,12592.955170551453,12321.050192998839,12365.696345461345,587650
2001-10-08,12365.696345461345,13070.083326056647,12365.696345461345,12910.693379336128,482400
2001-10-09,12910.693379336128,12910.693379336128,12399.42048595592,12586.95248424618,531478
2001-10-10,12586.95248424618,13191.447990553472,12586.95248424618,13010.76798900965,533203
2001-10-11,13010.76798900965,13584.752472419746,13010.76798900965,13387.683920106561,405437
2001-10-12,13387.683920106561,13387.683920106561,12858.558431055366,12912.379477426755,672935
2001-10-15,12912.379477426755,12912.379477426755,12676.555347168167,12860.414494747822,449077
2001-10-16,12860.414494747822,13118.50543046171,12860.414494747822,13049.924286946229,455490
2001-10-17,13049.924286946229,13361.798583984833,13049.924286946229,13188.508666697884,254194
2001-10-18,13188.508666697884,13188.508666697884,12912.185787578943,12983.98365238312,475638
2001-10-19,12983.98365238312,12983.98365238312,12535.470455544526,12688.022599014734,512752
2001-10-22,12688.022599014734,12877.171510380345,12670.763497921314,12695.768940872904,549666
2001-10-23,12695.768940872904,12980.010114553043,12695.768940872904,12877.921393031924,514865
2001-10-24,12877.921393031924,13549.888744137212,12877.921393031924,13444.22918102089,436608
2001-10-25,13444.22918102089,13501.257944633226,13330.105409444637,13392.170759082488,623539
2001-10-26,13392.170759082488,13852.253248561754,13392.170759082488,13758.640252522075,544166
2001-10-29,13758.640252522075,13758.640252522075,13334.104140825042,13378.146068683773,615072
2001-10-30,13378.146068683773,14168.439636405014,13378.146068683773,14095.472999691148,462206
2001-10-31,14095.472999691148,14095.472999691148,13520.692188787107,13697.330502727524,453563
2001-11-01,13697.330502727524,13758.338955155454,13475.667279513387,13653.985427685333,459776
2001-11-02,13653.985427685333,13653.985427685333,13434.613591729147,13438.028460732732,470200
2001-11-05,13438.028460732732,13438.028460732732,13138.013229877364,13166.70712721069,512121
2001-11-06,13166.70712721069,14157.053597851373,13166.70712721069,14048.090524885714,461376
2001-11-07,14048.090524885714,14048.090524885714,13573.794377391081,13776.861191958922,498170
2001-11-08,13776.861191958922,13776.861191958922,13482.103904665579,13655.155938831353,553275
2001-11-09,13655.155938831353,14701.27530814808,13655.155938831353,14560.105501539278,539894
2001-11-12,14560.105501539278,14560.105501539278,14123.912547187558,14127.228709149616,401019
2001-11-13,14127.228709149616,14448.327178426023,14127.228709149616,14303.225601747892,506005
2001-11-14,14303.225601747892,14306.612335492879,14121.282481619573,14163.365021594525,456078
2001-11-15,14163.365021594525,14293.975698234777,14049.889669300088,14160.229234535045,444153
2001-11-16,14160.229234535045,14377.927797787872,14140.005683299136,14317.874452927064,488960
2001-11-19,14317.874452927064,14317.874452927064,13766.314074637827,13938.740396436093,415319
2001-11-20,13938.740396436093,13938.740396436093,13516.865637572988,13712.604861812637,580839
2001-11-21,13712.604861812637,13731.619762029344,13543.696829147737,13706.077584080249,416965
2001-11-22,13706.077584080249,13795.150926600514,13584.894259900673,13687.338944671934,549114
2001-11-23,13687.338944671934,14093.146040877866,13687.338944671934,13970.342620489238,441991
2001-11-26,13970.342620489238,13970.342620489238,13144.726237113557,13310.10570958059,544150
2001-11-27,13310.10570958059,13310.10570958059,12573.665716479936,12729.724029607652,509439
2001-11-28,12729.724029607652,12825.157631821685,12694.58460621004,12782.283217568134,432238
2001-11-29,12782.283217568134,13162.841664085317,12782.283217568134,12997.352538469382,441289
2001-11-30,12997.352538469382,12997.352538469382,12564.694807188602,12650.087206159256,558211
2001-12-03,12650.087206159256,12650.087206159256,12224.911610906891,12290.89260629847,574609
2001-12-04,12290.89260629847,12323.838780067728,12121.353081245874,12144.331061384384,605727
2001-12-05,12144.331061384384,12144.331061384384,11709.340823108314,11834.143602134054,496928
2001-12-06,11834.143602134054,12281.28709104531,11834.143602134054,12145.401693505424,283887
2001-12-07,12145.401693505424,12145.401693505424,11617.752613429175,11739.976133855902,574412
2001-12-10,11739.976133855902,11739.976133855902,11495.645789268456,11643.31799698483,633713
2001-12-11,11643.31799698483,11663.549196420206,11606.363647602038,11608.952406001174,610130
2001-12-12,11608.952406001174,11846.02843927709,11608.952406001174,11842.258232896005,394990
2001-12-13,11842.258232896005,12077.13202053337,11830.713034036105,12001.22566259679,464383
2001-12-14,12001.22566259679,12001.22566259679,11515.948745097987,11660.629633276754,553868
2001-12-17,11660.629633276754,11750.914722876481,11522.300977896051,11677.260073856596,446243
2001-12-18,11677.260073856596,11677.260073856596,11464.04833879931,11609.541691495227,383584
2001-12-19,11609.541691495227,12105.203650792215,11609.541691495227,12045.387630837036,547545
2001-12-20,12045.387630837036,12072.038980400352,11941.095523408,11941.550794388633,536673
2001-12-21,11941.550794388633,12133.055339589986,11844.081875657135,11956.793988100246,433907
2001-12-24,11956.793988100246,12087.915264234607,11915.979013550243,12035.031408008359,482485
2001-12-25,12035.031408008359,12262.798779565836,12035.031408008359,12262.6701150922,569589
2001-12-26,12262.6701150922,12262.6701150922,11844.81611131537,11888.282010476205,466028
2001-12-27,11888.282010476205,11923.808851035228,11777.181311040491,11901.709972824883,605459
2001-12-28,11901.709972824883,12496.05729316611,11901.709972824883,12340.138406093673,497085
2001-12-31,12340.138406093673,12340.138406093673,11954.411061017834,11957.618509552934,554329
2002-01-01,11957.618509552934,12104.257141428214,11936.613644856598,12031.79840398941,580059
2002-01-02,12031.79840398941,12031.79840398941,11787.200987514736,11804.137619156623,575530
2002-01-03,11804.137619156623,12489.671508405088,11804.137619156623,12462.904703164828,690087
2002-01-04,12462.904703164828,12486.154442026429,12373.876575986265,12452.24758655085,499391
2002-01-07,12452.24758655085,12452.24758655085,12151.834075474046,12192.684639972544,502128
2002-01-08,12192.684639972544,12192.684639972544,11761.675155262386,11762.06955458457,489454
2002-01-09,11762.06955458457,12336.380690501519,11762.06955458457,12169.950630222447,389906
2002-01-10,12169.950630222447,12331.15966774226,12148.9360242492,12191.183456901867,477337
2002-01-11,12191.183456901867,12853.202717154814,12191.183456901867,12711.521311601318,573091
2002-01-14,12711.521311601318,13799.768583623661,12711.521311601318,13766.677337524174,490323
2002-01-15,13766.677337524174,14187.155596423992,13766.677337524174,14061.175658359627,497486
2002-01-16,14061.175658359627,14061.175658359627,13707.51540653324,13857.551877760876,371934
2002-01-17,13857.551877760876,13857.551877760876,13570.067148084454,13724.184365014304,457050
2002-01-18,13724.184365014304,14110.96981727898,13719.367318309975,13912.311115251903,452519
2002-01-21,13912.311115251903,14035.736339719897,13730.664081068026,13906.172872691413,523328
2002-01-22,13906.172872691413,13906.172872691413,13777.649502651517,13859.968112280332,569979
2002-01-23,13859.968112280332,13859.968112280332,13426.748463070418,13523.633479777556,380815
2002-01-24,13523.633479777556,13523.633479777556,13261.543528026079,13423.369655481205,560553
2002-01-25,13423.369655481205,13810.993989931025,13423.369655481205,13701.70295029883,569512
2002-01-28,13701.70295029883,14145.49694653492,13701.70295029883,14137.447070018532,483753
2002-01-29,14137.447070018532,14211.422294267097,13910.463429307652,14003.163877122193,501770
2002-01-30,14003.163877122193,14327.9715800714,14003.163877122193,14276.519915756797,564423
2002-01-31,14276.519915756797,14276.519915756797,13728.79293714574,13786.04948826428,490421
2002-02-01,13786.04948826428,13846.626303293153,13752.83797271777,13795.50743380988,474303
2002-02-04,13795.50743380988,14106.594689224938,13795.50743380988,14042.020115705582,540656
2002-02-05,14042.020115705582,14042.020115705582,13809.584881754308,13962.213056123308,325845
2002-02-06,13962.213056123308,13962.213056123308,13686.771010876344,13850.120075138135,401254
2002-02-07,13850.120075138135,13850.120075138135,13424.18078733213,13585.767316050542,413571
2002-02-08,13585.767316050542,14172.109592908531,13585.767316050542,14015.132941802687,503345
2002-02-11,14015.132941802687,14249.984676505994,14015.132941802687,14121.214672239179,432774
2002-02-12,14121.214672239179,14351.661235320253,14121.214672239179,14279.969818617705,508912
2002-02-13,14279.969818617705,14279.969818617705,13762.004289762319,13797.893489991056,427485
2002-02-14,13797.893489991056,14066.485849809133,13797.893489991056,13927.800353738447,565446
2002-02-15,13927.800353738447,14104.107091310694,13719.845629831405,13927.507693379854,449831
2002-02-18,13927.507693379854,13927.507693379854,13363.219231112005,13449.93675251769,594734
2002-02-19,13449.93675251769,13449.93675251769,13249.755760321648,13393.096431426393,572151
2002-02-20,13393.096431426393,13849.907058607592,13393.096431426393,13834.641704951411,532998
2002-02-21,13834.641704951411,13834.641704951411,13286.018166803839,13304.709708767583,496682
2002-02-22,13304.709708767583,13396.655285022358,13224.38099496841,13227.210707328197,530947
2002-02-25,13227.210707328197,13650.424191659882,13227.210707328197,13499.792022624011,450351
2002-02-26,13499.792022624011,13499.792022624011,12826.748104299706,12894.688691218666,560910
2002-02-27,12894.688691218666,13679.277204620672,12894.688691218666,13654.829563683968,639967
2002-02-28,13654.829563683968,13752.94950708494,13564.217084941243,13571.493607838142,516047
2002-03-01,13571.493607838142,13959.126218900908,13571.493607838142,13806.874355409347,521947
2002-03-04,13806.874355409347,14137.767119483258,13806.874355409347,14003.465902607813,358095
2002-03-05,14003.465902607813,14751.37523700408,14003.465902607813,14552.768666119578,414739
2002-03-06,14552.768666119578,14552.768666119578,13783.100845352656,13955.140439328467,326681
2002-03-07,13955.140439328467,14422.355740591342,13955.140439328467,14295.308946296876,525468
2002-03-08,14295.308946296876,14626.25434669476,14295.308946296876,14487.894206066227,522397
2002-03-11,14487.894206066227,14683.032280499048,14487.894206066227,14579.539096957089,312739
2002-03-12,14579.539096957089,14627.35048483364,14365.838111387506,14477.795493013255,595421
2002-03-13,14477.795493013255,14619.953459635297,14477.795493013255,14527.321648131956,530953
2002-03-14,14527.321648131956,14527.321648131956,13673.720058649315,13855.841272921729,644151
2002-03-15,13855.841272921729,13855.841272921729,13340.03097862607,13420.737714366576,495120
2002-03-18,13420.737714366576,13791.792047448424,13420.737714366576,13664.504498497932,458479
2002-03-19,13664.504498497932,13707.714521450423,13610.309779932095,13668.403907678721,511043
2002-03-20,13668.403907678721,13975.276859376738,13668.403907678721,13958.469396208347,465466
2002-03-21,13958.469396208347,13958.469396208347,13586.959682011226,13611.06123937548,504782
2002-03-22,13611.06123937548,13973.469461640992,13611.06123937548,13826.030237397947,444729
2002-03-25,13826.030237397947,13826.030237397947,13508.948588459161,13668.97182422887,514115
2002-03-26,13668.97182422887,13668.97182422887,13234.07576586134,13330.04115474317,658082
2002-03-27,13330.04115474317,14146.906657632771,13330.04115474317,14117.663841719317,516842
2002-03-28,14117.663841719317,14919.053661945363,14117.663841719317,14757.92679661157,559549
2002-03-29,14757.92679661157,15334.778150707056,14757.92679661157,15225.577747483956,597243
2002-04-01,15225.577747483956,15228.657966388733,15049.783167191723,15077.829629059048,466235
2002-04-02,15077.829629059048,15121.83832064122,14793.217579034861,14981.979520187753,445760
2002-04-03,14981.979520187753,14981.979520187753,14539.82575320064,14654.438952520519,423334
2002-04-04,14654.438952520519,15086.445598652806,14654.438952520519,15027.795960956872,558166
2002-04-05,15027.795960956872,15369.363680996463,15027.795960956872,15369.087935350915,398615
2002-04-08,15369.087935350915,15369.087935350915,15002.407898369773,15088.90170927639,539403
2002-04-09,15088.90170927639,15602.26636935194,15088.90170927639,15502.047556038084,484637
2002-04-10,15502.047556038084,15522.10407157147,15255.787439944042,15443.618024087167,670988
2002-04-11,15443.618024087167,15443.618024087167,15044.681999152408,15202.751893161536,469353
2002-04-12,15202.751893161536,15447.526857807794,15202.751893161536,15373.938447927509,444251
2002-04-15,15373.938447927509,15373.938447927509,14906.546259584888,15118.384869728194,615877
2002-04-16,15118.384869728194,15118.384869728194,14167.862631932052,14265.418492499673,609306
2002-04-17,14265.418492499673,14393.514108740463,14252.157249200123,14338.02586498328,528473
2002-04-18,14338.02586498328,14528.94978998919,14338.02586498328,14458.658096339981,560969
2002-04-19,14458.658096339981,14909.085594466422,14458.658096339981,14823.778357078814,446377
2002-04-22,14823.778357078814,15165.297955972304,14777.924750909855,14964.769451878457,511156
2002-04-23,14964.769451878457,14964.769451878457,14498.67256421731,14702.058318016892,452405
2002-04-24,14702.058318016892,14826.83510391142,14694.845719814126,14697.318674446655,462290
2002-04-25,14697.318674446655,15627.842577818961,14697.318674446655,15433.54141126721,434051
2002-04-26,15433.54141126721,15433.54141126721,15151.973199073287,15300.666850672156,507889
2002-04-29,15300.666850672156,15300.666850672156,14490.904955821668,14698.314286441297,476893
2002-04-30,14698.314286441297,14877.276411166255,14666.393505307502,14777.95219841682,591659
2002-05-01,14777.95219841682,14777.95219841682,14609.631790032445,14616.447988857348,447589
2002-05-02,14616.447988857348,14765.939792087602,14443.267190605096,14598.941870013556,585971
2002-05-03,14598.941870013556,14598.941870013556,14300.100790786146,14435.321482457692,623759
2002-05-06,14435.321482457692,14717.442161445942,14435.321482457692,14592.425481872076,589780
2002-05-07,14592.425481872076,14624.303478801523,14408.637811192038,14594.414990224828,572165
2002-05-08,14594.414990224828,14783.880059596586,14564.488865555368,14637.397555964184,487058
2002-05-09,14637.397555964184,15135.93294147194,14637.397555964184,15126.915117878923,642002
2002-05-10,15126.915117878923,15688.957672401628,15126.915117878923,15610.595963203807,385650
2002-05-13,15610.595963203807,15974.074025022725,15610.595963203807,15762.396799243177,495434
2002-05-14,15762.396799243177,16018.876035695428,15762.396799243177,15903.478043581123,562083
2002-05-15,15903.478043581123,16085.935692682118,15718.002454229401,15909.889274558152,523410
2002-05-16,15909.889274558152,15988.728484123885,15701.491054895605,15860.444460179942,619223
2002-05-17,15860.444460179942,16249.997164808086,15860.444460179942,16046.202930927859,437442
2002-05-20,16046.202930927859,16096.708693700157,15822.135530362135,15869.369157211755,613874
2002-05-21,15869.369157211755,15869.369157211755,15396.081493253816,15560.459125367053,613033
2002-05-22,15560.459125367053,15934.038235425514,15560.459125367053,15773.63466128031,567517
2002-05-23,15773.63466128031,15773.63466128031,15165.365189444668,15198.336414925594,565773
2002-05-24,15198.336414925594,15198.336414925594,14947.2265688413,15169.735940077071,686256
2002-05-27,15169.735940077071,15877.93951711496,15169.735940077071,15697.94522266934,426680
2002-05-28,15697.94522266934,15762.407766038468,15323.4288127931,15543.49319521352,500199
2002-05-29,15543.49319521352,15761.631683956111,15315.849457852595,15544.081397278494,537060
2002-05-30,15544.081397278494,15544.081397278494,14839.194752023888,14928.776155297115,464059
2002-05-31,14928.776155297115,14928.776155297115,14624.474201466988,14670.631281112202,531567
2002-06-03,14670.631281112202,15370.569324353863,14670.631281112202,15257.195723404458,597947
2002-06-04,15257.195723404458,15347.02863169229,15160.072793959245,15176.797746678705,364985
2002-06-05,15176.797746678705,15717.834916076457,15176.797746678705,15587.476639248323,563567
2002-06-06,15587.476639248323,15892.944213518753,15587.476639248323,15823.111103301386,617097
2002-06-07,15823.111103301386,15823.111103301386,15436.126361139573,15529.194506621745,471425
2002-06-10,15529.194506621745,16416.61576042245,15529.194506621745,16256.119328735123,530389
2002-06-11,16256.119328735123,16346.337231621657,16070.30102995204,16245.554936355757,610347
2002-06-12,16245.554936355757,16369.03131536643,16245.554936355757,16269.505775259875,565285
2002-06-13,16269.505775259875,16269.505775259875,16033.562582375796,16059.743569658793,392480
2002-06-14,16059.743569658793,16493.672066525196,16059.743569658793,16438.265659155048,673437
2002-06-17,16438.265659155048,16438.265659155048,15987.828996715985,16029.51334168998,572778
2002-06-18,16029.51334168998,16458.324166665225,16029.51334168998,16399.206155599444,588709
2002-06-19,16399.206155599444,16399.206155599444,16008.423771928323,16060.714658487392,542975
2002-06-20,16060.714658487392,16304.601390082964,16060.714658487392,16292.733239800415,531748
2002-06-21,16292.733239800415,16389.125275517184,16292.733239800415,16381.268585394968,603327
2002-06-24,16381.268585394968,16694.473733153693,16355.477712841335,16481.899689708567,395830
2002-06-25,16481.899689708567,16807.156389695137,16481.899689708567,16703.246106072762,503157
2002-06-26,16703.246106072762,16703.246106072762,16260.427801484599,16300.695554117981,667926
2002-06-27,16300.695554117981,17177.878037988445,16300.695554117981,17152.921829962776,486852
2002-06-28,17152.921829962776,17152.921829962776,16767.148185000136,16777.23789481629,451110
2002-07-01,16777.23789481629,16777.23789481629,16471.185862002534,16515.653018327077,555354
2002-07-02,16515.653018327077,17009.344331912715,16515.653018327077,16918.46436008163,423896
2002-07-03,16918.46436008163,16918.46436008163,16568.40381098296,16590.203866671563,450203
2002-07-04,16590.203866671563,16590.203866671563,15826.262400208672,16061.485913656707,576466
2002-07-05,16061.485913656707,16485.77606370868,16061.485913656707,16334.999355366073,410704
2002-07-08,16334.999355366073,16334.999355366073,15886.746044180582,16111.25082786537,523861
2002-07-09,16111.25082786537,16401.604379508062,16111.25082786537,16318.747683068286,528762
2002-07-10,16318.747683068286,16329.529355736528,16095.182942094636,16268.972668463497,573849
2002-07-11,16268.972668463497,16758.14325604749,16268.972668463497,16634.19194000082,450055
2002-07-12,16634.19194000082,16785.68769892961,16431.3721362325,16625.7892567325,416182
2002-07-15,16625.7892567325,16625.7892567325,16081.9172102253,16234.865176631265,425046
2002-07-16,16234.865176631265,16234.865176631265,15584.999656870224,15790.976639929482,540250
2002-07-17,15790.976639929482,15790.976639929482,15547.479620251082,15632.140071620912,476738
2002-07-18,15632.140071620912,16151.228473601312,15632.140071620912,16007.749246329564,369644
2002-07-19,16007.749246329564,16358.970008044656,15911.699529201036,16125.634972905187,508394
2002-07-22,16125.634972905187,16522.67989229389,16085.938512141583,16290.820703088506,308578
2002-07-23,16290.820703088506,16290.820703088506,15362.202820122595,15587.963980224971,467405
2002-07-24,15587.963980224971,15801.522427150101,15546.690268700155,15782.221942462604,559192
2002-07-25,15782.221942462604,15782.221942462604,15429.277183495778,15617.905857848742,548863
2002-07-26,15617.905857848742,15617.905857848742,15328.089583353933,15459.822762248736,590582
2002-07-29,15459.822762248736,15459.822762248736,14811.24774745867,14965.399074032088,495032
2002-07-30,14965.399074032088,15436.441109504387,14965.399074032088,15370.159374090625,407783
2002-07-31,15370.159374090625,15548.551516893813,15302.664114062278,15533.599926696355,539638
2002-08-01,15533.599926696355,15533.599926696355,15030.816636010311,15162.87630567353,507329
2002-08-02,15162.87630567353,15419.689358371903,15162.87630567353,15212.756054245925,473750
2002-08-05,15212.756054245925,15278.554371739656,15029.589694550798,15097.939739623152,424266
2002-08-06,15097.939739623152,15574.094967770985,15097.939739623152,15385.578357871926,490896
2002-08-07,15385.578357871926,15754.336059803034,15385.578357871926,15705.767122645673,449694
2002-08-08,15705.767122645673,15705.767122645673,14698.625515302077,14920.997683497946,525101
2002-08-09,14920.997683497946,15030.902996111532,14906.756675116483,15014.830754319488,518903
2002-08-12,15014.830754319488,15149.060699081861,14811.551762901503,15006.412267872023,630567
2002-08-13,15006.412267872023,15006.412267872023,14311.962223390477,14370.83466308001,347502
2002-08-14,14370.83466308001,14489.932979731944,14292.197519060672,14339.500313104869,391473
2002-08-15,14339.500313104869,14433.00440754672,14157.572536341886,14334.347222740838,312141
2002-08-16,14334.347222740838,14334.347222740838,13688.651580033935,13807.974695813922,516105
2002-08-19,13807.974695813922,13807.974695813922,13414.517936539209,13489.809297207015,656626
2002-08-20,13489.809297207015,13489.809297207015,12937.484783120603,13116.138646466381,525528
2002-08-21,13116.138646466381,13116.138646466381,12570.392061199436,12710.859027211354,568328
2002-08-22,12710.859027211354,13105.814647926052,12710.859027211354,13068.615649234014,619926
2002-08-23,13068.615649234014,13451.212620674985,13068.615649234014,13342.832247714005,500246
2002-08-26,13342.832247714005,13656.968016968995,13342.832247714005,13584.100952254103,534981
2002-08-27,13584.100952254103,13584.100952254103,12942.944887879949,13052.402634635702,411359
2002-08-28,13052.402634635702,13052.402634635702,12661.107644620188,12815.960108198444,625964
2002-08-29,12815.960108198444,12815.960108198444,12565.36283801538,12618.301248435337,488527
2002-08-30,12618.301248435337,12897.197545976942,12618.301248435337,12867.913231833754,440693
2002-09-02,12867.913231833754,13191.043855574877,12867.913231833754,13003.396284105678,444833
2002-09-03,13003.396284105678,13020.297222907224,12882.191527766712,12904.315513717262,528913
2002-09-04,12904.315513717262,12904.315513717262,12762.95440627178,12765.148391078472,491088
2002-09-05,12765.148391078472,12847.074026000573,12597.40836469547,12764.353922629396,521285
2002-09-06,12764.353922629396,12951.500609012388,12764.353922629396,12905.259600679772,372887
2002-09-09,12905.259600679772,13240.539358973856,12905.259600679772,13119.209563925448,526898
2002-09-10,13119.209563925448,13333.858096466474,13049.32321475739,13239.532308624413,473553
2002-09-11,13239.532308624413,13239.532308624413,12955.945629900421,13117.618587893785,541679
2002-09-12,13117.618587893785,13581.422496075067,13117.618587893785,13399.844187483519,486125
2002-09-13,13399.844187483519,13834.528288513906,13399.844187483519,13817.398183360672,702450
2002-09-16,13817.398183360672,13817.398183360672,13401.493904050587,13429.271231371476,599887
2002-09-17,13429.271231371476,13429.271231371476,12938.413313581808,13045.781756671773,421588
2002-09-18,13045.781756671773,13045.781756671773,12588.561492108784,12633.871897838573,393952
2002-09-19,12633.871897838573,12714.061463391416,12417.33595566517,12550.609626872378,536771
2002-09-20,12550.609626872378,12659.702218837658,12384.014449658374,12511.598305785927,492175
2002-09-23,12511.598305785927,12511.598305785927,12479.261550278567,12507.794593581251,547314
2002-09-24,12507.794593581251,12507.794593581251,12288.55474924012,12354.329091773543,268368
2002-09-25,12354.329091773543,12354.329091773543,11874.582583963675,11935.218621725382,551939
2002-09-26,11935.218621725382,11935.218621725382,11653.612661685032,11750.434908580919,514582
2002-09-27,11750.434908580919,12022.47470273604,11750.434908580919,11891.10637728493,265159
2002-09-30,11891.10637728493,12609.023397192335,11891.10637728493,12505.043941222264,703322
2002-10-01,12505.043941222264,12540.78555407476,12233.454702655727,12386.036844084721,561833
2002-10-02,12386.036844084721,12386.036844084721,12229.573686601225,12245.88813667686,378473
2002-10-03,12245.88813667686,12348.332070325,12173.964016138209,12236.933480128455,692523
2002-10-04,12236.933480128455,12236.933480128455,12117.26629380197,12143.763681518905,606308
2002-10-07,12143.763681518905,12398.852483044639,12143.763681518905,12235.164475717771,338615
2002-10-08,12235.164475717771,12505.508136952143,12235.164475717771,12370.357037974025,551920
2002-10-09,12370.357037974025,12526.449271960071,12370.357037974025,12525.774787314394,567655
2002-10-10,12525.774787314394,12525.774787314394,11925.857464173296,12066.604235793562,437347
2002-10-11,12066.604235793562,12388.106711341548,12066.604235793562,12312.217948031464,413006
2002-10-14,12312.217948031464,12312.217948031464,11870.714356067068,11986.92093187319,415102
2002-10-15,11986.92093187319,12141.878098370447,11976.723623606214,12089.895702120177,376904
2002-10-16,12089.895702120177,12558.547617440829,12089.895702120177,12517.914489184885,542170
2002-10-17,12517.914489184885,12517.914489184885,12020.303170659437,12181.645342845699,591633
2002-10-18,12181.645342845699,12473.432913549164,12181.645342845699,12410.975847728236,498734
2002-10-21,12410.975847728236,12986.697629634058,12410.975847728236,12861.551754929875,501941
2002-10-22,12861.551754929875,12861.551754929875,12515.164705841522,12614.019991464917,534555
2002-10-23,12614.019991464917,12614.019991464917,12303.368919449256,12346.511330245456,519770
2002-10-24,12346.511330245456,12708.701153916609,12346.511330245456,12589.221586465812,506859
2002-10-25,12589.221586465812,12589.221586465812,12312.700449018255,12347.238839398748,451075
2002-10-28,12347.238839398748,12347.238839398748,11821.97463663554,11940.411921773626,679784
2002-10-29,11940.411921773626,11994.655775547573,11940.411921773626,11981.983941057857,504497
2002-10-30,11981.983941057857,12089.601839443512,11978.254464267144,12015.749826657275,508346
2002-10-31,12015.749826657275,12198.244306220417,11964.042211351398,12054.036059596558,522402
2002-11-01,12054.036059596558,12054.036059596558,11716.322670784866,11872.691740046963,534570
2002-11-04,11872.691740046963,11872.691740046963,11575.131283521914,11689.91901612993,461246
2002-11-05,11689.91901612993,12049.98615707805,11689.91901612993,11977.785684521674,474127
2002-11-06,11977.785684521674,11977.785684521674,11415.302720907861,11511.613464475155,457891
2002-11-07,11511.613464475155,11511.613464475155,10715.85024313972,10790.686975851591,486440
2002-11-08,10790.686975851591,10917.201655799141,10746.172904566312,10761.178969248102,624441
2002-11-11,10761.178969248102,10804.640042219415,10688.11866110656,10801.189174260096,580281
2002-11-12,10801.189174260096,10801.189174260096,10404.875813594088,10533.24966648801,681000
2002-11-13,10533.24966648801,10533.24966648801,10343.722516882972,10371.348982672542,684495
2002-11-14,10371.348982672542,10618.200027991406,10371.348982672542,10537.49130191157,582569
2002-11-15,10537.49130191157,10537.49130191157,10338.376132148214,10348.835543808513,605012
2002-11-18,10348.835543808513,10348.835543808513,10036.840917977335,10170.07735723452,530726
2002-11-19,10170.07735723452,10944.16069037637,10170.07735723452,10816.23412330344,482832
2002-11-20,10816.23412330344,11219.308275513284,10816.23412330344,11197.748613415526,568940
2002-11-21,11197.748613415526,11535.204295005378,11197.748613415526,11390.512034909345,516055
2002-11-22,11390.512034909345,11390.512034909345,10931.358368744672,11045.527413754753,480603
2002-11-25,11045.527413754753,11045.527413754753,10476.838704278543,10534.382880685696,467095
2002-11-26,10534.382880685696,10871.812763036067,10534.382880685696,10721.372173183594,531987
2002-11-27,10721.372173183594,10721.372173183594,10276.956249920022,10383.366455113257,560777
2002-11-28,10383.366455113257,10783.429735375992,10383.366455113257,10718.105789293837,530075
2002-11-29,10718.105789293837,10941.982208501122,10678.151851770008,10820.61238127938,546772
2002-12-02,10820.61238127938,11508.197130261597,10820.61238127938,11357.212915539125,555645
2002-12-03,11357.212915539125,11620.43176643027,11356.901921215871,11500.715700725497,561190
2002-12-04,11500.715700725497,11941.090264693381,11500.715700725497,11883.695083705243,389529
2002-12-05,11883.695083705243,12193.311457101761,11863.715617029564,12042.088445051197,410944
2002-12-06,12042.088445051197,12151.18313058074,11983.993123275839,12090.934181270693,488363
2002-12-09,12090.934181270693,12422.543874497034,12090.934181270693,12277.744886282213,386663
2002-12-10,12277.744886282213,12277.744886282213,11747.688735150656,11836.000603857445,533650
2002-12-11,11836.000603857445,11836.000603857445,11265.32823883252,11315.25507420016,584612
2002-12-12,11315.25507420016,11406.260117462245,11303.389835808734,11322.532798806487,532640
2002-12-13,11322.532798806487,11774.218283263404,11322.532798806487,11639.518322003913,490372
2002-12-16,11639.518322003913,11639.518322003913,11484.526589329198,11510.414058152051,450748
2002-12-17,11510.414058152051,11615.610214117904,11466.60484328789,11496.848140664297,440367
2002-12-18,11496.848140664297,12018.551765477987,11496.848140664297,11846.539216064311,474063
2002-12-19,11846.539216064311,11846.539216064311,11534.082184846451,11702.754395691685,637336
2002-12-20,11702.754395691685,11824.169458261009,11572.014799384844,11743.000186922269,482852
2002-12-23,11743.000186922269,12177.755339724046,11743.000186922269,12076.757262152947,375684
2002-12-24,12076.757262152947,12608.58949383869,12076.757262152947,12423.412714315256,481678
2002-12-25,12423.412714315256,12438.367271614074,12220.023836134267,12290.70773975084,359092
2002-12-26,12290.70773975084,12297.802762853582,12117.329897554386,12144.726759522602,493518
2002-12-27,12144.726759522602,12334.729934662431,12000.671654324004,12168.572954222018,540374
2002-12-30,12168.572954222018,12307.82137875504,12168.572954222018,12258.027390694551,463810
2002-12-31,12258.027390694551,12258.027390694551,11860.342087320125,11868.576110523705,483913
2003-01-01,11868.576110523705,12038.465026146241,11742.810014108698,11918.103765053467,534878
2003-01-02,11918.103765053467,12002.580053084659,11766.701281951087,11873.16137375465,570532
2003-01-03,11873.16137375465,11873.16137375465,11674.923628702934,11732.10640672903,575403
2003-01-06,11732.10640672903,11910.26538097576,11732.10640672903,11840.886027882285,487010
2003-01-07,11840.886027882285,11880.789902700737,11822.03263461593,11826.203351749231,473348
2003-01-08,11826.203351749231,11826.203351749231,11486.755028270814,11497.856304485982,538574
2003-01-09,11497.856304485982,11497.856304485982,10929.327250429722,10971.632284874304,433632
2003-01-10,10971.632284874304,11138.603788971825,10971.632284874304,10980.491680944837,433256
2003-01-13,10980.491680944837,10980.491680944837,10644.86027991365,10727.028835351177,442836
2003-01-14,10727.028835351177,10970.652696049647,10727.028835351177,10914.608485826044,441700
2003-01-15,10914.608485826044,10914.608485826044,10275.117096313656,10416.467379401509,507963
2003-01-16,10416.467379401509,10461.623651894655,10348.906813487076,10399.614845245955,490584
2003-01-17,10399.614845245955,10677.915494852557,10399.614845245955,10527.00662919017,539257
2003-01-20,10527.00662919017,11081.587085307377,10527.00662919017,11057.365243476588,666247
2003-01-21,11057.365243476588,11057.365243476588,10804.412451004207,10910.57047119182,421135
2003-01-22,10910.57047119182,10910.57047119182,10718.803329404594,10820.865351938035,378968
2003-01-23,10820.865351938035,10969.114615677163,10759.031215084013,10827.744151393985,489725
2003-01-24,10827.744151393985,11125.965090270132,10827.744151393985,10997.173998357719,466952
2003-01-27,10997.173998357719,11115.088111030456,10843.462113677082,10989.798911077542,688374
2003-01-28,10989.798911077542,10989.798911077542,10500.608607095079,10589.510851570434,458878
2003-01-29,10589.510851570434,10903.71645225544,10589.510851570434,10772.73785459365,484665
2003-01-30,10772.73785459365,10772.73785459365,10535.36000406388,10623.460053758346,652749
2003-01-31,10623.460053758346,10623.460053758346,10427.748915345559,10560.676008976494,471732
2003-02-03,10560.676008976494,11070.946782295194,10560.676008976494,10919.20166098704,410421
2003-02-04,10919.20166098704,11040.92819241407,10908.17184117767,11033.314801490102,541355
2003-02-05,11033.314801490102,11133.139161820358,11033.314801490102,11103.335536231478,531165
2003-02-06,11103.335536231478,11214.031403135396,11071.88756328685,11125.270927720016,617544
2003-02-07,11125.270927720016,11434.24946458323,11125.270927720016,11274.85846427012,600879
2003-02-10,11274.85846427012,11274.85846427012,10913.211054694859,10955.815920339679,466709
2003-02-11,10955.815920339679,11559.28565711923,10955.815920339679,11538.381676700325,532105
2003-02-12,11538.381676700325,11538.381676700325,11048.924346213586,11111.664139253246,420336
2003-02-13,11111.664139253246,11163.589792257108,11100.870151350457,11133.600821445893,565931
2003-02-14,11133.600821445893,11649.452638424798,11133.600821445893,11538.666638771878,557926
2003-02-17,11538.666638771878,11715.592406978989,11477.378139318795,11631.906981653607,404335
2003-02-18,11631.906981653607,11717.584249911997,11468.1194779052,11607.918534008253,525869
2003-02-19,11607.918534008253,11607.918534008253,11113.926061907907,11187.238448140593,435684
2003-02-20,11187.238448140593,11235.123390347371,11105.18341842198,11148.873149925752,493273
2003-02-21,11148.873149925752,11148.873149925752,10595.074553416845,10730.634521590135,639310
2003-02-24,10730.634521590135,10966.259777715833,10730.634521590135,10930.532847634871,382186
2003-02-25,10930.532847634871,10983.177711114027,10837.998329420368,10842.322314374498,384664
2003-02-26,10842.322314374498,11165.325459513295,10842.322314374498,11147.926272834462,581946
2003-02-27,11147.926272834462,11478.901033606813,11147.926272834462,11446.767250187364,354393
2003-02-28,11446.767250187364,11446.767250187364,10809.818068174562,10830.017459514587,537450
2003-03-03,10830.017459514587,10936.733655741538,10830.017459514587,10893.691528611096,521895
2003-03-04,10893.691528611096,11189.741637482739,10893.691528611096,11033.302237208996,441917
2003-03-05,11033.302237208996,11148.428238156312,11033.302237208996,11119.676166628791,455519
2003-03-06,11119.676166628791,11399.703104881775,11119.676166628791,11304.402807029743,463955
2003-03-07,11304.402807029743,11670.575858097951,11304.402807029743,11567.02972550429,451792
2003-03-10,11567.02972550429,11859.581926290222,11567.02972550429,11786.76617544324,664987
2003-03-11,11786.76617544324,11894.986515926143,11702.1443363858,11826.206573124477,433085
2003-03-12,11826.206573124477,11826.206573124477,11522.271786412273,11660.900621311186,544065
2003-03-13,11660.900621311186,11660.900621311186,11278.598644138796,11428.371926486045,649535
2003-03-14,11428.371926486045,11428.371926486045,11159.275549926175,11263.650533392143,517883
2003-03-17,11263.650533392143,11323.711376059286,11231.464455703905,11298.899856665863,423545
2003-03-18,11298.899856665863,11298.899856665863,11176.274531459989,11210.587124272193,463823
2003-03-19,11210.587124272193,11437.994578028287,11179.838819548204,11333.506186049302,454369
2003-03-20,11333.506186049302,11989.394212381592,11333.506186049302,11925.721930436463,476600
2003-03-21,11925.721930436463,11925.721930436463,11456.955378275925,11482.997535265937,522909
2003-03-24,11482.997535265937,11482.997535265937,11189.402309310082,11234.497060190455,427994
2003-03-25,11234.497060190455,12037.506349476635,11234.497060190455,11880.618325461584,464788
2003-03-26,11880.618325461584,11880.618325461584,11579.511616375903,11696.350454938665,533979
2003-03-27,11696.350454938665,12008.383947439317,11696.350454938665,11907.328733566575,514817
2003-03-28,11907.328733566575,12165.676387183741,11907.328733566575,12031.841208559768,507770
2003-03-31,12031.841208559768,12104.855893325006,11960.26610438593,12064.385300791837,390293
2003-04-01,12064.385300791837,12064.385300791837,11489.864261711411,11576.597147651748,555112
2003-04-02,11576.597147651748,11576.597147651748,11333.399708011817,11394.334510782233,498312
2003-04-03,11394.334510782233,11394.334510782233,11162.494053255878,11329.161537475962,537087
2003-04-04,11329.161537475962,11329.161537475962,11114.715373932644,11199.215542062731,427296
2003-04-07,11199.215542062731,11199.215542062731,10715.866940041338,10831.182136422083,482333
2003-04-08,10831.182136422083,11499.896916259844,10831.182136422083,11458.376022789133,579999
2003-04-09,11458.376022789133,11974.82448147195,11458.376022789133,11950.317649149507,492804
2003-04-10,11950.317649149507,12320.210612764062,11950.317649149507,12262.735376808681,380394
2003-04-11,12262.735376808681,12262.735376808681,11939.435548904692,12024.578050245293,473379
2003-04-14,12024.578050245293,12024.578050245293,11756.860835873871,11933.493049813193,415270
2003-04-15,11933.493049813193,12523.3909475311,11933.493049813193,12435.16938455002,611139
2003-04-16,12435.16938455002,12435.16938455002,11743.468242629904,11828.57828917389,594025
2003-04-17,11828.57828917389,11916.363568128923,11756.570322118043,11774.352786736872,409849
2003-04-18,11774.352786736872,11774.352786736872,11563.194221253156,11584.912088844529,521027
2003-04-21,11584.912088844529,11586.49552189585,11521.763857212996,11540.868085746763,492658
2003-04-22,11540.868085746763,11540.868085746763,11284.33158690842,11343.019795665125,399855
2003-04-23,11343.019795665125,11456.467695524429,11279.00918573426,11386.777217467825,464971
2003-04-24,11386.777217467825,11386.777217467825,11243.953248041253,11263.354449061993,358065
2003-04-25,11263.354449061993,11263.354449061993,11011.426049232654,11101.341721188175,574210
2003-04-28,11101.341721188175,11388.7551096966,11096.802175870818,11230.416124268084,556442
2003-04-29,11230.416124268084,11874.332298028985,11230.416124268084,11855.588137550865,682442
2003-04-30,11855.588137550865,11855.588137550865,11572.223580233825,11691.523324784312,512130
2003-05-01,11691.523324784312,11691.523324784312,10938.615269304493,11001.082531478445,440810
2003-05-02,11001.082531478445,11001.082531478445,10718.446100138352,10871.302390730487,384994
2003-05-05,10871.302390730487,10871.302390730487,10660.965021225433,10685.704284824247,567518
2003-05-06,10685.704284824247,10797.337464869242,10665.553157544522,10771.424399634816,472285
2003-05-07,10771.424399634816,10771.424399634816,10703.141572785811,10743.80887788688,419251
2003-05-08,10743.80887788688,11285.674702323904,10743.80887788688,11249.909971881498,489579
2003-05-09,11249.909971881498,11627.215120297384,11249.909971881498,11519.384976215493,471197
2003-05-12,11519.384976215493,11969.069982510753,11519.384976215493,11853.979021565185,548856
2003-05-13,11853.979021565185,11853.979021565185,11248.93567640529,11394.531012833657,462492
2003-05-14,11394.531012833657,11803.99685770152,11394.531012833657,11696.777857142532,500414
2003-05-15,11696.777857142532,11732.535827995654,11409.26288429766,11571.41001653797,360809
2003-05-16,11571.41001653797,11571.41001653797,11052.759399114295,11088.112258623394,592357
2003-05-19,11088.112258623394,11088.112258623394,10726.565389442083,10882.575684435085,401335
2003-05-20,10882.575684435085,10882.575684435085,10587.692439628425,10664.642807506025,550380
2003-05-21,10664.642807506025,10664.642807506025,10420.10873919911,10470.499700932718,545506
2003-05-22,10470.499700932718,10470.499700932718,10235.415728132806,10250.43671820554,484410
2003-05-23,10250.43671820554,10250.43671820554,10092.11596394551,10222.301372628444,559434
2003-05-26,10222.301372628444,10222.301372628444,9447.444828962347,9557.943026282677,542609
2003-05-27,9557.943026282677,9557.943026282677,9450.352295400296,9473.464467841466,559596
2003-05-28,9473.464467841466,9473.464467841466,8864.88328114205,8975.899493491817,588885
2003-05-29,8975.899493491817,8975.899493491817,8607.119992589483,8721.85534894827,472304
2003-05-30,8721.85534894827,8936.47461432268,8721.85534894827,8836.246666693629,563126
2003-06-02,8836.246666693629,9062.476560878535,8836.246666693629,8971.934457613797,568438
2003-06-03,8971.934457613797,9389.480524524768,8971.934457613797,9256.982426104027,443317
2003-06-04,9256.982426104027,9461.859425534138,9256.982426104027,9432.770392633343,423740
2003-06-05,9432.770392633343,9432.770392633343,9397.967444088548,9401.74314885343,544908
2003-06-06,9401.74314885343,9548.01661182968,9401.74314885343,9429.501847619069,450356
2003-06-09,9429.501847619069,9429.501847619069,9130.263233543017,9211.800671639954,512277
2003-06-10,9211.800671639954,9522.685350691916,9211.800671639954,9439.74516459579,431688
2003-06-11,9439.74516459579,9439.74516459579,9161.905962242354,9278.624185417913,517290
2003-06-12,9278.624185417913,9288.290059124469,9101.653265751074,9196.492558500999,612035
2003-06-13,9196.492558500999,9196.492558500999,9030.897346293861,9081.806821574186,558753
2003-06-16,9081.806821574186,9446.440284301083,9081.806821574186,9325.152979006683,467797
2003-06-17,9325.152979006683,9325.152979006683,9232.61713091768,9266.173806971847,559989
2003-06-18,9266.173806971847,9437.126895292558,9232.008919429016,9298.982189308917,467158
2003-06-19,9298.982189308917,9298.982189308917,9018.005826019735,9144.369515735007,366460
2003-06-20,9144.369515735007,9351.44586890071,9130.070299916884,9243.239656464226,520694
2003-06-23,9243.239656464226,9243.239656464226,9149.631557498342,9151.245468534824,435804
2003-06-24,9151.245468534824,9371.344168345728,9151.245468534824,9341.30642963354,398975
2003-06-25,9341.30642963354,9488.616941743476,9341.30642963354,9468.702474384341,455255
2003-06-26,9468.702474384341,9715.160061355518,9468.702474384341,9655.05583594711,415908
2003-06-27,9655.05583594711,10043.326899533786,9655.05583594711,9955.085857363385,510177
2003-06-30,9955.085857363385,10260.565645119177,9955.085857363385,10128.987695327804,351780
2003-07-01,10128.987695327804,10255.779503215548,10128.987695327804,10224.225248074985,517518
2003-07-02,10224.225248074985,10224.225248074985,9877.641542426385,9936.078749648725,549317
2003-07-03,9936.078749648725,10225.913627005248,9936.078749648725,10215.7801646496,604707
2003-07-04,10215.7801646496,10215.7801646496,9639.674925306117,9777.23211770463,545066
2003-07-07,9777.23211770463,9777.23211770463,9361.42602488177,9463.703639200176,587449
2003-07-08,9463.703639200176,9605.22184585592,9428.466658084912,9503.479187281278,429943
2003-07-09,9503.479187281278,9513.864281161306,9329.860512278643,9469.422223930178,443304
2003-07-10,9469.422223930178,9469.422223930178,9264.575096175313,9345.770290954757,294377
2003-07-11,9345.770290954757,9345.770290954757,9016.618606514372,9111.304561038429,585903
2003-07-14,9111.304561038429,9326.097264110374,9111.304561038429,9190.401900494186,520928
2003-07-15,9190.401900494186,9190.401900494186,9028.276991314637,9083.081025112591,245739
2003-07-16,9083.081025112591,9477.13903726857,9083.081025112591,9351.63657584358,405131
2003-07-17,9351.63657584358,9351.63657584358,8681.252066672123,8704.792440732841,439730
2003-07-18,8704.792440732841,8779.400737279966,8597.97445654253,8720.203458265876,408686
2003-07-21,8720.203458265876,8772.303510914237,8615.700375743556,8701.386693057659,432930
2003-07-22,8701.386693057659,8701.386693057659,8441.868798149915,8526.384121119088,493393
2003-07-23,8526.384121119088,8776.576220013456,8526.384121119088,8766.36861475836,450780
2003-07-24,8766.36861475836,9169.648853521421,8766.36861475836,9058.198673554245,565696
2003-07-25,9058.198673554245,9119.057037523886,9058.198673554245,9089.915997260956,596802
2003-07-28,9089.915997260956,9197.364246347694,9025.91620213268,9111.575658867887,573440
2003-07-29,9111.575658867887,9447.678884237854,9111.575658867887,9365.656655001192,603621
2003-07-30,9365.656655001192,9365.656655001192,9005.741388895602,9112.890973007008,535206
2003-07-31,9112.890973007008,10155.109814364312,9112.890973007008,10061.674884012795,431200
2003-08-01,10061.674884012795,10457.866437986457,10061.674884012795,10403.37936391321,526505
2003-08-04,10403.37936391321,10403.37936391321,10137.18141359383,10252.798786542047,501698
2003-08-05,10252.798786542047,10540.24337832139,10252.798786542047,10388.487768593153,459895
2003-08-06,10388.487768593153,10389.872169055596,10187.699753521458,10255.151877133865,359045
2003-08-07,10255.151877133865,10255.151877133865,10000.606911537008,10002.789337346883,583420
2003-08-08,10002.789337346883,10261.214840860635,10002.789337346883,10168.814705669245,541489
2003-08-11,10168.814705669245,10168.814705669245,9865.27228608779,9966.187656537875,502225
2003-08-12,9966.187656537875,10045.105798985378,9952.195689901326,9958.257419348218,464229
2003-08-13,9958.257419348218,10147.160515140718,9958.257419348218,10047.594882644282,430224
2003-08-14,10047.594882644282,10199.90883856397,10047.594882644282,10192.461142552926,310977
2003-08-15,10192.461142552926,10279.513568625167,10107.29343398774,10206.14499691317,466048
2003-08-18,10206.14499691317,10206.14499691317,9818.251719269914,9958.330778166044,555498
2003-08-19,9958.330778166044,10093.583733178026,9914.092652192385,10046.352646603562,362698
2003-08-20,10046.352646603562,10149.107949731297,10043.599803630173,10112.338928984207,634637
2003-08-21,10112.338928984207,10112.338928984207,9706.824602722138,9761.177558610354,602655
2003-08-22,9761.177558610354,10073.854643952523,9761.177558610354,9999.534116810202,611914
2003-08-25,9999.534116810202,9999.534116810202,9787.542978113697,9889.153549196797,610461
2003-08-26,9889.153549196797,10381.929855904933,9889.153549196797,10230.313212198962,673817
2003-08-27,10230.313212198962,10230.313212198962,9877.634529196013,9940.591576387365,641363
2003-08-28,9940.591576387365,9940.591576387365,9638.076536274308,9695.04423473911,490011
2003-08-29,9695.04423473911,9695.04423473911,9548.569186037708,9590.574732021258,455338
2003-09-01,9590.574732021258,9590.574732021258,9149.608990133778,9276.139429635878,607599
2003-09-02,9276.139429635878,9538.766461427744,9276.139429635878,9416.231018343444,515063
2003-09-03,9416.231018343444,9838.524305637678,9416.231018343444,9732.158915563416,539881
2003-09-04,9732.158915563416,9879.649074577832,9732.158915563416,9815.13926406027,504662
2003-09-05,9815.13926406027,10426.223765750057,9815.13926406027,10380.99085137574,582378
2003-09-08,10380.99085137574,10691.782663735576,10380.99085137574,10537.665908884162,712272
2003-09-09,10537.665908884162,10866.256911227287,10537.665908884162,10717.128668369312,569716
2003-09-10,10717.128668369312,10858.087662712034,10713.067406853348,10799.530788715585,380883
2003-09-11,10799.530788715585,11252.234123197373,10799.530788715585,11113.819313615444,473086
2003-09-12,11113.819313615444,11113.819313615444,10978.748428893807,11002.538312111195,633252
2003-09-15,11002.538312111195,11002.538312111195,10573.13713302232,10713.673492334552,421239
2003-09-16,10713.673492334552,10737.098920577047,10587.432032010533,10699.943842688512,390093
2003-09-17,10699.943842688512,10811.155161685469,10699.943842688512,10726.651124260934,412792
2003-09-18,10726.651124260934,10726.651124260934,10394.90594520858,10427.316774142515,586512
2003-09-19,10427.316774142515,10862.524249474503,10427.316774142515,10850.494990662386,575881
2003-09-22,10850.494990662386,11090.418823666587,10812.25222891999,10933.690005024977,674020
2003-09-23,10933.690005024977,11351.554992544161,10933.690005024977,11236.402154624739,519213
2003-09-24,11236.402154624739,11236.402154624739,10770.732363154486,10829.034995703842,539381
2003-09-25,10829.034995703842,10829.034995703842,10650.15084649035,10703.707568670941,429352
2003-09-26,10703.707568670941,10703.707568670941,10497.029906442189,10515.452099399372,399387
2003-09-29,10515.452099399372,10515.452099399372,10348.72279895516,10445.33767443458,425993
2003-09-30,10445.33767443458,10525.11092794816,10230.575535283002,10378.7840516935,593801
2003-10-01,10378.7840516935,11141.883777553126,10378.7840516935,10980.530474288973,279994
2003-10-02,10980.530474288973,10980.530474288973,10670.703075249508,10799.0182774752,579935
2003-10-03,10799.0182774752,10799.0182774752,10266.94582007195,10323.551046799499,545362
2003-10-06,10323.551046799499,10323.551046799499,10011.90496971718,10037.451996336433,461844
2003-10-07,10037.451996336433,10559.967652443913,10037.451996336433,10556.2706749432,579669
2003-10-08,10556.2706749432,10788.488774689431,10556.2706749432,10645.83250860626,526792
2003-10-09,10645.83250860626,10645.83250860626,10175.80038000157,10263.491802464941,583255
2003-10-10,10263.491802464941,10263.491802464941,10118.90210875464,10157.3957030657,519762
2003-10-13,10157.3957030657,10417.996270312547,10157.3957030657,10352.596482169096,351751
2003-10-14,10352.596482169096,11097.898842153125,10352.596482169096,10982.143890904641,497013
2003-10-15,10982.143890904641,11190.619022755971,10982.143890904641,11165.803155527217,555421
2003-10-16,11165.803155527217,11425.095894438218,11165.803155527217,11304.9267636117,577438
2003-10-17,11304.9267636117,11637.835027042396,11304.9267636117,11614.608709498436,453693
2003-10-20,11614.608709498436,11863.344453593985,11572.066261109234,11746.568217424396,656231
2003-10-21,11746.568217424396,11966.158636404729,11691.92012921684,11859.433984138504,607788
2003-10-22,11859.433984138504,11965.470853360766,11801.740141408494,11963.03182577751,524327
2003-10-23,11963.03182577751,12672.827873568907,11963.03182577751,12491.414833311894,477381
2003-10-24,12491.414833311894,12707.970761895165,12359.712469047588,12531.872579215136,405297
2003-10-27,12531.872579215136,12531.872579215136,12278.29064189651,12291.228632800832,484745
2003-10-28,12291.228632800832,12440.513890148073,12144.276337070722,12324.94184599738,465943
2003-10-29,12324.94184599738,12324.94184599738,11942.564650112776,12071.291128776613,557225
2003-10-30,12071.291128776613,12071.291128776613,11765.933396194192,11891.901161596992,674886
2003-10-31,11891.901161596992,11891.901161596992,11297.974446420718,11334.136259553663,406439
2003-11-03,11334.136259553663,11334.136259553663,11139.262776929203,11192.747867828757,709289
2003-11-04,11192.747867828757,11379.717511419363,11192.747867828757,11237.901656800399,646531
2003-11-05,11237.901656800399,11237.901656800399,11021.317273190722,11147.803198429172,395746
2003-11-06,11147.803198429172,11156.569837699386,11056.401201939027,11133.017608032489,494025
2003-11-07,11133.017608032489,11510.526439950989,11133.017608032489,11377.947087554636,294994
2003-11-10,11377.947087554636,11377.947087554636,11004.211338146055,11071.050408895582,545251
2003-11-11,11071.050408895582,11071.050408895582,10751.035251703015,10891.752011399474,638499
2003-11-12,10891.752011399474,11439.932301588951,10891.752011399474,11308.838523811703,413379
2003-11-13,11308.838523811703,11308.838523811703,10870.06692143412,11004.899764487292,527618
2003-11-14,11004.899764487292,11279.30357550206,11004.899764487292,11249.547190392592,616670
2003-11-17,11249.547190392592,11397.23136431623,11205.0622181173,11310.085450663204,567089
2003-11-18,11310.085450663204,11310.085450663204,10844.446098624308,10963.658971338396,572169
2003-11-19,10963.658971338396,10963.658971338396,10827.62069646131,10876.422303314437,488741
2003-11-20,10876.422303314437,10876.422303314437,10642.94473653494,10735.904683601117,541447
2003-11-21,10735.904683601117,10735.904683601117,10419.666099417118,10475.74463923017,418972
2003-11-24,10475.74463923017,10475.74463923017,10253.30239772997,10359.774566594453,578699
2003-11-25,10359.774566594453,10359.774566594453,9783.36760687532,9873.717382458284,459598
2003-11-26,9873.717382458284,9945.822099280058,9865.230612384323,9874.445572630302,394061
2003-11-27,9874.445572630302,10158.642896849966,9874.445572630302,10054.628201306701,408138
2003-11-28,10054.628201306701,10054.628201306701,9597.318535869726,9651.012027703873,467154
2003-12-01,9651.012027703873,9651.012027703873,9359.833484878236,9444.666905710072,350603
2003-12-02,9444.666905710072,9509.44726411215,9439.506511854797,9501.529507212119,413802
2003-12-03,9501.529507212119,9630.646938976748,9440.524162186335,9526.160536502557,506568
2003-12-04,9526.160536502557,9526.160536502557,9173.859759900879,9277.292339518448,498955
2003-12-05,9277.292339518448,9277.292339518448,9078.93933009314,9089.54908242337,530993
2003-12-08,9089.54908242337,9089.54908242337,8750.183833369963,8750.440567886926,510979
2003-12-09,8750.440567886926,8996.059404164454,8750.440567886926,8989.712019448652,406570
2003-12-10,8989.712019448652,9066.638145783636,8894.096734667854,9027.199021553384,538964
2003-12-11,9027.199021553384,9394.947413349664,9027.199021553384,9331.590352172456,497248
2003-12-12,9331.590352172456,9331.590352172456,8971.019003344532,8979.09658548677,306437
2003-12-15,8979.09658548677,8979.09658548677,8805.489675105688,8865.740268814694,464360
2003-12-16,8865.740268814694,8865.740268814694,8638.638999891155,8742.882662434093,475035
2003-12-17,8742.882662434093,8742.882662434093,8434.150343984576,8525.627637689518,459178
2003-12-18,8525.627637689518,8525.627637689518,8154.074756541767,8193.493618699105,607571
2003-12-19,8193.493618699105,8193.493618699105,8080.3066404415495,8166.732399139534,393648
2003-12-22,8166.732399139534,8166.732399139534,7798.8900986572025,7825.686031740872,594858
2003-12-23,7825.686031740872,8184.075656610705,7825.686031740872,8125.826498439757,366606
2003-12-24,8125.826498439757,8125.826498439757,7973.162215315517,8094.315719587145,461317
2003-12-25,8094.315719587145,8094.315719587145,7840.6658868128225,7912.02486296236,641050
2003-12-26,7912.02486296236,8047.716945374007,7865.140799433799,7955.253177815495,410563
2003-12-29,7955.253177815495,7955.253177815495,7696.336602164698,7720.523478071892,526977
2003-12-30,7720.523478071892,7720.523478071892,7427.476751685322,7539.108261027078,393232
2003-12-31,7539.108261027078,7657.763191778254,7491.404833591357,7565.225048943527,594262
2004-01-01,7565.225048943527,7565.225048943527,7326.940177443486,7437.954706061071,547653
2004-01-02,7437.954706061071,7577.14170294288,7437.954706061071,7558.682528199787,639886
2004-01-05,7558.682528199787,7558.682528199787,7406.945003620858,7469.87606926005,424746
2004-01-06,7469.87606926005,7469.87606926005,7316.701876899732,7334.446698313685,350429
2004-01-07,7334.446698313685,7334.446698313685,7111.1505635287185,7113.8498964697155,554379
2004-01-08,7113.8498964697155,7192.626558644299,7093.025364984839,7168.29901267378,491153
2004-01-09,7168.29901267378,7501.703791111684,7168.29901267378,7475.772812269298,463255
2004-01-12,7475.772812269298,7475.772812269298,7363.690668365124,7379.250931871126,413857
2004-01-13,7379.250931871126,7379.250931871126,6979.466888100481,7080.266153003393,489683
2004-01-14,7080.266153003393,7263.130516933145,7072.113523596023,7159.496664521207,710031
2004-01-15,7159.496664521207,7179.658521624774,7048.076876311956,7106.412755086959,469365
2004-01-16,7106.412755086959,7106.412755086959,6850.945781942389,6866.3983844846825,482304
2004-01-19,6866.3983844846825,6955.300137007414,6857.244932946046,6891.363039573165,480907
2004-01-20,6891.363039573165,6988.57237192576,6857.418133597081,6898.159743572558,512953
2004-01-21,6898.159743572558,6983.782168574006,6835.159235612844,6916.759280465959,554259
2004-01-22,6916.759280465959,7120.511970986461,6916.759280465959,7027.587072193364,345144
2004-01-23,7027.587072193364,7253.393407018164,7027.587072193364,7165.895569508182,405774
2004-01-26,7165.895569508182,7165.895569508182,6870.758298357399,6936.276354326192,536763
2004-01-27,6936.276354326192,6936.276354326192,6807.03605768464,6826.585916527635,511474
2004-01-28,6826.585916527635,6967.2199037914415,6826.585916527635,6898.621748232831,685721
2004-01-29,6898.621748232831,6898.621748232831,6799.931438966963,6833.993618906411,564680
2004-01-30,6833.993618906411,6833.993618906411,6729.2475035777625,6745.019814279539,509692
2004-02-02,6745.019814279539,6948.185622921535,6745.019814279539,6847.016436495091,593089
2004-02-03,6847.016436495091,6958.046509604163,6805.333273824974,6882.478288833222,352398
2004-02-04,6882.478288833222,6882.478288833222,6670.050176367255,6740.991311989911,600309
2004-02-05,6740.991311989911,6740.991311989911,6614.756234876781,6648.998238537053,614218
2004-02-06,6648.998238537053,6648.998238537053,6317.553218502794,6365.567203022597,625564
2004-02-09,6365.567203022597,6365.567203022597,6200.759657462676,6249.2393274676815,455710
2004-02-10,6249.2393274676815,6293.082697212268,6145.756399916582,6238.205347638267,455927
2004-02-11,6238.205347638267,6367.253138337637,6238.205347638267,6319.3145063206275,506190
2004-02-12,6319.3145063206275,6319.3145063206275,6000.369632995792,6077.9252844509865,519036
2004-02-13,6077.9252844509865,6164.7227560087285,6065.114329275088,6092.168650589157,657997
2004-02-16,6092.168650589157,6117.823084117934,5957.794144989276,6048.328350135668,535762
2004-02-17,6048.328350135668,6059.804615351132,5942.315127719234,6018.135391383293,461643
2004-02-18,6018.135391383293,6175.210218644702,6018.135391383293,6139.68836220361,534365
2004-02-19,6139.68836220361,6139.68836220361,5921.543368360794,5929.774871089723,502577
2004-02-20,5929.774871089723,6107.133989124457,5929.774871089723,6024.509589620061,415263
2004-02-23,6024.509589620061,6024.509589620061,5861.307915130098,5915.770342805965,521995
2004-02-24,5915.770342805965,5915.770342805965,5613.117047717283,5681.54498712631,504769
2004-02-25,5681.54498712631,6069.245930350507,5681.54498712631,5988.501260378957,395270
2004-02-26,5988.501260378957,5988.501260378957,5756.743857466019,5790.508360958608,554832
2004-02-27,5790.508360958608,5822.29861588816,5702.846426693201,5756.666766851701,653788
2004-03-01,5756.666766851701,5756.666766851701,5629.723697088934,5689.029955551957,491248
2004-03-02,5689.029955551957,5829.905306784127,5689.029955551957,5749.916351671561,500539
2004-03-03,5749.916351671561,5830.829573062691,5749.916351671561,5823.652132485116,456397
2004-03-04,5823.652132485116,5832.578367210546,5692.689111782152,5769.2587575597545,489069
2004-03-05,5769.2587575597545,5797.317156279566,5692.920459739121,5759.7361078848335,483967
2004-03-08,5759.7361078848335,5759.7361078848335,5655.0181402867465,5702.130867613618,453068
2004-03-09,5702.130867613618,5901.908813791191,5702.130867613618,5879.717284301729,502867
2004-03-10,5879.717284301729,5883.4185186883515,5871.166397577765,5875.634488259541,560035
2004-03-11,5875.634488259541,5998.165832088578,5875.634488259541,5930.4572339359665,515575
2004-03-12,5930.4572339359665,6139.931685011428,5930.4572339359665,6085.133564298864,527615
2004-03-15,6085.133564298864,6085.133564298864,5960.427207023518,6002.003161288789,612647
2004-03-16,6002.003161288789,6002.003161288789,5917.198663463861,5940.10171140826,562666
2004-03-17,5940.10171140826,6114.966327974816,5940.10171140826,6056.306488959635,518968
2004-03-18,6056.306488959635,6121.119027422435,6056.306488959635,6070.97881359424,610504
2004-03-19,6070.97881359424,6070.97881359424,5917.81036558175,5928.202671173294,495020
2004-03-22,5928.202671173294,6225.637701375113,5928.202671173294,6168.047197192246,590947
2004-03-23,6168.047197192246,6168.047197192246,6042.6504000202085,6124.287527169483,563413
2004-03-24,6124.287527169483,6229.9049550407435,6085.788971953363,6174.581598289192,457224
2004-03-25,6174.581598289192,6389.0441265099425,6174.581598289192,6320.880214416044,446031
2004-03-26,6320.880214416044,6679.32148325128,6320.880214416044,6586.0671329314955,566483
2004-03-29,6586.0671329314955,6586.0671329314955,6361.730554872746,6365.264611847636,440356
2004-03-30,6365.264611847636,6386.548384904078,6365.264611847636,6385.308573473858,351225
2004-03-31,6385.308573473858,6385.308573473858,6128.625709735721,6203.267756420166,438464
2004-04-01,6203.267756420166,6203.267756420166,5937.510780490417,6016.98658368509,648396
2004-04-02,6016.98658368509,6016.98658368509,5902.310503292519,5989.362036613667,324017
2004-04-05,5989.362036613667,6118.549911119059,5989.362036613667,6111.216165295616,600983
2004-04-06,6111.216165295616,6111.216165295616,5864.761406129981,5892.925726536834,484380
2004-04-07,5892.925726536834,5892.925726536834,5559.29051410011,5629.312807948276,582820
2004-04-08,5629.312807948276,5629.312807948276,5581.445126946121,5583.062246421053,449346
2004-04-09,5583.062246421053,5583.062246421053,5424.423155237173,5505.764282982695,566103
2004-04-12,5505.764282982695,5505.764282982695,5301.754245402151,5350.318006246362,537041
2004-04-13,5350.318006246362,5350.318006246362,5158.975389254222,5216.069992987958,399066
2004-04-14,5216.069992987958,5239.61634218442,5152.1457444952175,5170.606736532606,465603
2004-04-15,5170.606736532606,5234.534596339083,5142.617926581907,5204.357464017809,556255
2004-04-16,5204.357464017809,5204.357464017809,5104.636752527119,5163.827379458133,447461
2004-04-19,5163.827379458133,5242.839196910587,5160.186770154045,5231.034755528992,390093
2004-04-20,5231.034755528992,5345.562211491051,5231.034755528992,5326.003214218021,471097
2004-04-21,5326.003214218021,5457.891107299274,5326.003214218021,5425.665089921038,368590
2004-04-22,5425.665089921038,5708.179972725645,5425.665089921038,5663.409759118309,276101
2004-04-23,5663.409759118309,5789.6885821219685,5663.409759118309,5713.572047383263,551506
2004-04-26,5713.572047383263,5785.291708930177,5713.572047383263,5773.179548276901,382644
2004-04-27,5773.179548276901,5981.909365327913,5773.179548276901,5905.48800918557,596118
2004-04-28,5905.48800918557,5905.48800918557,5527.892602685513,5541.257965528213,521069
2004-04-29,5541.257965528213,5541.257965528213,5312.179169553703,5377.740333096727,591045
2004-04-30,5377.740333096727,5648.578861504198,5377.740333096727,5642.1229917289465,605166
2004-05-03,5642.1229917289465,5662.422516203105,5533.110261144916,5615.512765100816,519246
2004-05-04,5615.512765100816,5833.162085193897,5615.512765100816,5831.956745737059,361332
2004-05-05,5831.956745737059,5881.623403163717,5758.354900368602,5811.992789875663,538337
2004-05-06,5811.992789875663,5888.343557617917,5785.921520466576,5860.4996284126655,570187
2004-05-07,5860.4996284126655,5937.691811072982,5860.4996284126655,5933.372388761871,473424
2004-05-10,5933.372388761871,5933.372388761871,5836.282900677425,5870.801842203,520632
2004-05-11,5870.801842203,5870.801842203,5713.4526625827575,5746.589184011779,497940
2004-05-12,5746.589184011779,5794.246051566216,5660.949485721935,5724.251523233369,450806
2004-05-13,5724.251523233369,5724.251523233369,5525.001048252536,5594.453681489542,506749
2004-05-14,5594.453681489542,5594.453681489542,5310.769521380319,5381.038835901845,684036
2004-05-17,5381.038835901845,5390.302583531283,5261.375632301525,5323.1140274983045,560809
2004-05-18,5323.1140274983045,5545.906459419013,5323.1140274983045,5501.45300135921,378018
2004-05-19,5501.45300135921,5702.827661363354,5501.45300135921,5651.671427298709,508284
2004-05-20,5651.671427298709,5651.671427298709,5457.6197951506,5468.7008510902815,591145
2004-05-21,5468.7008510902815,5479.982814789837,5453.983458778612,5477.030620788969,555450
2004-05-24,5477.030620788969,5477.030620788969,5138.07164100733,5170.700841002073,488308
2004-05-25,5170.700841002073,5170.700841002073,4958.471005012248,4994.83119581737,546930
2004-05-26,4994.83119581737,5170.6448093998,4994.83119581737,5141.999127484903,533728
2004-05-27,5141.999127484903,5444.540900441821,5141.999127484903,5368.40729130781,628900
2004-05-28,5368.40729130781,5368.40729130781,5079.490159479237,5115.045022949066,598551
2004-05-31,5115.045022949066,5199.299169240462,5115.045022949066,5184.117960193593,471948
2004-06-01,5184.117960193593,5236.5094240900125,5175.934902885544,5222.999336635753,467906
2004-06-02,5222.999336635753,5222.999336635753,5096.582467909091,5142.305645190972,560823
2004-06-03,5142.305645190972,5278.9037467291455,5142.305645190972,5201.274952583979,475784
2004-06-04,5201.274952583979,5201.274952583979,5075.204453444624,5097.821408185001,474144
2004-06-07,5097.821408185001,5097.821408185001,4845.379085064891,4900.181522143341,488808
2004-06-08,4900.181522143341,4900.181522143341,4774.888131300197,4834.466950238091,455674
2004-06-09,4834.466950238091,4923.598434575709,4834.466950238091,4895.783355129945,536136
2004-06-10,4895.783355129945,4961.758856372407,4895.783355129945,4926.694005266131,503529
2004-06-11,4926.694005266131,5146.216111025484,4926.694005266131,5084.872640648746,510991
2004-06-14,5084.872640648746,5084.872640648746,4928.662256196318,4956.182903587091,335567
2004-06-15,4956.182903587091,4986.101494774646,4913.124962634648,4964.571155747481,448503
2004-06-16,4964.571155747481,4964.571155747481,4673.691990215702,4737.084420954491,522163
2004-06-17,4737.084420954491,4837.784665042302,4737.084420954491,4801.650078881001,319692
2004-06-18,4801.650078881001,5016.982399716041,4801.650078881001,4946.185533386783,540526
2004-06-21,4946.185533386783,4946.185533386783,4820.142819525429,4855.412801759835,553536
2004-06-22,4855.412801759835,4855.412801759835,4733.215346470642,4791.361037085693,417211
2004-06-23,4791.361037085693,4791.361037085693,4614.437503990458,4682.742066054816,652646
2004-06-24,4682.742066054816,4682.742066054816,4595.08619069824,4613.74247938347,673339
2004-06-25,4613.74247938347,4619.384004160377,4571.727050168025,4595.159549906323,379435
2004-06-28,4595.159549906323,4595.159549906323,4443.962256009584,4447.338266030932,497110
2004-06-29,4447.338266030932,4475.823850387416,4381.700750475467,4424.031205306007,542641
2004-06-30,4424.031205306007,4574.919559753051,4424.031205306007,4512.895298254782,584116
2004-07-01,4512.895298254782,4512.895298254782,4197.183789500892,4200.205212344052,428017
2004-07-02,4200.205212344052,4200.205212344052,4057.2973467263782,4080.2092281397386,573817
2004-07-05,4080.2092281397386,4271.4364609230115,4080.2092281397386,4227.533722933026,633176
2004-07-06,4227.533722933026,4369.098583750835,4227.533722933026,4319.74804253203,529070
2004-07-07,4319.74804253203,4445.583976929333,4319.74804253203,4428.683858942718,447193
2004-07-08,4428.683858942718,4428.683858942718,4348.980121068928,4368.6272611384775,503125
2004-07-09,4368.6272611384775,4368.6272611384775,4307.337328460837,4319.576074202693,344967
2004-07-12,4319.576074202693,4410.086569407856,4317.528361187428,4350.878988179982,385988
2004-07-13,4350.878988179982,4484.290236928939,4350.878988179982,4457.362393802992,401898
2004-07-14,4457.362393802992,4457.362393802992,4263.182355119159,4304.873870260179,510554
2004-07-15,4304.873870260179,4492.255691865469,4304.873870260179,4430.9201232943105,484362
2004-07-16,4430.9201232943105,4430.9201232943105,4338.422265153868,4392.455560719179,478612
2004-07-19,4392.455560719179,4392.455560719179,4194.067201022778,4200.309932374248,539883
2004-07-20,4200.309932374248,4267.155885846442,4200.309932374248,4220.544723250171,477854
2004-07-21,4220.544723250171,4220.544723250171,4131.143919807846,4134.920480661921,607727
2004-07-22,4134.920480661921,4235.332770700501,4134.920480661921,4198.089303653587,576109
2004-07-23,4198.089303653587,4198.089303653587,4125.38402697848,4168.612702188563,584366
2004-07-26,4168.612702188563,4217.8030576215915,4159.383314305691,4164.899066281742,524616
2004-07-27,4164.899066281742,4220.467731128406,4134.250535522392,4184.802530304383,340825
2004-07-28,4184.802530304383,4254.8097261731255,4164.608529717559,4218.16199972769,392302
2004-07-29,4218.16199972769,4249.41305690531,4142.247173372594,4194.187912883748,586105
2004-07-30,4194.187912883748,4248.819319888986,4191.327302687043,4234.798507150534,522554
2004-08-02,4234.798507150534,4274.437280180503,4198.5843608402365,4212.8685302152235,416835
2004-08-03,4212.8685302152235,4212.8685302152235,4046.2505754799845,4080.2364341733837,579631
2004-08-04,4080.2364341733837,4182.703044385904,4080.2364341733837,4144.221791429156,353328
2004-08-05,4144.221791429156,4144.221791429156,4071.501174792984,4103.62662943446,504690
2004-08-06,4103.62662943446,4225.932131815838,4103.62662943446,4168.5718757906225,519743
2004-08-09,4168.5718757906225,4245.829345592104,4136.757903873812,4195.7205152042525,586021
2004-08-10,4195.7205152042525,4200.982496083216,4106.19972166332,4159.386761671715,553640
2004-08-11,4159.386761671715,4332.089672839899,4159.386761671715,4275.008546644296,598346
2004-08-12,4275.008546644296,4289.23225726914,4224.902681134671,4261.180076954176,568032
2004-08-13,4261.180076954176,4261.180076954176,4107.478750333079,4166.519368877387,495981
2004-08-16,4166.519368877387,4166.519368877387,3900.595698313145,3920.496730699247,354098
2004-08-17,3920.496730699247,4029.855154700579,3920.496730699247,4011.9889483723814,494225
2004-08-18,4011.9889483723814,4128.006641843126,4011.9889483723814,4092.2371448986846,325434
2004-08-19,4092.2371448986846,4228.015180298071,4092.2371448986846,4204.440806721509,462322
2004-08-20,4204.440806721509,4404.7628049829555,4204.440806721509,4392.61140816438,566163
2004-08-23,4392.61140816438,4474.441490105823,4392.61140816438,4423.686065960781,546074
2004-08-24,4423.686065960781,4678.994349486114,4423.686065960781,4640.030285792399,384892
2004-08-25,4640.030285792399,4792.825684366551,4640.030285792399,4783.054403244105,496462
2004-08-26,4783.054403244105,4783.054403244105,4454.381560651276,4483.008391604628,516155
2004-08-27,4483.008391604628,4590.950295984947,4483.008391604628,4589.291722946758,502901
2004-08-30,4589.291722946758,4643.181999877506,4589.291722946758,4617.759604397957,592260
2004-08-31,4617.759604397957,4617.759604397957,4491.919058201432,4550.59804712247,508709
2004-09-01,4550.59804712247,4550.59804712247,4414.751385465117,4474.558809243419,424628
2004-09-02,4474.558809243419,4696.226139282814,4474.558809243419,4637.003627961355,481822
2004-09-03,4637.003627961355,4637.003627961355,4529.315589212053,4596.291197382705,468454
2004-09-06,4596.291197382705,4697.651138367353,4596.291197382705,4671.930360942951,378836
2004-09-07,4671.930360942951,4751.304704803047,4662.338542755622,4726.5681620797395,490389
2004-09-08,4726.5681620797395,4726.5681620797395,4551.7214097530605,4558.768532833713,572740
2004-09-09,4558.768532833713,4729.726195761409,4558.768532833713,4677.556685696022,474565
2004-09-10,4677.556685696022,4677.556685696022,4492.987711641479,4531.603630616829,545164
2004-09-13,4531.603630616829,4588.896312555279,4520.952468125975,4541.985778382476,441934
2004-09-14,4541.985778382476,4541.985778382476,4359.0533449523755,4363.772558014762,474923
2004-09-15,4363.772558014762,4390.895826198713,4358.109660463125,4376.987658874306,587483
2004-09-16,4376.987658874306,4460.513320251551,4370.212843825502,4420.911032582206,540085
2004-09-17,4420.911032582206,4647.172033928881,4420.911032582206,4647.138237502536,446857
2004-09-20,4647.138237502536,4750.2958720796,4647.138237502536,4734.808663139854,358691
2004-09-21,4734.808663139854,4928.80728653253,4734.808663139854,4880.216274456013,478924
2004-09-22,4880.216274456013,4928.474029018926,4859.181017443615,4902.7192487688035,484114
2004-09-23,4902.7192487688035,5163.47442066202,4902.7192487688035,5144.357290435677,402779
2004-09-24,5144.357290435677,5185.459785400322,5071.681239109702,5142.946402699249,505526
2004-09-27,5142.946402699249,5250.772878527956,5104.642545036795,5177.561289056812,490410
2004-09-28,5177.561289056812,5461.655688219653,5177.561289056812,5390.088260749362,376172
2004-09-29,5390.088260749362,5390.088260749362,5325.809002318052,5334.120143645865,493205
2004-09-30,5334.120143645865,5334.120143645865,5067.074245382157,5079.980236389132,553024
2004-10-01,5079.980236389132,5174.611398652809,5079.980236389132,5163.893620208522,386557
2004-10-04,5163.893620208522,5335.0955897795175,5163.893620208522,5269.135034783215,456748
2004-10-05,5269.135034783215,5558.375071577504,5269.135034783215,5479.369503258356,563892
2004-10-06,5479.369503258356,5813.127614068274,5479.369503258356,5788.734263903432,443342
2004-10-07,5788.734263903432,5938.223674455862,5788.734263903432,5924.458316030851,467579
2004-10-08,5924.458316030851,5924.458316030851,5720.030332150225,5753.34406915639,505054
2004-10-11,5753.34406915639,5810.422806317079,5753.34406915639,5805.394974748356,536195
2004-10-12,5805.394974748356,6030.97615650502,5805.394974748356,5944.525485029645,504396
2004-10-13,5944.525485029645,6091.153498096879,5944.525485029645,6018.967670442553,330643
2004-10-14,6018.967670442553,6102.122267086172,5993.388043028558,6032.756554650928,643684
2004-10-15,6032.756554650928,6312.6070068036815,6032.756554650928,6285.791573158921,544811
2004-10-18,6285.791573158921,6285.791573158921,6175.745791586693,6260.714844167922,493069
2004-10-19,6260.714844167922,6260.714844167922,5944.15391036962,6024.275395772305,500364
2004-10-20,6024.275395772305,6038.218743256304,5926.625721474644,5985.347415916144,491912
2004-10-21,5985.347415916144,5985.347415916144,5815.606285655328,5834.1841095908785,516907
2004-10-22,5834.1841095908785,5834.1841095908785,5716.405399926085,5733.98263926059,405655
2004-10-25,5733.98263926059,6111.714373821714,5733.98263926059,6055.271611367279,423769
2004-10-26,6055.271611367279,6074.668859253757,5980.536772924065,5986.019932339702,484060
2004-10-27,5986.019932339702,5986.019932339702,5784.015182703991,5786.315587437732,593894
2004-10-28,5786.315587437732,5952.920896210211,5786.315587437732,5902.972896653296,523185
2004-10-29,5902.972896653296,6053.583903039283,5902.972896653296,6026.257552102758,581179
2004-11-01,6026.257552102758,6026.257552102758,5911.029000421531,5925.611864803336,500119
2004-11-02,5925.611864803336,5925.611864803336,5661.551642843549,5713.489951848071,373239
2004-11-03,5713.489951848071,5754.422671051779,5700.371480949687,5712.648509716343,450213
2004-11-04,5712.648509716343,5712.648509716343,5367.9455655842075,5405.2938271061485,365060
2004-11-05,5405.2938271061485,5493.321022816958,5370.115266642691,5450.324569250076,589600
2004-11-08,5450.324569250076,5450.324569250076,5219.09513124935,5261.491475618601,570835
2004-11-09,5261.491475618601,5295.077841464909,5261.491475618601,5294.228520135512,521130
2004-11-10,5294.228520135512,5426.578954529159,5294.228520135512,5387.017457364873,523202
2004-11-11,5387.017457364873,5387.017457364873,5262.776970913624,5316.194557450785,475775
2004-11-12,5316.194557450785,5316.194557450785,4941.379379311639,4964.597550905998,589567
2004-11-15,4964.597550905998,5015.758465278904,4964.597550905998,4993.132137822375,643907
2004-11-16,4993.132137822375,5035.958934676643,4993.132137822375,5025.467995101366,491029
2004-11-17,5025.467995101366,5076.979985354055,4979.231726951344,5013.842896893639,459117
2004-11-18,5013.842896893639,5091.608307499185,4974.593312829783,5020.662765407099,394592
2004-11-19,5020.662765407099,5020.662765407099,4727.382446786119,4786.015118069729,441927
2004-11-22,4786.015118069729,5085.595830828176,4786.015118069729,5041.625040559835,521993
2004-11-23,5041.625040559835,5059.616060314541,4983.1955513369585,5006.178224563471,378734
2004-11-24,5006.178224563471,5006.178224563471,4779.548032226269,4845.425732371739,455582
2004-11-25,4845.425732371739,4942.858952440408,4845.425732371739,4888.193544574547,534128
2004-11-26,4888.193544574547,4888.193544574547,4814.874788346341,4878.83882426522,562643
2004-11-29,4878.83882426522,5116.416817440922,4878.83882426522,5051.872483820078,547495
2004-11-30,5051.872483820078,5086.852751001809,5046.7913858155825,5084.247715196158,468666
2004-12-01,5084.247715196158,5084.247715196158,5037.630481661557,5053.563106778141,440157
2004-12-02,5053.563106778141,5053.563106778141,4926.672260510729,4988.177010342082,534640
2004-12-03,4988.177010342082,4988.177010342082,4862.382859366898,4896.180767741929,499242
2004-12-06,4896.180767741929,4896.180767741929,4817.78243390109,4836.083026458855,520967
2004-12-07,4836.083026458855,5017.882439590748,4836.083026458855,4969.766531347178,505701
2004-12-08,4969.766531347178,5196.892480677439,4969.766531347178,5134.616438296654,301338
2004-12-09,5134.616438296654,5381.155280292611,5134.616438296654,5323.779734797204,510648
2004-12-10,5323.779734797204,5375.839332591736,5300.669149161421,5375.720819216939,469456
2004-12-13,5375.720819216939,5388.067819210535,5316.774684854902,5358.496827909748,442770
2004-12-14,5358.496827909748,5618.614736866325,5358.496827909748,5581.5400800146845,616413
2004-12-15,5581.5400800146845,5652.519749988839,5563.135689116414,5637.584103569478,494765
2004-12-16,5637.584103569478,5786.789245129826,5637.584103569478,5748.930904451098,444606
2004-12-17,5748.930904451098,6013.291352877851,5748.930904451098,5927.138498628303,513154
2004-12-20,5927.138498628303,6042.815650664689,5927.138498628303,5956.476542030995,484162
2004-12-21,5956.476542030995,5956.476542030995,5759.771885686148,5846.85974383875,572471
2004-12-22,5846.85974383875,5905.033270491419,5828.09115624949,5837.574989023958,501543
2004-12-23,5837.574989023958,6065.9922908055505,5837.574989023958,6063.846846542297,406222
2004-12-24,6063.846846542297,6418.50592228208,6063.846846542297,6354.79482422795,492722
2004-12-27,6354.79482422795,6354.79482422795,6114.919306473377,6176.459346593257,547695
2004-12-28,6176.459346593257,6176.459346593257,5802.355002161192,5861.253982758017,524668
2004-12-29,5861.253982758017,5861.253982758017,5797.2551524841865,5813.166195925557,525907
2004-12-30,5813.166195925557,6126.525475821177,5813.166195925557,6073.387735636835,544927
2004-12-31,6073.387735636835,6340.286961563134,6073.387735636835,6303.787972833222,537548
2005-01-03,6303.787972833222,6372.5785731564,6263.833816041845,6296.634468589568,570091
2005-01-04,6296.634468589568,6296.634468589568,6151.264264753667,6167.245510976181,551570
2005-01-05,6167.245510976181,6475.562546270058,6167.245510976181,6450.684746535249,539474
2005-01-06,6450.684746535249,6450.684746535249,6341.3746914589055,6352.091939494606,455409
2005-01-07,6352.091939494606,6555.48964671952,6352.091939494606,6481.452288298639,493871
2005-01-10,6481.452288298639,6494.94884692145,6349.789076451825,6399.52825591076,419633
2005-01-11,6399.52825591076,6502.261832583553,6399.52825591076,6490.495858189005,389848
2005-01-12,6490.495858189005,6490.495858189005,6363.322794284898,6364.1882969950675,584053
2005-01-13,6364.1882969950675,6490.4603192127615,6364.1882969950675,6438.7833760508765,359731
2005-01-14,6438.7833760508765,6560.167562913046,6438.7833760508765,6500.690923441095,463520
2005-01-17,6500.690923441095,6580.3081965622505,6500.690923441095,6570.70923832918,583606
2005-01-18,6570.70923832918,6738.035352081401,6570.70923832918,6646.801172071518,661493
2005-01-19,6646.801172071518,6646.801172071518,6538.098200307035,6584.268661578163,540537
2005-01-20,6584.268661578163,6584.268661578163,6292.37697079035,6366.61462414462,462430
2005-01-21,6366.61462414462,6563.184467556794,6366.61462414462,6496.837158833745,362763
2005-01-24,6496.837158833745,6707.523039049645,6496.837158833745,6617.239954253378,525650
2005-01-25,6617.239954253378,6862.13849650052,6617.239954253378,6858.6445985771625,421884
2005-01-26,6858.6445985771625,6931.241553175906,6773.721539845462,6829.793950340961,483195
2005-01-27,6829.793950340961,6941.058685066293,6793.142857062262,6877.231707655293,460386
2005-01-28,6877.231707655293,7071.076352637667,6877.231707655293,7005.097115437328,460422
2005-01-31,7005.097115437328,7005.097115437328,6856.458803661519,6928.137039183813,599979
2005-02-01,6928.137039183813,7299.772301812936,6928.137039183813,7208.850677597404,436615
2005-02-02,7208.850677597404,7208.850677597404,6911.207250635038,6973.200649716016,413033
2005-02-03,6973.200649716016,6973.200649716016,6867.334330856573,6926.695091721991,397208
2005-02-04,6926.695091721991,7048.036441129506,6926.695091721991,7043.539702266209,559608
2005-02-07,7043.539702266209,7424.131275808339,7043.539702266209,7316.9233192022175,543691
2005-02-08,7316.9233192022175,7316.9233192022175,7169.340346357326,7170.880746701144,553688
2005-02-09,7170.880746701144,7312.737137620728,7138.89288354756,7210.519789203334,640822
2005-02-10,7210.519789203334,7457.848952773784,7210.519789203334,7412.898063762262,384264
2005-02-11,7412.898063762262,7722.049170006816,7412.898063762262,7720.185461622091,469494
2005-02-14,7720.185461622091,7871.785172674912,7707.774183305472,7822.225681804533,559027
2005-02-15,7822.225681804533,7890.539584972766,7773.049177657626,7862.484561664659,551438
2005-02-16,7862.484561664659,7862.484561664659,7642.862046646478,7673.183250975836,515068
2005-02-17,7673.183250975836,7918.694097224323,7673.183250975836,7898.100113710064,494869
2005-02-18,7898.100113710064,7962.308229814402,7837.8838389434995,7915.770618788707,395954
2005-02-21,7915.770618788707,8453.312819435743,7915.770618788707,8376.073963367866,554809
2005-02-22,8376.073963367866,8376.073963367866,8083.671710421508,8157.000400914027,468840
2005-02-23,8157.000400914027,8546.78304172189,8157.000400914027,8478.51572369631,570913
2005-02-24,8478.51572369631,8478.51572369631,8233.077363813909,8237.090724807967,541767
2005-02-25,8237.090724807967,8430.58728887002,8237.090724807967,8339.26556411507,762417
2005-02-28,8339.26556411507,8363.339074445323,8231.965683757358,8240.771928294434,500210
2005-03-01,8240.771928294434,8446.226087633004,8240.771928294434,8402.977816502513,440986
2005-03-02,8402.977816502513,8464.964187670108,8311.306754371884,8425.983862380952,474010
2005-03-03,8425.983862380952,8867.752204119255,8425.983862380952,8861.775245766352,481105
2005-03-04,8861.775245766352,8861.775245766352,8472.164245318208,8534.883785946928,434029
2005-03-07,8534.883785946928,8534.883785946928,8449.79162013423,8492.4788323078,477394
2005-03-08,8492.4788323078,8833.574552369364,8492.4788323078,8754.015997015706,532865
2005-03-09,8754.015997015706,8848.907095972672,8628.559062767712,8759.140627947614,609430
2005-03-10,8759.140627947614,8759.140627947614,8524.025270387265,8579.109662099241,567858
2005-03-11,8579.109662099241,8579.109662099241,8395.690550950061,8468.32040847878,680701
2005-03-14,8468.32040847878,8495.675498019342,8393.763277766224,8470.59886005685,466305
2005-03-15,8470.59886005685,8470.59886005685,8355.470518376726,8387.97318058602,432293
2005-03-16,8387.97318058602,8566.20449732106,8387.97318058602,8541.743942675274,463834
2005-03-17,8541.743942675274,8541.743942675274,8457.651315610527,8518.618623026856,460232
2005-03-18,8518.618623026856,8532.916332563296,8342.80562438121,8416.113351619546,561452
2005-03-21,8416.113351619546,8416.113351619546,8027.567648877049,8080.988553634843,497728
2005-03-22,8080.988553634843,8080.988553634843,7921.704131265771,7970.923851955574,451013
2005-03-23,7970.923851955574,7970.923851955574,7615.766502292796,7643.163470814757,449970
2005-03-24,7643.163470814757,7718.642605371879,7643.163470814757,7667.901517399705,592050
2005-03-25,7667.901517399705,7971.3520998032445,7667.901517399705,7926.588310942487,519229
2005-03-28,7926.588310942487,7926.588310942487,7704.859230264025,7754.991928962558,591478
2005-03-29,7754.991928962558,7754.991928962558,7449.89400393767,7533.952049886558,592120
2005-03-30,7533.952049886558,7533.952049886558,7315.353326731118,7395.8506073350645,527323
2005-03-31,7395.8506073350645,7395.8506073350645,7204.43923982293,7237.065984682108,571713
2005-04-01,7237.065984682108,7237.065984682108,7024.767380784642,7126.806795873767,545567
2005-04-04,7126.806795873767,7126.806795873767,6684.651713342717,6692.117398290309,368469
2005-04-05,6692.117398290309,6728.6293248230695,6641.342865661229,6652.609158012027,497620
2005-04-06,6652.609158012027,6693.898003137127,6652.609158012027,6660.768358485602,529380
2005-04-07,6660.768358485602,6660.768358485602,6491.709280158348,6551.28858864308,690385
2005-04-08,6551.28858864308,6898.419342685802,6551.28858864308,6800.711426577597,503717
2005-04-11,6800.711426577597,7011.852182933279,6800.711426577597,6934.166021589718,395617
2005-04-12,6934.166021589718,7008.378174902385,6926.87171648732,6928.024990857044,448127
2005-04-13,6928.024990857044,7143.01689020935,6928.024990857044,7099.050587875832,539090
2005-04-14,7099.050587875832,7315.972749402215,7099.050587875832,7238.6374651325605,489432
2005-04-15,7238.6374651325605,7275.794365507654,7162.54568841936,7176.573430508182,392633
2005-04-18,7176.573430508182,7353.391249715874,7150.928296332115,7256.483989151775,566135
2005-04-19,7256.483989151775,7501.196993528514,7256.483989151775,7440.878421440914,437809
2005-04-20,7440.878421440914,7440.878421440914,7198.360850947998,7200.9641254973385,605683
2005-04-21,7200.9641254973385,7200.9641254973385,6937.026080157171,7032.574778339621,479726
2005-04-22,7032.574778339621,7091.031622155354,6955.7782785764475,7033.823267326919,480055
2005-04-25,7033.823267326919,7033.823267326919,6903.179293250603,6997.01312343444,550948
2005-04-26,6997.01312343444,6997.01312343444,6848.967756600286,6911.785714333586,480553
2005-04-27,6911.785714333586,6999.447272594166,6880.215345067981,6956.964588759778,536229
2005-04-28,6956.964588759778,7376.690797019995,6956.964588759778,7358.585149886094,540105
2005-04-29,7358.585149886094,7477.328480665805,7358.585149886094,7408.751514045344,471661
2005-05-02,7408.751514045344,7408.751514045344,7205.643883759776,7234.838683048057,597975
2005-05-03,7234.838683048057,7234.838683048057,6926.699998307893,7013.214383233111,391468
2005-05-04,7013.214383233111,7249.167873755144,7013.214383233111,7203.991600272938,452324
2005-05-05,7203.991600272938,7259.92518840149,7092.581764544364,7164.575939473523,451279
2005-05-06,7164.575939473523,7164.575939473523,7081.700099634411,7155.2946278631625,508858
2005-05-09,7155.2946278631625,7405.575675546642,7155.2946278631625,7305.780951264537,405473
2005-05-10,7305.780951264537,7333.057500928833,7201.12293854119,7277.842758256704,510802
2005-05-11,7277.842758256704,7312.517485117467,7243.046380848853,7289.155657418867,457747
2005-05-12,7289.155657418867,7289.155657418867,6958.996809594676,7059.5716498115835,514326
2005-05-13,7059.5716498115835,7059.5716498115835,6866.592950224601,6912.813885239566,541947
2005-05-16,6912.813885239566,6912.813885239566,6822.10612499935,6856.777135799371,476682
2005-05-17,6856.777135799371,6898.9150159006895,6786.840643387309,6873.956024615206,581335
2005-05-18,6873.956024615206,7005.554355823458,6873.956024615206,6935.43299330045,515641
2005-05-19,6935.43299330045,7444.845986038157,6935.43299330045,7359.060513125242,449605
2005-05-20,7359.060513125242,7359.060513125242,7076.817058799713,7180.961480732608,494022
2005-05-23,7180.961480732608,7180.961480732608,6875.57616142371,6957.111145630815,567103
2005-05-24,6957.111145630815,6957.111145630815,6850.910434929495,6881.247732527465,472038
2005-05-25,6881.247732527465,7057.596374605711,6881.247732527465,6981.796999952578,323393
2005-05-26,6981.796999952578,7034.805742573419,6916.926185572563,6948.409509413694,408761
2005-05-27,6948.409509413694,7015.946716810615,6920.806962071646,6962.144127559088,478691
2005-05-30,6962.144127559088,6962.144127559088,6737.809529625592,6753.79524931189,523009
2005-05-31,6753.79524931189,6753.79524931189,6640.164812794016,6689.792208462057,431776
2005-06-01,6689.792208462057,6719.061130864093,6645.069843979672,6666.006923617033,596419
2005-06-02,6666.006923617033,6666.006923617033,6535.76323306033,6579.022645687456,476820
2005-06-03,6579.022645687456,6723.279443825147,6579.022645687456,6707.783773507334,567958
2005-06-06,6707.783773507334,6707.783773507334,6581.389236669569,6601.074770954937,564136
2005-06-07,6601.074770954937,6601.074770954937,6313.362801879275,6397.932770516315,373804
2005-06-08,6397.932770516315,6552.757204420173,6393.9171159803,6469.06926916711,385936
2005-06-09,6469.06926916711,6780.207698340829,6469.06926916711,6721.540596467331,510969
2005-06-10,6721.540596467331,7039.939666084323,6721.540596467331,6972.0282534586,568073
2005-06-13,6972.0282534586,7171.069377066434,6972.0282534586,7132.345602141388,590951
2005-06-14,7132.345602141388,7341.597935473037,7132.345602141388,7309.5301656398515,565586
2005-06-15,7309.5301656398515,7525.64995172912,7309.5301656398515,7464.901608367047,559959
2005-06-16,7464.901608367047,7757.798917856643,7464.901608367047,7726.5099823194005,532614
2005-06-17,7726.5099823194005,7885.688155244773,7661.126524646782,7774.642144756654,351982
2005-06-20,7774.642144756654,7953.331889677005,7748.443898549839,7838.166485263667,423614
2005-06-21,7838.166485263667,7852.190268810889,7708.723500748045,7744.26374109033,472200
2005-06-22,7744.26374109033,7744.26374109033,7253.0130561057595,7316.012690436172,418214
2005-06-23,7316.012690436172,7316.012690436172,7158.847579969334,7252.160419027574,382332
2005-06-24,7252.160419027574,7324.51274008488,7234.793141071575,7238.347379683148,412571
2005-06-27,7238.347379683148,7272.2425588483675,7186.816300840344,7257.401663840873,482555
2005-06-28,7257.401663840873,7308.8915288879,7240.959358051907,7303.371626896926,516045
2005-06-29,7303.371626896926,7303.371626896926,7066.026425962535,7139.003092809129,485913
2005-06-30,7139.003092809129,7197.698960852676,7104.1066118779445,7180.367479375883,520672
2005-07-01,7180.367479375883,7419.639610945376,7180.367479375883,7369.500229574891,418890
2005-07-04,7369.500229574891,7369.500229574891,7208.342726845228,7260.005574568752,491973
2005-07-05,7260.005574568752,7391.696925769914,7260.005574568752,7387.425024749355,561577
2005-07-06,7387.425024749355,7387.425024749355,7187.940860906443,7284.250507280361,541354
2005-07-07,7284.250507280361,7381.7093711758325,7216.67689024291,7314.05819441338,500650
2005-07-08,7314.05819441338,7573.209267578367,7314.05819441338,7503.92191443703,552488
2005-07-11,7503.92191443703,7503.92191443703,7267.020271047587,7372.424212199067,564125
2005-07-12,7372.424212199067,7372.424212199067,7080.261589286778,7184.212335402754,421209
2005-07-13,7184.212335402754,7184.212335402754,6997.77875671721,7101.8811039129705,550198
2005-07-14,7101.8811039129705,7101.8811039129705,7055.001742302845,7069.365980626749,482644
2005-07-15,7069.365980626749,7270.575126349717,7069.365980626749,7177.113100484939,623463
2005-07-18,7177.113100484939,7242.1469249560105,7161.904663213397,7203.269526516453,525555
2005-07-19,7203.269526516453,7211.5243128436905,7093.044096318463,7118.336483010991,575381
2005-07-20,7118.336483010991,7118.336483010991,6858.245369063936,6922.313225313206,635879
2005-07-21,6922.313225313206,6922.313225313206,6788.291861406919,6821.115883982295,433598
2005-07-22,6821.115883982295,6876.646999267153,6781.270345472872,6852.228748322385,453009
2005-07-25,6852.228748322385,6978.214208998486,6852.228748322385,6949.870893747556,471774
2005-07-26,6949.870893747556,6951.301146561882,6906.487066084895,6907.9878513939,503603
2005-07-27,6907.9878513939,6907.9878513939,6769.80330932217,6816.570079856294,416943
2005-07-28,6816.570079856294,6816.570079856294,6678.572409972902,6707.4022700295345,397275
2005-07-29,6707.4022700295345,6953.606957019555,6707.4022700295345,6951.892111736178,527577
2005-08-01,6951.892111736178,6951.892111736178,6722.122803052359,6822.450079657542,542035
2005-08-02,6822.450079657542,6854.401450226277,6735.743642745066,6762.125370127667,488224
2005-08-03,6762.125370127667,6921.363447036938,6762.125370127667,6879.462055367756,538587
2005-08-04,6879.462055367756,6950.995726603791,6825.859601987103,6853.583797536223,472327
2005-08-05,6853.583797536223,7153.283060761576,6853.583797536223,7094.768588771612,487735
2005-08-08,7094.768588771612,7149.930847657389,7018.359780986035,7112.195345882019,469713
2005-08-09,7112.195345882019,7112.195345882019,6923.255000468916,6942.146521276116,474901
2005-08-10,6942.146521276116,7103.385553865021,6942.146521276116,7073.105371730688,534716
2005-08-11,7073.105371730688,7073.105371730688,6949.160919701204,6954.343710810027,289443
2005-08-12,6954.343710810027,7196.294033148696,6954.343710810027,7126.462450764897,554798
2005-08-15,7126.462450764897,7126.462450764897,6836.298602816104,6937.071935169573,594722
2005-08-16,6937.071935169573,7141.838273444003,6937.071935169573,7052.241261496946,433604
2005-08-17,7052.241261496946,7224.917043629601,7052.241261496946,7166.568421731504,401793
2005-08-18,7166.568421731504,7250.326444553529,7123.812727133375,7223.850181792484,576955
2005-08-19,7223.850181792484,7223.850181792484,6932.546029818838,6943.839693739554,569597
2005-08-22,6943.839693739554,7051.752319785968,6943.839693739554,6972.392714816714,475779
2005-08-23,6972.392714816714,7101.924438645862,6972.392714816714,7015.056526395907,495640
2005-08-24,7015.056526395907,7290.661284816619,7015.056526395907,7259.906313541874,379140
2005-08-25,7259.906313541874,7259.906313541874,7147.906858976053,7173.493432772707,516130
2005-08-26,7173.493432772707,7212.05552590314,7078.630022077673,7125.751438303442,485015
2005-08-29,7125.751438303442,7125.751438303442,7002.970031815034,7010.670322531978,545660
2005-08-30,7010.670322531978,7010.670322531978,6776.842363589915,6824.626004166038,518137
2005-08-31,6824.626004166038,6824.626004166038,6558.340217586206,6602.181084310027,500160
2005-09-01,6602.181084310027,6609.516873544444,6495.533127487512,6537.332934143614,505746
2005-09-02,6537.332934143614,6537.332934143614,6282.905314541315,6291.930951572401,427573
2005-09-05,6291.930951572401,6411.6903745158315,6291.930951572401,6351.768815688825,463724
2005-09-06,6351.768815688825,6519.504125522222,6351.768815688825,6439.51198427767,497139
2005-09-07,6439.51198427767,6527.054496954076,6411.547619706634,6501.620326886214,476288
2005-09-08,6501.620326886214,6574.92569986887,6432.537672871127,6495.944535093622,535438
2005-09-09,6495.944535093622,6533.4567461319275,6434.3483294548905,6501.889036380221,579940
2005-09-12,6501.889036380221,6818.451177539635,6501.889036380221,6723.547720442034,421980
2005-09-13,6723.547720442034,6780.349555462982,6723.547720442034,6736.475031094665,462316
2005-09-14,6736.475031094665,6913.85334005239,6736.475031094665,6891.446162494587,448140
2005-09-15,6891.446162494587,6891.446162494587,6665.409219350289,6753.3592551923275,531337
2005-09-16,6753.3592551923275,6838.965961650168,6720.721441911299,6746.714381747259,567613
2005-09-19,6746.714381747259,6902.26328565621,6746.714381747259,6810.3115504031075,381531
2005-09-20,6810.3115504031075,6856.961852076482,6740.8753839754445,6806.189730784662,425479
2005-09-21,6806.189730784662,6942.419177546322,6806.189730784662,6880.187395698937,680126
2005-09-22,6880.187395698937,6906.050547659283,6804.470710220448,6903.538922722201,491568
2005-09-23,6903.538922722201,6903.538922722201,6498.719364831342,6577.096286896617,479022
2005-09-26,6577.096286896617,6577.096286896617,6396.947603526884,6428.142590255006,605986
2005-09-27,6428.142590255006,6535.166886397077,6412.764502272893,6506.466892439308,545148
2005-09-28,6506.466892439308,6658.50302256486,6506.466892439308,6591.969774663734,500911
2005-09-29,6591.969774663734,6740.336851359532,6591.969774663734,6736.262774301842,455851
2005-09-30,6736.262774301842,6789.832085929306,6699.570962716363,6780.791224331135,543490
2005-10-03,6780.791224331135,6805.150691808569,6687.3648090608185,6727.998773460276,453073
2005-10-04,6727.998773460276,6989.784564854523,6727.998773460276,6928.226733268054,537455
2005-10-05,6928.226733268054,7106.149279644055,6928.226733268054,7015.3619358639535,407722
2005-10-06,7015.3619358639535,7038.73878577506,7015.3619358639535,7026.457293148268,447684
2005-10-07,7026.457293148268,7026.457293148268,6715.148917739025,6805.813222457917,439113
2005-10-10,6805.813222457917,6912.957975843611,6805.813222457917,6893.4955297871165,467972
2005-10-11,6893.4955297871165,6893.4955297871165,6646.1347482737365,6728.735523171275,406789
2005-10-12,6728.735523171275,6728.735523171275,6546.571136897053,6555.269533022625,644032
2005-10-13,6555.269533022625,6561.075014829717,6530.652511659164,6553.041417129239,471499
2005-10-14,6553.041417129239,6553.041417129239,6164.052760840133,6196.614731693582,534028
2005-10-17,6196.614731693582,6196.614731693582,6111.215292825624,6155.906483935133,469453
2005-10-18,6155.906483935133,6328.783498057226,6155.906483935133,6309.606853000854,437912
2005-10-19,6309.606853000854,6309.606853000854,6140.014527164864,6164.225413017093,614143
2005-10-20,6164.225413017093,6164.225413017093,5958.5564943881955,6023.4364992111305,486680
2005-10-21,6023.4364992111305,6023.4364992111305,5866.000984460181,5948.63718186916,409950
2005-10-24,5948.63718186916,6065.484584209597,5905.092132584491,5980.997663951951,526200
2005-10-25,5980.997663951951,6048.018250092736,5944.351985216946,6014.818461281756,471884
2005-10-26,6014.818461281756,6188.383534353364,6014.818461281756,6170.966631863772,552159
2005-10-27,6170.966631863772,6498.365305794491,6170.966631863772,6461.959184726202,481103
2005-10-28,6461.959184726202,6461.959184726202,6267.125239111813,6295.880026278391,547778
2005-10-31,6295.880026278391,6301.902915999074,6242.262720464925,6272.787162591246,463270
2005-11-01,6272.787162591246,6734.349660406503,6272.787162591246,6652.731720918012,443807
2005-11-02,6652.731720918012,6652.731720918012,6488.833008335299,6562.9184715858855,455207
2005-11-03,6562.9184715858855,6793.039497137941,6562.9184715858855,6792.707578147862,547623
2005-11-04,6792.707578147862,7057.127554997605,6792.707578147862,7053.032590029615,583448
2005-11-07,7053.032590029615,7219.057358793141,7053.032590029615,7151.151572769202,385427
2005-11-08,7151.151572769202,7151.151572769202,6922.189552452565,6932.942596919297,472903
2005-11-09,6932.942596919297,7207.051637119667,6932.942596919297,7134.127365465594,554487
2005-11-10,7134.127365465594,7134.127365465594,6954.435719692747,7024.564233395825,611470
2005-11-11,7024.564233395825,7024.564233395825,6710.478137045495,6769.025632806026,462123
2005-11-14,6769.025632806026,6769.025632806026,6542.642970733922,6548.271735408049,533356
2005-11-15,6548.271735408049,6620.682036241342,6512.872598617498,6567.035072259142,379579
2005-11-16,6567.035072259142,6895.558763097954,6567.035072259142,6815.070954548591,403568
2005-11-17,6815.070954548591,6871.543342041293,6756.413389904248,6854.571941412243,608542
2005-11-18,6854.571941412243,6854.571941412243,6731.430284328448,6770.951290379282,491016
2005-11-21,6770.951290379282,6883.1520631328385,6770.951290379282,6815.325412610662,493013
2005-11-22,6815.325412610662,6815.325412610662,6630.912693198398,6685.194564479396,388574
2005-11-23,6685.194564479396,6814.220530823453,6685.194564479396,6773.9486076642515,523379
2005-11-24,6773.9486076642515,6773.9486076642515,6510.92937932864,6576.785223779317,458269
2005-11-25,6576.785223779317,6576.785223779317,6301.868153343553,6396.959370241536,595184
2005-11-28,6396.959370241536,6466.087086723684,6341.639851731091,6376.172816036825,558738
2005-11-29,6376.172816036825,6376.172816036825,6129.832614699802,6208.445863531258,622713
2005-11-30,6208.445863531258,6351.178126226431,6208.445863531258,6296.472915024538,586215
2005-12-01,6296.472915024538,6296.472915024538,6169.8369629976805,6214.262453776419,506240
2005-12-02,6214.262453776419,6383.388243864725,6214.262453776419,6366.651854941487,519470
2005-12-05,6366.651854941487,6393.9065403671875,6295.361440902375,6349.107140356336,572643
2005-12-06,6349.107140356336,6389.20462217097,6257.488866626961,6317.151822825026,553737
2005-12-07,6317.151822825026,6446.156506227689,6317.151822825026,6398.532105661444,544626
2005-12-08,6398.532105661444,6398.532105661444,6278.7362612616735,6322.579793717068,378205
2005-12-09,6322.579793717068,6322.579793717068,6119.3589366861015,6130.185185688801,558064
2005-12-12,6130.185185688801,6130.185185688801,5930.652718676903,5947.978394501705,526508
2005-12-13,5947.978394501705,6017.868347394197,5947.978394501705,6006.185820479458,441932
2005-12-14,6006.185820479458,6034.098549596559,5910.44731904857,5975.814864873876,540819
2005-12-15,5975.814864873876,5975.814864873876,5526.897488060666,5608.882747161894,382642
2005-12-16,5608.882747161894,5753.17815958492,5608.882747161894,5697.001716470439,426411
2005-12-19,5697.001716470439,5697.001716470439,5536.383445458225,5590.364814696615,468425
2005-12-20,5590.364814696615,5651.998322023372,5538.859452470371,5616.266501092352,322126
2005-12-21,5616.266501092352,5616.266501092352,5537.824478928875,5556.737590832094,493936
2005-12-22,5556.737590832094,5556.737590832094,5347.095808227915,5418.045116881527,544555
2005-12-23,5418.045116881527,5418.045116881527,5304.590573219848,5328.96473769718,540983
2005-12-26,5328.96473769718,5328.96473769718,5227.048282945442,5251.743928754394,556302
2005-12-27,5251.743928754394,5339.33952942913,5236.51809473258,5314.835556937694,484789
2005-12-28,5314.835556937694,5314.835556937694,5227.9884391274745,5238.5718954314325,535785
2005-12-29,5238.5718954314325,5307.193085229325,5238.5718954314325,5270.931748070008,486572
2005-12-30,5270.931748070008,5342.196486531292,5248.0527718195735,5283.064457140411,411862
2006-01-02,5283.064457140411,5283.064457140411,5112.288093893946,5183.884991101326,547890
2006-01-03,5183.884991101326,5213.611534403165,5126.819435817009,5152.377934456109,591264
2006-01-04,5152.377934456109,5430.777971798616,5152.377934456109,5370.815975322813,482496
2006-01-05,5370.815975322813,5370.815975322813,5239.153678310125,5245.457091627036,434739
2006-01-06,5245.457091627036,5245.457091627036,5154.575664095528,5186.145881725204,615622
2006-01-09,5186.145881725204,5186.145881725204,5033.438347487975,5059.22905595646,571710
2006-01-10,5059.22905595646,5249.689190357142,5059.22905595646,5224.568485527255,377515
2006-01-11,5224.568485527255,5261.984077494959,5157.5984289530315,5211.093875583676,502505
2006-01-12,5211.093875583676,5386.537286851801,5211.093875583676,5356.001465142336,465860
2006-01-13,5356.001465142336,5504.459155550741,5356.001465142336,5439.457161144942,606080
2006-01-16,5439.457161144942,5553.360969644756,5439.457161144942,5525.618739215503,331734
2006-01-17,5525.618739215503,5525.618739215503,5271.240388761066,5283.867194017727,434128
2006-01-18,5283.867194017727,5283.867194017727,5161.8729025662,5224.121605548873,498755
2006-01-19,5224.121605548873,5224.121605548873,5099.676033025321,5118.2076882530555,645469
2006-01-20,5118.2076882530555,5157.350488531381,5108.232327846636,5118.59936223823,561543
2006-01-23,5118.59936223823,5118.59936223823,4979.3166297864545,5005.583877186629,337205
2006-01-24,5005.583877186629,5005.583877186629,4870.070713457958,4872.491766145712,308604
2006-01-25,4872.491766145712,4919.033388058236,4825.853215465997,4859.342974196442,492532
2006-01-26,4859.342974196442,5042.623308154058,4859.342974196442,4979.7254486014945,454202
2006-01-27,4979.7254486014945,5078.969284820799,4979.7254486014945,5073.397540663967,400980
2006-01-30,5073.397540663967,5315.665163927662,5073.397540663967,5238.189785602864,576914
2006-01-31,5238.189785602864,5355.261562744171,5238.189785602864,5310.513171689061,526690
2006-02-01,5310.513171689061,5310.513171689061,5116.803643439719,5185.913615852731,480975
2006-02-02,5185.913615852731,5201.642628898977,5160.883145081913,5164.171287957413,367293
2006-02-03,5164.171287957413,5331.974078532851,5164.171287957413,5310.682391919013,539713
2006-02-06,5310.682391919013,5310.682391919013,5148.100337813425,5152.803012004864,511071
2006-02-07,5152.803012004864,5152.803012004864,5042.163839757752,5088.181391114084,457642
2006-02-08,5088.181391114084,5088.181391114084,4769.666269922528,4806.559755734171,474660
2006-02-09,4806.559755734171,5007.470580281883,4806.559755734171,4995.058966497078,631753
2006-02-10,4995.058966497078,5154.031961428362,4995.058966497078,5080.470070463384,396638
2006-02-13,5080.470070463384,5155.598142364947,5067.359602201212,5127.360222830124,463935
2006-02-14,5127.360222830124,5289.526336305087,5127.360222830124,5215.430730688209,677973
2006-02-15,5215.430730688209,5215.430730688209,5037.526040704986,5105.956161294703,537603
2006-02-16,5105.956161294703,5105.956161294703,5042.183540304352,5081.831582297262,455234
2006-02-17,5081.831582297262,5150.338120625949,5081.831582297262,5131.616021874548,594143
2006-02-20,5131.616021874548,5131.616021874548,5020.353202596867,5024.078909255214,553862
2006-02-21,5024.078909255214,5130.625923803439,5022.8245778226255,5077.521021441937,553331
2006-02-22,5077.521021441937,5077.521021441937,4932.056120696578,4984.1308701152775,475639
2006-02-23,4984.1308701152775,4984.1308701152775,4841.176780175142,4889.05163992215,595541
2006-02-24,4889.05163992215,4889.05163992215,4817.59009537252,4837.7933274395145,573902
2006-02-27,4837.7933274395145,5058.745648244389,4837.7933274395145,4985.480514876588,499160
2006-02-28,4985.480514876588,4985.480514876588,4734.666132936733,4795.2351915950685,530068
2006-03-01,4795.2351915950685,4931.895377984264,4795.2351915950685,4860.141480570437,529400
2006-03-02,4860.141480570437,5076.672085174743,4860.141480570437,5069.424620247827,427635
2006-03-03,5069.424620247827,5225.2148462729,5069.424620247827,5164.686399270898,633100
2006-03-06,5164.686399270898,5164.686399270898,5022.403068431617,5052.792098184163,459587
2006-03-07,5052.792098184163,5167.754322101738,5052.792098184163,5132.629116827759,525393
2006-03-08,5132.629116827759,5437.84816476953,5132.629116827759,5397.221108649542,566044
2006-03-09,5397.221108649542,5397.221108649542,5199.348266960668,5202.231905665096,534524
2006-03-10,5202.231905665096,5202.231905665096,5085.077824901367,5131.776998965396,552189
2006-03-13,5131.776998965396,5131.776998965396,5000.816138193113,5051.588072602582,541278
2006-03-14,5051.588072602582,5071.881808160438,5051.588072602582,5063.382272100951,475092
2006-03-15,5063.382272100951,5142.8874241106405,5037.569141074139,5107.257714338523,563581
2006-03-16,5107.257714338523,5107.257714338523,4727.456453073806,4738.35087144764,518049
2006-03-17,4738.35087144764,4930.093406083716,4738.35087144764,4879.154083591938,444175
2006-03-20,4879.154083591938,4946.590499443181,4833.827930153482,4890.130489035867,415522
2006-03-21,4890.130489035867,5180.267391621266,4890.130489035867,5106.5331936878165,497614
2006-03-22,5106.5331936878165,5338.209123351506,5106.5331936878165,5310.605495738369,311845
2006-03-23,5310.605495738369,5310.605495738369,5067.296625259465,5099.459906101483,686115
2006-03-24,5099.459906101483,5370.675889516587,5099.459906101483,5357.351394569205,531386
2006-03-27,5357.351394569205,5456.327541368626,5357.351394569205,5449.822874657445,529096
2006-03-28,5449.822874657445,5449.822874657445,5344.2746641589065,5417.0911130372815,469902
2006-03-29,5417.0911130372815,5522.978918688426,5417.0911130372815,5479.759613083984,474241
2006-03-30,5479.759613083984,5663.54094367019,5479.759613083984,5632.624704733299,469405
2006-03-31,5632.624704733299,5632.624704733299,5493.532095528729,5574.11405736511,431702
2006-04-03,5574.11405736511,5723.985895965932,5574.11405736511,5675.417246571595,568591
2006-04-04,5675.417246571595,5675.417246571595,5542.568165456267,5587.6640404983,461239
2006-04-05,5587.6640404983,5631.973632034045,5544.275604221916,5626.09125345641,576437
2006-04-06,5626.09125345641,5762.177058345473,5626.09125345641,5733.74435145062,550625
2006-04-07,5733.74435145062,5887.716733132068,5733.74435145062,5834.048648122561,477846
2006-04-10,5834.048648122561,5834.048648122561,5592.800420196902,5672.851810601328,457146
2006-04-11,5672.851810601328,6015.207790094975,5672.851810601328,6005.289435655759,538618
2006-04-12,6005.289435655759,6005.289435655759,5742.549835546178,5787.009908712399,498981
2006-04-13,5787.009908712399,5828.330076116796,5706.799203484502,5777.553572244949,426396
2006-04-14,5777.553572244949,5978.800373463918,5777.553572244949,5930.540070152149,414844
2006-04-17,5930.540070152149,5930.540070152149,5803.614837834385,5850.300683894012,447696
2006-04-18,5850.300683894012,5866.3244589853475,5814.336103408752,5837.463502041178,524332
2006-04-19,5837.463502041178,5837.463502041178,5670.88432806193,5736.682415388468,603265
2006-04-20,5736.682415388468,5743.932333645352,5696.762675696608,5731.615870973515,602307
2006-04-21,5731.615870973515,5845.710835181285,5731.615870973515,5785.57802252144,523083
2006-04-24,5785.57802252144,5785.57802252144,5559.501940483872,5593.796166983707,579995
2006-04-25,5593.796166983707,5750.9931232481495,5593.796166983707,5698.5170363021125,561296
2006-04-26,5698.5170363021125,5698.5170363021125,5538.531690003345,5617.170202246333,469251
2006-04-27,5617.170202246333,5717.158511444804,5617.170202246333,5703.02450666554,621611
2006-04-28,5703.02450666554,5826.3858967098595,5703.02450666554,5741.455892071651,584567
2006-05-01,5741.455892071651,5741.455892071651,5463.829124823397,5484.407522564516,494711
2006-05-02,5484.407522564516,5484.407522564516,5240.316181202729,5271.820314622925,537532
2006-05-03,5271.820314622925,5365.058644596,5271.820314622925,5321.699090567265,604572
2006-05-04,5321.699090567265,5434.427339232088,5321.699090567265,5393.871431594765,333775
2006-05-05,5393.871431594765,5510.620570404855,5374.89960720161,5438.45423589269,384060
2006-05-08,5438.45423589269,5618.813176471006,5438.45423589269,5564.048526523988,567181
2006-05-09,5564.048526523988,5588.228047846121,5468.58231771252,5535.922923661569,479833
2006-05-10,5535.922923661569,5636.445177831454,5519.8241168172635,5595.026505329884,483276
2006-05-11,5595.026505329884,5806.820783683895,5595.026505329884,5741.093693475076,344328
2006-05-12,5741.093693475076,5741.093693475076,5612.113466647644,5692.379370512213,524314
2006-05-15,5692.379370512213,5702.446450342618,5620.876602756027,5664.686901734873,449026
2006-05-16,5664.686901734873,5823.091278253233,5664.686901734873,5758.457527699413,465248
2006-05-17,5758.457527699413,5826.342563572765,5682.921498958044,5750.869651854322,609507
2006-05-18,5750.869651854322,5801.557568882878,5750.869651854322,5799.248832743647,448664
2006-05-19,5799.248832743647,5899.829063646582,5799.248832743647,5887.870612562695,533521
2006-05-22,5887.870612562695,5967.4564869329415,5865.343205035093,5949.699635672053,486529
2006-05-23,5949.699635672053,6085.528613511356,5949.699635672053,6052.848701772561,485655
2006-05-24,6052.848701772561,6052.848701772561,5922.1873929914655,5928.040217305538,472104
2006-05-25,5928.040217305538,5928.040217305538,5845.8986045333895,5882.032503987734,503542
2006-05-26,5882.032503987734,6042.668506629366,5882.032503987734,5968.432209663515,598744
2006-05-29,5968.432209663515,5968.432209663515,5785.749820328718,5840.439251596646,548932
2006-05-30,5840.439251596646,5989.435540621208,5840.439251596646,5918.892832301988,470818
2006-05-31,5918.892832301988,5918.892832301988,5735.183186795967,5788.637393198229,551837
2006-06-01,5788.637393198229,5877.235696165131,5733.956518411081,5792.510718438777,384018
2006-06-02,5792.510718438777,5792.510718438777,5367.404683382793,5439.072831987919,499502
2006-06-05,5439.072831987919,5447.858220139898,5383.552622856615,5391.884927795513,537804
2006-06-06,5391.884927795513,5542.887293385187,5391.884927795513,5520.248429154878,442846
2006-06-07,5520.248429154878,5544.341500457281,5472.055087911925,5497.297625097557,553555
2006-06-08,5497.297625097557,5497.297625097557,5397.999947980093,5403.525797074514,557319
2006-06-09,5403.525797074514,5403.525797074514,5187.930857097116,5217.8227486511505,492533
2006-06-12,5217.8227486511505,5217.8227486511505,5079.5771387768955,5093.3382719728515,326017
2006-06-13,5093.3382719728515,5093.3382719728515,4878.901531939609,4882.490098467072,602265
2006-06-14,4882.490098467072,4882.490098467072,4720.122279305608,4747.932105554833,520796
2006-06-15,4747.932105554833,4829.134855548369,4722.451741667838,4769.553294923508,538836
2006-06-16,4769.553294923508,4878.346240348971,4769.553294923508,4834.184442416494,314296
2006-06-19,4834.184442416494,4838.384855848115,4784.2360679716785,4792.544183748537,488438
2006-06-20,4792.544183748537,4804.695420483185,4766.462594930557,4793.963419745814,366462
2006-06-21,4793.963419745814,4793.963419745814,4670.946673911443,4720.035908768044,491475
2006-06-22,4720.035908768044,4929.818990909666,4720.035908768044,4869.850413589976,378872
2006-06-23,4869.850413589976,4869.850413589976,4751.161792270603,4774.615481172691,493542
2006-06-26,4774.615481172691,4774.615481172691,4726.311327000871,4753.021587863923,509482
2006-06-27,4753.021587863923,4753.021587863923,4633.711303545041,4703.932821622732,426399
2006-06-28,4703.932821622732,4825.692505208712,4696.579893194858,4759.609049942681,509389
2006-06-29,4759.609049942681,5162.978445775483,4759.609049942681,5098.780083330473,490362
2006-06-30,5098.780083330473,5098.780083330473,4895.778803158754,4906.411269205628,471214
2006-07-03,4906.411269205628,5311.165943623681,4906.411269205628,5243.782691079177,431577
2006-07-04,5243.782691079177,5243.782691079177,5019.545530483504,5037.416792903003,462337
2006-07-05,5037.416792903003,5037.416792903003,4659.605937699498,4720.573126452224,591155
2006-07-06,4720.573126452224,4868.6699328497825,4720.573126452224,4843.060856383118,441154
2006-07-07,4843.060856383118,4940.091067221268,4843.060856383118,4933.3799363082135,491682
2006-07-10,4933.3799363082135,4982.108162655565,4933.3799363082135,4971.457576682329,481131
2006-07-11,4971.457576682329,5032.372026509009,4952.767577834567,5003.927185250945,616560
2006-07-12,5003.927185250945,5003.927185250945,4816.009944620279,4835.602162241791,516092
2006-07-13,4835.602162241791,4835.602162241791,4800.833181348175,4808.34765005467,536585
2006-07-14,4808.34765005467,4808.34765005467,4609.824789362863,4618.368149295281,565928
2006-07-17,4618.368149295281,4618.368149295281,4456.8662659272195,4511.733636245318,415726
2006-07-18,4511.733636245318,4575.463248098382,4511.518327369372,4531.733792129403,457189
2006-07-19,4531.733792129403,4531.733792129403,4385.2920017605475,4397.934650683696,429956
2006-07-20,4397.934650683696,4505.4803938256655,4378.474896123283,4441.016846446064,365658
2006-07-21,4441.016846446064,4522.357892000196,4439.445618632959,4467.363378216071,547115
2006-07-24,4467.363378216071,4793.83823645432,4467.363378216071,4763.324872684053,559111
2006-07-25,4763.324872684053,4918.901648663067,4763.324872684053,4918.641567823422,560096
2006-07-26,4918.641567823422,5066.867484037839,4918.641567823422,5025.986580385999,568959
2006-07-27,5025.986580385999,5049.944255406507,4946.742663644643,4983.408387294964,590937
2006-07-28,4983.408387294964,5120.65387797992,4983.408387294964,5107.255633256561,493880
2006-07-31,5107.255633256561,5107.255633256561,4954.052590431841,4976.868216771678,616880
2006-08-01,4976.868216771678,5114.10172699229,4976.868216771678,5041.817981459112,364195
2006-08-02,5041.817981459112,5134.43217437412,5041.817981459112,5098.973878054881,482980
2006-08-03,5098.973878054881,5118.919300839276,5002.7540782686065,5072.549086945184,423584
2006-08-04,5072.549086945184,5159.533457271476,5072.549086945184,5122.64801894274,395647
2006-08-07,5122.64801894274,5122.64801894274,5008.804281737539,5027.731161542697,542398
2006-08-08,5027.731161542697,5119.756990605903,5005.479323077418,5079.500270419646,521028
2006-08-09,5079.500270419646,5126.4605645891825,5016.530917856574,5092.096942387235,524377
2006-08-10,5092.096942387235,5092.096942387235,5000.660237984232,5031.598640495037,462376
2006-08-11,5031.598640495037,5215.534144049104,5031.598640495037,5204.132542315033,398904
2006-08-14,5204.132542315033,5204.132542315033,5126.002964641439,5169.660095265759,539991
2006-08-15,5169.660095265759,5219.764240330712,5141.131838376837,5169.353582380895,626487
2006-08-16,5169.353582380895,5212.8881339391755,5100.812788312536,5145.803159900857,485162
2006-08-17,5145.803159900857,5145.803159900857,5021.55645805985,5059.2280988275415,569271
2006-08-18,5059.2280988275415,5059.2280988275415,4992.143904490667,4995.883026743382,499026
2006-08-21,4995.883026743382,4995.883026743382,4844.843784775593,4862.693966640145,628815
2006-08-22,4862.693966640145,4970.145022428012,4862.693966640145,4945.634395815103,667566
2006-08-23,4945.634395815103,4945.634395815103,4747.885492100769,4774.932022799527,409025
2006-08-24,4774.932022799527,5000.269594414763,4774.932022799527,4971.8893467391545,533520
2006-08-25,4971.8893467391545,4971.8893467391545,4801.829835400842,4843.738211634294,525370
2006-08-28,4843.738211634294,5196.487429738054,4843.738211634294,5159.063826949342,447357
2006-08-29,5159.063826949342,5159.063826949342,4890.177179186635,4957.296630013844,563483
2006-08-30,4957.296630013844,4957.296630013844,4704.079116250514,4758.598172099693,581616
2006-08-31,4758.598172099693,4758.598172099693,4577.214788122296,4599.68057463404,415660
2006-09-01,4599.68057463404,4620.902789090408,4523.532044018731,4585.363619813434,354404
2006-09-04,4585.363619813434,4585.363619813434,4497.461456012775,4520.158696993788,462128
2006-09-05,4520.158696993788,4520.158696993788,4298.2006505967,4325.8947827773,462497
2006-09-06,4325.8947827773,4400.898876375381,4325.682616968179,4336.003277832744,592607
2006-09-07,4336.003277832744,4366.376698547959,4276.845952877776,4306.753747710482,616124
2006-09-08,4306.753747710482,4346.865759734563,4306.753747710482,4318.036982061098,500504
2006-09-11,4318.036982061098,4318.036982061098,4223.392207448852,4261.921630225267,398429
2006-09-12,4261.921630225267,4261.921630225267,4164.6872800200845,4165.272077755748,581973
2006-09-13,4165.272077755748,4444.93205360908,4165.272077755748,4392.139443173685,543012
2006-09-14,4392.139443173685,4501.432471587837,4392.139443173685,4462.445992541655,425568
2006-09-15,4462.445992541655,4535.846749305549,4462.445992541655,4511.489774151598,618291
2006-09-18,4511.489774151598,4511.489774151598,4410.025389201753,4420.314700915238,510396
2006-09-19,4420.314700915238,4451.039100098141,4393.159542972493,4432.064948878898,411959
2006-09-20,4432.064948878898,4447.804063644689,4394.144858615365,4407.183274807518,701295
2006-09-21,4407.183274807518,4407.183274807518,4346.523950948703,4384.925458774088,499862
2006-09-22,4384.925458774088,4384.925458774088,4272.989410790745,4296.9147322776125,545866
2006-09-25,4296.9147322776125,4458.727251044293,4296.9147322776125,4414.631894188016,597416
2006-09-26,4414.631894188016,4536.202036416041,4414.631894188016,4505.447397878256,630834
2006-09-27,4505.447397878256,4733.107988681435,4505.447397878256,4670.858235619274,527658
2006-09-28,4670.858235619274,4740.074327311993,4651.431057787697,4704.319085583025,398541
2006-09-29,4704.319085583025,4706.664515250347,4620.643128064455,4652.6864240074065,562727
2006-10-02,4652.6864240074065,4762.139086387759,4652.6864240074065,4745.480033848103,381035
2006-10-03,4745.480033848103,4823.779269188184,4692.592299745926,4763.046180539144,481133
2006-10-04,4763.046180539144,4763.046180539144,4658.63165304338,4694.201485925364,402484
2006-10-05,4694.201485925364,4731.645263751818,4649.5607598545685,4705.462467546105,452367
2006-10-06,4705.462467546105,4849.9217600272295,4705.462467546105,4802.662214413044,590627
2006-10-09,4802.662214413044,4822.961893080854,4802.662214413044,4817.922854787906,361746
2006-10-10,4817.922854787906,5061.510811793577,4817.922854787906,5013.073662544294,560140
2006-10-11,5013.073662544294,5320.172300408495,5013.073662544294,5270.733372770505,658186
2006-10-12,5270.733372770505,5399.999661040596,5270.733372770505,5366.713633860273,564435
2006-10-13,5366.713633860273,5366.713633860273,5039.58918609967,5047.373757554031,456985
2006-10-16,5047.373757554031,5220.874816929054,5047.373757554031,5179.046503592574,623491
2006-10-17,5179.046503592574,5380.754937825908,5179.046503592574,5339.833322598866,437275
2006-10-18,5339.833322598866,5522.212351820896,5339.833322598866,5457.6545790343835,514439
2006-10-19,5457.6545790343835,5457.6545790343835,5263.720539659905,5302.715767948013,475221
2006-10-20,5302.715767948013,5398.832641902842,5269.753066525433,5340.4748183398715,532506
2006-10-23,5340.4748183398715,5599.699859566009,5340.4748183398715,5579.666572282114,507737
2006-10-24,5579.666572282114,5668.2926113485255,5579.666572282114,5640.6536459334,558116
2006-10-25,5640.6536459334,5724.301870461839,5640.6536459334,5662.080848941934,537980
2006-10-26,5662.080848941934,5662.080848941934,5477.9876293079105,5512.3236744909755,499457
2006-10-27,5512.3236744909755,5694.949900754859,5512.3236744909755,5654.166434474534,592675
2006-10-30,5654.166434474534,5654.166434474534,5555.610041663128,5580.44259723309,543862
2006-10-31,5580.44259723309,5748.901436383737,5580.44259723309,5710.679733418449,362843
2006-11-01,5710.679733418449,5822.837639463672,5710.679733418449,5776.028620722917,644943
2006-11-02,5776.028620722917,5789.860893235601,5655.834571282719,5723.610351307809,592772
2006-11-03,5723.610351307809,5723.610351307809,5487.986907818194,5508.49841491667,487590
2006-11-06,5508.49841491667,5508.49841491667,5407.730529450686,5454.666399986006,281421
2006-11-07,5454.666399986006,5454.666399986006,5343.939384027882,5371.14715268892,489305
2006-11-08,5371.14715268892,5408.950197727268,5313.260199042488,5340.90414997465,502834
2006-11-09,5340.90414997465,5407.237630051921,5320.017402702215,5373.126188912252,503139
2006-11-10,5373.126188912252,5483.200179362049,5373.126188912252,5452.101526844554,451142
2006-11-13,5452.101526844554,5517.574374169143,5406.4103272572975,5471.159590188359,410834
2006-11-14,5471.159590188359,5729.756477638198,5471.159590188359,5647.793233419015,488560
2006-11-15,5647.793233419015,5668.147506941127,5610.42076314108,5665.416626526672,533823
2006-11-16,5665.416626526672,5923.109852321867,5665.416626526672,5850.913028093902,347647
2006-11-17,5850.913028093902,5850.913028093902,5607.173666501005,5648.663531845784,509827
2006-11-20,5648.663531845784,5691.126926371605,5640.340741330714,5674.07236546163,445059
2006-11-21,5674.07236546163,5893.365178138356,5674.07236546163,5852.355367712951,454674
2006-11-22,5852.355367712951,5852.355367712951,5565.026953802277,5616.777928406628,405075
2006-11-23,5616.777928406628,5647.967030581763,5585.401070626082,5642.334336222254,536075
2006-11-24,5642.334336222254,6126.6368809490905,5642.334336222254,6048.66474530448,383816
2006-11-27,6048.66474530448,6088.979441382274,5997.149095864104,6037.670930956997,472889
2006-11-28,6037.670930956997,6213.882565560957,6037.670930956997,6156.516747114703,489166
2006-11-29,6156.516747114703,6436.520548913606,6156.516747114703,6397.186310626087,441581
2006-11-30,6397.186310626087,6468.929486843487,6330.818958410347,6404.073633983788,471881
2006-12-01,6404.073633983788,6493.358700686663,6370.734573196095,6463.981400995142,529123
2006-12-04,6463.981400995142,6556.131444365163,6439.929474757334,6536.810561937114,577120
2006-12-05,6536.810561937114,6593.869438610972,6536.810561937114,6548.068685570013,541789
2006-12-06,6548.068685570013,6548.068685570013,6333.827195739082,6429.5308748100915,540994
2006-12-07,6429.5308748100915,6429.5308748100915,6156.677640277054,6229.301377154277,471033
2006-12-08,6229.301377154277,6336.0052801767915,6229.301377154277,6332.707411853932,465744
2006-12-11,6332.707411853932,6404.817191252736,6284.896064337024,6329.297348694155,501186
2006-12-12,6329.297348694155,6329.297348694155,6139.703902814258,6197.410781125661,492749
2006-12-13,6197.410781125661,6600.964520439757,6197.410781125661,6572.709314466737,473210
2006-12-14,6572.709314466737,6572.709314466737,6405.645341144483,6431.551613998024,535259
2006-12-15,6431.551613998024,6453.747976562172,6299.186711098725,6390.556122055833,553351
2006-12-18,6390.556122055833,6733.647351034367,6390.556122055833,6634.206319888053,570260
2006-12-19,6634.206319888053,6710.475964855175,6634.206319888053,6676.3527516015665,486999
2006-12-20,6676.3527516015665,6939.992914228694,6676.3527516015665,6875.978460052661,580676
2006-12-21,6875.978460052661,7053.095821220968,6875.978460052661,6951.759363502063,581665
2006-12-22,6951.759363502063,7081.393732014064,6951.759363502063,7040.442386741418,572864
2006-12-25,7040.442386741418,7040.442386741418,6999.674092984677,7004.847959433276,716329
2006-12-26,7004.847959433276,7048.463484915268,6968.638152165285,6998.124173386179,301084
2006-12-27,6998.124173386179,7207.57258229123,6998.124173386179,7104.3879829296275,417826
2006-12-28,7104.3879829296275,7209.818923105543,7032.212390280234,7106.167352618409,549233
2006-12-29,7106.167352618409,7214.986566322014,7069.194154405203,7156.805559522029,465130
2007-01-01,7156.805559522029,7258.863614839445,7155.34462120158,7218.4489781172615,552126
2007-01-02,7218.4489781172615,7262.157777058058,7218.4489781172615,7230.389657509232,616623
2007-01-03,7230.389657509232,7516.34157748868,7230.389657509232,7423.411528698719,371144
2007-01-04,7423.411528698719,7423.411528698719,7132.19279911942,7237.142904147977,451296
2007-01-05,7237.142904147977,7462.675507033866,7237.142904147977,7402.204496189945,466059
2007-01-08,7402.204496189945,7484.828430978765,7291.9778015717,7379.075659645605,548538
2007-01-09,7379.075659645605,7712.233957593306,7379.075659645605,7616.282869474671,383926
2007-01-10,7616.282869474671,7616.282869474671,7366.632426613282,7393.867136529035,569400
2007-01-11,7393.867136529035,7393.867136529035,7001.815655381834,7086.566810817487,486247
2007-01-12,7086.566810817487,7177.262647192752,7086.566810817487,7132.335617318923,419726
2007-01-15,7132.335617318923,7503.110117787149,7132.335617318923,7398.690097135663,495673
2007-01-16,7398.690097135663,7470.470016149756,7326.664829817446,7427.669398855707,574503
2007-01-17,7427.669398855707,7427.669398855707,7259.607903834718,7279.959409427008,636714
2007-01-18,7279.959409427008,7279.959409427008,6999.31897856062,7077.295647183291,598038
2007-01-19,7077.295647183291,7113.477863418309,7022.318163760869,7063.603972916689,425165
2007-01-22,7063.603972916689,7141.471258426698,6987.216400477405,7082.762224173007,490060
2007-01-23,7082.762224173007,7120.414876896585,6933.390176731087,7027.575843550093,591756
2007-01-24,7027.575843550093,7027.575843550093,6745.970673074562,6837.811306887191,469259
2007-01-25,6837.811306887191,6837.811306887191,6686.410100359406,6703.119970076914,545992
2007-01-26,6703.119970076914,6703.119970076914,6551.263944224976,6614.221687843932,366398
2007-01-29,6614.221687843932,6678.077821632038,6566.663728083609,6607.839135821884,408064
2007-01-30,6607.839135821884,6800.579557701062,6607.839135821884,6726.485875597716,677549
2007-01-31,6726.485875597716,6726.485875597716,6459.040425682965,6503.911792280638,566635
2007-02-01,6503.911792280638,6503.911792280638,6338.275832387402,6402.396199016201,467847
2007-02-02,6402.396199016201,6521.669766606864,6402.396199016201,6469.835683787852,566890
2007-02-05,6469.835683787852,6951.759724446681,6469.835683787852,6939.802837152772,454342
2007-02-06,6939.802837152772,6939.802837152772,6814.101896985866,6887.554716084485,539722
2007-02-07,6887.554716084485,6889.460952871414,6753.662629040106,6810.243756113068,482918
2007-02-08,6810.243756113068,6814.888743318221,6732.266983941452,6808.316231201255,427931
2007-02-09,6808.316231201255,6808.316231201255,6459.310517525134,6502.824827277532,463292
2007-02-12,6502.824827277532,6502.824827277532,6140.5760060742605,6206.349557921262,410307
2007-02-13,6206.349557921262,6206.349557921262,6045.990807647172,6105.192002595355,446224
2007-02-14,6105.192002595355,6105.192002595355,5871.620201314715,5945.169009362987,341825
2007-02-15,5945.169009362987,5973.215193345477,5914.857292376533,5967.1273793302225,524589
2007-02-16,5967.1273793302225,5967.1273793302225,5865.515127000402,5882.6994143808115,415173
2007-02-19,5882.6994143808115,6077.362221145414,5882.6994143808115,6006.079829978112,510058
2007-02-20,6006.079829978112,6006.079829978112,5846.696829595352,5855.095518460594,450140
2007-02-21,5855.095518460594,5855.095518460594,5567.965623664595,5573.953223819573,424939
2007-02-22,5573.953223819573,5573.953223819573,5392.959261664255,5447.938901116989,415408
2007-02-23,5447.938901116989,5550.9175405103215,5447.938901116989,5548.054660037822,526978
2007-02-26,5548.054660037822,5548.054660037822,5250.2164930022645,5322.109053246347,446364
2007-02-27,5322.109053246347,5322.109053246347,5104.256755598103,5122.755589948481,524546
2007-02-28,5122.755589948481,5122.755589948481,5048.821759009862,5100.036921582879,592164
2007-03-01,5100.036921582879,5100.036921582879,4839.054509457108,4880.242232196367,567763
2007-03-02,4880.242232196367,4912.192045687005,4841.422053760607,4866.8146893018575,449026
2007-03-05,4866.8146893018575,4866.8146893018575,4669.2755505890755,4739.805642076634,520503
2007-03-06,4739.805642076634,4839.642426845272,4739.805642076634,4818.524638558146,429389
2007-03-07,4818.524638558146,4818.524638558146,4721.156951554149,4772.1458689253095,548405
2007-03-08,4772.1458689253095,4788.667001287883,4710.774282046585,4729.794736311961,470532
2007-03-09,4729.794736311961,4897.995700378932,4729.794736311961,4859.030797154231,337931
2007-03-12,4859.030797154231,5142.369351785917,4859.030797154231,5129.744565163671,509360
2007-03-13,5129.744565163671,5350.814402311981,5129.744565163671,5291.047482541513,387094
2007-03-14,5291.047482541513,5475.429855948901,5291.047482541513,5426.168032479764,507919
2007-03-15,5426.168032479764,5426.168032479764,5230.164575002396,5301.155029357746,496925
2007-03-16,5301.155029357746,5442.986057010021,5301.155029357746,5436.7663060831555,456436
2007-03-19,5436.7663060831555,5749.4470364575845,5436.7663060831555,5691.992584917714,572779
2007-03-20,5691.992584917714,6088.978499580579,5691.992584917714,6071.062998536702,434492
2007-03-21,6071.062998536702,6179.484503131328,6055.435837449012,6135.9441885086735,560325
2007-03-22,6135.9441885086735,6369.718181574049,6135.9441885086735,6322.908377833508,439938
2007-03-23,6322.908377833508,6322.908377833508,6065.787659060607,6093.0288275079865,428031
2007-03-26,6093.0288275079865,6149.248969184161,6076.558600879635,6077.293782552023,514237
2007-03-27,6077.293782552023,6198.404988406257,6077.293782552023,6192.0780562467835,435503
2007-03-28,6192.0780562467835,6412.198641301951,6192.0780562467835,6367.446235243139,545500
2007-03-29,6367.446235243139,6367.446235243139,6190.56446785691,6231.3978479277885,438179
2007-03-30,6231.3978479277885,6231.3978479277885,6088.778316024428,6175.932243308815,607647
2007-04-02,6175.932243308815,6352.409072266047,6175.932243308815,6318.363787113207,412157
2007-04-03,6318.363787113207,6318.363787113207,6071.177619324067,6119.365652615112,463298
2007-04-04,6119.365652615112,6150.56542226708,6039.778781844709,6109.833771989505,447308
2007-04-05,6109.833771989505,6312.777904013028,6109.833771989505,6270.3831670577965,572269
2007-04-06,6270.3831670577965,6418.3924380494,6270.3831670577965,6397.176209126127,512584
2007-04-09,6397.176209126127,6731.572365701624,6397.176209126127,6700.666819868625,563116
2007-04-10,6700.666819868625,6700.666819868625,6496.808042876146,6556.658529915465,496358
2007-04-11,6556.658529915465,6556.658529915465,6471.619869836192,6509.146367488937,423150
2007-04-12,6509.146367488937,6509.146367488937,6191.289418656597,6214.902960589049,526629
2007-04-13,6214.902960589049,6279.561916449347,6214.902960589049,6276.817697053512,477209
2007-04-16,6276.817697053512,6364.815194491146,6265.389075234053,6349.6086813910815,543368
2007-04-17,6349.6086813910815,6349.6086813910815,6131.045974958991,6218.891459550082,361336
2007-04-18,6218.891459550082,6572.638583798519,6218.891459550082,6518.870460929545,582979
2007-04-19,6518.870460929545,6697.165355054865,6518.870460929545,6682.017307338928,451685
2007-04-20,6682.017307338928,6682.017307338928,6555.49118718015,6574.507885200126,501950
2007-04-23,6574.507885200126,6574.507885200126,6376.153927809397,6376.7858378266,543822
2007-04-24,6376.7858378266,6376.7858378266,6082.403745464686,6145.480435218096,474878
2007-04-25,6145.480435218096,6426.491247514129,6145.480435218096,6342.002386389489,506088
2007-04-26,6342.002386389489,6342.002386389489,6001.370393164436,6079.5479361381085,550608
2007-04-27,6079.5479361381085,6250.385269764958,6077.690146470374,6161.165276116875,602917
2007-04-30,6161.165276116875,6283.037264350076,6161.165276116875,6210.762594008428,718476
2007-05-01,6210.762594008428,6326.1099876672815,6210.762594008428,6296.6637562918695,476699
2007-05-02,6296.6637562918695,6581.146318061956,6296.6637562918695,6549.073665413431,545960
2007-05-03,6549.073665413431,6549.073665413431,6279.576161783681,6304.697210769501,512837
2007-05-04,6304.697210769501,6304.697210769501,6197.4316332940625,6230.673136524327,432655
2007-05-07,6230.673136524327,6230.673136524327,6130.609427622126,6190.623046441225,460861
2007-05-08,6190.623046441225,6377.95447504116,6190.623046441225,6341.655812033971,473507
2007-05-09,6341.655812033971,6604.659450258859,6341.655812033971,6509.689032145759,452373
2007-05-10,6509.689032145759,6509.689032145759,6410.06792717873,6443.2089934815995,422784
2007-05-11,6443.2089934815995,6443.2089934815995,6407.892590578022,6415.133967434356,501611
2007-05-14,6415.133967434356,6491.040418355573,6400.770168640436,6417.323898994395,485502
2007-05-15,6417.323898994395,6564.764141657831,6417.323898994395,6507.352872870269,541929
2007-05-16,6507.352872870269,6569.693616724508,6437.745451072103,6497.613687239627,470731
2007-05-17,6497.613687239627,6599.473007757945,6497.613687239627,6593.503203856592,392967
2007-05-18,6593.503203856592,7088.425674662463,6593.503203856592,7042.156805293737,391084
2007-05-21,7042.156805293737,7414.332008211813,7042.156805293737,7329.139885682244,456089
2007-05-22,7329.139885682244,7329.139885682244,7167.025252108028,7242.903375886988,623463
2007-05-23,7242.903375886988,7373.0108138997375,7207.202275686801,7276.32537787493,423794
2007-05-24,7276.32537787493,7280.039573819578,7253.436508162505,7255.300585571757,661680
2007-05-25,7255.300585571757,7255.300585571757,7097.559492288126,7131.468148046941,470207
2007-05-28,7131.468148046941,7312.929642811008,7131.468148046941,7223.693232902602,457277
2007-05-29,7223.693232902602,7518.480366936517,7223.693232902602,7462.4590698538905,516119
2007-05-30,7462.4590698538905,7549.754165256754,7380.203020807432,7467.991043546558,437047
2007-05-31,7467.991043546558,7560.339035968152,7356.396082675804,7462.028483703403,562108
2007-06-01,7462.028483703403,7694.106874380462,7462.028483703403,7680.330134188212,576414
2007-06-04,7680.330134188212,7807.26868639041,7680.330134188212,7715.081550458074,480423
2007-06-05,7715.081550458074,7798.592852314403,7647.091076208257,7753.1675705812,666226
2007-06-06,7753.1675705812,7753.1675705812,7531.179881803543,7606.60363308231,648101
2007-06-07,7606.60363308231,7810.524463269012,7606.60363308231,7807.084926068814,359347
2007-06-08,7807.084926068814,8177.388388040197,7807.084926068814,8085.522829623169,464448
2007-06-11,8085.522829623169,8085.522829623169,7780.999162777621,7869.263856920738,420393
2007-06-12,7869.263856920738,7894.660462184023,7864.525470006828,7893.802839660492,495469
2007-06-13,7893.802839660492,8211.262316977824,7893.802839660492,8173.424925354947,449395
2007-06-14,8173.424925354947,8330.881012679098,8173.424925354947,8256.49713758088,577823
2007-06-15,8256.49713758088,8395.987268160678,8252.22782304749,8306.667375125837,589837
2007-06-18,8306.667375125837,8715.835191821101,8306.667375125837,8688.228791486781,498220
2007-06-19,8688.228791486781,8784.201006171135,8688.228791486781,8769.467126945648,608711
2007-06-20,8769.467126945648,8769.467126945648,8598.885243609833,8602.771086380046,640201
2007-06-21,8602.771086380046,8602.771086380046,8116.612274825289,8132.312826500714,533342
2007-06-22,8132.312826500714,8142.489596587904,8093.943937718986,8115.50967397653,572786
2007-06-25,8115.50967397653,8268.419122800578,8115.50967397653,8235.55019560658,325784
2007-06-26,8235.55019560658,8314.683696534996,8227.590705741373,8243.820556621304,542214
2007-06-27,8243.820556621304,8243.820556621304,7936.123399695831,8025.005858985784,706975
2007-06-28,8025.005858985784,8330.094290747042,8025.005858985784,8320.375672694816,571932
2007-06-29,8320.375672694816,8320.375672694816,8051.383683457657,8079.421314044203,343457
2007-07-02,8079.421314044203,8115.646035849864,8046.4619681927425,8096.896763889885,435086
2007-07-03,8096.896763889885,8153.710266021621,8082.50040107645,8142.611499558334,552759
2007-07-04,8142.611499558334,8584.051871030782,8142.611499558334,8492.246288544888,618597
2007-07-05,8492.246288544888,8492.246288544888,8256.21631012281,8338.24783898777,372522
2007-07-06,8338.24783898777,8338.24783898777,8069.875304854516,8165.060214941479,438893
2007-07-09,8165.060214941479,8430.515780064743,8165.060214941479,8396.96992446086,544372
2007-07-10,8396.96992446086,8897.696696838977,8396.96992446086,8853.29320706364,405965
2007-07-11,8853.29320706364,9147.308332054647,8853.29320706364,9092.422406948317,451964
2007-07-12,9092.422406948317,9092.422406948317,8835.48988328501,8922.54828643805,363291
2007-07-13,8922.54828643805,8922.54828643805,8698.608446336608,8711.27620980318,404932
2007-07-16,8711.27620980318,8933.363019794137,8711.27620980318,8808.831191011763,574806
2007-07-17,8808.831191011763,9105.8705722158,8808.831191011763,8981.013589607257,425889
2007-07-18,8981.013589607257,9157.838143694595,8981.013589607257,9077.8439554304,576823
2007-07-19,9077.8439554304,9512.741817425333,9077.8439554304,9404.752447965975,452620
2007-07-20,9404.752447965975,9506.141143129496,9326.484288375437,9453.777749364928,402165
2007-07-23,9453.777749364928,9453.777749364928,9289.77873497973,9393.074063333932,431281
2007-07-24,9393.074063333932,9405.773956237957,9379.213565509395,9394.18892484017,728929
2007-07-25,9394.18892484017,9533.404304051328,9288.069243439897,9397.75568652176,532799
2007-07-26,9397.75568652176,9397.75568652176,9096.117846286179,9145.98644733869,556356
2007-07-27,9145.98644733869,9413.563085849573,9145.98644733869,9334.07809536454,488166
2007-07-30,9334.07809536454,9334.07809536454,8806.569225172505,8831.11202983083,549817
2007-07-31,8831.11202983083,9009.448286400568,8801.843049429612,8902.930930844374,565377
2007-08-01,8902.930930844374,9055.664944213571,8860.973880403342,8970.704470353989,346388
2007-08-02,8970.704470353989,8970.704470353989,8790.680473916495,8793.708133779055,557863
2007-08-03,8793.708133779055,8793.708133779055,8623.909079448253,8671.691246021384,474776
2007-08-06,8671.691246021384,8671.691246021384,8083.056733707131,8192.666947319958,497256
2007-08-07,8192.666947319958,8630.55617150264,8192.666947319958,8611.597208931093,548071
2007-08-08,8611.597208931093,8797.143599211242,8611.597208931093,8782.591611567346,437905
2007-08-09,8782.591611567346,8782.591611567346,8532.511619367966,8553.994278955297,584016
2007-08-10,8553.994278955297,9341.86031492112,8553.994278955297,9236.343931783666,651978
2007-08-13,9236.343931783666,9427.95647654678,9236.343931783666,9291.514064217063,417982
2007-08-14,9291.514064217063,9331.565852684304,9086.193308160528,9223.761032403909,470135
2007-08-15,9223.761032403909,9223.761032403909,8977.337601955705,9026.080285893886,385919
2007-08-16,9026.080285893886,9026.080285893886,8950.679566931385,8961.623182549565,484396
2007-08-17,8961.623182549565,9288.30270293053,8961.623182549565,9201.142880689751,487059
2007-08-20,9201.142880689751,9201.142880689751,8870.756710980884,8903.143932900737,525738
2007-08-21,8903.143932900737,9212.133700862085,8903.143932900737,9082.507742895417,416518
2007-08-22,9082.507742895417,9234.509624094564,9082.507742895417,9121.330185706162,512910
2007-08-23,9121.330185706162,9352.27767589658,9121.330185706162,9304.5500231098,550561
2007-08-24,9304.5500231098,9313.673459051564,9220.064035197225,9270.119759413026,551578
2007-08-27,9270.119759413026,9480.769525639762,9270.119759413026,9436.00455738673,468188
2007-08-28,9436.00455738673,9474.16495846902,9422.154363170393,9436.30098967685,493860
2007-08-29,9436.30098967685,9436.30098967685,9086.35311821458,9164.38578976248,441362
2007-08-30,9164.38578976248,9164.38578976248,8774.900817326317,8855.103609884434,549690
2007-08-31,8855.103609884434,9236.214212501687,8855.103609884434,9146.405157080897,465057
2007-09-03,9146.405157080897,9146.405157080897,8885.884851559053,8978.638693060291,512432
2007-09-04,8978.638693060291,8978.638693060291,8786.993468042303,8837.078223703526,370750
2007-09-05,8837.078223703526,8968.052866088814,8806.512026363107,8882.240653677805,642276
2007-09-06,8882.240653677805,8882.240653677805,8506.87441852158,8563.533645996496,382681
2007-09-07,8563.533645996496,8694.639677644856,8552.23612280399,8614.080929572154,498384
2007-09-10,8614.080929572154,8935.472490187027,8614.080929572154,8828.211846276314,563654
2007-09-11,8828.211846276314,8828.211846276314,8517.060708215378,8603.24455565876,520978
2007-09-12,8603.24455565876,8603.24455565876,8389.84200776931,8445.25572525226,417080
2007-09-13,8445.25572525226,8873.755910981112,8445.25572525226,8820.76991897126,611063
2007-09-14,8820.76991897126,8876.640831237308,8658.93768252648,8777.656321855606,556195
2007-09-17,8777.656321855606,9073.038650338956,8777.656321855606,8982.605936115597,570092
2007-09-18,8982.605936115597,8982.605936115597,8672.396788925724,8763.634046840913,443987
2007-09-19,8763.634046840913,9185.304450910884,8763.634046840913,9069.615109655475,559102
2007-09-20,9069.615109655475,9090.35451352305,9046.641222619668,9063.673054712504,532798
2007-09-21,9063.673054712504,9063.673054712504,8715.944446783971,8811.0263659317,507124
2007-09-24,8811.0263659317,8811.0263659317,8371.495980331938,8496.94005506503,509074
2007-09-25,8496.94005506503,8533.381623326373,8416.53103702065,8492.114828567834,464879
2007-09-26,8492.114828567834,8604.556731196164,8492.114828567834,8567.097212379584,483491
2007-09-27,8567.097212379584,8570.921719579903,8452.591831365975,8485.381839641645,476665
2007-09-28,8485.381839641645,8647.352931991925,8485.381839641645,8627.904025666941,386700
2007-10-01,8627.904025666941,8627.904025666941,8385.774258441445,8417.740027430978,569345
2007-10-02,8417.740027430978,8661.90201466678,8417.740027430978,8544.054609205808,396475
2007-10-03,8544.054609205808,8544.054609205808,8451.825609708589,8461.55871899521,330349
2007-10-04,8461.55871899521,8802.984913015945,8461.55871899521,8780.869244313162,399925
2007-10-05,8780.869244313162,8808.217559960354,8756.997624821968,8790.844984878086,531809
2007-10-08,8790.844984878086,8790.844984878086,8154.134946662714,8262.025905138462,655292
2007-10-09,8262.025905138462,8262.025905138462,7861.888351439063,7962.809059386411,523908
2007-10-10,7962.809059386411,8046.387929616123,7887.35620192926,7954.779121140932,452669
2007-10-11,7954.779121140932,7954.779121140932,7547.885210055274,7598.745997465272,466101
2007-10-12,7598.745997465272,7598.745997465272,7342.517122787776,7352.021215109863,494298
2007-10-15,7352.021215109863,7352.021215109863,7242.372380158533,7250.75189234345,397906
2007-10-16,7250.75189234345,7377.520412368291,7240.850032933695,7335.631862827856,476238
2007-10-17,7335.631862827856,7592.46503498136,7335.631862827856,7524.410158076067,457394
2007-10-18,7524.410158076067,7524.410158076067,7324.660350454237,7391.579227945803,469079
2007-10-19,7391.579227945803,7441.735059503963,7391.579227945803,7415.067545497753,422586
2007-10-22,7415.067545497753,7766.233111869655,7415.067545497753,7694.773782629505,436918
2007-10-23,7694.773782629505,7694.773782629505,7324.615748130507,7346.745497297898,455994
2007-10-24,7346.745497297898,7434.671465946488,7337.572254595557,7389.222058181595,559975
2007-10-25,7389.222058181595,7443.531714128313,7389.222058181595,7430.456804827261,514666
2007-10-26,7430.456804827261,7648.538805754954,7430.456804827261,7612.880404769208,460459
2007-10-29,7612.880404769208,7742.913389037872,7612.880404769208,7676.398225096656,547104
2007-10-30,7676.398225096656,7710.0691056338355,7668.050893996682,7702.4371906992565,499595
2007-10-31,7702.4371906992565,7746.867754121078,7695.861566517163,7728.00166153618,432316
2007-11-01,7728.00166153618,8117.482471426577,7728.00166153618,8101.511374537553,479240
2007-11-02,8101.511374537553,8199.065902546203,8101.511374537553,8195.02638846098,546825
2007-11-05,8195.02638846098,8315.92073431737,8195.02638846098,8311.648706214082,543805
2007-11-06,8311.648706214082,8438.248186337545,8311.648706214082,8382.391884375442,538733
2007-11-07,8382.391884375442,8748.547825334044,8382.391884375442,8743.020209637081,521817
2007-11-08,8743.020209637081,8902.643392749496,8743.020209637081,8807.41990111449,342743
2007-11-09,8807.41990111449,8807.41990111449,8563.46900514541,8656.811315262798,526728
2007-11-12,8656.811315262798,8683.59583959969,8587.793095788677,8613.204122412239,426035
2007-11-13,8613.204122412239,9132.04045809704,8613.204122412239,9033.59977160884,443562
2007-11-14,9033.59977160884,9214.52737008129,9033.59977160884,9173.40649440436,453154
2007-11-15,9173.40649440436,9173.40649440436,8856.07057626105,8923.863395399523,384902
2007-11-16,8923.863395399523,9306.384591111326,8923.863395399523,9297.789376196088,479118
2007-11-19,9297.789376196088,9297.789376196088,9195.314409515,9207.122797790425,544936
2007-11-20,9207.122797790425,9255.104945771704,9168.82965277893,9238.546664122056,352849
2007-11-21,9238.546664122056,9238.546664122056,9055.121031451517,9123.889456073493,443804
2007-11-22,9123.889456073493,9215.956541818883,9123.889456073493,9176.19113281255,427324
2007-11-23,9176.19113281255,9597.172052659675,9176.19113281255,9530.049264825317,591150
2007-11-26,9530.049264825317,9667.956941283886,9530.049264825317,9579.865061380084,568336
2007-11-27,9579.865061380084,9815.513190058093,9579.865061380084,9671.85025788991,506175
2007-11-28,9671.85025788991,9672.422087063216,9458.784027082755,9575.689981782662,426895
2007-11-29,9575.689981782662,9584.565305955924,9359.372192806479,9498.788285671726,508512
2007-11-30,9498.788285671726,9936.301154351837,9498.788285671726,9924.588759911887,309116
2007-12-03,9924.588759911887,9966.262715640223,9768.065914065004,9886.066312510591,414919
2007-12-04,9886.066312510591,9886.066312510591,9571.591252174092,9655.670277744483,527082
2007-12-05,9655.670277744483,9655.670277744483,9510.420137380195,9527.775413492496,520387
2007-12-06,9527.775413492496,9671.098025480322,9500.399907042269,9636.93779951129,574059
2007-12-07,9636.93779951129,9636.93779951129,9409.953342061459,9436.735839187611,430202
2007-12-10,9436.735839187611,9946.399891456385,9436.735839187611,9929.322496795437,573259
2007-12-11,9929.322496795437,10024.344370913012,9909.990581117625,9954.27653948961,427589
2007-12-12,9954.27653948961,10337.0738460064,9954.27653948961,10267.343311464476,575746
2007-12-13,10267.343311464476,10759.93101769589,10267.343311464476,10613.08980159491,611146
2007-12-14,10613.08980159491,10876.533586341498,10565.479717662667,10717.486202622656,621245
2007-12-17,10717.486202622656,10744.249396361698,10577.146153992384,10669.623432677692,471397
2007-12-18,10669.623432677692,11082.619533781883,10669.623432677692,11019.294500781369,526858
2007-12-19,11019.294500781369,11019.294500781369,10617.054330923354,10668.756210529178,477073
2007-12-20,10668.756210529178,10841.956013747355,10668.756210529178,10722.383516242071,531358
2007-12-21,10722.383516242071,10885.961631297789,10722.383516242071,10837.967287719875,538148
2007-12-24,10837.967287719875,10865.776861740298,10674.619447784247,10781.605938014833,560730
2007-12-25,10781.605938014833,10868.203619952435,10781.605938014833,10824.97803221486,572050
2007-12-26,10824.97803221486,11064.778565157134,10824.97803221486,10974.898195575208,564602
2007-12-27,10974.898195575208,10974.898195575208,10486.011827544155,10632.094950723675,571447
2007-12-28,10632.094950723675,10632.094950723675,10556.665243708321,10589.740789244861,520541
2007-12-31,10589.740789244861,10589.740789244861,10337.936109027312,10343.197740806534,540419
2008-01-01,10343.197740806534,10961.325169257816,10343.197740806534,10809.325449611573,590894
2008-01-02,10809.325449611573,11044.15658665355,10809.325449611573,10959.751661208687,478725
2008-01-03,10959.751661208687,11116.863540646747,10822.459597408728,10963.47571161313,304633
2008-01-04,10963.47571161313,11119.428557406842,10927.209940843899,11011.623307042262,562131
2008-01-07,11011.623307042262,11011.623307042262,10884.643602837945,10982.851376764704,549394
2008-01-08,10982.851376764704,11205.823653063455,10982.851376764704,11190.782759220832,519089
2008-01-09,11190.782759220832,11190.782759220832,10755.162870609534,10792.871363085886,519351
2008-01-10,10792.871363085886,10792.871363085886,10539.149778095032,10665.369956173354,444463
2008-01-11,10665.369956173354,10665.369956173354,10573.563458414941,10590.599836283436,459813
2008-01-14,10590.599836283436,10590.599836283436,10429.444917795337,10500.821760115317,596517
2008-01-15,10500.821760115317,10539.917495412496,10469.619055060639,10505.823687263624,693095
2008-01-16,10505.823687263624,10862.896527073884,10505.823687263624,10745.416744901326,461131
2008-01-17,10745.416744901326,11005.51326848251,10745.416744901326,10895.915251509654,439529
2008-01-18,10895.915251509654,11192.874877060021,10895.915251509654,11037.561282276303,462657
2008-01-21,11037.561282276303,11227.851981767615,11006.78896815326,11102.9971366122,437806
2008-01-22,11102.9971366122,11139.241586719116,10947.015204642192,11084.699780963887,550854
2008-01-23,11084.699780963887,11285.254357957743,11084.699780963887,11214.12446118406,478181
2008-01-24,11214.12446118406,11214.12446118406,11038.056523090861,11150.016497167557,581673
2008-01-25,11150.016497167557,11279.9606844171,11150.016497167557,11210.556879759013,396020
2008-01-28,11210.556879759013,11210.556879759013,10880.937608186796,10901.54088421984,522020
2008-01-29,10901.54088421984,10901.54088421984,10597.817428061313,10617.896074418362,643821
2008-01-30,10617.896074418362,10970.171662869281,10617.896074418362,10943.979367702694,475179
2008-01-31,10943.979367702694,11332.344655832025,10943.979367702694,11185.361795044562,466527
2008-02-01,11185.361795044562,11495.528362061823,11185.361795044562,11486.15527183805,392807
2008-02-04,11486.15527183805,11486.15527183805,11201.012276818512,11315.270508502068,431494
2008-02-05,11315.270508502068,11315.270508502068,11232.01982105412,11240.161020341964,512018
2008-02-06,11240.161020341964,11618.506740597331,11240.161020341964,11464.398479969674,423772
2008-02-07,11464.398479969674,11488.77817623119,11330.46456904469,11435.142638416768,427768
2008-02-08,11435.142638416768,11595.054781803063,11327.367193015596,11490.773477122084,413378
2008-02-11,11490.773477122084,11490.773477122084,11251.677588683284,11349.395732596518,574306
2008-02-12,11349.395732596518,11349.395732596518,10888.816206178086,10985.514861845495,602811
2008-02-13,10985.514861845495,11270.827935481995,10985.514861845495,11234.610013563999,487727
2008-02-14,11234.610013563999,11474.595781193604,11234.610013563999,11400.502741759623,417766
2008-02-15,11400.502741759623,11400.502741759623,11235.709721905427,11257.613182385592,456116
2008-02-18,11257.613182385592,11751.647443859465,11257.613182385592,11705.234649406977,629024
2008-02-19,11705.234649406977,12397.100093939922,11705.234649406977,12259.390866319689,495905
2008-02-20,12259.390866319689,12849.37454855185,12259.390866319689,12722.45533995519,585697
2008-02-21,12722.45533995519,12983.838463585504,12675.529142573158,12822.946544477749,438930
2008-02-22,12822.946544477749,12822.946544477749,12515.675966120374,12658.702071126101,528683
2008-02-25,12658.702071126101,12791.056392085266,12522.934696833458,12707.665448520538,568638
2008-02-26,12707.665448520538,13052.649983053381,12697.41851807925,12868.654576435903,460211
2008-02-27,12868.654576435903,12868.654576435903,12444.339267306503,12592.308795061153,599580
2008-02-28,12592.308795061153,12673.561859015384,12358.840700143648,12505.100761453552,512607
2008-02-29,12505.100761453552,12715.91174370987,12476.74582454968,12644.077260222344,428123
2008-03-03,12644.077260222344,13214.265169939923,12644.077260222344,13200.21774526154,531964
2008-03-04,13200.21774526154,13306.151117001535,12990.009238660683,13181.25252521101,553963
2008-03-05,13181.25252521101,13181.25252521101,12992.060687616578,13014.634696363237,645063
2008-03-06,13014.634696363237,13080.8033764583,12805.038006273706,12928.925333404093,523234
2008-03-07,12928.925333404093,13266.536248590415,12928.925333404093,13251.987482114931,408218
2008-03-10,13251.987482114931,13722.02584927961,13251.987482114931,13579.683596138888,546382
2008-03-11,13579.683596138888,13965.889848583518,13579.683596138888,13918.342348442338,554014
2008-03-12,13918.342348442338,14112.232737298737,13899.32716416036,13958.906826240112,468422
2008-03-13,13958.906826240112,14261.807205505937,13958.906826240112,14119.154168553761,463296
2008-03-14,14119.154168553761,14119.154168553761,13472.635478631024,13567.628653937716,586954
2008-03-17,13567.628653937716,14330.095125720665,13567.628653937716,14205.422135165723,608987
2008-03-18,14205.422135165723,14563.956066533547,14205.422135165723,14533.025580066029,406291
2008-03-19,14533.025580066029,14780.2610263102,14533.025580066029,14752.997184633035,361669
2008-03-20,14752.997184633035,15228.039131386151,14752.997184633035,15143.837391495024,550572
2008-03-21,15143.837391495024,15143.837391495024,14332.160895108613,14460.99000905626,496600
2008-03-24,14460.99000905626,14647.192659788758,14427.28625359175,14532.987339349518,391317
2008-03-25,14532.987339349518,14647.020859098033,14425.438871696779,14553.241398156519,609036
2008-03-26,14553.241398156519,15101.094135217916,14553.241398156519,14921.585437326097,596320
2008-03-27,14921.585437326097,14943.63347071076,14640.485967806615,14854.191762930197,453653
2008-03-28,14854.191762930197,15376.957879434083,14854.191762930197,15185.496377325755,533252
2008-03-31,15185.496377325755,15446.731893792847,15133.509560432678,15340.029013823148,605252
2008-04-01,15340.029013823148,15461.459493213813,15208.736896949064,15411.127513782838,448876
2008-04-02,15411.127513782838,15849.717077412428,15411.127513782838,15659.739076195905,597182
2008-04-03,15659.739076195905,15700.609713378304,15372.98335502537,15551.395695573316,516012
2008-04-04,15551.395695573316,15926.170782260493,15551.395695573316,15700.957341786881,448882
2008-04-07,15700.957341786881,15943.04300644281,15700.957341786881,15739.942576616528,405888
2008-04-08,15739.942576616528,15739.942576616528,15385.023794765746,15519.915245370812,508896
2008-04-09,15519.915245370812,15519.915245370812,15375.019187126154,15436.181311952896,648402
2008-04-10,15436.181311952896,15515.415220772047,15301.546073560488,15330.050445421994,584377
2008-04-11,15330.050445421994,15332.409151488844,15106.078004704581,15323.142620930974,549227
2008-04-14,15323.142620930974,15537.341684144929,15323.142620930974,15395.356914602973,605369
2008-04-15,15395.356914602973,15395.356914602973,15217.329945163145,15217.812432494102,422238
2008-04-16,15217.812432494102,15217.812432494102,14968.847958976485,15025.172742569132,414565
2008-04-17,15025.172742569132,15191.437757606629,14942.288453662028,15133.208639906534,572753
2008-04-18,15133.208639906534,15494.48821264239,15133.208639906534,15455.360820506186,488367
2008-04-21,15455.360820506186,15909.8195512247,15455.360820506186,15890.135013816414,546457
2008-04-22,15890.135013816414,16084.356823853932,15717.498830387172,15867.773164472857,485279
2008-04-23,15867.773164472857,15900.491643220312,15593.742825875352,15731.315901653996,648463
2008-04-24,15731.315901653996,15955.045004752765,15662.253007999516,15804.599029317667,495046
2008-04-25,15804.599029317667,16656.542595991858,15804.599029317667,16550.27833029139,491235
2008-04-28,16550.27833029139,16558.691636208907,16406.865911297253,16523.063477997723,572373
2008-04-29,16523.063477997723,16761.85484795549,16523.063477997723,16696.92992831217,555295
2008-04-30,16696.92992831217,17170.790517733632,16696.92992831217,17003.893638635243,600363
2008-05-01,17003.893638635243,17651.726277072205,17003.893638635243,17573.11557657062,630116
2008-05-02,17573.11557657062,18056.259770842225,17573.11557657062,17794.251842706366,602509
2008-05-05,17794.251842706366,17794.251842706366,17417.12179124188,17475.37943369632,526868
2008-05-06,17475.37943369632,17807.923295317574,17475.37943369632,17666.25105556954,622634
2008-05-07,17666.25105556954,18625.534714121804,17666.25105556954,18451.514169091603,529465
2008-05-08,18451.514169091603,19537.923907758355,18451.514169091603,19290.688143931187,501710
2008-05-09,19290.688143931187,20084.790288337736,19290.688143931187,20026.216798466063,515174
2008-05-12,20026.216798466063,20854.568500452602,20026.216798466063,20719.16268455792,375369
2008-05-13,20719.16268455792,20719.16268455792,20147.48827283931,20357.307355730827,459073
2008-05-14,20357.307355730827,20357.307355730827,19569.57362511196,19785.741956954746,425071
2008-05-15,19785.741956954746,19839.993017792436,19557.8519962162,19671.21229526535,553506
2008-05-16,19671.21229526535,19671.21229526535,19418.35440661053,19493.020395578267,400248
2008-05-19,19493.020395578267,20156.88891385334,19493.020395578267,20013.584987976214,447752
2008-05-20,20013.584987976214,20013.584987976214,19450.8022458757,19667.97366689285,446449
2008-05-21,19667.97366689285,19755.67346947771,19486.685468803644,19667.571407138734,585432
2008-05-22,19667.571407138734,19667.571407138734,18786.76294096134,18944.214640725324,525167
2008-05-23,18944.214640725324,19078.68864027297,18917.051502057115,19063.264936709344,375553
2008-05-26,19063.264936709344,19478.844522399788,19063.264936709344,19444.65679631981,393707
2008-05-27,19444.65679631981,19444.65679631981,19008.842263474697,19156.955808039213,600506
2008-05-28,19156.955808039213,19394.83189982627,19033.21417942296,19137.748555186623,504582
2008-05-29,19137.748555186623,19854.750485417095,19137.748555186623,19781.830804755427,711699
2008-05-30,19781.830804755427,19781.830804755427,19558.02986791827,19639.36103513674,462338
2008-06-02,19639.36103513674,19725.535915346234,19548.123934902305,19699.69313024189,526172
2008-06-03,19699.69313024189,19738.883893037397,19607.194571577158,19727.322828061086,573611
2008-06-04,19727.322828061086,19727.322828061086,19286.4155178289,19383.759972861935,545289
2008-06-05,19383.759972861935,19383.759972861935,18563.406970105516,18685.5008461288,569669
2008-06-06,18685.5008461288,18899.691791141235,18471.86492323058,18627.999501975064,501264
2008-06-09,18627.999501975064,18627.999501975064,18315.24593261277,18375.47293797456,494351
2008-06-10,18375.47293797456,18565.736521154966,18221.72981070067,18457.623030278988,645249
2008-06-11,18457.623030278988,18556.232874594447,18293.00213893621,18499.733335377885,529136
2008-06-12,18499.733335377885,19261.695796859407,18499.733335377885,18990.580224333313,507086
2008-06-13,18990.580224333313,19135.097254163345,18778.70947732564,18855.443485572927,543469
2008-06-16,18855.443485572927,19194.54955604541,18750.90113976519,18955.931921088028,381596
2008-06-17,18955.931921088028,19073.48659088681,18921.458479498113,18978.844747786447,558734
2008-06-18,18978.844747786447,18978.844747786447,18320.545532291373,18599.02901517587,403919
2008-06-19,18599.02901517587,18643.668954199937,18297.676676205094,18506.593820613303,541919
2008-06-20,18506.593820613303,18506.593820613303,18198.996550554722,18257.949954170672,462339
2008-06-23,18257.949954170672,18451.714593149318,18119.927881554253,18211.862421772123,499976
2008-06-24,18211.862421772123,18777.37201344104,18211.862421772123,18730.92211001262,478175
2008-06-25,18730.92211001262,18730.92211001262,18091.410410344204,18361.597191000314,466729
2008-06-26,18361.597191000314,18970.971760457764,18361.597191000314,18909.11081445894,459792
2008-06-27,18909.11081445894,19087.116779206874,18888.68512226168,19005.620986926613,434768
2008-06-30,19005.620986926613,19005.620986926613,18216.33387877744,18412.469356043395,438324
2008-07-01,18412.469356043395,18623.953094343335,18333.292828575428,18441.401710356964,320538
2008-07-02,18441.401710356964,18702.717967874876,18343.911460582116,18480.147626100596,597103
2008-07-03,18480.147626100596,18750.3212347475,18480.147626100596,18731.761517153547,467753
2008-07-04,18731.761517153547,18995.932257506633,18731.761517153547,18891.785814062074,482099
2008-07-07,18891.785814062074,19401.932907429986,18891.785814062074,19216.44480514361,408924
2008-07-08,19216.44480514361,19436.93627846354,19092.45839420438,19290.488288515844,485615
2008-07-09,19290.488288515844,20338.65059253128,19290.488288515844,20102.348857695946,350414
2008-07-10,20102.348857695946,20643.304863375368,20102.348857695946,20419.789583635025,461985
2008-07-11,20419.789583635025,21016.24558254315,20419.789583635025,20754.24223407705,556960
2008-07-14,20754.24223407705,21359.584360250374,20754.24223407705,21145.116596995234,605939
2008-07-15,21145.116596995234,21500.02293043415,21145.116596995234,21328.553237433855,504988
2008-07-16,21328.553237433855,21328.553237433855,20920.53952393942,20960.211038377653,532835
2008-07-17,20960.211038377653,20960.211038377653,20595.401701553954,20796.452341764412,481544
2008-07-18,20796.452341764412,20796.452341764412,20351.72722237136,20367.47488101695,541762
2008-07-21,20367.47488101695,20748.9792566391,20175.699931960415,20460.670985237077,426852
2008-07-22,20460.670985237077,20963.426213807146,20460.670985237077,20832.792712946415,580576
2008-07-23,20832.792712946415,21110.32782877096,20832.74569251592,20960.228700907133,719492
2008-07-24,20960.228700907133,21440.836160067385,20960.228700907133,21282.87651135012,477279
2008-07-25,21282.87651135012,21282.87651135012,20289.948532137078,20565.212728681538,578867
2008-07-28,20565.212728681538,20785.704690254803,20506.675549422675,20634.014663186474,425110
2008-07-29,20634.014663186474,21485.350789329383,20634.014663186474,21405.687690848303,443708
2008-07-30,21405.687690848303,21405.687690848303,20900.613678571946,21096.24445724747,497735
2008-07-31,21096.24445724747,21512.026982862444,21096.24445724747,21431.041603974587,480001
2008-08-01,21431.041603974587,22511.15895079172,21431.041603974587,22441.519870245942,594210
2008-08-04,22441.519870245942,22441.519870245942,22059.550968517633,22161.241166894342,453407
2008-08-05,22161.241166894342,22161.241166894342,21755.53702866519,21791.428912136038,518939
2008-08-06,21791.428912136038,21951.723599397228,21572.064340936864,21765.87113364194,525495
2008-08-07,21765.87113364194,21765.87113364194,20843.01627369055,20936.865007996206,504188
2008-08-08,20936.865007996206,21460.790527928322,20936.865007996206,21198.690143829826,473775
2008-08-11,21198.690143829826,21482.841710435496,21006.32043243694,21281.27138191646,485830
2008-08-12,21281.27138191646,21281.27138191646,20863.354652087517,21066.506702574512,517133
2008-08-13,21066.506702574512,21066.506702574512,20681.93020853451,20762.145070736507,518952
2008-08-14,20762.145070736507,21230.768983447822,20762.145070736507,21083.268092935657,427410
2008-08-15,21083.268092935657,21083.268092935657,20573.043319386263,20786.88958819244,551161
2008-08-18,20786.88958819244,20786.88958819244,20321.116767820084,20446.91940974826,636303
2008-08-19,20446.91940974826,20446.91940974826,19466.510250477724,19758.302429504784,560170
2008-08-20,19758.302429504784,20245.704433416835,19735.924000307652,19952.428152646975,531863
2008-08-21,19952.428152646975,19952.428152646975,19780.122672856745,19918.62506137845,513014
2008-08-22,19918.62506137845,19918.62506137845,19176.49706147956,19330.629354766617,506033
2008-08-25,19330.629354766617,20214.372084395156,19330.629354766617,19953.817667185933,488691
2008-08-26,19953.817667185933,19953.817667185933,19162.54694828901,19454.199856905638,595954
2008-08-27,19454.199856905638,20213.35458217475,19454.199856905638,20049.347570359198,617935
2008-08-28,20049.347570359198,20903.032420225958,20049.347570359198,20741.640736937745,512942
2008-08-29,20741.640736937745,20741.640736937745,19911.466647485344,20196.139277598988,481324
2008-09-01,20196.139277598988,20703.82787614171,20196.139277598988,20587.82342765984,488613
2008-09-02,20587.82342765984,20587.82342765984,20361.93487820251,20424.53002291883,513352
2008-09-03,20424.53002291883,20424.53002291883,20045.710889349695,20333.10996435033,425113
2008-09-04,20333.10996435033,20333.10996435033,19576.88254197341,19807.056923398475,632309
2008-09-05,19807.056923398475,19862.899984842257,19532.566326932876,19671.172986156707,392061
2008-09-08,19671.172986156707,20871.478615388027,19671.172986156707,20728.52324082335,586317
2008-09-09,20728.52324082335,20728.52324082335,19798.553442557775,19928.624036165686,514611
2008-09-10,19928.624036165686,20612.86470606702,19928.624036165686,20353.72476937564,634253
2008-09-11,20353.72476937564,20353.72476937564,19671.564655371607,19806.828497058905,628910
2008-09-12,19806.828497058905,20551.984529858626,19806.828497058905,20327.347369894313,510238
2008-09-15,20327.347369894313,20815.033861929063,20327.347369894313,20614.038679030662,420513
2008-09-16,20614.038679030662,20614.038679030662,20356.518780213835,20492.80352931902,509087
2008-09-17,20492.80352931902,20492.80352931902,19732.85370279355,19900.92459999738,542701
2008-09-18,19900.92459999738,20371.134035863193,19900.92459999738,20359.138580772484,578736
2008-09-19,20359.138580772484,20527.619348380733,20183.575782250897,20292.99933005512,429967
2008-09-22,20292.99933005512,20292.99933005512,19449.233428148713,19744.195770906907,459657
2008-09-23,19744.195770906907,20461.13128300839,19744.195770906907,20315.774505234334,545560
2008-09-24,20315.774505234334,20315.774505234334,19990.546413917244,20048.051874951547,403821
2008-09-25,20048.051874951547,20327.206533756373,19964.968679003407,20135.92862903467,442292
2008-09-26,20135.92862903467,20135.92862903467,19884.099723702817,19949.302586159298,403929
2008-09-29,19949.302586159298,19949.302586159298,19647.517334156968,19844.323773004486,444356
2008-09-30,19844.323773004486,20268.249063523355,19844.323773004486,20263.128563393402,510146
2008-10-01,20263.128563393402,20263.128563393402,19744.594968821202,19891.54396511052,602888
2008-10-02,19891.54396511052,20427.184267149503,19891.54396511052,20389.81747543385,533538
2008-10-03,20389.81747543385,20524.348935556573,20163.06228667596,20438.98715566404,581081
2008-10-06,20438.98715566404,20529.275616431343,20160.792616654337,20398.370395739774,442853
2008-10-07,20398.370395739774,21057.458097286148,20398.370395739774,20750.35973941642,507038
2008-10-08,20750.35973941642,20830.15149632351,20674.721731178866,20711.804799166915,563794
2008-10-09,20711.804799166915,21066.43336763792,20711.804799166915,20958.447214833388,571343
2008-10-10,20958.447214833388,20958.447214833388,20745.98248408559,20867.275260035098,445731
2008-10-13,20867.275260035098,21394.96647793969,20867.275260035098,21289.596508067185,600298
2008-10-14,21289.596508067185,21920.092731323322,21289.596508067185,21904.332501460845,504721
2008-10-15,21904.332501460845,22424.97973747605,21904.332501460845,22178.92863102797,541279
2008-10-16,22178.92863102797,22457.013734083623,22178.92863102797,22402.41459040237,379143
2008-10-17,22402.41459040237,22402.41459040237,21301.692619158533,21386.186922623274,481507
2008-10-20,21386.186922623274,21827.627037571106,21386.186922623274,21795.62471404573,481596
2008-10-21,21795.62471404573,21979.07013273756,21525.151568122055,21692.150456043768,654470
2008-10-22,21692.150456043768,21731.360500707073,21647.630392393286,21660.41434970585,629280
2008-10-23,21660.41434970585,21660.41434970585,21180.630752933746,21251.288793223597,529686
2008-10-24,21251.288793223597,22611.030275750167,21251.288793223597,22545.97392748066,417518
2008-10-27,22545.97392748066,22576.563868381345,22026.62574104718,22293.68578806406,503631
2008-10-28,22293.68578806406,22293.68578806406,21823.69107064441,21947.657689950127,718588
2008-10-29,21947.657689950127,22165.83644927725,21687.81523847262,21892.683047487666,591623
2008-10-30,21892.683047487666,23119.920583531788,21892.683047487666,23025.34413282113,556230
2008-10-31,23025.34413282113,23985.51051132131,23025.34413282113,23778.416841520626,464825
2008-11-03,23778.416841520626,24176.525181996698,23778.416841520626,23926.126147191208,517491
2008-11-04,23926.126147191208,24162.783412536675,23747.659571311815,23944.10965230861,455732
2008-11-05,23944.10965230861,24388.665271662703,23944.10965230861,24231.89067721474,470411
2008-11-06,24231.89067721474,24231.89067721474,23696.94229122247,23914.134526966012,579506
2008-11-07,23914.134526966012,25630.67837915598,23914.134526966012,25259.879421380232,394831
2008-11-10,25259.879421380232,25259.879421380232,24378.93193640154,24727.938169029898,578458
2008-11-11,24727.938169029898,25549.460663510345,24727.938169029898,25320.837041604602,456138
2008-11-12,25320.837041604602,25320.837041604602,24989.19647952182,25129.118846718666,411439
2008-11-13,25129.118846718666,25129.118846718666,24124.067339374862,24213.772632480468,508406
2008-11-14,24213.772632480468,24724.183982894916,24201.614197335693,24510.590541516365,413382
2008-11-17,24510.590541516365,24510.590541516365,23673.244395678925,23803.036156633323,395521
2008-11-18,23803.036156633323,23803.036156633323,23269.284629126276,23486.376863343317,360500
2008-11-19,23486.376863343317,23486.376863343317,23290.07770259437,23362.802848709624,474135
2008-11-20,23362.802848709624,23362.802848709624,22303.45065681797,22467.332431745028,549765
2008-11-21,22467.332431745028,22467.332431745028,21513.23626534959,21710.942107075807,555940
2008-11-24,21710.942107075807,21710.942107075807,20954.512492536207,21030.534537246756,488940
2008-11-25,21030.534537246756,21030.534537246756,19865.01338315292,20104.441263531968,443969
2008-11-26,20104.441263531968,20773.877180715503,20104.441263531968,20537.918162707876,428590
2008-11-27,20537.918162707876,20537.918162707876,20269.82913344978,20288.537264996758,373155
2008-11-28,20288.537264996758,20575.147611580098,20233.378565699913,20413.184815118624,515702
2008-12-01,20413.184815118624,20759.162924784494,20413.184815118624,20664.05620653019,600633
2008-12-02,20664.05620653019,20926.02806642467,20644.90708753864,20847.20434042882,518122
2008-12-03,20847.20434042882,20847.20434042882,20724.111560409066,20806.09035255946,475510
2008-12-04,20806.09035255946,20806.09035255946,19937.375975420648,20120.05263390367,622054
2008-12-05,20120.05263390367,20120.05263390367,19631.82997805747,19832.31309828522,496118
2008-12-08,19832.31309828522,20570.63577379307,19832.31309828522,20373.869090838936,446523
2008-12-09,20373.869090838936,20373.869090838936,20024.786011453605,20218.588276751205,552030
2008-12-10,20218.588276751205,20547.022930595478,20050.563417948524,20257.108637324254,392528
2008-12-11,20257.108637324254,20339.903365883038,20198.965759380044,20314.058576973217,380543
2008-12-12,20314.058576973217,20835.873706100414,20314.058576973217,20628.535635285964,443220
2008-12-15,20628.535635285964,21279.828553031613,20628.535635285964,21021.73194895797,603001
2008-12-16,21021.73194895797,22165.208056428073,21021.73194895797,21884.29444548774,585866
2008-12-17,21884.29444548774,21884.29444548774,21439.212233313985,21610.535436328,613974
2008-12-18,21610.535436328,21610.535436328,20803.303464825443,20847.66065197079,525776
2008-12-19,20847.66065197079,20847.66065197079,19773.492745894746,20010.845755718092,468288
2008-12-22,20010.845755718092,21105.567559720508,20010.845755718092,20834.82365747104,406049
2008-12-23,20834.82365747104,20834.82365747104,20227.01975870614,20333.00805313957,515197
2008-12-24,20333.00805313957,20800.853917216013,20290.900225873702,20522.963448012888,453289
2008-12-25,20522.963448012888,20522.963448012888,19824.57302375005,19904.54275251964,558308
2008-12-26,19904.54275251964,20480.666874332215,19904.54275251964,20219.27208762212,391565
2008-12-29,20219.27208762212,20469.350916164338,20110.54773772026,20190.422922571925,478878
2008-12-30,20190.422922571925,20190.422922571925,19554.503639082213,19590.40704025775,475747
2008-12-31,19590.40704025775,19590.40704025775,19096.215822535898,19276.38960727305,561729
2009-01-01,19276.38960727305,19276.38960727305,19044.28988932529,19146.914503406628,437612
2009-01-02,19146.914503406628,20113.974314317275,19146.914503406628,19825.062507705657,465891
2009-01-05,19825.062507705657,20245.49653637147,19825.062507705657,19949.03351197583,590435
2009-01-06,19949.03351197583,19949.03351197583,19638.526841427036,19716.02328661201,433635
2009-01-07,19716.02328661201,20145.019690175985,19716.02328661201,19867.078728121072,469748
2009-01-08,19867.078728121072,20222.95506750728,19852.788099045767,20038.309459733777,476629
2009-01-09,20038.309459733777,20038.309459733777,18951.83390168776,18976.671518501462,268934
2009-01-12,18976.671518501462,18976.671518501462,18329.249460878513,18598.810585693038,502382
2009-01-13,18598.810585693038,18598.810585693038,17814.93231927407,17872.296403639808,591377
2009-01-14,17872.296403639808,17872.296403639808,17435.065490111756,17602.68072864027,440858
2009-01-15,17602.68072864027,17602.68072864027,17406.568973663758,17454.712817494285,488578
2009-01-16,17454.712817494285,17977.875284344176,17454.712817494285,17840.033953775433,441845
2009-01-19,17840.033953775433,17840.033953775433,17470.453359502084,17569.103736763296,540673
2009-01-20,17569.103736763296,18047.606799207682,17569.103736763296,18010.066834731482,470075
2009-01-21,18010.066834731482,18010.066834731482,17407.97666993986,17433.86936027845,517667
2009-01-22,17433.86936027845,17433.86936027845,16906.421652280274,17063.414285651543,497131
2009-01-23,17063.414285651543,17063.414285651543,16514.86576385573,16610.2928664259,387190
2009-01-26,16610.2928664259,17006.385970037103,16610.2928664259,16945.01244960309,519064
2009-01-27,16945.01244960309,16976.86829436989,16668.012922593123,16751.93240914044,615972
2009-01-28,16751.93240914044,17559.08759402618,16751.93240914044,17386.74923390372,665341
2009-01-29,17386.74923390372,18092.958937806427,17386.74923390372,17973.447162591518,581163
2009-01-30,17973.447162591518,18015.545564132517,17705.27087398454,17804.99275785873,497404
2009-02-02,17804.99275785873,17804.99275785873,17451.3370073402,17470.18065563675,574980
2009-02-03,17470.18065563675,17778.715376019558,17470.18065563675,17728.2511846702,526682
2009-02-04,17728.2511846702,17728.2511846702,17200.920527634316,17273.57991501029,374746
2009-02-05,17273.57991501029,17273.57991501029,15965.96354297141,16159.192831020162,555011
2009-02-06,16159.192831020162,16325.502380282735,16099.135106678623,16323.9321349729,598417
2009-02-09,16323.9321349729,16574.493265817473,16323.9321349729,16546.035634331194,495033
2009-02-10,16546.035634331194,16724.63922496968,16546.035634331194,16701.994163271782,562941
2009-02-11,16701.994163271782,17287.799450240716,16701.994163271782,17237.779949900763,344410
2009-02-12,17237.779949900763,17240.901103747357,16966.219001594054,17047.257088350736,583754
2009-02-13,17047.257088350736,17047.257088350736,16803.7711445419,17005.533354471023,659043
2009-02-16,17005.533354471023,17404.533269942975,16961.968654705175,17198.41985398295,379298
2009-02-17,17198.41985398295,17785.524801144278,17198.41985398295,17620.759722304636,415130
2009-02-18,17620.759722304636,18106.188814426194,17620.759722304636,17839.979640813806,449368
2009-02-19,17839.979640813806,18194.925823440146,17839.979640813806,18128.39897295724,520896
2009-02-20,18128.39897295724,18626.186379372753,18128.39897295724,18557.67315695808,410096
2009-02-23,18557.67315695808,19034.89057127062,18557.67315695808,18951.020578585376,609995
2009-02-24,18951.020578585376,19608.83700406147,18951.020578585376,19518.460892774045,265355
2009-02-25,19518.460892774045,19749.408305394758,19518.460892774045,19610.276266377146,397963
2009-02-26,19610.276266377146,20039.280672707104,19610.276266377146,19805.478092197907,511899
2009-02-27,19805.478092197907,20077.27151594981,19672.94197975751,19839.25113721487,432704
2009-03-02,19839.25113721487,20194.986069416387,19839.25113721487,20146.158425924346,493060
2009-03-03,20146.158425924346,21646.134713142506,20146.158425924346,21353.63652805001,589734
2009-03-04,21353.63652805001,22284.26135203731,21353.63652805001,22106.589856330942,573129
2009-03-05,22106.589856330942,23264.87074940295,22106.589856330942,23112.24188561081,447052
2009-03-06,23112.24188561081,23112.24188561081,22062.89547717584,22091.756207242845,462178
2009-03-09,22091.756207242845,22151.206199983848,21600.333142677333,21838.515683844857,492408
2009-03-10,21838.515683844857,22152.732641060586,21736.51793270092,21978.77551013338,490460
2009-03-11,21978.77551013338,22370.659996253627,21935.338916766774,22125.169929779837,419212
2009-03-12,22125.169929779837,22125.169929779837,21408.430444722144,21682.79534595991,430043
2009-03-13,21682.79534595991,21682.79534595991,21542.338039296243,21600.301912241244,641290
2009-03-16,21600.301912241244,22378.243152553812,21600.301912241244,22111.255675905995,600146
2009-03-17,22111.255675905995,22531.2239994881,22044.71451366878,22350.273007065756,528715
2009-03-18,22350.273007065756,22640.83377920243,22350.273007065756,22564.464014689358,328456
2009-03-19,22564.464014689358,22564.464014689358,21575.943643392577,21643.57230530977,606669
2009-03-20,21643.57230530977,22800.908797159314,21643.57230530977,22608.941523630023,603213
2009-03-23,22608.941523630023,23223.73347196922,22608.941523630023,23042.040902819812,486145
2009-03-24,23042.040902819812,23042.040902819812,21788.068503684717,21886.069185903467,568906
2009-03-25,21886.069185903467,21980.469022817586,21548.279268397662,21778.210564427063,656711
2009-03-26,21778.210564427063,21778.210564427063,21234.554532131497,21532.528458691435,559117
2009-03-27,21532.528458691435,22052.54021926747,21532.528458691435,21756.136306544875,382490
2009-03-30,21756.136306544875,21756.136306544875,21402.065184249375,21567.537091546514,455694
2009-03-31,21567.537091546514,21847.84374928786,21464.957128445498,21683.969748530053,617118
2009-04-01,21683.969748530053,21805.966545810756,21441.525172980782,21531.417747846117,565933
2009-04-02,21531.417747846117,22096.977424952238,21531.417747846117,22063.46558050771,477642
2009-04-03,22063.46558050771,22509.6660143568,22052.541712955077,22265.930262237845,354973
2009-04-06,22265.930262237845,22406.704388206796,22055.463488168665,22370.013075753566,536939
2009-04-07,22370.013075753566,22370.013075753566,22025.406128377646,22197.681567157862,540997
2009-04-08,22197.681567157862,22727.390535341052,22197.681567157862,22610.916201768057,492815
2009-04-09,22610.916201768057,22806.383758896987,22521.725689648338,22530.93251690639,452308
2009-04-10,22530.93251690639,22803.542527424997,22327.26817879171,22634.78007478786,538271
2009-04-13,22634.78007478786,23100.297052227415,22634.78007478786,23023.183290462377,381543
2009-04-14,23023.183290462377,23497.134724911302,23023.183290462377,23428.104745825378,548595
2009-04-15,23428.104745825378,23508.360174491525,22987.528925536764,23319.80061177341,478237
2009-04-16,23319.80061177341,23319.80061177341,22743.909830339628,22903.26558821335,547425
2009-04-17,22903.26558821335,22903.26558821335,22146.606994396345,22180.577356164573,382855
2009-04-20,22180.577356164573,22589.230307629005,22180.577356164573,22572.255088040707,400193
2009-04-21,22572.255088040707,22572.255088040707,20670.0276684244,20799.875757110884,464276
2009-04-22,20799.875757110884,20799.875757110884,19811.09494617657,19887.486909452553,434131
2009-04-23,19887.486909452553,20098.88982734123,19887.486909452553,20060.430691860114,571056
2009-04-24,20060.430691860114,20060.430691860114,19463.194745274446,19700.976128279854,557741
2009-04-27,19700.976128279854,19700.976128279854,19382.796588867397,19450.90327326692,618428
2009-04-28,19450.90327326692,19571.15450248907,19450.90327326692,19519.809503041717,617502
2009-04-29,19519.809503041717,20050.745571564756,19519.809503041717,19853.797508757696,406186
2009-04-30,19853.797508757696,20512.054903669505,19853.797508757696,20506.659685116058,698511
2009-05-01,20506.659685116058,20593.370681380817,20270.46913203181,20342.465448967676,511481
2009-05-04,20342.465448967676,20342.465448967676,19849.24887424615,19925.288627364454,518227
2009-05-05,19925.288627364454,20487.376950733724,19925.288627364454,20318.994257628045,385371
2009-05-06,20318.994257628045,20667.639317750003,20318.994257628045,20450.678384521092,521775
2009-05-07,20450.678384521092,20450.678384521092,18766.681264387033,19017.064271741976,449601
2009-05-08,19017.064271741976,19017.064271741976,18297.609791706825,18529.548610758276,522426
2009-05-11,18529.548610758276,19175.233167206203,18529.548610758276,19166.99794908629,450925
2009-05-12,19166.99794908629,20115.189614358984,19166.99794908629,20071.094932702916,482005
2009-05-13,20071.094932702916,20594.186961004718,20071.094932702916,20587.966419749057,559213
2009-05-14,20587.966419749057,21194.06613051008,20587.966419749057,21104.226569462604,495502
2009-05-15,21104.226569462604,21856.781627838893,21104.226569462604,21713.182992589256,493497
2009-05-18,21713.182992589256,21713.182992589256,21224.714438822823,21382.814707812355,426181
2009-05-19,21382.814707812355,21382.814707812355,19323.45695348144,19487.43241672687,338245
2009-05-20,19487.43241672687,19720.23758473667,19479.427642257564,19594.289247482237,585464
2009-05-21,19594.289247482237,19594.289247482237,19025.403278871425,19311.99535584755,499071
2009-05-22,19311.99535584755,20132.4701157114,19311.99535584755,20111.708954145623,451528
2009-05-25,20111.708954145623,20316.156902505605,19981.696833188096,20200.996784155544,406971
2009-05-26,20200.996784155544,20651.539234343723,20200.996784155544,20613.622043018026,536600
2009-05-27,20613.622043018026,20688.486164483944,20268.475578055382,20542.341962506936,735632
2009-05-28,20542.341962506936,21043.634187329,20542.341962506936,20778.107786294164,295669
2009-05-29,20778.107786294164,20778.107786294164,20159.296299925572,20345.49752109644,399787
2009-06-01,20345.49752109644,20708.528505383645,20213.44791892321,20426.60426441115,496757
2009-06-02,20426.60426441115,21153.04581616285,20426.60426441115,21013.511840135834,608447
2009-06-03,21013.511840135834,21473.29097496534,21013.511840135834,21241.047306219894,505795
2009-06-04,21241.047306219894,21241.047306219894,21075.08347472276,21084.325105209766,400507
2009-06-05,21084.325105209766,21084.325105209766,20677.93690569908,20749.77022774196,457384
2009-06-08,20749.77022774196,20749.77022774196,19712.522099822025,19867.84075427381,561393
2009-06-09,19867.84075427381,19867.84075427381,19545.981019497747,19548.430701745863,516936
2009-06-10,19548.430701745863,19548.430701745863,18976.821092669357,19026.745452886782,553356
2009-06-11,19026.745452886782,20935.275839730115,19026.745452886782,20692.48296187158,522037
2009-06-12,20692.48296187158,21631.6469025353,20692.48296187158,21556.155287020465,500090
2009-06-15,21556.155287020465,22291.3743311429,21556.155287020465,21988.66311222163,532457
2009-06-16,21988.66311222163,22523.922104252422,21988.66311222163,22302.265134975056,548466
2009-06-17,22302.265134975056,22712.81252604223,22302.265134975056,22557.953070394975,489183
2009-06-18,22557.953070394975,22557.953070394975,21811.310827355763,21859.95531418035,562857
2009-06-19,21859.95531418035,22001.79684326763,21536.21903626063,21752.87519620829,465836
2009-06-22,21752.87519620829,21958.109279039745,21394.39801725832,21693.90059649148,465641
2009-06-23,21693.90059649148,22440.776482471632,21693.90059649148,22303.901623552687,492931
2009-06-24,22303.901623552687,22950.323872898683,22303.901623552687,22642.283348062083,642090
2009-06-25,22642.283348062083,22669.806746190487,22343.912874506954,22451.28547781318,558495
2009-06-26,22451.28547781318,22480.809140453795,22007.909633522682,22294.491664937454,547179
2009-06-29,22294.491664937454,22629.59156187586,22294.491664937454,22556.687435080512,512585
2009-06-30,22556.687435080512,22713.796428467038,22316.10261477765,22494.203271298644,520172
2009-07-01,22494.203271298644,22494.203271298644,21868.55386438736,22147.31248663252,346606
2009-07-02,22147.31248663252,22147.31248663252,21249.686500265678,21312.167435369764,563583
2009-07-03,21312.167435369764,21312.167435369764,20754.88558651094,20899.80777361714,463879
2009-07-06,20899.80777361714,22479.40045027659,20899.80777361714,22207.776315008843,381796
2009-07-07,22207.776315008843,22546.85395940861,22143.285044598724,22388.76988241359,650639
2009-07-08,22388.76988241359,22571.078634925205,22388.76988241359,22459.77627943972,536647
2009-07-09,22459.77627943972,22459.77627943972,22034.65002663178,22147.37921891272,479427
2009-07-10,22147.37921891272,22593.036227513618,22147.37921891272,22371.80784427383,466997
2009-07-13,22371.80784427383,22371.80784427383,21759.83579265242,22051.947816305674,622947
2009-07-14,22051.947816305674,23971.785051561368,22051.947816305674,23876.733359110727,502083
2009-07-15,23876.733359110727,23918.60635010361,23306.604902931867,23643.589480799794,575983
2009-07-16,23643.589480799794,23999.241109914976,23569.71978041118,23748.50411414817,308871
2009-07-17,23748.50411414817,24623.146925806534,23748.50411414817,24606.973549269926,667579
2009-07-20,24606.973549269926,25398.495939171662,24606.973549269926,25047.123210380425,618943
2009-07-21,25047.123210380425,25124.589556498562,24762.301378163953,24799.386687845057,399308
2009-07-22,24799.386687845057,24799.386687845057,23732.522081651667,23920.921983852935,396342
2009-07-23,23920.921983852935,24230.36348708464,23920.921983852935,24108.142367616612,549729
2009-07-24,24108.142367616612,24712.72902766878,24108.142367616612,24462.09822799991,506534
2009-07-27,24462.09822799991,25716.025174910654,24462.09822799991,25699.65724370653,557841
2009-07-28,25699.65724370653,25699.65724370653,24792.968347275855,25037.554026627346,479270
2009-07-29,25037.554026627346,25353.67835958631,25004.46348696367,25073.070341571023,585190
2009-07-30,25073.070341571023,25537.6079443611,25073.070341571023,25280.609765429945,418392
2009-07-31,25280.609765429945,25718.08347904353,25187.18229080879,25402.068374715287,453177
2009-08-03,25402.068374715287,25402.068374715287,24689.388165130436,25006.428324556928,493917
2009-08-04,25006.428324556928,25506.322889456,25006.428324556928,25373.03530153662,390762
2009-08-05,25373.03530153662,25972.67508037031,25373.03530153662,25766.171197324657,656084
2009-08-06,25766.171197324657,26489.111853632974,25766.171197324657,26368.793755887942,528682
2009-08-07,26368.793755887942,26423.92341828025,26291.06793546873,26398.118379504365,392748
2009-08-10,26398.118379504365,27141.55267843545,26398.118379504365,26753.2289120913,556507
2009-08-11,26753.2289120913,27028.288600530846,26466.778290041286,26679.1396654259,638364
2009-08-12,26679.1396654259,27172.560571845817,26677.303260438573,26914.09111323344,596190
2009-08-13,26914.09111323344,27035.47063040886,26406.39651188167,26767.56805768168,586820
2009-08-14,26767.56805768168,26767.56805768168,25694.854270128893,25696.800995068068,669850
2009-08-17,25696.800995068068,26660.93951766109,25696.800995068068,26397.13608808257,436070
2009-08-18,26397.13608808257,27191.838992871228,26397.13608808257,27067.138240985387,497210
2009-08-19,27067.138240985387,27067.138240985387,26284.191658668653,26400.916837090695,536688
2009-08-20,26400.916837090695,26520.684460561406,26135.474742566814,26406.014252801928,507875
2009-08-21,26406.014252801928,26916.353791728314,26406.014252801928,26664.137456507746,462462
2009-08-24,26664.137456507746,26780.772334954894,26300.621981622553,26465.07700353803,540808
2009-08-25,26465.07700353803,26465.07700353803,25568.88256923572,25776.547027938137,462718
2009-08-26,25776.547027938137,25776.547027938137,25684.054027360817,25705.271240632846,481201
2009-08-27,25705.271240632846,25705.271240632846,24541.334384598802,24904.238799291263,431268
2009-08-28,24904.238799291263,24904.238799291263,24276.513567123522,24492.373308548387,441997
2009-08-31,24492.373308548387,25173.15442461159,24492.373308548387,24875.03662469154,396267
2009-09-01,24875.03662469154,24875.03662469154,24172.425098538453,24444.505324005957,680602
2009-09-02,24444.505324005957,24485.909827532905,24285.42689657319,24446.034585012596,487524
2009-09-03,24446.034585012596,24815.508433575724,24446.034585012596,24627.404671565433,438955
2009-09-04,24627.404671565433,24766.996011084444,24443.80309347215,24678.6440339553,552053
2009-09-07,24678.6440339553,25032.83554805275,24648.804422125413,24782.09867490202,386636
2009-09-08,24782.09867490202,24782.09867490202,24218.266083063132,24269.92650903933,421996
2009-09-09,24269.92650903933,24269.92650903933,23783.85302834847,24091.948860395103,522438
2009-09-10,24091.948860395103,24293.02067170377,24091.948860395103,24203.361613712095,473779
2009-09-11,24203.361613712095,25147.03974648768,24203.361613712095,24962.202761238626,484289
2009-09-14,24962.202761238626,25508.21285570469,24962.202761238626,25415.132621885543,568688
2009-09-15,25415.132621885543,26134.78659845089,25415.132621885543,26108.01855538368,584245
2009-09-16,26108.01855538368,26258.55952798303,26021.059149482215,26143.23316387636,583725
2009-09-17,26143.23316387636,26143.23316387636,24669.42895883408,25031.892054988122,590701
2009-09-18,25031.892054988122,25697.0171753844,25031.892054988122,25668.639193170664,547041
2009-09-21,25668.639193170664,25741.692986530048,25281.049221955374,25525.552301741947,597654
2009-09-22,25525.552301741947,26036.802191028615,25525.552301741947,25874.400349124775,387189
2009-09-23,25874.400349124775,25874.400349124775,24863.17618542107,25184.922982903856,364746
2009-09-24,25184.922982903856,26795.774875517684,25184.922982903856,26679.70032976897,443724
2009-09-25,26679.70032976897,28283.624690178764,26679.70032976897,27909.6642475157,464328
2009-09-28,27909.6642475157,27909.6642475157,27228.962724786525,27293.56901601893,395605
2009-09-29,27293.56901601893,27293.56901601893,25577.294798375668,25646.81038428834,510258
2009-09-30,25646.81038428834,25646.81038428834,25262.316362878995,25521.147266086202,489290
2009-10-01,25521.147266086202,25521.147266086202,25347.077103684496,25381.867158830275,361350
2009-10-02,25381.867158830275,26203.416750116296,25381.867158830275,26050.591910014085,590577
2009-10-05,26050.591910014085,26710.09957866306,26050.591910014085,26569.49050016489,520172
2009-10-06,26569.49050016489,26636.60075490495,26268.627987768105,26370.85761983446,488626
2009-10-07,26370.85761983446,26682.53319072897,25943.66418034055,26327.69414677821,506956
2009-10-08,26327.69414677821,26624.220417576194,26146.312049322627,26301.92016678311,550965
2009-10-09,26301.92016678311,26301.92016678311,25495.859818304954,25783.778343578433,326321
2009-10-12,25783.778343578433,26691.848945691585,25783.778343578433,26337.529866125522,585284
2009-10-13,26337.529866125522,27546.8722151636,26337.529866125522,27447.443210185203,379215
2009-10-14,27447.443210185203,27447.443210185203,26684.853691188728,27054.335718212325,416853
2009-10-15,27054.335718212325,27054.335718212325,26500.921740721376,26583.76510680689,412028
2009-10-16,26583.76510680689,26583.76510680689,25108.195423245197,25474.579868317327,507130
2009-10-19,25474.579868317327,25635.179413973558,25218.553711739838,25298.724251802705,639365
2009-10-20,25298.724251802705,25298.724251802705,24402.26663219343,24650.12254618538,492477
2009-10-21,24650.12254618538,24650.12254618538,23566.75026598486,23906.744053376744,617818
2009-10-22,23906.744053376744,23906.744053376744,23428.64476087996,23516.00548355374,506575
2009-10-23,23516.00548355374,23568.919439462898,23270.966688450004,23316.18106284563,570560
2009-10-26,23316.18106284563,23819.572481494353,23316.18106284563,23658.56874309426,481916
2009-10-27,23658.56874309426,23658.56874309426,22656.198972440343,22814.90359265599,461091
2009-10-28,22814.90359265599,23470.706150808448,22814.90359265599,23217.885649189688,669241
2009-10-29,23217.885649189688,23517.54280823155,23010.667073432945,23296.28856978748,623707
2009-10-30,23296.28856978748,23439.40337806831,23045.053668703462,23234.36607379482,522864
2009-11-02,23234.36607379482,23234.36607379482,22450.67781997971,22752.579179609755,581281
2009-11-03,22752.579179609755,22752.579179609755,21568.786921481424,21795.948368233134,324172
2009-11-04,21795.948368233134,21795.948368233134,20939.494844959936,21110.8828865766,422985
2009-11-05,21110.8828865766,21724.847389533985,21110.8828865766,21644.744263460878,272865
2009-11-06,21644.744263460878,22852.07376888482,21644.744263460878,22577.299684353555,434791
2009-11-09,22577.299684353555,24170.1705717458,22577.299684353555,23941.04227750321,421634
2009-11-10,23941.04227750321,24621.244961773995,23941.04227750321,24418.474956683745,498434
2009-11-11,24418.474956683745,24418.474956683745,23153.327130394304,23316.296617570086,320248
2009-11-12,23316.296617570086,23316.296617570086,22762.56097538376,22957.71431543345,506621
2009-11-13,22957.71431543345,22957.71431543345,22348.480996428323,22669.145662913448,395491
2009-11-16,22669.145662913448,22871.90595354793,22669.145662913448,22835.011420462215,385442
2009-11-17,22835.011420462215,23032.341905386464,22690.586099301305,22842.256967273323,430748
2009-11-18,22842.256967273323,23387.671044618866,22842.256967273323,23315.381560998427,447781
2009-11-19,23315.381560998427,23315.381560998427,22311.615038028092,22429.308049780488,456382
2009-11-20,22429.308049780488,22429.308049780488,21483.146332575492,21509.553970334888,630242
2009-11-23,21509.553970334888,21856.928595946745,21509.553970334888,21743.016645736294,398531
2009-11-24,21743.016645736294,21860.83236225683,21743.016645736294,21839.184623754638,578586
2009-11-25,21839.184623754638,21839.184623754638,21415.98588152925,21444.83768645731,407259
2009-11-26,21444.83768645731,22250.65771853743,21444.83768645731,22076.69591821228,435024
2009-11-27,22076.69591821228,22076.69591821228,20738.414917262406,21026.200679523852,598530
2009-11-30,21026.200679523852,21382.457959991396,21026.200679523852,21256.01267819608,653024
2009-12-01,21256.01267819608,21412.733644777516,21130.752058966198,21226.782627245393,488540
2009-12-02,21226.782627245393,21297.04085852642,20900.9745913794,21191.627201789903,468118
2009-12-03,21191.627201789903,22328.577620648004,21191.627201789903,22031.10705839794,546933
2009-12-04,22031.10705839794,22094.72500280154,21896.282210717985,21903.570442867232,522632
2009-12-07,21903.570442867232,22105.334491852096,21899.151760543624,22029.149682470226,573602
2009-12-08,22029.149682470226,22803.788461014417,22029.149682470226,22540.1257407861,415832
2009-12-09,22540.1257407861,22810.762116974507,22530.93904815207,22676.102620212994,448850
2009-12-10,22676.102620212994,23471.68373903103,22676.102620212994,23180.454106555917,513640
2009-12-11,23180.454106555917,23656.886032942715,23158.801667869782,23392.858341391995,574764
2009-12-14,23392.858341391995,23400.492752327846,23269.55218443174,23319.22236268398,565295
2009-12-15,23319.22236268398,23622.630909904696,23319.22236268398,23344.040397412296,542334
2009-12-16,23344.040397412296,24899.56769341573,23344.040397412296,24613.497445026973,334925
2009-12-17,24613.497445026973,24996.726042818165,24385.478519814314,24655.997648686454,617136
2009-12-18,24655.997648686454,24655.997648686454,24217.861592149635,24267.40675920052,368293
2009-12-21,24267.40675920052,24267.40675920052,24007.943990112697,24107.184041337387,444038
2009-12-22,24107.184041337387,24407.148798529975,23903.590411562636,24194.287468443734,421858
2009-12-23,24194.287468443734,24199.262773315284,23910.960344760617,24120.8544086287,331421
2009-12-24,24120.8544086287,24120.8544086287,23373.67667607304,23520.769413052083,580532
2009-12-25,23520.769413052083,23520.769413052083,23185.61500706364,23488.31596847904,557709
2009-12-28,23488.31596847904,23736.53457452183,23488.31596847904,23683.204164346815,515126
2009-12-29,23683.204164346815,24639.04963363347,23683.204164346815,24286.138216045743,534786
2009-12-30,24286.138216045743,24286.138216045743,23103.7887800293,23451.781920258956,451900
2009-12-31,23451.781920258956,23949.586287533042,23419.88192224894,23698.83071508244,407618
2010-01-01,23698.83071508244,24127.141729967883,23480.744158072,23835.75589816502,466310
2010-01-04,23835.75589816502,24137.1953386357,23835.75589816502,24085.48759666436,466487
2010-01-05,24085.48759666436,24398.670745490435,23840.925008544385,24056.527275176322,551418
2010-01-06,24056.527275176322,24056.527275176322,23372.908802175385,23413.076882059264,601828
2010-01-07,23413.076882059264,24185.985527819215,23413.076882059264,24022.170438014145,503535
2010-01-08,24022.170438014145,24696.174918686003,24022.170438014145,24556.323949795853,411986
2010-01-11,24556.323949795853,24556.323949795853,23782.347024170416,23943.579271702758,492648
2010-01-12,23943.579271702758,23943.579271702758,23073.057469007752,23395.675763935626,495069
2010-01-13,23395.675763935626,24377.965417223768,23395.675763935626,24134.088335772827,547528
2010-01-14,24134.088335772827,24134.088335772827,22946.025295354822,23089.430231979768,466822
2010-01-15,23089.430231979768,23640.266472105537,23089.430231979768,23588.958158135996,585233
2010-01-18,23588.958158135996,24528.816418430244,23588.958158135996,24231.094250105518,598719
2010-01-19,24231.094250105518,25429.82292658641,24231.094250105518,25193.81743812487,545454
2010-01-20,25193.81743812487,25193.81743812487,24433.675088170166,24517.92357988602,455105
2010-01-21,24517.92357988602,25765.643418798285,24517.92357988602,25436.620147481164,570157
2010-01-22,25436.620147481164,26773.58455189477,25436.620147481164,26419.549755609918,433434
2010-01-25,26419.549755609918,26821.59559312307,26354.19996716249,26648.56324939892,410398
2010-01-26,26648.56324939892,26648.56324939892,25494.706896407926,25821.85994336861,569597
2010-01-27,25821.85994336861,26499.050664629853,25821.85994336861,26218.48345590159,578489
2010-01-28,26218.48345590159,26635.857425090166,26218.48345590159,26429.42001115986,439246
2010-01-29,26429.42001115986,26429.42001115986,25454.80273606322,25560.22761492299,545626
2010-02-01,25560.22761492299,25560.22761492299,24150.756141857553,24425.118260608844,427600
2010-02-02,24425.118260608844,24425.118260608844,23812.406986422928,23949.379062277032,379399
2010-02-03,23949.379062277032,24033.751914167904,23859.290343307643,23989.37788442636,536813
2010-02-04,23989.37788442636,24445.153923149694,23989.37788442636,24327.953885409563,546993
2010-02-05,24327.953885409563,24327.953885409563,23258.692977518684,23542.526761033827,598971
2010-02-08,23542.526761033827,23856.876612256765,23289.133766337458,23590.03034759599,621861
2010-02-09,23590.03034759599,23590.03034759599,23271.92686173092,23410.714762984142,489458
2010-02-10,23410.714762984142,23514.703181851804,23116.601778952518,23212.443106626637,588921
2010-02-11,23212.443106626637,23212.443106626637,22795.96275937832,22940.457720536135,555967
2010-02-12,22940.457720536135,23008.31074030036,22700.379357905967,22897.232195430082,526689
2010-02-15,22897.232195430082,23049.763262715027,22747.917450183464,22917.15876484403,520392
2010-02-16,22917.15876484403,22917.15876484403,22271.566628415672,22304.588759547434,413682
2010-02-17,22304.588759547434,22911.518721034943,22304.588759547434,22816.899381833562,433395
2010-02-18,22816.899381833562,22816.899381833562,22698.84282460295,22725.99002222193,535316
2010-02-19,22725.99002222193,23683.681021787288,22725.99002222193,23378.280459979018,320699
2010-02-22,23378.280459979018,23378.280459979018,22935.599857285422,23189.784066641012,555118
2010-02-23,23189.784066641012,23189.784066641012,22739.45893193136,22796.936514731697,626965
2010-02-24,22796.936514731697,22796.936514731697,22014.39015603463,22238.048253250163,571093
2010-02-25,22238.048253250163,22895.557954152522,22238.048253250163,22570.027411369996,467258
2010-02-26,22570.027411369996,22570.027411369996,21453.4751758678,21678.328474619862,391859
2010-03-01,21678.328474619862,21678.328474619862,21103.415769742416,21255.823961377035,330339
2010-03-02,21255.823961377035,21372.015504568157,21072.230033409567,21167.414271384718,509732
2010-03-03,21167.414271384718,21167.414271384718,20523.717029034247,20624.842374098676,454922
2010-03-04,20624.842374098676,20836.159717589548,20454.445755813093,20684.870304768694,508325
2010-03-05,20684.870304768694,20903.453852196842,20684.870304768694,20899.42385005021,505999
2010-03-08,20899.42385005021,20899.42385005021,20615.839226640248,20661.02531318061,485390
2010-03-09,20661.02531318061,20661.02531318061,20239.1873100853,20497.82624024125,402695
2010-03-10,20497.82624024125,20497.82624024125,20301.94126321818,20467.66312649929,626086
2010-03-11,20467.66312649929,22055.397310491448,20467.66312649929,21998.66365325446,611670
2010-03-12,21998.66365325446,21998.66365325446,21157.447554853774,21468.838608680115,498157
2010-03-15,21468.838608680115,22805.206769567165,21468.838608680115,22503.29531592633,513118
2010-03-16,22503.29531592633,22503.29531592633,21910.01709500324,21976.46474487738,353464
2010-03-17,21976.46474487738,22733.012455163167,21976.46474487738,22532.31359941288,506045
2010-03-18,22532.31359941288,22548.117752058053,21997.123854104444,22278.095092153904,527391
2010-03-19,22278.095092153904,22714.150418507576,22205.88220771196,22379.201330516964,385895
2010-03-22,22379.201330516964,23513.18114341946,22379.201330516964,23445.152295486816,565494
2010-03-23,23445.152295486816,23445.152295486816,22960.325536119533,23218.930621656087,425690
2010-03-24,23218.930621656087,23888.6633065474,23218.930621656087,23885.99946040862,508205
2010-03-25,23885.99946040862,24516.792085399982,23885.99946040862,24241.85902586297,608592
2010-03-26,24241.85902586297,24469.64039383006,24130.538885823982,24389.963806941796,535940
2010-03-29,24389.963806941796,24389.963806941796,23936.03769129224,24184.61683463761,513379
2010-03-30,24184.61683463761,24669.381761100998,24184.61683463761,24338.025054092064,536819
2010-03-31,24338.025054092064,24508.403353840687,24032.609687880333,24240.159670233817,382800
2010-04-01,24240.159670233817,24240.159670233817,23703.586895623816,23859.572925104272,485844
2010-04-02,23859.572925104272,25022.624928107012,23859.572925104272,24669.586212178307,551506
2010-04-05,24669.586212178307,25249.79023689238,24669.586212178307,25036.589580777232,500403
2010-04-06,25036.589580777232,25882.897945042543,25036.589580777232,25614.716799014357,540758
2010-04-07,25614.716799014357,26323.352351182715,25614.716799014357,26012.059537803583,483061
2010-04-08,26012.059537803583,27033.222578212935,26012.059537803583,26663.041905789934,493860
2010-04-09,26663.041905789934,26663.041905789934,26125.036126216306,26234.98726684113,476458
2010-04-12,26234.98726684113,26346.463148160972,25874.50281190263,26117.07129413475,632578
2010-04-13,26117.07129413475,27129.70600910418,26117.07129413475,26877.21920917082,508223
2010-04-14,26877.21920917082,27407.151978723876,26764.447110153065,27006.37930560962,695611
2010-04-15,27006.37930560962,27006.37930560962,26355.290419093537,26378.11275448202,546891
2010-04-16,26378.11275448202,26713.472643139838,26311.77178922171,26632.945846418286,658269
2010-04-19,26632.945846418286,27010.127987637625,26505.20728297001,26869.09236760095,532290
2010-04-20,26869.09236760095,27076.8811562112,26869.09236760095,27072.275841625506,444937
2010-04-21,27072.275841625506,28464.849111916927,27072.275841625506,28262.957672879355,514868
2010-04-22,28262.957672879355,29048.147331221015,28262.957672879355,28993.218509722734,550950
2010-04-23,28993.218509722734,29920.739232740863,28993.218509722734,29487.75988419164,482608
2010-04-26,29487.75988419164,30617.126265079467,29487.75988419164,30477.537355735385,343288
2010-04-27,30477.537355735385,30626.625911982643,30477.537355735385,30607.98859549275,454454
2010-04-28,30607.98859549275,32226.187024209295,30607.98859549275,32036.553186167414,359283
2010-04-29,32036.553186167414,32036.553186167414,31364.64891072275,31606.341525153526,404075
2010-04-30,31606.341525153526,31841.258119535363,31310.657232476744,31731.492236747385,595632
2010-05-03,31731.492236747385,32304.025461372763,31731.492236747385,31964.450154896385,550433
2010-05-04,31964.450154896385,32504.62600922101,31964.450154896385,32417.319666882533,592469
2010-05-05,32417.319666882533,32567.30429498279,31771.50508118135,32165.70645896712,489194
2010-05-06,32165.70645896712,32589.62030168475,31758.92642578943,32178.6469539949,526336
2010-05-07,32178.6469539949,33147.21054090853,32178.6469539949,32953.419908976095,475169
2010-05-10,32953.419908976095,33397.02500945997,32565.61557611808,32982.69107573533,399449
2010-05-11,32982.69107573533,32982.69107573533,32001.031357081265,32323.476867231006,528264
2010-05-12,32323.476867231006,32323.476867231006,30200.883213507514,30386.117865369943,512442
2010-05-13,30386.117865369943,31858.415449146436,30386.117865369943,31653.72513067531,540698
2010-05-14,31653.72513067531,32726.90740418525,31653.72513067531,32670.086684832826,402851
2010-05-17,32670.086684832826,32713.454734440955,32301.681405842977,32499.956045701914,521566
2010-05-18,32499.956045701914,33462.81377027449,32499.956045701914,33416.61079066721,543283
2010-05-19,33416.61079066721,34211.08799516571,33416.61079066721,34043.95597520458,445083
2010-05-20,34043.95597520458,35011.09197883067,34043.95597520458,34872.30650774354,508720
2010-05-21,34872.30650774354,34872.30650774354,33480.6122989837,33904.98536766401,570703
2010-05-24,33904.98536766401,35756.435640313124,33904.98536766401,35290.27327113822,733527
2010-05-25,35290.27327113822,35290.27327113822,33899.6298244958,34357.6162990743,465979
2010-05-26,34357.6162990743,35658.990096573616,34357.6162990743,35197.004632004064,565645
2010-05-27,35197.004632004064,36085.943286456706,35197.004632004064,35816.21374272589,606712
2010-05-28,35816.21374272589,36040.22656192901,35158.89767040664,35620.18540518325,382301
2010-05-31,35620.18540518325,35949.60673622726,35113.99097922525,35552.89785895486,599506
2010-06-01,35552.89785895486,35552.89785895486,34986.094876534466,35137.63667260731,375471
2010-06-02,35137.63667260731,35137.63667260731,33369.04071447861,33741.06972280198,400310
2010-06-03,33741.06972280198,33741.06972280198,31656.541755416954,31915.085151819738,448942
2010-06-04,31915.085151819738,32261.513429249615,31840.682025499762,32144.77335372657,422430
2010-06-07,32144.77335372657,33053.70442822739,32144.77335372657,32621.507423781255,493908
2010-06-08,32621.507423781255,33280.60547736031,32621.507423781255,33192.11909289158,563079
2010-06-09,33192.11909289158,33800.55241502822,33192.11909289158,33444.987253921325,650354
2010-06-10,33444.987253921325,35013.477374890484,33444.987253921325,34847.43975674186,530880
2010-06-11,34847.43975674186,34967.90928103756,34421.11894266159,34575.01143243034,523501
2010-06-14,34575.01143243034,34575.01143243034,33892.01108228155,34326.88823520532,420110
2010-06-15,34326.88823520532,35187.35586171903,34326.88823520532,35142.55319516553,599133
2010-06-16,35142.55319516553,35142.55319516553,34276.151794760764,34462.348192001715,516726
2010-06-17,34462.348192001715,34935.85796577362,34462.348192001715,34864.67106246951,330197
2010-06-18,34864.67106246951,34864.67106246951,33957.91117814732,34349.56191800575,554227
2010-06-21,34349.56191800575,34349.56191800575,33613.60085611427,33666.208599218895,495863
2010-06-22,33666.208599218895,34386.46816442219,33666.208599218895,34257.67404511819,409311
2010-06-23,34257.67404511819,35116.575858943,34257.67404511819,34976.584307535464,534635
2010-06-24,34976.584307535464,34976.584307535464,34471.55789645321,34947.41505226059,436303
2010-06-25,34947.41505226059,35725.59428340823,34947.41505226059,35709.930429516295,599061
2010-06-28,35709.930429516295,35778.63768178459,35214.77060447673,35302.3902059947,590690
2010-06-29,35302.3902059947,35857.17174506861,35190.70400943119,35524.801459263,474043
2010-06-30,35524.801459263,36509.79565207874,35524.801459263,36408.8286193415,443857
2010-07-01,36408.8286193415,36666.52867418866,36063.31369108878,36273.05278084746,538027
2010-07-02,36273.05278084746,36837.987765402686,35879.29353636773,36301.991796671704,441351
2010-07-05,36301.991796671704,36491.97705880216,36068.19763341687,36212.106038966696,478545
2010-07-06,36212.106038966696,37726.09176746653,36212.106038966696,37681.52238718405,439217
2010-07-07,37681.52238718405,39289.07207687739,37681.52238718405,39103.02784526938,475739
2010-07-08,39103.02784526938,39378.532694093024,38706.14902070183,39033.72663431747,507628
2010-07-09,39033.72663431747,39388.85676937369,38770.82590579098,39183.75579535176,535664
2010-07-12,39183.75579535176,40963.10662702836,39183.75579535176,40455.36381150802,616927
2010-07-13,40455.36381150802,41630.45938370582,40455.36381150802,41439.35496470691,525487
2010-07-14,41439.35496470691,41439.35496470691,40506.702291755566,40773.78124433167,581269
2010-07-15,40773.78124433167,40773.78124433167,40162.69620641812,40287.83461441925,394055
2010-07-16,40287.83461441925,41831.34182650696,40287.83461441925,41573.377127402455,553328
2010-07-19,41573.377127402455,43193.66445704228,41573.377127402455,43191.89887655282,541137
2010-07-20,43191.89887655282,43191.89887655282,41004.47720461268,41482.316730611805,396911
2010-07-21,41482.316730611805,41482.316730611805,40861.042889255266,40900.143363838215,584779
2010-07-22,40900.143363838215,40900.143363838215,39549.35059239254,39945.40834312011,585256
2010-07-23,39945.40834312011,39945.40834312011,39318.65658855574,39751.454260000435,522038
2010-07-26,39751.454260000435,39751.454260000435,38362.40379145521,38367.43532749365,494011
2010-07-27,38367.43532749365,39193.46861711974,38367.43532749365,39044.17742929399,631121
2010-07-28,39044.17742929399,39156.38966994561,38633.764069600686,38947.32432344673,475437
2010-07-29,38947.32432344673,40406.28024573719,38947.32432344673,40369.694238053555,541397
2010-07-30,40369.694238053555,41226.985139384655,40369.694238053555,41059.82511730893,608158
2010-08-02,41059.82511730893,41059.82511730893,40007.30621882149,40592.10885391195,534686
2010-08-03,40592.10885391195,40734.99668742406,40238.051346379056,40416.69662736495,525950
2010-08-04,40416.69662736495,41714.7938668731,40416.69662736495,41568.42828519047,423265
2010-08-05,41568.42828519047,43475.226216083305,41568.42828519047,43365.47264385721,516334
2010-08-06,43365.47264385721,44799.37497355876,43365.47264385721,44353.1563628803,390005
2010-08-09,44353.1563628803,46136.876101511014,44353.1563628803,45921.65162211962,618223
2010-08-10,45921.65162211962,45921.65162211962,45711.09875343632,45770.76755194701,435800
2010-08-11,45770.76755194701,46389.86321704552,45694.71891490219,46346.708758664,493025
2010-08-12,46346.708758664,46847.442093799196,45939.00566624855,46251.83672159152,636356
2010-08-13,46251.83672159152,46674.58971467747,46251.83672159152,46599.79127154157,430024
2010-08-16,46599.79127154157,46797.17531777698,46569.82836529655,46623.42027892014,498929
2010-08-17,46623.42027892014,46623.42027892014,45482.426309277835,45570.48467074077,502756
2010-08-18,45570.48467074077,46296.45296262204,45497.39257892847,46085.950749930846,472087
2010-08-19,46085.950749930846,46085.950749930846,43770.82844384725,43943.52368616665,671860
2010-08-20,43943.52368616665,44042.60412891125,43427.992121788586,43446.14345186229,314049
2010-08-23,43446.14345186229,43446.14345186229,41983.037841120764,42446.4366497022,520837
2010-08-24,42446.4366497022,42446.4366497022,39937.01283949222,40345.95686165559,405838
2010-08-25,40345.95686165559,40686.4474308336,40004.58903445725,40283.88696300552,581668
2010-08-26,40283.88696300552,40283.88696300552,38050.65778162233,38401.753061703945,631158
2010-08-27,38401.753061703945,38977.596973277046,38401.753061703945,38650.06562376303,597978
2010-08-30,38650.06562376303,39227.298608986464,38650.06562376303,39095.34047424122,617602
2010-08-31,39095.34047424122,39095.34047424122,38596.15318741822,38692.51444473695,520022
2010-09-01,38692.51444473695,39870.56057567874,38692.51444473695,39556.08703136526,593019
2010-09-02,39556.08703136526,39556.08703136526,37807.01984235167,38255.786205451855,363302
2010-09-03,38255.786205451855,38608.2560336319,38255.786205451855,38449.44819362674,360013
2010-09-06,38449.44819362674,39256.14350107938,38281.10800437096,38757.76289372837,577111
2010-09-07,38757.76289372837,39577.61109900924,38757.76289372837,39383.00499864875,416179
2010-09-08,39383.00499864875,39383.00499864875,36237.89153057793,36765.04188677004,400108
2010-09-09,36765.04188677004,36765.04188677004,36241.79826978018,36366.52942820868,718633
2010-09-10,36366.52942820868,36366.52942820868,35912.89377276343,36141.466961422535,481273
2010-09-13,36141.466961422535,36694.529994942364,36141.466961422535,36656.58784098517,556945
2010-09-14,36656.58784098517,36793.929863558806,36631.848716947876,36753.102517803396,438472
2010-09-15,36753.102517803396,37416.62570744816,36541.79464357635,36926.06700352876,474948
2010-09-16,36926.06700352876,37594.12566494565,36926.06700352876,37219.86367984487,502415
2010-09-17,37219.86367984487,37930.81742132529,37140.28453655342,37432.570231337566,397888
2010-09-20,37432.570231337566,37432.570231337566,36570.92557397322,36798.18567597115,381973
2010-09-21,36798.18567597115,37556.31304775834,36798.18567597115,37355.059903753405,525092
2010-09-22,37355.059903753405,37355.059903753405,36925.11101040464,36926.33877532146,429439
2010-09-23,36926.33877532146,36926.33877532146,36390.885703811,36643.48846779863,507801
2010-09-24,36643.48846779863,37461.16048404434,36643.48846779863,37369.78941540647,449190
2010-09-27,37369.78941540647,37369.78941540647,35005.33762924619,35155.86780102788,506674
2010-09-28,35155.86780102788,35194.87752217388,34945.74979097707,35157.57500617224,436697
2010-09-29,35157.57500617224,35196.53747490909,34647.79539474004,34897.42439430186,473755
2010-09-30,34897.42439430186,35766.759326763284,34897.42439430186,35737.29446465934,531273
2010-10-01,35737.29446465934,35737.29446465934,34902.99475921392,35160.65490284539,580013
2010-10-04,35160.65490284539,35903.39161396158,35160.65490284539,35391.34516873513,497122
2010-10-05,35391.34516873513,37248.26088867296,35391.34516873513,37073.00375326664,439622
2010-10-06,37073.00375326664,37073.00375326664,35954.117804668065,36245.9388451497,474806
2010-10-07,36245.9388451497,36690.81263946949,36238.2383827638,36549.25544810525,620043
2010-10-08,36549.25544810525,36866.90500211412,36549.25544810525,36737.61326859589,436178
2010-10-11,36737.61326859589,38807.986961224335,36737.61326859589,38728.30915752758,602984
2010-10-12,38728.30915752758,38766.43902927053,38107.71634738624,38500.36099269273,604805
2010-10-13,38500.36099269273,38500.36099269273,37672.550249881344,37864.19477330464,451983
2010-10-14,37864.19477330464,40307.22125596089,37864.19477330464,39844.056414168,601403
2010-10-15,39844.056414168,39844.056414168,38933.032418093324,39318.63326292274,428434
2010-10-18,39318.63326292274,39318.63326292274,38716.282098182026,38780.096123790725,534746
2010-10-19,38780.096123790725,38780.096123790725,37076.817455402495,37223.75699761052,364761
2010-10-20,37223.75699761052,37223.75699761052,35567.846467240524,36055.16470286101,479306
2010-10-21,36055.16470286101,36055.16470286101,35234.297823041576,35693.49708814307,538045
2010-10-22,35693.49708814307,36318.68982905302,35693.49708814307,35963.6771029171,475274
2010-10-25,35963.6771029171,36801.81828853209,35963.6771029171,36393.94878432013,502058
2010-10-26,36393.94878432013,36863.75747594674,36324.75608240441,36711.61151710923,376765
2010-10-27,36711.61151710923,36711.61151710923,35425.3084986576,35865.982722185036,547153
2010-10-28,35865.982722185036,36827.99294037609,35804.79665892503,36344.19413919711,584653
2010-10-29,36344.19413919711,36595.45439160694,36344.19413919711,36552.25304335283,347244
2010-11-01,36552.25304335283,37145.292801288684,36506.76848572719,36633.09766265203,420758
2010-11-02,36633.09766265203,38118.43703449995,36633.09766265203,37792.94607384373,508293
2010-11-03,37792.94607384373,37792.94607384373,35809.6917677985,36339.572701025405,386764
2010-11-04,36339.572701025405,36383.314904030405,35717.0913475816,36164.31014826185,646377
2010-11-05,36164.31014826185,36164.31014826185,35413.704837493184,35664.57647757079,395707
2010-11-08,35664.57647757079,36927.78276474828,35664.57647757079,36521.66761178206,448070
2010-11-09,36521.66761178206,36521.66761178206,34994.49181725284,35504.53086068159,419107
2010-11-10,35504.53086068159,35702.246921307305,35469.4474850792,35516.62831515223,573460
2010-11-11,35516.62831515223,35516.62831515223,34218.44921599571,34679.150128513174,499861
2010-11-12,34679.150128513174,34679.150128513174,33201.10610280289,33254.55020125308,455860
2010-11-15,33254.55020125308,33550.786748109495,32661.085144849298,33145.61437395101,449121
2010-11-16,33145.61437395101,33560.022604101585,33145.61437395101,33533.130764358306,507546
2010-11-17,33533.130764358306,34411.43780788,33533.130764358306,34101.68171313332,400141
2010-11-18,34101.68171313332,34810.29230882769,34101.68171313332,34488.359579005315,465749
2010-11-19,34488.359579005315,35559.55364435997,34488.359579005315,35172.26147397149,348818
2010-11-22,35172.26147397149,35481.595562896655,34919.33684582109,35034.54296313959,458092
2010-11-23,35034.54296313959,35155.710516739964,34673.51180252628,34984.53026556911,406901
2010-11-24,34984.53026556911,34984.53026556911,34250.50479660717,34441.063605283285,431118
2010-11-25,34441.063605283285,34839.51679060785,34441.063605283285,34755.061436860684,351231
2010-11-26,34755.061436860684,36518.90770524484,34755.061436860684,36036.49696420858,461411
2010-11-29,36036.49696420858,38481.921105162415,36036.49696420858,38005.65264596682,588726
2010-11-30,38005.65264596682,38445.842338614246,38005.65264596682,38351.87901403742,529295
2010-12-01,38351.87901403742,39774.463261597724,38351.87901403742,39513.188006411,351960
2010-12-02,39513.188006411,41350.017670253095,39513.188006411,41280.422338193,490457
2010-12-03,41280.422338193,41280.422338193,39358.43313340547,39465.857700865425,454951
2010-12-06,39465.857700865425,39465.857700865425,38276.451288057346,38722.41266242061,546706
2010-12-07,38722.41266242061,38734.481406408595,38078.23223140419,38621.221980369395,521902
2010-12-08,38621.221980369395,39208.28471043366,38621.221980369395,38967.84231584205,499540
2010-12-09,38967.84231584205,38967.84231584205,38134.083382323435,38322.31294853637,528282
2010-12-10,38322.31294853637,38322.31294853637,37035.59249721655,37230.68009332085,434652
2010-12-13,37230.68009332085,38799.33658725037,37230.68009332085,38369.9751824945,489280
2010-12-14,38369.9751824945,38548.966287511066,37873.30591112032,38286.881346187045,472986
2010-12-15,38286.881346187045,38859.04719693651,38286.881346187045,38629.17307058919,422090
2010-12-16,38629.17307058919,39031.22697034516,38039.06013993728,38592.57063431874,457309
2010-12-17,38592.57063431874,38592.57063431874,37376.68738188598,37510.29340314917,464779
2010-12-20,37510.29340314917,37510.29340314917,36581.015284173445,37055.56764586991,461910
2010-12-21,37055.56764586991,37055.56764586991,36263.738257728764,36427.09030637005,433325
2010-12-22,36427.09030637005,39059.970470944194,36427.09030637005,38547.890015628866,570763
2010-12-23,38547.890015628866,39255.092365328695,38222.29794854724,38800.68116809516,485304
2010-12-24,38800.68116809516,38800.68116809516,38033.501336073954,38252.053769820945,549377
2010-12-27,38252.053769820945,38713.80150034358,38252.053769820945,38443.34041851125,504863
2010-12-28,38443.34041851125,38443.34041851125,37819.385609126104,38172.115431454295,609979
2010-12-29,38172.115431454295,38172.115431454295,37503.26787834776,37633.35482870952,417364
2010-12-30,37633.35482870952,37755.132910451335,37199.83470016431,37267.22847348455,434191
2010-12-31,37267.22847348455,37267.22847348455,36376.640466218865,36803.168990459795,469455
2011-01-03,36803.168990459795,36803.168990459795,36447.88464871821,36547.03316035645,525159
2011-01-04,36547.03316035645,37865.34047057982,36547.03316035645,37399.57274614813,564095
2011-01-05,37399.57274614813,37399.57274614813,36680.77980247531,36895.20838230278,627816
2011-01-06,36895.20838230278,37752.952787639486,36895.20838230278,37586.76355816257,617628
2011-01-07,37586.76355816257,37714.12595480984,36991.96602031522,37223.93014679114,463008
2011-01-10,37223.93014679114,37223.93014679114,36502.362007665404,36786.35045836922,377523
2011-01-11,36786.35045836922,37868.77678879444,36786.35045836922,37345.24978005246,434292
2011-01-12,37345.24978005246,38570.39602067658,37345.24978005246,38103.11900501732,374423
2011-01-13,38103.11900501732,39104.720113410025,38103.11900501732,38594.8824259837,627806
2011-01-14,38594.8824259837,38594.8824259837,37468.663479312825,37587.961062499904,379359
2011-01-17,37587.961062499904,37587.961062499904,35650.86938937369,36123.62730146773,465642
2011-01-18,36123.62730146773,36123.62730146773,35349.69581888018,35602.159718882685,568631
2011-01-19,35602.159718882685,36528.16400884404,35602.159718882685,36524.23472969567,423111
2011-01-20,36524.23472969567,37992.32482568009,36524.23472969567,37490.00234719195,444551
2011-01-21,37490.00234719195,39372.521479523035,37490.00234719195,38920.94793401102,450932
2011-01-24,38920.94793401102,38920.94793401102,38505.701764259094,38579.996334969524,451165
2011-01-25,38579.996334969524,38865.044829417755,38392.24771413223,38497.69128109369,654944
2011-01-26,38497.69128109369,38497.69128109369,37805.26337807921,38024.850101902804,524249
2011-01-27,38024.850101902804,39229.88536044744,38024.850101902804,38707.29034567926,513818
2011-01-28,38707.29034567926,39332.62675678022,38655.63090676467,38764.45561873209,396602
2011-01-31,38764.45561873209,39031.80994606568,38458.20997106596,38996.925784127554,467821
2011-02-01,38996.925784127554,38996.925784127554,37193.19400992156,37639.7099047159,492861
2011-02-02,37639.7099047159,37639.7099047159,36674.77543069843,36792.549089180284,545915
2011-02-03,36792.549089180284,37915.18879095695,36792.549089180284,37565.68782586076,504164
2011-02-04,37565.68782586076,37565.68782586076,36335.21039730677,36828.824379634534,486734
2011-02-07,36828.824379634534,38360.06627189164,36828.824379634534,37968.92044862036,503324
2011-02-08,37968.92044862036,38238.959861878146,37723.13413689075,38095.43274911571,432611
2011-02-09,38095.43274911571,38095.43274911571,37326.37750772599,37637.07342246558,459024
2011-02-10,37637.07342246558,37637.07342246558,37299.1210874305,37498.236127562974,534492
2011-02-11,37498.236127562974,37581.98274149285,36965.14607121386,37310.94269224286,564408
2011-02-14,37310.94269224286,37310.94269224286,36208.71585359923,36690.908194500924,501339
2011-02-15,36690.908194500924,36927.942632546685,36296.99447151614,36663.60293613759,527129
2011-02-16,36663.60293613759,37428.22735652743,36663.60293613759,37299.83432861433,419829
2011-02-17,37299.83432861433,37299.83432861433,36300.31570305749,36810.393823962084,402063
2011-02-18,36810.393823962084,37824.38653391072,36810.393823962084,37341.12406330121,535072
2011-02-21,37341.12406330121,37731.4413289254,37247.02432715634,37715.72837293829,474018
2011-02-22,37715.72837293829,37715.72837293829,36143.89718919789,36661.50298365631,437704
2011-02-23,36661.50298365631,36661.50298365631,35679.00617309928,35967.21341208014,454281
2011-02-24,35967.21341208014,37214.01708500671,35967.21341208014,37161.99935115939,525706
2011-02-25,37161.99935115939,39979.06785470063,37161.99935115939,39631.7013385718,439384
2011-02-28,39631.7013385718,40004.504318607724,38980.323373290346,39528.2619757516,511090
2011-03-01,39528.2619757516,39528.2619757516,38459.687508095754,39040.85687783317,489227
2011-03-02,39040.85687783317,39040.85687783317,37872.82843128099,38325.501188673275,456324
2011-03-03,38325.501188673275,39057.40118094689,38305.11013833438,38840.718669405076,451192
2011-03-04,38840.718669405076,38840.718669405076,38431.041951397536,38477.430904104585,551571
2011-03-07,38477.430904104585,38477.430904104585,38049.77619717182,38104.072041123225,431457
2011-03-08,38104.072041123225,39608.611337979506,38104.072041123225,39169.200757340855,363160
2011-03-09,39169.200757340855,39982.7661847445,39169.200757340855,39600.31823579272,369379
2011-03-10,39600.31823579272,39600.31823579272,37301.244858304985,37853.31894959565,615125
2011-03-11,37853.31894959565,38567.171770829,37853.31894959565,38471.890594640965,555308
2011-03-14,38471.890594640965,38471.890594640965,36604.57526956203,37132.00877966149,410184
2011-03-15,37132.00877966149,37132.00877966149,35510.068301667874,35662.53191786415,633668
2011-03-16,35662.53191786415,35964.74958493648,35605.2697972618,35639.35966861288,592329
2011-03-17,35639.35966861288,35700.06386757577,34986.81467086421,35280.01808325526,523347
2011-03-18,35280.01808325526,35280.01808325526,32683.821538241973,32922.03117826876,571895
2011-03-21,32922.03117826876,34177.71522672148,32922.03117826876,34040.98740125401,548834
2011-03-22,34040.98740125401,34073.023524163444,33555.2257838819,33969.846812332245,372669
2011-03-23,33969.846812332245,34878.96245626824,33969.846812332245,34594.271289666875,603077
2011-03-24,34594.271289666875,36893.95147555213,34594.271289666875,36843.11066974293,634881
2011-03-25,36843.11066974293,36843.11066974293,35932.99378824124,36178.602274669574,550946
2011-03-28,36178.602274669574,36178.602274669574,34708.816235175815,35147.24623811681,611031
2011-03-29,35147.24623811681,35235.294463036334,34737.560091652216,34787.19500536558,563268
2011-03-30,34787.19500536558,34830.07315020507,33846.85462863141,34326.55015736949,464870
2011-03-31,34326.55015736949,34326.55015736949,33524.80958994181,33817.884950127984,550262
2011-04-01,33817.884950127984,33817.884950127984,32548.294012725684,32637.088062332445,591446
2011-04-04,32637.088062332445,32637.088062332445,32091.43854888654,32413.509908379263,494676
2011-04-05,32413.509908379263,34297.68225199109,32413.509908379263,34021.72894787377,491264
2011-04-06,34021.72894787377,34021.72894787377,33327.37484394793,33522.38086325532,461113
2011-04-07,33522.38086325532,33522.38086325532,32851.57076585894,33027.46975189987,510903
2011-04-08,33027.46975189987,33536.80986263386,32651.249951627116,33043.10464665074,443863
2011-04-11,33043.10464665074,33783.47767439659,33043.10464665074,33676.481416400435,380524
2011-04-12,33676.481416400435,34425.69024906464,33676.481416400435,34105.05191392573,473350
2011-04-13,34105.05191392573,36182.2230420432,34105.05191392573,35666.618805192455,471700
2011-04-14,35666.618805192455,36228.72130438674,35666.618805192455,35817.45323777933,409030
2011-04-15,35817.45323777933,39528.101901370064,35817.45323777933,39527.61847482076,536078
2011-04-18,39527.61847482076,40255.89352437925,39120.41106694692,39665.35369987464,528817
2011-04-19,39665.35369987464,39665.35369987464,38990.32755486527,39380.87797620149,487358
2011-04-20,39380.87797620149,40914.04720015051,39380.87797620149,40783.83505653629,313478
2011-04-21,40783.83505653629,42660.679367167955,40783.83505653629,42068.02276426824,517422
2011-04-22,42068.02276426824,42068.02276426824,40289.31608701211,40881.00185056716,452402
2011-04-25,40881.00185056716,42594.52541109076,40881.00185056716,42352.56504447259,465133
2011-04-26,42352.56504447259,43570.94395534205,42352.56504447259,43213.481467101614,576366
2011-04-27,43213.481467101614,43620.652433768046,43213.481467101614,43592.05430319204,423202
2011-04-28,43592.05430319204,44031.510697019534,43592.05430319204,43763.483040819956,479344
2011-04-29,43763.483040819956,44584.72718867685,43763.483040819956,44293.52786995956,534751
2011-05-02,44293.52786995956,44558.17308597915,44165.0105202688,44275.56432940387,541057
2011-05-03,44275.56432940387,44275.56432940387,41893.25834073061,42512.710628225635,386082
2011-05-04,42512.710628225635,43486.85972383615,42512.710628225635,43220.13772117733,577672
2011-05-05,43220.13772117733,43220.13772117733,41537.09154634706,41916.94736666418,326379
2011-05-06,41916.94736666418,41916.94736666418,39371.956335214956,39486.054902818825,387561
2011-05-09,39486.054902818825,39486.054902818825,38127.61036883925,38287.53868799519,550900
2011-05-10,38287.53868799519,39302.474697624406,38287.53868799519,38992.51430435284,519013
2011-05-11,38992.51430435284,38992.51430435284,37028.62941859771,37542.12192349016,450426
2011-05-12,37542.12192349016,37542.12192349016,36742.44161719885,36974.353594806096,503999
2011-05-13,36974.353594806096,36974.353594806096,35343.98804845021,35653.829667216945,451228
2011-05-16,35653.829667216945,35653.829667216945,34302.35634027854,34800.97578995864,411371
2011-05-17,34800.97578995864,36676.47707996964,34800.97578995864,36239.92503053647,593841
2011-05-18,36239.92503053647,36319.11568916041,35832.9151855442,36037.409040750535,561018
2011-05-19,36037.409040750535,36037.409040750535,35321.48904431164,35346.26086107813,588620
2011-05-20,35346.26086107813,36946.46709284591,35346.26086107813,36612.22943838587,403167
2011-05-23,36612.22943838587,36612.22943838587,36018.99224874696,36118.81643822221,438064
2011-05-24,36118.81643822221,36598.54594691259,36023.05111473167,36211.32182963417,546213
2011-05-25,36211.32182963417,36211.32182963417,35076.25878858261,35591.93621907915,502932
2011-05-26,35591.93621907915,35591.93621907915,34879.26336595497,35251.53616258106,487403
2011-05-27,35251.53616258106,35600.9159298505,35178.809659182356,35387.51942753136,607708
2011-05-30,35387.51942753136,36359.40634198111,35387.51942753136,36320.637140307925,529419
2011-05-31,36320.637140307925,36822.59768626161,36051.747282893644,36290.95825085492,362346
2011-06-01,36290.95825085492,37567.98987824695,36290.95825085492,37328.280430059145,497198
2011-06-02,37328.280430059145,37425.10930147983,36832.94194489653,37306.9117298364,548281
2011-06-03,37306.9117298364,37306.9117298364,36698.20534575414,36906.404705465204,526957
2011-06-06,36906.404705465204,37553.88140071947,36906.404705465204,37352.93753504718,425822
2011-06-07,37352.93753504718,38119.703988690824,37352.93753504718,38006.88759596775,545579
2011-06-08,38006.88759596775,39337.354958028125,38006.88759596775,39212.290209978084,522331
2011-06-09,39212.290209978084,39874.52587032564,39212.290209978084,39793.4381732994,554981
2011-06-10,39793.4381732994,39793.4381732994,39426.31051483265,39646.68593455925,598746
2011-06-13,39646.68593455925,39646.68593455925,39120.11447407287,39442.44691326897,579354
2011-06-14,39442.44691326897,39666.86552568173,38651.92234866677,39087.34612120491,583344
2011-06-15,39087.34612120491,39647.399151983875,38891.22035149836,39081.07539457053,441998
2011-06-16,39081.07539457053,39081.07539457053,38747.76436630483,38872.29865990122,615196
2011-06-17,38872.29865990122,38872.29865990122,38181.07980322854,38242.90942620056,427997
2011-06-20,38242.90942620056,38932.375280433924,38242.90942620056,38620.23613411655,445012
2011-06-21,38620.23613411655,38622.348761206864,38386.39108486248,38558.87694333457,581638
2011-06-22,38558.87694333457,39587.56598282214,38558.87694333457,39193.52892085376,566943
2011-06-23,39193.52892085376,39193.52892085376,38637.963309091625,38976.85772885475,550702
2011-06-24,38976.85772885475,40521.49353797594,38976.85772885475,40278.08253436993,545579
2011-06-27,40278.08253436993,40278.08253436993,38841.378188625014,39022.459277246126,495504
2011-06-28,39022.459277246126,39216.715208146816,38532.63713980745,38789.52762896952,431541
2011-06-29,38789.52762896952,38789.52762896952,38040.72238359361,38480.41569255422,518424
2011-06-30,38480.41569255422,38480.41569255422,37669.56316765888,37881.18663216006,437825
2011-07-01,37881.18663216006,40071.818086678606,37881.18663216006,39558.96292258101,567390
2011-07-04,39558.96292258101,40644.00352967633,39558.96292258101,40242.868772990536,505328
2011-07-05,40242.868772990536,40247.954222567954,39512.212039002974,39745.41643941229,525930
2011-07-06,39745.41643941229,40688.40205837889,39745.41643941229,40110.264353276754,613566
2011-07-07,40110.264353276754,40713.19193400141,40082.53908189309,40443.56745107119,610583
2011-07-08,40443.56745107119,40621.320041808074,40024.5343431798,40336.76803542744,525207
2011-07-11,40336.76803542744,40336.76803542744,39708.93503535219,39888.38538943927,583317
2011-07-12,39888.38538943927,39888.38538943927,37439.71677434391,37658.25885923505,501621
2011-07-13,37658.25885923505,37758.329721694216,36880.36211605788,37320.32011630487,479086
2011-07-14,37320.32011630487,37320.32011630487,36767.85475967059,37167.91122608706,573432
2011-07-15,37167.91122608706,37167.91122608706,36177.06057459254,36564.18307776974,418188
2011-07-18,36564.18307776974,36564.18307776974,34517.9386061224,34560.65683898117,548177
2011-07-19,34560.65683898117,36570.50499408095,34560.65683898117,36236.41139895102,488382
2011-07-20,36236.41139895102,36236.41139895102,34867.91755808405,35388.29302990779,578342
2011-07-21,35388.29302990779,37856.84461768562,35388.29302990779,37781.80979026747,398739
2011-07-22,37781.80979026747,38396.84056755962,37781.80979026747,38005.61376518414,504327
2011-07-25,38005.61376518414,38005.61376518414,36901.065887460805,37211.70600432122,613473
2011-07-26,37211.70600432122,37704.56456566952,37211.70600432122,37473.44116307062,727795
2011-07-27,37473.44116307062,37659.800435273115,36897.29903563675,37418.390995900365,558471
2011-07-28,37418.390995900365,38328.245994475044,37418.390995900365,38170.57873852256,264975
2011-07-29,38170.57873852256,40105.695139614705,38170.57873852256,39925.771101242135,450957
2011-08-01,39925.771101242135,39925.771101242135,39115.4483195003,39474.439045775376,438891
2011-08-02,39474.439045775376,40566.3608714814,39474.439045775376,40349.78976253513,533653
2011-08-03,40349.78976253513,40349.78976253513,38709.54717056525,39187.87217013895,583481
2011-08-04,39187.87217013895,39507.43673065784,38812.90473575942,39202.878565964376,514512
2011-08-05,39202.878565964376,39202.878565964376,38405.71503067444,38905.24737519553,476699
2011-08-08,38905.24737519553,39131.04467407179,38399.146870905824,38567.116620204644,338039
2011-08-09,38567.116620204644,38644.927004928635,37916.39250862752,38421.68475633742,388382
2011-08-10,38421.68475633742,38421.68475633742,37582.21553774327,37796.14627744993,351803
2011-08-11,37796.14627744993,38199.85028882405,37758.150769438595,38051.482695849096,438057
2011-08-12,38051.482695849096,38051.482695849096,36969.481369394925,37084.93731047494,380744
2011-08-15,37084.93731047494,37084.93731047494,35795.73781134092,36061.04308518721,467933
2011-08-16,36061.04308518721,36714.611077527676,36061.04308518721,36347.838120818575,425018
2011-08-17,36347.838120818575,36961.7447311845,36347.838120818575,36663.240612283495,467057
2011-08-18,36663.240612283495,38676.61040607574,36663.240612283495,38283.902491576904,562204
2011-08-19,38283.902491576904,38820.45918234138,38283.902491576904,38749.4157382287,422049
2011-08-22,38749.4157382287,39606.20998848394,38749.4157382287,39467.930712222485,491846
2011-08-23,39467.930712222485,40508.67170291884,39467.930712222485,40329.633533927416,387774
2011-08-24,40329.633533927416,40329.633533927416,39171.57976566511,39746.690230573,443999
2011-08-25,39746.690230573,42211.66460855337,39746.690230573,41656.640235710176,468408
2011-08-26,41656.640235710176,42883.0424710193,41656.640235710176,42859.01874545417,446463
2011-08-29,42859.01874545417,42859.01874545417,41717.70524336848,42268.34579603965,425024
2011-08-30,42268.34579603965,42268.34579603965,41270.45481463281,41868.68537006195,611296
2011-08-31,41868.68537006195,42112.251519968886,41359.27860843002,41838.01917692707,428943
2011-09-01,41838.01917692707,42119.713695893166,41597.75750626528,41599.43326792893,460365
2011-09-02,41599.43326792893,41599.43326792893,40188.3915500274,40727.43866750578,443724
2011-09-05,40727.43866750578,40842.40024915748,40257.812500692715,40828.00579031188,494015
2011-09-06,40828.00579031188,41849.930820528905,40828.00579031188,41269.25858030957,390715
2011-09-07,41269.25858030957,41897.42893366811,41269.25858030957,41878.85654842858,555790
2011-09-08,41878.85654842858,41878.85654842858,41421.79906663107,41478.08394031225,441117
2011-09-09,41478.08394031225,41478.08394031225,40966.790828102035,41074.83456789292,544679
2011-09-12,41074.83456789292,41074.83456789292,39637.10961815693,40105.70145884323,502152
2011-09-13,40105.70145884323,40105.70145884323,39020.38821908139,39277.033482709376,435365
2011-09-14,39277.033482709376,39764.64548768752,39141.57448568553,39531.027038000524,596887
2011-09-15,39531.027038000524,39531.027038000524,37701.91570721916,38129.37918088872,491275
2011-09-16,38129.37918088872,38129.37918088872,36895.259237999104,37124.25045034956,474118
2011-09-19,37124.25045034956,37124.25045034956,35830.8052623505,36151.80122689619,405086
2011-09-20,36151.80122689619,36151.80122689619,35367.39580083158,35388.25499604382,323416
2011-09-21,35388.25499604382,36490.5570761185,35388.25499604382,36366.897203802015,571790
2011-09-22,36366.897203802015,37162.97753068618,36366.897203802015,36915.336383584945,259384
2011-09-23,36915.336383584945,36915.336383584945,34989.0536152629,35175.846233117394,399291
2011-09-26,35175.846233117394,35984.56050835052,35081.03245156248,35609.876585026155,437533
2011-09-27,35609.876585026155,37112.504431799105,35609.876585026155,37064.39490538686,511636
2011-09-28,37064.39490538686,37064.39490538686,35687.253209033464,35991.21823777922,601922
2011-09-29,35991.21823777922,37551.89487531389,35991.21823777922,37172.14742906215,467005
2011-09-30,37172.14742906215,37172.14742906215,36197.344955973684,36444.23227550884,474572
2011-10-03,36444.23227550884,37114.64956198507,36397.44408306009,36582.84619895935,520075
2011-10-04,36582.84619895935,37382.9825803648,36582.84619895935,37103.8604614895,387447
2011-10-05,37103.8604614895,37367.24827135579,36757.57163138692,36862.975267974536,635642
2011-10-06,36862.975267974536,38247.41384682179,36862.975267974536,38167.36536013142,553187
2011-10-07,38167.36536013142,38712.212730961735,38167.36536013142,38568.62734589197,463794
2011-10-10,38568.62734589197,38568.62734589197,37365.36153662193,37687.73303149326,635048
2011-10-11,37687.73303149326,38719.04527319407,37687.73303149326,38377.23237564372,606321
2011-10-12,38377.23237564372,40873.19647680747,38377.23237564372,40378.83250524295,528753
2011-10-13,40378.83250524295,40378.83250524295,38716.16883177058,38774.73253438558,650675
2011-10-14,38774.73253438558,40065.31333551679,38774.73253438558,39917.018057672445,618763
2011-10-17,39917.018057672445,39917.018057672445,38830.975047188884,39302.10459593705,593775
2011-10-18,39302.10459593705,39302.10459593705,38013.33183939339,38164.53984670838,572861
2011-10-19,38164.53984670838,38164.53984670838,36793.523431026144,37040.25212566779,482506
2011-10-20,37040.25212566779,38638.4378542361,37040.25212566779,38587.53068360284,587501
2011-10-21,38587.53068360284,40086.98819813656,38587.53068360284,40005.020061999356,527427
2011-10-24,40005.020061999356,41492.34550246386,40005.020061999356,41223.03835588427,445349
2011-10-25,41223.03835588427,41223.03835588427,40405.691599595244,40840.752780878924,546092
2011-10-26,40840.752780878924,40840.752780878924,39285.60143264862,39421.484658131856,459906
2011-10-27,39421.484658131856,39421.484658131856,37840.090337687114,38230.688261949756,346502
2011-10-28,38230.688261949756,38768.57814952195,38230.688261949756,38756.26374283504,498862
2011-10-31,38756.26374283504,38924.500492796906,38504.77150952322,38806.79727316514,604655
2011-11-01,38806.79727316514,40008.285547040294,38806.79727316514,39949.88801092525,467006
2011-11-02,39949.88801092525,39949.88801092525,38438.35973225601,38598.12433993769,458552
2011-11-03,38598.12433993769,38598.12433993769,37726.04353662506,37754.67619816393,608214
2011-11-04,37754.67619816393,37754.67619816393,36724.16889597656,36812.98885191781,455047
2011-11-07,36812.98885191781,37519.12727855994,36522.56786565227,37023.45690188929,440186
2011-11-08,37023.45690188929,37159.01069120356,36807.60082175338,37125.29580271954,310324
2011-11-09,37125.29580271954,37307.75545715525,37043.19298304249,37073.80660458976,485323
2011-11-10,37073.80660458976,37073.80660458976,35160.35630071776,35454.57219742647,570561
2011-11-11,35454.57219742647,35454.57219742647,34520.64253049657,34970.66922605824,409279
2011-11-14,34970.66922605824,35807.409284286696,34970.66922605824,35515.587150042214,564791
2011-11-15,35515.587150042214,36772.92732096583,35515.587150042214,36264.76864039212,558981
2011-11-16,36264.76864039212,37236.51901390633,36264.76864039212,37077.05228562805,571154
2011-11-17,37077.05228562805,37121.672555932615,36568.93001623192,36730.10824894833,526636
2011-11-18,36730.10824894833,36730.10824894833,35164.113540556296,35692.8120973185,481580
2011-11-21,35692.8120973185,36778.10675289918,35692.8120973185,36234.613426566066,586242
2011-11-22,36234.613426566066,36234.613426566066,35700.60263818797,35911.71711303348,385000
2011-11-23,35911.71711303348,35911.71711303348,35307.652549744445,35406.53440860414,481902
2011-11-24,35406.53440860414,35406.53440860414,33025.11909276482,33368.81177290966,457857
2011-11-25,33368.81177290966,33368.81177290966,32625.81784870305,33043.21908439117,438637
2011-11-28,33043.21908439117,33043.21908439117,32076.5796269451,32470.270805717377,526422
2011-11-29,32470.270805717377,33261.59680320204,32470.270805717377,33023.45167447046,445113
2011-11-30,33023.45167447046,33159.55655710163,32837.6001570355,33118.80966434754,490807
2011-12-01,33118.80966434754,33340.76139754192,32974.40530615018,33309.43430449124,563935
2011-12-02,33309.43430449124,34186.27152495412,33309.43430449124,34069.22341541497,646211
2011-12-05,34069.22341541497,34687.14603022783,34069.22341541497,34543.75239499814,515137
2011-12-06,34543.75239499814,34543.75239499814,32363.946738962444,32684.393445095284,533069
2011-12-07,32684.393445095284,32684.393445095284,32156.28914005851,32500.6598478314,457569
2011-12-08,32500.6598478314,32500.6598478314,31049.126655770237,31170.858372169198,429252
2011-12-09,31170.858372169198,31635.692314417323,31170.858372169198,31514.96641062933,617034
2011-12-12,31514.96641062933,31932.045579366917,31489.70896748328,31764.77366643368,409636
2011-12-13,31764.77366643368,31764.77366643368,31008.466688043503,31239.419180002937,410612
2011-12-14,31239.419180002937,31780.82103690224,31035.418169637942,31396.931493737866,494574
2011-12-15,31396.931493737866,31430.45374687123,30953.498123836103,31013.50140567453,384642
2011-12-16,31013.50140567453,32429.23743184039,31013.50140567453,32102.861005976127,520238
2011-12-19,32102.861005976127,32127.154429394905,31384.87892635564,31710.25790704231,464753
2011-12-20,31710.25790704231,31710.25790704231,30538.25368100967,30850.37048855111,497855
2011-12-21,30850.37048855111,30850.37048855111,30108.106558583517,30110.513872493637,438690
2011-12-22,30110.513872493637,30329.547295004046,29745.27902263375,30062.081687722202,544069
2011-12-23,30062.081687722202,30062.081687722202,29447.430436674164,29598.041297565538,471114
2011-12-26,29598.041297565538,29598.041297565538,28996.430976103857,29282.894052880052,454143
2011-12-27,29282.894052880052,29367.526601095353,29282.894052880052,29314.132211389006,486105
2011-12-28,29314.132211389006,29314.132211389006,27944.72694661821,28234.657543395326,489568
2011-12-29,28234.657543395326,29014.80585077446,28234.657543395326,28841.23226826683,606395
2011-12-30,28841.23226826683,28841.23226826683,27902.828314128543,28229.83240521094,487219
2012-01-02,28229.83240521094,28229.83240521094,26896.299918171197,27291.978580279185,568788
2012-01-03,27291.978580279185,27291.978580279185,26663.934016712235,26932.68163081158,510867
2012-01-04,26932.68163081158,27728.234120493784,26932.68163081158,27505.49132596362,430764
2012-01-05,27505.49132596362,28262.44601595769,27505.49132596362,28186.700309396107,526756
2012-01-06,28186.700309396107,28278.541144591272,27738.605456303278,27996.910969723274,535260
2012-01-09,27996.910969723274,28888.777150570535,27996.910969723274,28630.72363878344,477113
2012-01-10,28630.72363878344,29847.05609916989,28630.72363878344,29691.139141248445,455708
2012-01-11,29691.139141248445,29691.139141248445,29012.795382096294,29108.56701811086,516077
2012-01-12,29108.56701811086,29469.841186914316,28844.750231346672,29254.806114691237,540643
2012-01-13,29254.806114691237,30458.128106577627,29254.806114691237,30326.34990278953,495716
2012-01-16,30326.34990278953,30901.93697069102,30326.34990278953,30617.15348088075,550147
2012-01-17,30617.15348088075,31495.146710047607,30617.15348088075,31396.16837871269,417348
2012-01-18,31396.16837871269,31396.16837871269,31016.19655749584,31154.814597681998,285893
2012-01-19,31154.814597681998,31216.473536231988,30637.382520906624,30933.383627107873,496146
2012-01-20,30933.383627107873,31922.96465829135,30933.383627107873,31604.516686873234,400278
2012-01-23,31604.516686873234,33468.35917955161,31604.516686873234,32995.52684257931,404303
2012-01-24,32995.52684257931,33074.394654144824,32215.020234733678,32617.263576808415,588094
2012-01-25,32617.263576808415,33831.06549509048,32617.263576808415,33426.88149203357,562442
2012-01-26,33426.88149203357,33426.88149203357,33171.05143443008,33261.43884259769,534458
2012-01-27,33261.43884259769,34195.4145315651,33261.43884259769,33825.60367521086,558594
2012-01-30,33825.60367521086,35509.509400572264,33825.60367521086,35194.04177886519,396245
2012-01-31,35194.04177886519,35194.04177886519,33919.55759151443,34186.76888696039,462063
2012-02-01,34186.76888696039,34186.76888696039,33857.12133546409,33877.460378388234,329741
2012-02-02,33877.460378388234,33877.460378388234,32621.231446704813,32926.334077274034,468720
2012-02-03,32926.334077274034,32926.334077274034,32131.38173440375,32215.011542131582,528222
2012-02-06,32215.011542131582,32215.011542131582,31412.894769860057,31520.836798517685,412972
2012-02-07,31520.836798517685,33162.86939850958,31520.836798517685,33158.78952526716,558363
2012-02-08,33158.78952526716,33158.78952526716,32710.91192877687,32758.02173921667,418374
2012-02-09,32758.02173921667,33598.87963864392,32758.02173921667,33154.48234583453,512249
2012-02-10,33154.48234583453,33681.45937965698,33154.48234583453,33601.17271650236,544405
2012-02-13,33601.17271650236,34055.30317692159,33259.50702520192,33562.58599358821,618317
2012-02-14,33562.58599358821,33562.58599358821,32358.54678159093,32478.139483866584,518409
2012-02-15,32478.139483866584,33876.63105740901,32478.139483866584,33431.59251490499,503526
2012-02-16,33431.59251490499,33666.242091292566,33431.59251490499,33612.61672241631,524244
2012-02-17,33612.61672241631,34642.89769674656,33612.61672241631,34627.282456219495,397155
2012-02-20,34627.282456219495,35037.10103038397,34280.96738476228,34756.36471500953,380333
2012-02-21,34756.36471500953,35215.67299232736,34507.88459030533,34798.89950466522,526372
2012-02-22,34798.89950466522,35368.46215292934,34798.89950466522,34913.06201805445,373939
2012-02-23,34913.06201805445,35683.1249705984,34913.06201805445,35548.36000156605,456371
2012-02-24,35548.36000156605,37266.17863633752,35548.36000156605,36742.11527735866,458649
2012-02-27,36742.11527735866,36742.11527735866,35941.991771863424,36101.865014943054,491150
2012-02-28,36101.865014943054,37409.42963611887,36101.865014943054,36885.81972806878,369006
2012-02-29,36885.81972806878,36885.81972806878,35125.606654080715,35553.792032080055,714074
2012-03-01,35553.792032080055,35553.792032080055,33766.676987373525,34109.81325311908,568441
2012-03-02,34109.81325311908,34109.81325311908,33215.07105682668,33311.208070674984,510272
2012-03-05,33311.208070674984,33562.14692730386,33311.208070674984,33517.89040293098,512021
2012-03-06,33517.89040293098,33517.89040293098,31902.023895489354,32349.406846095975,532349
2012-03-07,32349.406846095975,36035.45056293584,32349.406846095975,35549.1094957043,591680
2012-03-08,35549.1094957043,37330.24525842905,35549.1094957043,36885.358805152595,575496
2012-03-09,36885.358805152595,36885.358805152595,35547.92539279178,35755.391057006,492755
2012-03-12,35755.391057006,35755.391057006,34676.1653889309,34709.13658782691,497290
2012-03-13,34709.13658782691,34775.027647082636,34310.39131305635,34688.605754066935,402789
2012-03-14,34688.605754066935,35508.13029900031,34688.605754066935,35375.18298352124,422856
2012-03-15,35375.18298352124,35553.853049231664,34833.82550383302,35105.31909049209,528637
2012-03-16,35105.31909049209,35720.02834417157,35105.31909049209,35510.68534506568,381102
2012-03-19,35510.68534506568,38209.41556677277,35510.68534506568,37975.23878544566,588592
2012-03-20,37975.23878544566,37975.23878544566,36534.33169182722,37021.13193344377,582471
2012-03-21,37021.13193344377,37021.13193344377,35531.77743679999,35760.95543201535,439858
2012-03-22,35760.95543201535,36380.94864082,35760.95543201535,36293.60063016337,450939
2012-03-23,36293.60063016337,37846.43093766173,36293.60063016337,37368.88060729572,424547
2012-03-26,37368.88060729572,37368.88060729572,36232.159402342346,36694.443732970336,552336
2012-03-27,36694.443732970336,37455.69925120073,36694.443732970336,37278.72008335661,503648
2012-03-28,37278.72008335661,37278.72008335661,36388.011215126455,36820.94362323535,461523
2012-03-29,36820.94362323535,38695.646760987016,36820.94362323535,38179.197351946044,494490
2012-03-30,38179.197351946044,38179.197351946044,37308.69492097626,37629.32568042333,390939
2012-04-02,37629.32568042333,37629.32568042333,37123.17494232618,37256.76177421756,565384
2012-04-03,37256.76177421756,37415.834525625105,37256.76177421756,37377.749821230165,480941
2012-04-04,37377.749821230165,39376.06917324324,37377.749821230165,39127.0402187174,514807
2012-04-05,39127.0402187174,39127.0402187174,38504.99989111051,38685.427791420654,602890
2012-04-06,38685.427791420654,38694.26509260873,37993.477972090135,38134.48470781559,437453
2012-04-09,38134.48470781559,39339.09638493236,38134.48470781559,38837.15177449518,366317
2012-04-10,38837.15177449518,39910.05542871148,38837.15177449518,39715.439748732235,469431
2012-04-11,39715.439748732235,39715.439748732235,39394.68036252348,39533.45654029375,434924
2012-04-12,39533.45654029375,39624.3207948082,38829.17357537935,39274.61001024308,535830
2012-04-13,39274.61001024308,39274.61001024308,38266.40141551026,38303.05302499134,603137
2012-04-16,38303.05302499134,38399.85393083112,37982.66276233285,38211.645441572924,629890
2012-04-17,38211.645441572924,38211.645441572924,37369.66060382514,37731.398343274224,410283
2012-04-18,37731.398343274224,38930.53636510636,37731.398343274224,38425.81377534649,518103
2012-04-19,38425.81377534649,38425.81377534649,37551.80372360218,38017.59315098524,482366
2012-04-20,38017.59315098524,39143.79115848114,38017.59315098524,38655.040002026806,415017
2012-04-23,38655.040002026806,38655.040002026806,37076.02696467765,37406.608274116224,440810
2012-04-24,37406.608274116224,38847.01871694596,37406.608274116224,38487.03659564068,500434
2012-04-25,38487.03659564068,40307.78442316896,38487.03659564068,40007.63954943535,426676
2012-04-26,40007.63954943535,40007.63954943535,38245.21041536197,38529.75155165198,630688
2012-04-27,38529.75155165198,39129.726374735066,38139.90244717614,38691.034116957075,346817
2012-04-30,38691.034116957075,40239.42550217691,38691.034116957075,39650.00316907334,450492
2012-05-01,39650.00316907334,39650.00316907334,37484.97562007058,38051.19861195285,394256
2012-05-02,38051.19861195285,38432.87924940699,38051.19861195285,38367.893975191975,496205
2012-05-03,38367.893975191975,38367.893975191975,37172.131053803656,37335.188567419835,459521
2012-05-04,37335.188567419835,37335.188567419835,36459.540038289306,36571.814185595795,503878
2012-05-07,36571.814185595795,36571.814185595795,35218.349584457115,35552.8621738011,537476
2012-05-08,35552.8621738011,36738.581920641234,35552.8621738011,36475.24965041374,526345
2012-05-09,36475.24965041374,36870.30857834196,36475.24965041374,36837.693625751475,567146
2012-05-10,36837.693625751475,38452.66682739414,36837.693625751475,38082.73855948205,468321
2012-05-11,38082.73855948205,38082.73855948205,36769.49717270461,37211.69413571487,306571
2012-05-14,37211.69413571487,37490.04378379788,37038.56840494158,37482.848757168955,529647
2012-05-15,37482.848757168955,37482.848757168955,35900.59564814282,35955.97529985186,662466
2012-05-16,35955.97529985186,37742.657645680854,35955.97529985186,37236.86281827168,529098
2012-05-17,37236.86281827168,37236.86281827168,34930.691303168314,35281.86693225048,442079
2012-05-18,35281.86693225048,35281.86693225048,33649.66065093002,33994.13663869885,520080
2012-05-21,33994.13663869885,34754.93724619091,33994.13663869885,34255.34401382555,410466
2012-05-22,34255.34401382555,34255.34401382555,33117.838480700746,33455.03371689416,439053
2012-05-23,33455.03371689416,33455.03371689416,32805.526784318776,32844.50569363561,757873
2012-05-24,32844.50569363561,32844.50569363561,32005.549140963136,32479.9752259776,456507
2012-05-25,32479.9752259776,32479.9752259776,32099.07949954761,32362.66717389672,557484
2012-05-28,32362.66717389672,32463.907797312986,32046.32896220179,32328.32558541679,429887
2012-05-29,32328.32558541679,32328.32558541679,32184.689386253383,32202.111751373453,484509
2012-05-30,32202.111751373453,32202.111751373453,31513.929669747427,31561.46161667562,477030
2012-05-31,31561.46161667562,31597.38724775535,31449.716995627765,31530.10268307804,320253
2012-06-01,31530.10268307804,31821.960986491144,31374.399178326494,31706.65098424297,393947
2012-06-04,31706.65098424297,31920.057136687938,31462.832017639495,31727.51940658994,600197
2012-06-05,31727.51940658994,31727.51940658994,31042.85101553359,31042.91080842891,363509
2012-06-06,31042.91080842891,31853.988320334203,31042.91080842891,31813.360748105966,557538
2012-06-07,31813.360748105966,33472.40843899528,31813.360748105966,33202.42191018823,530170
2012-06-08,33202.42191018823,34416.20822787214,33202.42191018823,34335.109388701036,685351
2012-06-11,34335.109388701036,35041.48521973216,34206.84842097086,34572.05810542837,410638
2012-06-12,34572.05810542837,36375.507716964035,34572.05810542837,35888.854188343255,548928
2012-06-13,35888.854188343255,35888.854188343255,34057.10517591315,34163.63156947914,666699
2012-06-14,34163.63156947914,35118.56581352055,34163.63156947914,34667.382672863314,672798
2012-06-15,34667.382672863314,36965.18915115184,34667.382672863314,36736.656912159124,487730
2012-06-18,36736.656912159124,36736.656912159124,35440.45674748704,35782.50644336106,543085
2012-06-19,35782.50644336106,35857.21127271623,35606.34320413944,35635.60510537391,438969
2012-06-20,35635.60510537391,35635.60510537391,34704.33377828829,35095.538302052344,432246
2012-06-21,35095.538302052344,35095.538302052344,34578.274192613186,34839.69496938777,441913
2012-06-22,34839.69496938777,34906.695402431724,34302.136635238414,34527.71255876753,553441
2012-06-25,34527.71255876753,35785.46380153544,34527.71255876753,35459.1778625431,569113
2012-06-26,35459.1778625431,36608.709364332775,35459.1778625431,36313.89556993122,509226
2012-06-27,36313.89556993122,36313.89556993122,33991.04640811596,34129.311239435476,571195
2012-06-28,34129.311239435476,34129.311239435476,32652.369281516483,33031.658400528184,576052
2012-06-29,33031.658400528184,33031.658400528184,31804.87606130917,32220.662352905587,324813
2012-07-02,32220.662352905587,32220.662352905587,31582.807413360908,31744.702637770155,400397
2012-07-03,31744.702637770155,31744.702637770155,31043.8573763914,31063.415918703264,447074
2012-07-04,31063.415918703264,31450.613941163432,30646.252837796663,31071.861051081083,537182
2012-07-05,31071.861051081083,31987.007907687566,31071.861051081083,31611.588070452326,517330
2012-07-06,31611.588070452326,31611.588070452326,30770.36655581145,30957.162480451625,553899
2012-07-09,30957.162480451625,30957.162480451625,30280.339756940753,30575.0390965506,461505
2012-07-10,30575.0390965506,31710.20988352534,30575.0390965506,31430.25411339016,574295
2012-07-11,31430.25411339016,31524.651809380182,30675.485141978585,31121.489397710677,429165
2012-07-12,31121.489397710677,31836.379509478073,31121.489397710677,31667.487681730403,604032
2012-07-13,31667.487681730403,32369.36557248129,31580.37321435976,31932.57385553578,559196
2012-07-16,31932.57385553578,32605.35448095813,31932.57385553578,32443.363556468455,569333
2012-07-17,32443.363556468455,32556.44402699395,31736.980503158276,32147.369194061903,531138
2012-07-18,32147.369194061903,32147.369194061903,31274.075512862833,31708.230233017526,498165
2012-07-19,31708.230233017526,31752.08428517964,31168.4959335864,31333.293266501943,602797
2012-07-20,31333.293266501943,32770.21888965692,31333.293266501943,32613.77202719383,461882
2012-07-23,32613.77202719383,32613.77202719383,31483.192150683473,31874.183927707872,241481
2012-07-24,31874.183927707872,31874.183927707872,30250.64797968248,30477.43920335304,542160
2012-07-25,30477.43920335304,31022.807387743425,30477.43920335304,30938.26914188856,613624
2012-07-26,30938.26914188856,30955.62858431221,30559.260818041377,30810.49408424183,537452
2012-07-27,30810.49408424183,31341.840342394364,30810.49408424183,31157.284845688722,581060
2012-07-30,31157.284845688722,31650.743415959463,31157.284845688722,31524.33552492852,605683
2012-07-31,31524.33552492852,31524.33552492852,30564.205737761175,30855.110775263034,484267
2012-08-01,30855.110775263034,31536.89952829123,30855.110775263034,31502.006268554534,459700
2012-08-02,31502.006268554534,31969.78890687948,31502.006268554534,31923.124338575348,522914
2012-08-03,31923.124338575348,32874.784863152825,31923.124338575348,32482.332735468884,483724
2012-08-06,32482.332735468884,32482.332735468884,31701.717795334196,32028.298274816436,583902
2012-08-07,32028.298274816436,33383.137484267594,32028.298274816436,32908.475939221295,539966
2012-08-08,32908.475939221295,33087.984173769124,32679.793096064823,32764.769895848713,472057
2012-08-09,32764.769895848713,34596.69613900039,32764.769895848713,34135.281140556755,443618
2012-08-10,34135.281140556755,34135.281140556755,33397.30894718975,33433.93273509889,476427
2012-08-13,33433.93273509889,34059.15001723348,33433.93273509889,33828.81340471707,529132
2012-08-14,33828.81340471707,34431.520182701985,33828.81340471707,34149.86789309788,402717
2012-08-15,34149.86789309788,34149.86789309788,32398.826373387303,32636.547186482243,557160
2012-08-16,32636.547186482243,32636.547186482243,30930.32926823784,31119.089456434227,541486
2012-08-17,31119.089456434227,31508.54801706052,30749.87164846477,31169.089291635384,642582
2012-08-20,31169.089291635384,31169.089291635384,30675.116602280155,30747.307827045155,566990
2012-08-21,30747.307827045155,30863.881942827877,30283.454554458807,30559.91290868784,622476
2012-08-22,30559.91290868784,30559.91290868784,30049.549855910285,30235.24471757293,614725
2012-08-23,30235.24471757293,31900.73685126885,30235.24471757293,31776.053586814924,541427
2012-08-24,31776.053586814924,32575.96940330242,31776.053586814924,32462.578680184426,297082
2012-08-27,32462.578680184426,32462.578680184426,31356.93450054477,31518.546744709376,628647
2012-08-28,31518.546744709376,31518.546744709376,30842.791420869573,30858.35095088911,384748
2012-08-29,30858.35095088911,32608.782504162333,30858.35095088911,32342.1222492512,425859
2012-08-30,32342.1222492512,32626.38991243545,32027.785907171925,32156.311498453833,407155
2012-08-31,32156.311498453833,32156.311498453833,31381.025599789555,31608.629600347616,483294
2012-09-03,31608.629600347616,32219.622274970636,31608.629600347616,31959.09854286232,545599
2012-09-04,31959.09854286232,32769.77660188078,31959.09854286232,32370.35439090362,451518
2012-09-05,32370.35439090362,32930.47839406667,32330.632991964016,32809.475492040096,538916
2012-09-06,32809.475492040096,33142.38611135519,32427.613605591538,32814.078756493705,621165
2012-09-07,32814.078756493705,35694.25173551288,32814.078756493705,35172.76986988631,500384
2012-09-10,35172.76986988631,35704.188652304605,35172.76986988631,35518.67986537865,577894
2012-09-11,35518.67986537865,36701.56297422943,35518.67986537865,36531.78148179674,448921
2012-09-12,36531.78148179674,36845.857888463084,36353.299222607435,36422.911851655575,426227
2012-09-13,36422.911851655575,36502.68242891266,36212.50036418641,36428.00039184442,491860
2012-09-14,36428.00039184442,38221.9259163738,36428.00039184442,37808.02132700664,300599
2012-09-17,37808.02132700664,39345.429289640655,37808.02132700664,39193.123763289164,612236
2012-09-18,39193.123763289164,40125.91689287488,39193.123763289164,40119.65669543565,473400
2012-09-19,40119.65669543565,42034.80962949113,40119.65669543565,41963.08269572296,527867
2012-09-20,41963.08269572296,44837.10260227173,41963.08269572296,44368.54286080603,478647
2012-09-21,44368.54286080603,44609.19022356638,44002.70743650624,44194.592519298196,465150
2012-09-24,44194.592519298196,45501.56948322408,44194.592519298196,45355.553887070484,323692
2012-09-25,45355.553887070484,45355.553887070484,42772.210271902324,43083.501459231746,398755
2012-09-26,43083.501459231746,44606.93482471616,43083.501459231746,44191.82312611125,602589
2012-09-27,44191.82312611125,45006.20807480706,44191.82312611125,44670.22498470022,461996
2012-09-28,44670.22498470022,45611.437415590495,44670.22498470022,45514.58248773868,480892
2012-10-01,45514.58248773868,46558.15785044368,45488.29307883748,45908.91417085043,584671
2012-10-02,45908.91417085043,45908.91417085043,44575.998196696455,45085.802437335726,502416
2012-10-03,45085.802437335726,46306.6581333533,45085.802437335726,45668.55178930511,312825
2012-10-04,45668.55178930511,46835.889735475415,45509.177574133195,46150.570360108264,542027
2012-10-05,46150.570360108264,46150.570360108264,43796.81096348747,44288.960141587835,517267
2012-10-08,44288.960141587835,44288.960141587835,43104.817549830266,43131.361358328686,446853
2012-10-09,43131.361358328686,43131.361358328686,42775.95022193461,42847.02478177156,392906
2012-10-10,42847.02478177156,42847.02478177156,42317.51019209673,42461.19188645497,344299
2012-10-11,42461.19188645497,44586.62703273631,42461.19188645497,44268.28698968071,559515
2012-10-12,44268.28698968071,44268.28698968071,43133.11374798589,43245.69690534392,552428
2012-10-15,43245.69690534392,43245.69690534392,41966.674925623745,42213.822439560114,623160
2012-10-16,42213.822439560114,43292.89821540361,42213.822439560114,43190.577944409604,555061
2012-10-17,43190.577944409604,43278.78837953652,42356.87662375693,42646.30365440599,449760
2012-10-18,42646.30365440599,42646.30365440599,41457.72338525821,41801.912724630165,424064
2012-10-19,41801.912724630165,43504.572987334184,41801.912724630165,42955.910552399386,507245
2012-10-22,42955.910552399386,43483.21126182057,42441.942508406486,42868.197836138796,635143
2012-10-23,42868.197836138796,42868.197836138796,41260.98677971718,41669.79131123998,578645
2012-10-24,41669.79131123998,41669.79131123998,39969.963605356665,40282.08466917795,436283
2012-10-25,40282.08466917795,41074.10627223564,40178.27774960412,40694.4484100765,533837
2012-10-26,40694.4484100765,40694.4484100765,38518.78580199063,39090.891922858835,363883
2012-10-29,39090.891922858835,40385.92702155327,39090.891922858835,40089.57422274963,504086
2012-10-30,40089.57422274963,40388.35088138573,40089.57422274963,40206.04543068239,408209
2012-10-31,40206.04543068239,40206.04543068239,38434.13628264178,38652.09381333823,487838
2012-11-01,38652.09381333823,38652.09381333823,37601.467221133185,37892.045154958476,415508
2012-11-02,37892.045154958476,38344.26336789615,37892.045154958476,38266.83245298087,418113
2012-11-05,38266.83245298087,38266.83245298087,36559.169152478156,36966.18604597513,442572
2012-11-06,36966.18604597513,36966.18604597513,35815.03126464941,36258.28001004395,389991
2012-11-07,36258.28001004395,37228.621566640926,36258.28001004395,36922.395191676726,526449
2012-11-08,36922.395191676726,37530.711645227864,36647.962197491346,37048.091762705524,386989
2012-11-09,37048.091762705524,38367.70430843393,37048.091762705524,37806.182561803806,446225
2012-11-12,37806.182561803806,38398.82187118641,37806.182561803806,38302.70807890942,453184
2012-11-13,38302.70807890942,38361.98024984269,37714.972168956425,38285.132570064445,513946
2012-11-14,38285.132570064445,38810.30158399359,38285.132570064445,38660.70324000944,591892
2012-11-15,38660.70324000944,38962.21704098627,38624.94838567734,38796.688804706544,586249
2012-11-16,38796.688804706544,38796.688804706544,37160.25529020594,37261.24010141523,403470
2012-11-19,37261.24010141523,37261.24010141523,36171.57052956695,36632.935171851736,526547
2012-11-20,36632.935171851736,36632.935171851736,34675.189603297804,35031.757611745685,540284
2012-11-21,35031.757611745685,35188.35903216783,34657.77357160585,34773.43134776898,460415
2012-11-22,34773.43134776898,35670.71855302864,34773.43134776898,35209.060724962874,469976
2012-11-23,35209.060724962874,35546.11864604131,35209.060724962874,35306.68356108015,432103
2012-11-26,35306.68356108015,35952.47031987368,35131.500829717515,35596.011749401674,509716
2012-11-27,35596.011749401674,36446.16448936467,35596.011749401674,35973.83432670484,699129
2012-11-28,35973.83432670484,37273.53638541886,35973.83432670484,36983.305536185755,569972
2012-11-29,36983.305536185755,36983.305536185755,36205.895974387255,36670.56797394106,421808
2012-11-30,36670.56797394106,38688.8117829824,36670.56797394106,38334.17298073999,423394
2012-12-03,38334.17298073999,39327.45463794251,38334.17298073999,38821.35937231295,382090
2012-12-04,38821.35937231295,38821.35937231295,37555.777247903534,37827.62228720479,477412
2012-12-05,37827.62228720479,37827.62228720479,37507.39486436015,37565.54573400239,506306
2012-12-06,37565.54573400239,37732.55686974514,37337.65922435294,37693.05306374383,626492
2012-12-07,37693.05306374383,37693.05306374383,37185.441182357776,37296.78276010252,552693
2012-12-10,37296.78276010252,37296.78276010252,35591.24729550704,35878.07281091881,403278
2012-12-11,35878.07281091881,35878.07281091881,34554.23516810843,34959.09322556569,488246
2012-12-12,34959.09322556569,35476.127799256275,34907.07847234063,35236.87583454199,408564
2012-12-13,35236.87583454199,35789.426411972396,35123.62102210746,35577.61071241754,515310
2012-12-14,35577.61071241754,35577.61071241754,34592.254691202616,34870.192542591205,398014
2012-12-17,34870.192542591205,34870.192542591205,34150.232775411336,34229.42807512916,495676
2012-12-18,34229.42807512916,34962.03913354891,34132.21559230894,34579.48558802033,527239
2012-12-19,34579.48558802033,35216.57036525252,34415.47793354883,34804.692575405614,484447
2012-12-20,34804.692575405614,35398.106194116684,34804.692575405614,34910.40432189481,503751
2012-12-21,34910.40432189481,35580.167866299176,34615.763220617104,35139.25167700731,498469
2012-12-24,35139.25167700731,35637.57044078101,34825.75594847747,35206.96151732786,580598
2012-12-25,35206.96151732786,35313.976166185916,34651.60203505174,34932.3830695799,515746
2012-12-26,34932.3830695799,34932.3830695799,34069.077988796,34170.52156015013,514081
2012-12-27,34170.52156015013,34641.79082291433,34170.52156015013,34612.113415025175,526816
2012-12-28,34612.113415025175,34612.113415025175,33474.77941258922,33935.14885382543,441722
2012-12-31,33935.14885382543,34428.50511428494,33599.29817233455,34042.509270479546,539709
2013-01-01,34042.509270479546,34042.509270479546,32948.79433542707,33447.467777045094,483522
2013-01-02,33447.467777045094,33568.22408222222,33058.80771477419,33431.63801289507,448551
2013-01-03,33431.63801289507,33546.93195111024,32968.05612446072,33081.64692885846,522382
2013-01-04,33081.64692885846,34644.55847563675,33081.64692885846,34590.89893986568,531811
2013-01-07,34590.89893986568,35039.90761458381,34590.89893986568,34864.94945053787,464368
2013-01-08,34864.94945053787,34864.94945053787,34430.09081714716,34460.08156259852,500445
2013-01-09,34460.08156259852,36304.990606482395,34460.08156259852,35933.2188722434,443323
2013-01-10,35933.2188722434,35933.2188722434,34862.048414084566,34964.219382459865,450571
2013-01-11,34964.219382459865,35828.18040182061,34964.219382459865,35583.26376720381,445278
2013-01-14,35583.26376720381,36259.51025939007,35583.26376720381,36015.971567473214,495427
2013-01-15,36015.971567473214,36091.166355750196,35821.518291053246,35930.26548069424,543442
2013-01-16,35930.26548069424,36219.150949530886,35648.36128899475,35960.59079241012,468424
2013-01-17,35960.59079241012,36782.14696639081,35906.0670217616,36258.89652930005,454296
2013-01-18,36258.89652930005,36258.89652930005,35187.056919195355,35712.70434880218,517176
2013-01-21,35712.70434880218,37025.34311878085,35712.70434880218,36673.70097129558,639914
2013-01-22,36673.70097129558,37122.96355479611,36630.54382772282,36969.58891082596,445751
2013-01-23,36969.58891082596,37919.320833529826,36969.58891082596,37600.43214251486,426249
2013-01-24,37600.43214251486,38961.92948819115,37600.43214251486,38537.887407371236,503879
2013-01-25,38537.887407371236,38940.30456849142,38065.188882520066,38635.641355676315,490378
2013-01-28,38635.641355676315,38774.439571663126,38019.5393805624,38580.028652242436,489689
2013-01-29,38580.028652242436,38580.028652242436,37657.58121213508,38008.96341057074,586881
2013-01-30,38008.96341057074,38008.96341057074,36543.603390468954,36752.12530833614,702483
2013-01-31,36752.12530833614,38176.851041231865,36752.12530833614,37972.66210182075,489509
2013-02-01,37972.66210182075,39562.96084031155,37972.66210182075,39115.53792216351,435635
2013-02-04,39115.53792216351,39742.869984102246,39115.53792216351,39709.28929577641,517581
2013-02-05,39709.28929577641,41582.085660809695,39709.28929577641,41346.256065100446,649980
2013-02-06,41346.256065100446,41346.256065100446,40266.989073309174,40434.203590210636,558188
2013-02-07,40434.203590210636,40434.203590210636,39068.972005790885,39144.43413048179,536462
2013-02-08,39144.43413048179,40684.14538403134,39144.43413048179,40425.45513140629,561167
2013-02-11,40425.45513140629,40425.45513140629,39668.772880361335,39782.58172818533,520468
2013-02-12,39782.58172818533,39925.18274498548,39209.84312447818,39788.28705331279,535922
2013-02-13,39788.28705331279,39788.28705331279,38336.45948206702,38756.50676631139,482945
2013-02-14,38756.50676631139,39779.267315372206,38756.50676631139,39402.80360930487,466545
2013-02-15,39402.80360930487,40387.45187294691,39402.80360930487,40256.36805064211,545528
2013-02-18,40256.36805064211,40256.36805064211,38573.217317185256,38935.24901033537,517726
2013-02-19,38935.24901033537,40261.76762305758,38935.24901033537,40093.921012568084,556946
2013-02-20,40093.921012568084,40093.921012568084,37368.37546701324,37903.13779220371,544703
2013-02-21,37903.13779220371,37903.13779220371,35950.713996355174,36050.79161251394,449548
2013-02-22,36050.79161251394,36181.97808263118,36050.79161251394,36160.62191663915,434978
2013-02-25,36160.62191663915,36160.62191663915,34319.29661797214,34417.40009220956,477556
2013-02-26,34417.40009220956,34481.27307728663,33671.053288680094,34069.0764953969,416780
2013-02-27,34069.0764953969,35798.35226979079,34069.0764953969,35330.93192631763,592010
2013-02-28,35330.93192631763,35330.93192631763,34679.09130437131,34924.34260716854,503532
2013-03-01,34924.34260716854,35333.53706158783,34764.01702844804,35284.85936839024,448206
2013-03-04,35284.85936839024,35284.85936839024,34223.15430746356,34525.454568119545,571691
2013-03-05,34525.454568119545,34525.454568119545,33653.78348082343,33922.13286892314,651488
2013-03-06,33922.13286892314,34125.826099482714,33922.13286892314,34106.049823490415,519303
2013-03-07,34106.049823490415,34629.843815414286,33716.86900726761,34126.84193389593,429902
2013-03-08,34126.84193389593,34126.84193389593,32495.50492111171,32944.9978906412,728377
2013-03-11,32944.9978906412,33141.97586733354,32575.27618065932,32871.800288756865,485336
2013-03-12,32871.800288756865,34429.063835555986,32871.800288756865,34176.98913806186,569983
2013-03-13,34176.98913806186,36700.55725843921,34176.98913806186,36352.99835878481,590041
2013-03-14,36352.99835878481,36352.99835878481,35091.309318794956,35268.689668899046,566878
2013-03-15,35268.689668899046,36298.35772362887,35268.689668899046,35801.193365480045,377578
2013-03-18,35801.193365480045,35992.502156506234,35273.15874733705,35605.82793338781,537250
2013-03-19,35605.82793338781,36436.7787562394,35605.82793338781,36304.66921146787,417055
2013-03-20,36304.66921146787,36764.36176416723,36149.285562999314,36310.12697308106,459562
2013-03-21,36310.12697308106,37463.61342491795,36310.12697308106,37146.73289026021,526651
2013-03-22,37146.73289026021,37204.926734230445,36760.57944461411,37063.49471518544,596466
2013-03-25,37063.49471518544,37248.416080412855,37055.39959776663,37110.36872080157,299772
2013-03-26,37110.36872080157,37110.36872080157,35999.66520783554,36047.36726968299,424793
2013-03-27,36047.36726968299,36751.58634123723,36047.36726968299,36487.549184295036,494507
2013-03-28,36487.549184295036,36733.636082691846,35922.04249163914,36463.284992801586,436165
2013-03-29,36463.284992801586,36785.314832393866,35773.668461784975,36289.12420430843,422747
2013-04-01,36289.12420430843,36832.549590181276,36289.12420430843,36604.02656831859,383355
2013-04-02,36604.02656831859,36604.02656831859,36097.660061502116,36417.11183670391,462882
2013-04-03,36417.11183670391,38280.315976134305,36417.11183670391,38038.60328192144,430282
2013-04-04,38038.60328192144,38497.170369591106,38002.79060896575,38101.67157910482,356605
2013-04-05,38101.67157910482,38101.67157910482,36205.91346170475,36336.96464655937,522667
2013-04-08,36336.96464655937,37133.821075592416,36336.96464655937,36785.67210477127,528291
2013-04-09,36785.67210477127,36785.67210477127,36169.18715718758,36483.283899916234,637461
2013-04-10,36483.283899916234,36483.283899916234,34838.85205842048,35335.328877983695,488387
2013-04-11,35335.328877983695,35884.672578009544,35138.96607286911,35598.37531215847,475065
2013-04-12,35598.37531215847,37459.83873312184,35598.37531215847,36988.17474868103,486075
2013-04-15,36988.17474868103,36988.17474868103,36386.26085748245,36524.36776744417,388456
2013-04-16,36524.36776744417,36524.36776744417,35908.435555367825,36138.74014807868,539253
2013-04-17,36138.74014807868,36144.33720594261,35418.93057789054,35869.054707901705,548660
2013-04-18,35869.054707901705,36871.296882618146,35869.054707901705,36697.14551273273,484572
2013-04-19,36697.14551273273,36697.14551273273,36150.65188191546,36472.863553552845,457037
2013-04-22,36472.863553552845,36472.863553552845,35189.483370780516,35316.893089120036,465201
2013-04-23,35316.893089120036,35917.59513851999,35214.92537426829,35435.96092878764,666857
2013-04-24,35435.96092878764,35435.96092878764,34328.769042735425,34798.69202380778,351238
2013-04-25,34798.69202380778,35311.7988708456,34798.69202380778,35200.20624832419,399960
2013-04-26,35200.20624832419,35200.20624832419,34692.10753203046,34714.76630613205,434874
2013-04-29,34714.76630613205,34714.76630613205,33489.04441795319,33708.364329766875,302074
2013-04-30,33708.364329766875,34286.67026857692,33671.68995387904,33973.668853700605,532322
2013-05-01,33973.668853700605,35441.368528611856,33973.668853700605,35363.23902187195,578331
2013-05-02,35363.23902187195,35776.12527267201,35363.23902187195,35773.037373181105,468227
2013-05-03,35773.037373181105,36211.67077909151,35511.30708921237,36041.67703841852,477064
2013-05-06,36041.67703841852,36041.67703841852,35153.50454042005,35212.46476927382,462855
2013-05-07,35212.46476927382,35212.46476927382,34364.8704985515,34596.0242794198,509935
2013-05-08,34596.0242794198,35704.22569544423,34596.0242794198,35246.332389600495,418030
2013-05-09,35246.332389600495,36054.16749962044,35246.332389600495,35935.90110950749,412773
2013-05-10,35935.90110950749,36549.8593978497,35935.90110950749,36072.32749502548,558197
2013-05-13,36072.32749502548,36732.17622979177,36006.30616503185,36218.79504299566,532882
2013-05-14,36218.79504299566,36662.567219410426,35803.01279279772,36237.71713982225,490311
2013-05-15,36237.71713982225,36569.14801347028,36158.61746751074,36174.334092800804,496342
2013-05-16,36174.334092800804,36174.334092800804,35898.11601441552,35929.70791959985,402464
2013-05-17,35929.70791959985,36910.28528014913,35929.70791959985,36693.9317066099,484386
2013-05-20,36693.9317066099,36693.9317066099,35566.91317988806,35704.274872912174,533386
2013-05-21,35704.274872912174,37001.95998169271,35704.274872912174,36638.32286432118,473448
2013-05-22,36638.32286432118,36638.32286432118,34946.80308732017,35416.135776521616,313474
2013-05-23,35416.135776521616,36660.359012963636,35416.135776521616,36530.5706078334,474688
2013-05-24,36530.5706078334,36530.5706078334,35959.75427136378,35977.06717769212,580138
2013-05-27,35977.06717769212,35977.06717769212,34952.03837628971,35174.651852644616,424625
2013-05-28,35174.651852644616,36731.980341094604,35174.651852644616,36624.922475794716,387761
2013-05-29,36624.922475794716,38256.9859648991,36624.922475794716,37904.36600887937,572110
2013-05-30,37904.36600887937,37942.97697109744,36956.29199239127,37487.605742586886,484722
2013-05-31,37487.605742586886,37496.382096270994,36740.763597291865,37094.49727539116,472956
2013-06-03,37094.49727539116,37094.49727539116,35876.728935906016,36330.89851277177,402569
2013-06-04,36330.89851277177,36728.709199257726,35917.304077357556,36416.53378987588,533562
2013-06-05,36416.53378987588,36866.081864651656,36096.18658280163,36408.553177536145,581715
2013-06-06,36408.553177536145,36408.553177536145,35114.892320220926,35171.01027980492,459186
2013-06-07,35171.01027980492,35624.216449117,34991.13384502124,35164.85140304866,662918
2013-06-10,35164.85140304866,35707.564284213375,35164.85140304866,35570.02082630945,503100
2013-06-11,35570.02082630945,35678.93905754762,35288.53962540175,35550.35341866998,464856
2013-06-12,35550.35341866998,36160.71561461321,35550.35341866998,36091.7587450886,431172
2013-06-13,36091.7587450886,37664.693041863284,36091.7587450886,37496.63643997073,486682
2013-06-14,37496.63643997073,38094.4975088871,37496.63643997073,37613.43383301229,577385
2013-06-17,37613.43383301229,37613.43383301229,35952.5743684889,36239.38449824672,425541
2013-06-18,36239.38449824672,36239.38449824672,35902.99768277606,36220.81171507442,473764
2013-06-19,36220.81171507442,36483.896995956115,36220.81171507442,36396.05892161324,428688
2013-06-20,36396.05892161324,36396.05892161324,35227.418017542666,35364.1721912889,703830
2013-06-21,35364.1721912889,35529.41018449771,35216.89673538859,35310.11907671301,593648
2013-06-24,35310.11907671301,36028.88679591981,35310.11907671301,35917.76181068191,511419
2013-06-25,35917.76181068191,35917.76181068191,35105.482843225705,35106.154853610606,482107
2013-06-26,35106.154853610606,35790.990229636765,35106.154853610606,35756.75015898003,605438
2013-06-27,35756.75015898003,35756.75015898003,33847.63624661726,34203.98483386593,469415
2013-06-28,34203.98483386593,35130.53541559085,34203.98483386593,34790.42624875426,510161
2013-07-01,34790.42624875426,35951.22378752619,34790.42624875426,35713.726003895084,551537
2013-07-02,35713.726003895084,35713.726003895084,35044.9566946056,35112.52761176283,520921
2013-07-03,35112.52761176283,35112.52761176283,34250.32493550514,34514.93262476248,541553
2013-07-04,34514.93262476248,34514.93262476248,33634.572759242765,34091.47551541428,402618
2013-07-05,34091.47551541428,34521.5619815746,33654.22356520183,34089.87747560965,535004
2013-07-08,34089.87747560965,34089.87747560965,33544.082401599255,33562.80027128451,569786
2013-07-09,33562.80027128451,33562.80027128451,31996.272156560917,32305.34685829245,503091
2013-07-10,32305.34685829245,32944.007215693964,32305.34685829245,32510.056741291337,554560
2013-07-11,32510.056741291337,32510.056741291337,31863.989585346048,32310.022782515807,450574
2013-07-12,32310.022782515807,33241.02669788436,32310.022782515807,32764.916716994303,468186
2013-07-15,32764.916716994303,32764.916716994303,31628.16006692142,32081.832204252463,504290
2013-07-16,32081.832204252463,32545.052281854445,32081.832204252463,32536.694127254897,469529
2013-07-17,32536.694127254897,33386.32832032057,32536.694127254897,33270.57253273374,486970
2013-07-18,33270.57253273374,34287.30490140182,33270.57253273374,34233.739437122895,387307
2013-07-19,34233.739437122895,34799.49959509851,34233.739437122895,34695.80387704626,375813
2013-07-22,34695.80387704626,35046.35807776903,34556.92637535577,34914.101761221755,571738
2013-07-23,34914.101761221755,35254.640626786655,34462.97228445739,34850.5322316424,474302
2013-07-24,34850.5322316424,34850.5322316424,33982.14894808317,34416.96829801279,512437
2013-07-25,34416.96829801279,35674.38404005555,34416.96829801279,35409.143769347174,556467
2013-07-26,35409.143769347174,35670.46402145393,35204.08632959658,35628.96567633145,404861
2013-07-29,35628.96567633145,36067.06292448709,35620.197473621054,35720.006980771344,585726
2013-07-30,35720.006980771344,35720.006980771344,34506.50539279426,34828.901884711086,562826
2013-07-31,34828.901884711086,35825.23754183336,34828.901884711086,35479.542364787696,424344
2013-08-01,35479.542364787696,35642.23972580519,34659.30059095533,35158.37025130782,601956
2013-08-02,35158.37025130782,35158.37025130782,33895.97331643336,34188.86518663447,365809
2013-08-05,34188.86518663447,34188.86518663447,32378.823433774647,32859.431565304905,435040
2013-08-06,32859.431565304905,32859.431565304905,31731.323363625634,32056.15029209036,464871
2013-08-07,32056.15029209036,32760.663890550077,32056.15029209036,32445.87494630542,493569
2013-08-08,32445.87494630542,32445.87494630542,31708.808885619455,32092.222946717207,465403
2013-08-09,32092.222946717207,32383.772507430695,31871.952567143824,32094.361847354212,389704
2013-08-12,32094.361847354212,32094.361847354212,31632.10231418087,31779.955445820156,338435
2013-08-13,31779.955445820156,32353.641683392325,31779.955445820156,32050.495909912337,481135
2013-08-14,32050.495909912337,32249.647861539273,32050.495909912337,32220.919706730947,354690
2013-08-15,32220.919706730947,32220.919706730947,31162.346922779703,31385.05672012613,617477
2013-08-16,31385.05672012613,31385.05672012613,30908.01291975264,31155.089658598514,467263
2013-08-19,31155.089658598514,31155.089658598514,28732.735154268128,29151.924266476148,510263
2013-08-20,29151.924266476148,29151.924266476148,28139.687918094223,28204.848213806607,518620
2013-08-21,28204.848213806607,28869.840738925373,28204.848213806607,28804.968912695804,626774
2013-08-22,28804.968912695804,29397.12991785535,28804.968912695804,28990.62168550238,538896
2013-08-23,28990.62168550238,29249.055310362965,28990.62168550238,29240.618369345404,500060
2013-08-26,29240.618369345404,29240.618369345404,28488.96951533677,28716.89425543772,409982
2013-08-27,28716.89425543772,29495.929774728058,28716.89425543772,29171.14648621983,586613
2013-08-28,29171.14648621983,29316.64937422363,29021.27569459467,29287.134228363928,509780
2013-08-29,29287.134228363928,29962.312752472728,29287.134228363928,29919.35855931996,507799
2013-08-30,29919.35855931996,29919.35855931996,28468.477505682615,28847.639237781128,583362
2013-09-02,28847.639237781128,29037.871331504317,28535.72149131767,28857.48804546777,403092
2013-09-03,28857.48804546777,28857.48804546777,28122.091650054892,28514.420622598624,558735
2013-09-04,28514.420622598624,28570.29758863458,27879.717812552357,28168.34545993,351972
2013-09-05,28168.34545993,28584.534486903445,27951.245097974177,28177.738364836947,611690
2013-09-06,28177.738364836947,29692.530303757947,28177.738364836947,29542.759429776674,492754
2013-09-09,29542.759429776674,30908.68993664809,29542.759429776674,30779.018846224142,553074
2013-09-10,30779.018846224142,31409.67653110326,30779.018846224142,31344.45487692263,466126
2013-09-11,31344.45487692263,31344.45487692263,31165.81100112065,31182.718532295465,458972
2013-09-12,31182.718532295465,32667.358040772782,31182.718532295465,32609.342374782405,547362
2013-09-13,32609.342374782405,32612.853580349754,32400.7130679882,32462.198626034147,412167
2013-09-16,32462.198626034147,32511.94691205046,32255.930722692883,32292.006054392245,551450
2013-09-17,32292.006054392245,32588.204338886626,31913.042939437673,32223.068250922457,579071
2013-09-18,32223.068250922457,32755.65189493875,32223.068250922457,32573.121327630448,534911
2013-09-19,32573.121327630448,32636.963677495853,32436.126470756517,32478.627977543485,471531
2013-09-20,32478.627977543485,33984.411407012725,32478.627977543485,33717.83570026679,571610
2013-09-23,33717.83570026679,34752.3116040561,33717.83570026679,34669.23458164251,548479
2013-09-24,34669.23458164251,35343.183791874464,34669.23458164251,35240.83943185681,415876
2013-09-25,35240.83943185681,35240.83943185681,34541.75471257462,34822.495976203194,598430
2013-09-26,34822.495976203194,34822.495976203194,33802.212181205265,33994.212397617084,475620
2013-09-27,33994.212397617084,33994.212397617084,32152.827851700593,32475.23912454311,591508
2013-09-30,32475.23912454311,32475.23912454311,31866.713548340576,32018.540910235504,595168
2013-10-01,32018.540910235504,32894.69481786597,32018.540910235504,32720.905340735786,439040
2013-10-02,32720.905340735786,33655.04896033253,32720.905340735786,33635.35656371138,472382
2013-10-03,33635.35656371138,34023.43099882495,33406.00620454477,33723.88802092416,451949
2013-10-04,33723.88802092416,34216.66138752389,33723.88802092416,33836.72927094756,442501
2013-10-07,33836.72927094756,36532.28541307583,33836.72927094756,36136.50087467566,452055
2013-10-08,36136.50087467566,37968.2604215474,36136.50087467566,37438.499537639254,341331
2013-10-09,37438.499537639254,38019.29912387564,37386.47457968517,37651.10269863745,502880
2013-10-10,37651.10269863745,37651.10269863745,36252.68872130299,36354.477263037545,629033
2013-10-11,36354.477263037545,37676.72731697969,36354.477263037545,37247.32359809312,405399
2013-10-14,37247.32359809312,39468.90301063387,37247.32359809312,39412.92828977876,510695
2013-10-15,39412.92828977876,39412.92828977876,37547.227711051004,38001.946912913576,467528
2013-10-16,38001.946912913576,38283.921555306064,37573.11449252374,37887.93216413474,454659
2013-10-17,37887.93216413474,37887.93216413474,36475.98024326961,36809.15315617841,660065
2013-10-18,36809.15315617841,37498.93223390377,36809.15315617841,37464.58900248453,592286
2013-10-21,37464.58900248453,38582.16036569233,37464.58900248453,38254.8211980507,606192
2013-10-22,38254.8211980507,39498.07057543062,38254.8211980507,39318.88604673306,379511
2013-10-23,39318.88604673306,39746.88511897793,38804.289023876256,39273.868301378774,484416
2013-10-24,39273.868301378774,40436.21789612493,39273.868301378774,40164.079957523725,491240
2013-10-25,40164.079957523725,40164.079957523725,38703.034152674256,39223.80835564656,401964
2013-10-28,39223.80835564656,40805.61130964742,39223.80835564656,40546.20696892207,619701
2013-10-29,40546.20696892207,40546.20696892207,40061.30775536084,40415.79285441355,391622
2013-10-30,40415.79285441355,40732.719371691455,40415.79285441355,40659.99079512712,422556
2013-10-31,40659.99079512712,40659.99079512712,39828.70316439366,40110.92706973784,424982
2013-11-01,40110.92706973784,40110.92706973784,39139.41497828613,39403.48302263657,421624
2013-11-04,39403.48302263657,41332.13743882831,39403.48302263657,40901.83373399938,340657
2013-11-05,40901.83373399938,43978.35188433529,40901.83373399938,43362.82263808731,515747
2013-11-06,43362.82263808731,44557.35262657917,43362.82263808731,44381.723994272834,424864
2013-11-07,44381.723994272834,44952.77062873259,44247.11004152375,44546.05701394101,527436
2013-11-08,44546.05701394101,44546.05701394101,42297.54260040662,42494.88573252764,489586
2013-11-11,42494.88573252764,42494.88573252764,41389.70096515479,41659.8847847108,432275
2013-11-12,41659.8847847108,41659.8847847108,40955.7368822382,41254.416638356866,639339
2013-11-13,41254.416638356866,41254.416638356866,39577.508259129114,39750.06050309081,517541
2013-11-14,39750.06050309081,39750.519489442195,39565.201623116234,39736.46081464581,573585
2013-11-15,39736.46081464581,41202.78797556509,39736.46081464581,40956.09360695847,542690
2013-11-18,40956.09360695847,42309.22403604491,40956.09360695847,41839.638600746635,520362
2013-11-19,41839.638600746635,41839.638600746635,39990.19000344569,40111.42835331696,515560
2013-11-20,40111.42835331696,40594.490481830304,40067.30392490538,40545.75170770573,443893
2013-11-21,40545.75170770573,42121.73400042181,40545.75170770573,41679.796034355466,605344
2013-11-22,41679.796034355466,42887.0600321146,41679.796034355466,42612.318251552046,564559
2013-11-25,42612.318251552046,44204.23935074177,42612.318251552046,43988.84153738901,474048
2013-11-26,43988.84153738901,44306.82440180476,43318.492858802034,43948.310926562786,660645
2013-11-27,43948.310926562786,44201.91995324784,43885.45008671582,44106.556383855765,544742
2013-11-28,44106.556383855765,44719.448459962965,44106.556383855765,44590.94320717641,513919
2013-11-29,44590.94320717641,45344.047751375816,44360.1084818465,44707.78048999342,672960
2013-12-02,44707.78048999342,46952.76252571574,44707.78048999342,46496.34349888121,504854
2013-12-03,46496.34349888121,46496.34349888121,45621.77717289214,46121.738028417836,316066
2013-12-04,46121.738028417836,47980.65371877399,46121.738028417836,47440.58341213085,400429
2013-12-05,47440.58341213085,49912.50696394517,47440.58341213085,49526.2680987317,481526
2013-12-06,49526.2680987317,50058.25186474587,49131.04723625585,49827.9893092623,412418
2013-12-09,49827.9893092623,51592.054971804035,49827.9893092623,51137.13754496717,479968
2013-12-10,51137.13754496717,53284.76783114635,51137.13754496717,53223.76713642649,423565
2013-12-11,53223.76713642649,53223.76713642649,49234.41967311456,49467.08722186617,428670
2013-12-12,49467.08722186617,49717.30856737643,48875.620647586955,49452.63628727582,478872
2013-12-13,49452.63628727582,50188.86638283004,49452.63628727582,50144.82605030778,499810
2013-12-16,50144.82605030778,50637.379786013174,50144.82605030778,50489.53433102604,436129
2013-12-17,50489.53433102604,52004.57671898408,50489.53433102604,51570.10625325188,458734
2013-12-18,51570.10625325188,52292.14290537571,51570.10625325188,52112.28903575416,449385
2013-12-19,52112.28903575416,52112.28903575416,50437.153958204566,50913.357068986305,432351
2013-12-20,50913.357068986305,50913.357068986305,49439.72000368769,49636.38625696542,598748
2013-12-23,49636.38625696542,51007.84245734527,49636.38625696542,50675.39623955428,505797
2013-12-24,50675.39623955428,50675.39623955428,48885.08660488132,49346.69998736723,521110
2013-12-25,49346.69998736723,52646.99716238291,49346.69998736723,52101.796252263746,590227
2013-12-26,52101.796252263746,52101.796252263746,48684.18050259289,48874.59419629793,591876
2013-12-27,48874.59419629793,53106.600931023364,48874.59419629793,52742.5259781866,438654
2013-12-30,52742.5259781866,52742.5259781866,50058.32450669144,50804.61266335156,424775
2013-12-31,50804.61266335156,50804.61266335156,48107.79765497743,48508.082015904096,403096
2014-01-01,48508.082015904096,48508.082015904096,47602.769157277005,47725.12282941395,558196
2014-01-02,47725.12282941395,48425.94824547621,47236.02318697167,47904.077372028274,489450
2014-01-03,47904.077372028274,48370.8724183601,47378.683127959644,47777.502031172386,511225
2014-01-06,47777.502031172386,48833.67273826342,47694.7179272149,48263.209082034096,527420
2014-01-07,48263.209082034096,48263.209082034096,47553.323356401925,47598.49969624348,538988
2014-01-08,47598.49969624348,50044.639890049766,47598.49969624348,49964.365712312436,403339
2014-01-09,49964.365712312436,50344.301342164006,49152.503367994424,49664.992708070546,538257
2014-01-10,49664.992708070546,52185.79329507518,49664.992708070546,51623.45797150038,456858
2014-01-13,51623.45797150038,52322.52906715385,51623.45797150038,52132.674671514585,561824
2014-01-14,52132.674671514585,53146.56622205323,52119.40741606037,52487.3955452336,514530
2014-01-15,52487.3955452336,52487.3955452336,50618.40531979766,51370.0643499573,558049
2014-01-16,51370.0643499573,51370.0643499573,49640.52226513241,50353.35364603243,481033
2014-01-17,50353.35364603243,50443.17704338031,49684.081983257805,49883.670121893396,524329
2014-01-20,49883.670121893396,49883.670121893396,48834.09719785711,49087.782681218516,481341
2014-01-21,49087.782681218516,51099.31877114951,49087.782681218516,50609.53388952186,428014
2014-01-22,50609.53388952186,50609.53388952186,49666.039512546595,49802.40080148846,471533
2014-01-23,49802.40080148846,52651.81844697792,49802.40080148846,52065.890752949046,625346
2014-01-24,52065.890752949046,53964.45775686499,52065.890752949046,53778.67704774103,414563
2014-01-27,53778.67704774103,53778.67704774103,52703.67490239696,53383.11913600384,571938
2014-01-28,53383.11913600384,53383.11913600384,52470.81267755525,52889.858333414435,477326
2014-01-29,52889.858333414435,52889.858333414435,52282.40105746257,52352.807709170476,476423
2014-01-30,52352.807709170476,53883.96050600503,52352.807709170476,53389.06072349792,465446
2014-01-31,53389.06072349792,53389.06072349792,50574.15865523392,50643.780481376234,473850
2014-02-03,50643.780481376234,50643.780481376234,49359.276959826915,50015.67219668246,577482
2014-02-04,50015.67219668246,50015.67219668246,47730.82211155905,48109.16125354595,420047
2014-02-05,48109.16125354595,49671.27734133012,48109.16125354595,49647.6625134406,628798
2014-02-06,49647.6625134406,49891.18595733301,49264.17701012317,49473.57108098742,502914
2014-02-07,49473.57108098742,49473.57108098742,48089.786869827316,48374.426193430045,472852
2014-02-10,48374.426193430045,50066.115067271596,48374.426193430045,49505.78156655948,533868
2014-02-11,49505.78156655948,50395.0852728927,49505.78156655948,50098.428868388175,478431
2014-02-12,50098.428868388175,50380.55162950677,49009.24440296692,49690.31275101444,614653
2014-02-13,49690.31275101444,49951.608256346924,49671.48520643629,49779.910792378214,481709
2014-02-14,49779.910792378214,50765.32470860874,49779.910792378214,50318.03817554726,661468
2014-02-17,50318.03817554726,50964.17438594573,50011.6302242605,50334.91843957174,493630
2014-02-18,50334.91843957174,52635.803193972075,50334.91843957174,52081.56435777763,370608
2014-02-19,52081.56435777763,53158.428271368495,52081.56435777763,52706.5193554663,477216
2014-02-20,52706.5193554663,52815.19946018281,52197.7778789672,52497.29996131745,572321
2014-02-21,52497.29996131745,52497.29996131745,50840.093487029495,51193.35598215299,394365
2014-02-24,51193.35598215299,51193.35598215299,48233.01209703305,48848.76067254722,421521
2014-02-25,48848.76067254722,50318.67972401,48848.76067254722,49767.79206527199,507446
2014-02-26,49767.79206527199,49767.79206527199,48528.176595943834,48816.32127623917,429963
2014-02-27,48816.32127623917,48816.32127623917,46259.55773378601,46641.199464462865,531868
2014-02-28,46641.199464462865,47832.44332323941,46641.199464462865,47501.71685695805,593003
2014-03-03,47501.71685695805,49274.67161560342,47501.71685695805,48754.56502520546,588762
2014-03-04,48754.56502520546,48754.56502520546,47653.72365276631,48351.209896488275,487385
2014-03-05,48351.209896488275,48680.19801790432,48240.28082182799,48558.88778696591,471008
2014-03-06,48558.88778696591,48558.88778696591,46278.73110848097,46878.97468709938,428479
2014-03-07,46878.97468709938,47741.39883555479,46878.97468709938,47580.53549653842,688762
2014-03-10,47580.53549653842,49654.96144683512,47580.53549653842,48981.42314528238,326487
2014-03-11,48981.42314528238,48981.42314528238,45187.023457661795,45310.02067738085,563581
2014-03-12,45310.02067738085,45379.64324105729,44971.15041168058,45003.91849750779,467724
2014-03-13,45003.91849750779,45752.844009429726,44777.243534263,45119.56199228276,599373
2014-03-14,45119.56199228276,45562.32307653372,44524.388264761845,45080.23037578891,472229
2014-03-17,45080.23037578891,45255.33644711466,44594.05522014529,44891.96592877398,482529
2014-03-18,44891.96592877398,44891.96592877398,42662.979539394306,43104.587362207814,650051
2014-03-19,43104.587362207814,43205.93926326842,42611.3022980747,42718.002472386295,374015
2014-03-20,42718.002472386295,43602.27099714856,42718.002472386295,43465.03951170155,463099
2014-03-21,43465.03951170155,43465.03951170155,42144.88754623324,42655.44780532449,512254
2014-03-24,42655.44780532449,43204.535169282724,42302.43626853704,42661.622024415425,458117
2014-03-25,42661.622024415425,42661.622024415425,41456.97007710274,41996.251816160606,498567
2014-03-26,41996.251816160606,41996.251816160606,40265.156555203204,40686.71060242549,516373
2014-03-27,40686.71060242549,40814.807434981834,39772.56809403916,40321.03175495549,550354
2014-03-28,40321.03175495549,41428.43087155771,40321.03175495549,41146.526894470466,295204
2014-03-31,41146.526894470466,41575.37156185974,40939.372880391114,41120.166204300855,611055
2014-04-01,41120.166204300855,41430.072117774274,40855.81086447761,40928.778726773424,431587
2014-04-02,40928.778726773424,40928.778726773424,39359.597724438754,39577.56082268424,397893
2014-04-03,39577.56082268424,40730.63765230624,39577.56082268424,40608.79925842446,415168
2014-04-04,40608.79925842446,41393.386361143705,40573.259330829256,40854.32113534498,428789
2014-04-07,40854.32113534498,42627.13931762169,40854.32113534498,42461.86321513526,516042
2014-04-08,42461.86321513526,46393.91723676448,42461.86321513526,45737.20601612719,449478
2014-04-09,45737.20601612719,45737.20601612719,44206.7939455551,44778.70258805404,567199
2014-04-10,44778.70258805404,45743.15726593151,44742.088137185725,45408.20209748606,486545
2014-04-11,45408.20209748606,45408.20209748606,44169.96370368518,44416.22236427547,608493
2014-04-14,44416.22236427547,44996.027032955695,44416.22236427547,44687.85892091752,409011
2014-04-15,44687.85892091752,44687.85892091752,42919.73898424849,43528.204586983804,477950
2014-04-16,43528.204586983804,44172.575659253314,43528.204586983804,43920.47241904867,411121
2014-04-17,43920.47241904867,44038.2225866883,43348.092546120075,43659.92094115296,417336
2014-04-18,43659.92094115296,45004.00024671615,43659.92094115296,44472.752692358954,433474
2014-04-21,44472.752692358954,44949.99323115705,44383.359558252036,44677.316005653214,492389
2014-04-22,44677.316005653214,44987.77465664549,44389.639378962645,44854.651352303445,382536
2014-04-23,44854.651352303445,44854.651352303445,44042.530901592414,44182.11811611042,538856
2014-04-24,44182.11811611042,44765.43828073056,43870.94687395734,44280.66163210039,479374
2014-04-25,44280.66163210039,45184.94490195228,44280.66163210039,44644.069050417726,619740
2014-04-28,44644.069050417726,44644.069050417726,43208.57219420502,43558.23698493089,519993
2014-04-29,43558.23698493089,44998.26368268222,43558.23698493089,44867.16105389745,412821
2014-04-30,44867.16105389745,44867.16105389745,43012.21618748628,43284.23463638707,520361
2014-05-01,43284.23463638707,43284.23463638707,42551.29630541704,42621.48849976381,436141
2014-05-02,42621.48849976381,42621.48849976381,41359.41509053319,41840.970209907435,472946
2014-05-05,41840.970209907435,43117.54269496299,41840.970209907435,43107.43138875575,366719
2014-05-06,43107.43138875575,43107.43138875575,42164.338625461,42597.66117652995,496863
2014-05-07,42597.66117652995,44643.04131888829,42597.66117652995,43996.648544989905,461964
2014-05-08,43996.648544989905,46123.57939901779,43996.648544989905,46012.24848091479,649988
2014-05-09,46012.24848091479,46119.34119373398,44963.68292615644,45645.597803665216,517846
2014-05-12,45645.597803665216,45645.597803665216,44895.26232130738,45469.619808243806,489562
2014-05-13,45469.619808243806,45469.619808243806,44066.69353793827,44597.192685208836,605279
2014-05-14,44597.192685208836,45095.34253313962,44263.73342433658,44787.27710886604,431516
2014-05-15,44787.27710886604,44787.27710886604,43401.39625694494,43610.39381413826,482483
2014-05-16,43610.39381413826,43610.39381413826,42759.743125607485,43055.39331850683,465390
2014-05-19,43055.39331850683,43461.709180402824,42816.68843044264,43019.43363249387,593060
2014-05-20,43019.43363249387,43220.03860458302,42360.84631341808,42639.41419149574,402675
2014-05-21,42639.41419149574,42639.41419149574,40373.503844603416,40614.71057466601,503516
2014-05-22,40614.71057466601,40837.04994631139,40564.52021424458,40792.50217071988,552471
2014-05-23,40792.50217071988,41000.505475905855,40792.50217071988,40898.23149936042,501390
2014-05-26,40898.23149936042,41123.5667699943,40365.80040821909,40792.86918470024,390918
2014-05-27,40792.86918470024,40792.86918470024,39707.542744748454,39956.469649911065,474007
2014-05-28,39956.469649911065,39956.469649911065,38744.19369154982,39262.17264888643,584434
2014-05-29,39262.17264888643,39700.74513829089,38968.748288123184,39116.4018674947,419911
2014-05-30,39116.4018674947,39116.4018674947,37700.177278709154,38260.63224249489,358876
2014-06-02,38260.63224249489,39995.092501790416,38260.63224249489,39632.11505693262,400620
2014-06-03,39632.11505693262,40383.44581662554,39266.39975129242,39794.79261652344,551772
2014-06-04,39794.79261652344,40231.20253710751,39772.04951700876,39848.48191236075,327318
2014-06-05,39848.48191236075,40318.15192092469,39848.48191236075,39915.87495348085,572054
2014-06-06,39915.87495348085,40059.440595674816,39664.38151967805,39865.372829158936,367499
2014-06-09,39865.372829158936,41032.44589904431,39865.372829158936,40437.0735027632,469199
2014-06-10,40437.0735027632,40437.0735027632,39457.97155052443,39958.67606792046,553559
2014-06-11,39958.67606792046,41824.3946436384,39958.67606792046,41721.30973007301,537918
2014-06-12,41721.30973007301,44923.06830291049,41721.30973007301,44457.128868657805,613582
2014-06-13,44457.128868657805,44457.128868657805,43534.11369181229,43856.69620210612,582782
2014-06-16,43856.69620210612,44788.91648459014,43856.69620210612,44359.13887251397,545243
2014-06-17,44359.13887251397,45912.119610763744,44359.13887251397,45297.17113145249,398081
2014-06-18,45297.17113145249,45297.17113145249,43919.20038593393,44580.51255885193,471890
2014-06-19,44580.51255885193,46060.62757554296,44580.51255885193,45438.009091184016,468500
2014-06-20,45438.009091184016,46327.077666685786,45438.009091184016,46274.876401271285,513497
2014-06-23,46274.876401271285,46274.876401271285,44869.77645087724,45229.50545966999,462225
2014-06-24,45229.50545966999,45229.50545966999,43592.88035625802,43944.31535866144,442758
2014-06-25,43944.31535866144,44376.70528870798,43890.85172383615,43892.36280511371,448524
2014-06-26,43892.36280511371,46011.565916669795,43892.36280511371,45470.32729010841,386297
2014-06-27,45470.32729010841,45470.32729010841,43713.43720722416,44160.602459847716,640711
2014-06-30,44160.602459847716,45056.25055930142,44160.602459847716,44616.300790301386,473279
2014-07-01,44616.300790301386,45580.60982306426,44616.300790301386,45504.40449316033,447072
2014-07-02,45504.40449316033,46457.96085357705,45402.27648162058,45975.72357095842,496889
2014-07-03,45975.72357095842,45975.72357095842,44055.5197628901,44455.57820568919,481343
2014-07-04,44455.57820568919,44958.86768449636,44403.7130160206,44876.110711077796,597470
2014-07-07,44876.110711077796,48451.846445499425,44876.110711077796,47993.57738089488,487865
2014-07-08,47993.57738089488,49046.163665996515,47993.57738089488,48738.57130274171,545725
2014-07-09,48738.57130274171,48738.57130274171,47387.38869844306,47653.97211410374,445221
2014-07-10,47653.97211410374,49580.47015170172,47653.97211410374,49480.76732934901,366482
2014-07-11,49480.76732934901,49480.76732934901,48164.89787121673,48660.856710932494,471135
2014-07-14,48660.856710932494,49346.4239030822,48460.3044933727,49051.86328972482,523156
2014-07-15,49051.86328972482,49051.86328972482,47633.33360045837,48169.75490295916,517483
2014-07-16,48169.75490295916,50007.707548756174,48169.75490295916,49581.40088890613,388355
2014-07-17,49581.40088890613,50012.085638208315,49225.64535726155,49868.86289382697,537187
2014-07-18,49868.86289382697,50986.3132603377,49715.84032518277,50274.713822642756,433553
2014-07-21,50274.713822642756,51695.36276832043,50274.713822642756,51452.97579466531,607423
2014-07-22,51452.97579466531,51452.97579466531,50685.81756013653,50888.335004843626,547418
2014-07-23,50888.335004843626,50888.335004843626,49894.02159027666,50299.63580590998,628004
2014-07-24,50299.63580590998,51022.842507679285,50299.63580590998,51022.51564787185,656741
2014-07-25,51022.51564787185,51022.51564787185,49982.6665106676,50307.35404948957,468527
2014-07-28,50307.35404948957,50307.35404948957,48476.67060100363,48885.41115263872,505427
2014-07-29,48885.41115263872,50470.48930767176,48885.41115263872,50124.3595163672,603315
2014-07-30,50124.3595163672,52201.884695471475,50124.3595163672,51596.055071668736,564892
2014-07-31,51596.055071668736,51596.055071668736,50730.382183294176,51271.139638657834,459439
2014-08-01,51271.139638657834,52830.162144139336,51271.139638657834,52149.14013530704,329664
2014-08-04,52149.14013530704,52820.459507242565,52018.89931930712,52383.74409669631,710417
2014-08-05,52383.74409669631,52383.74409669631,50471.7772148955,50620.80824224452,449634
2014-08-06,50620.80824224452,50620.80824224452,48897.02484087934,49198.70755950025,533621
2014-08-07,49198.70755950025,51388.24386096376,49198.70755950025,50781.66630472468,533251
2014-08-08,50781.66630472468,50781.66630472468,49371.53607114526,49681.31240664506,495224
2014-08-11,49681.31240664506,50496.01466657983,49681.31240664506,50258.95880316525,469780
2014-08-12,50258.95880316525,50534.105602104086,49919.70275552661,50364.763259479296,597720
2014-08-13,50364.763259479296,50364.763259479296,47861.19183449969,48472.3121327528,361809
2014-08-14,48472.3121327528,49002.57494297159,47911.49329644687,48448.90391743114,611221
2014-08-15,48448.90391743114,48448.90391743114,46664.24369648393,47337.3674470166,437648
2014-08-18,47337.3674470166,48417.00928402403,47337.3674470166,48268.29029105455,551708
2014-08-19,48268.29029105455,48303.88190971241,47719.90887177023,47843.381760223914,591925
2014-08-20,47843.381760223914,47992.3517196238,47640.468587205956,47821.55537806756,596951
2014-08-21,47821.55537806756,49198.84513476936,47821.55537806756,48948.678841281755,330051
2014-08-22,48948.678841281755,49309.5172540328,48836.92629340519,49260.60188442515,562387
2014-08-25,49260.60188442515,49260.60188442515,48656.349704117194,48812.958956621515,451853
2014-08-26,48812.958956621515,50708.165612579374,48812.958956621515,50290.50778453174,493379
2014-08-27,50290.50778453174,51866.46685595063,50290.50778453174,51676.41964331851,475246
2014-08-28,51676.41964331851,51676.41964331851,50307.884109094884,50536.39979682053,569613
2014-08-29,50536.39979682053,52909.20543133187,50536.39979682053,52410.42838968692,660158
2014-09-01,52410.42838968692,52410.42838968692,50549.35763473991,50908.07985690561,550175
2014-09-02,50908.07985690561,50908.07985690561,48862.26901250259,49447.28271868327,404853
2014-09-03,49447.28271868327,49447.28271868327,48110.571145151094,48794.123491108185,393835
2014-09-04,48794.123491108185,49533.73570995105,48546.22967828845,48979.06432510053,548351
2014-09-05,48979.06432510053,49875.5095293806,48622.830882957045,49211.790069296054,471442
2014-09-08,49211.790069296054,49211.790069296054,47764.95155615171,48012.209473367206,421932
2014-09-09,48012.209473367206,48385.435815722725,47962.4722590698,48105.130812730014,525541
2014-09-10,48105.130812730014,48168.41834668044,47480.013424549485,47609.61641588897,468158
2014-09-11,47609.61641588897,49074.79211298724,47609.61641588897,49019.62528560772,590693
2014-09-12,49019.62528560772,49019.62528560772,47084.717610424166,47531.81760535033,424476
2014-09-15,47531.81760535033,47531.81760535033,46446.820324909524,46894.36616752399,496472
2014-09-16,46894.36616752399,47139.880314339636,46462.027442069164,46496.98448684322,643580
2014-09-17,46496.98448684322,46496.98448684322,44894.76593722986,45240.389837700655,487092
2014-09-18,45240.389837700655,45283.68883735081,44621.96904432248,44988.35221558557,572515
2014-09-19,44988.35221558557,44988.35221558557,44203.344589910645,44344.853048586265,579068
2014-09-22,44344.853048586265,46252.71668347464,44344.853048586265,45720.2499442396,507953
2014-09-23,45720.2499442396,48078.78792571383,45720.2499442396,47958.08050421153,378357
2014-09-24,47958.08050421153,48601.91712817958,47793.03091289298,48402.334047777535,681753
2014-09-25,48402.334047777535,49880.357275201706,48402.334047777535,49441.15635379727,528466
2014-09-26,49441.15635379727,49542.37258210442,49358.224678461316,49538.34599450133,369325
2014-09-29,49538.34599450133,50076.58650747762,49414.24801840038,49814.75330856492,455899
2014-09-30,49814.75330856492,51093.83398353098,49814.75330856492,50509.2447367089,453706
2014-10-01,50509.2447367089,51626.16172090189,50509.2447367089,51015.390650884576,569965
2014-10-02,51015.390650884576,51015.390650884576,49483.74281360383,50204.853453723445,597177
2014-10-03,50204.853453723445,51822.16504136331,50204.853453723445,51238.17564052078,544896
2014-10-06,51238.17564052078,54946.513943328784,51238.17564052078,54191.81067021729,472329
2014-10-07,54191.81067021729,54191.81067021729,52908.97273865941,52933.19736916398,494495
2014-10-08,52933.19736916398,53630.46299153857,52463.80775719995,52850.053954171766,394449
2014-10-09,52850.053954171766,52850.053954171766,50461.58312819187,50861.37747592488,558962
2014-10-10,50861.37747592488,50918.02309105124,49925.916788610244,50456.530913258095,414811
2014-10-13,50456.530913258095,50456.530913258095,48498.987606711366,48728.50249832894,446410
2014-10-14,48728.50249832894,49412.85062081728,48187.209502982485,48768.08721651134,571465
2014-10-15,48768.08721651134,49639.88154735901,48742.039514821765,49296.64436584196,439102
2014-10-16,49296.64436584196,51706.782723592645,49296.64436584196,51201.12877875397,403380
2014-10-17,51201.12877875397,51806.52120256032,50692.855055455744,51156.43715548269,364700
2014-10-20,51156.43715548269,51156.43715548269,48296.00670574137,48982.176187768775,495417
2014-10-21,48982.176187768775,49146.561537774935,48637.50267305245,48706.839377279764,536496
2014-10-22,48706.839377279764,49276.283919216476,48453.44872553873,48979.27008400251,468911
2014-10-23,48979.27008400251,48979.27008400251,47425.96058335042,48043.305606516835,522975
2014-10-24,48043.305606516835,48102.4997617664,46903.40967958795,47560.23592875604,626652
2014-10-27,47560.23592875604,47774.27708890815,47085.196262206075,47484.94005234892,469208
2014-10-28,47484.94005234892,48384.87296592431,47484.94005234892,48292.1965335943,446477
2014-10-29,48292.1965335943,49138.36223476421,48292.1965335943,49105.69109706729,446918
2014-10-30,49105.69109706729,49527.58109423992,48905.90150715341,48929.30120726187,619053
2014-10-31,48929.30120726187,49893.02264938185,48929.30120726187,49603.44117389739,446029
2014-11-03,49603.44117389739,51477.9251021071,49603.44117389739,50842.35664037395,577313
2014-11-04,50842.35664037395,50860.381047999545,50561.4845298252,50673.02161321146,495410
2014-11-05,50673.02161321146,50673.02161321146,49516.59296075936,49643.1140894673,388910
2014-11-06,49643.1140894673,49643.1140894673,48452.95516982205,48739.12921168161,689724
2014-11-07,48739.12921168161,48739.12921168161,46613.92474040609,47012.73653183567,523727
2014-11-10,47012.73653183567,47012.73653183567,46201.21033229068,46318.376328869985,494529
2014-11-11,46318.376328869985,46318.376328869985,44953.38162011649,44994.5558821777,536772
2014-11-12,44994.5558821777,44994.5558821777,43690.47382243691,43785.404618553766,522055
2014-11-13,43785.404618553766,43785.404618553766,41954.106315851604,42455.88567069438,741913
2014-11-14,42455.88567069438,43226.8315914047,42455.88567069438,42893.64948139899,504811
2014-11-17,42893.64948139899,42893.64948139899,42180.11796145745,42448.63392926756,363686
2014-11-18,42448.63392926756,43061.41536644688,42314.5088030006,42558.920765982344,524945
2014-11-19,42558.920765982344,42715.06249898008,42030.5291417106,42128.25943574614,577332
2014-11-20,42128.25943574614,42384.99583529711,41661.6057876831,42288.95519500218,606023
2014-11-21,42288.95519500218,42288.95519500218,40183.58272079471,40741.409569351454,422123
2014-11-24,40741.409569351454,41030.89043753906,40515.015036368684,40753.862998092176,482523
2014-11-25,40753.862998092176,40753.862998092176,39996.699885705544,40176.06955582845,595115
2014-11-26,40176.06955582845,42104.91066342152,40176.06955582845,41990.810583278275,604151
2014-11-27,41990.810583278275,41990.810583278275,41131.699411927984,41541.36145568354,587326
2014-11-28,41541.36145568354,42620.196754721845,41541.36145568354,42099.56355475152,322953
2014-12-01,42099.56355475152,44323.02078954549,42099.56355475152,43935.431895714086,415281
2014-12-02,43935.431895714086,43935.431895714086,42042.9913392562,42294.87502462864,582097
2014-12-03,42294.87502462864,42439.44235210299,41720.190753919815,42144.4323302311,553802
2014-12-04,42144.4323302311,42315.36118358752,41594.10984040772,41719.8056079817,469742
2014-12-05,41719.8056079817,41797.91792047736,41267.93086063119,41390.21675478176,572907
2014-12-08,41390.21675478176,41390.21675478176,40455.670265354944,41065.390984493104,421585
2014-12-09,41065.390984493104,41065.390984493104,40114.092940232964,40120.91972148705,519283
2014-12-10,40120.91972148705,40120.91972148705,38700.99803085544,38932.555745490405,449644
2014-12-11,38932.555745490405,40624.26087017986,38932.555745490405,40576.64853231533,473183
2014-12-12,40576.64853231533,40576.64853231533,40181.65408687895,40223.16243055801,593506
2014-12-15,40223.16243055801,41343.46382142533,40223.16243055801,40907.419392629534,531188
2014-12-16,40907.419392629534,40907.419392629534,39738.81584187904,39922.07568811722,575829
2014-12-17,39922.07568811722,40443.104597927675,39922.07568811722,40426.759282480125,530590
2014-12-18,40426.759282480125,40764.78299058673,40418.52377985446,40539.464963628816,474668
2014-12-19,40539.464963628816,40539.58486950531,39719.1474231693,40217.557711289846,341863
2014-12-22,40217.557711289846,40591.15284950454,40071.72494069542,40200.9898301294,575753
2014-12-23,40200.9898301294,42279.6595239156,40200.9898301294,41788.60785170139,512866
2014-12-24,41788.60785170139,41788.60785170139,40976.753681098526,41424.99806243955,460328
2014-12-25,41424.99806243955,42213.935311785324,41424.99806243955,41853.438504688704,532499
2014-12-26,41853.438504688704,43692.341362380655,41853.438504688704,43132.03347517654,538475
2014-12-29,43132.03347517654,43900.078784387835,43132.03347517654,43609.94699264073,481745
2014-12-30,43609.94699264073,44461.68729570788,43609.94699264073,44289.73947756547,389766
2014-12-31,44289.73947756547,44289.73947756547,42779.2440171795,43233.84981969117,544737
2015-01-01,43233.84981969117,43886.23101996653,43233.84981969117,43834.65951498366,571519
2015-01-02,43834.65951498366,43834.65951498366,42619.99911564249,42968.07569135868,362913
2015-01-05,42968.07569135868,44002.39823208044,42968.07569135868,43359.9001313673,503628
2015-01-06,43359.9001313673,43790.52628741664,43359.9001313673,43458.31692678615,481060
2015-01-07,43458.31692678615,43976.195715121576,43103.588125931594,43487.202383111726,405510
2015-01-08,43487.202383111726,43487.202383111726,41574.71086837713,42115.25099232381,463201
2015-01-09,42115.25099232381,44646.19595990513,42115.25099232381,44045.38725637567,442756
2015-01-12,44045.38725637567,44045.38725637567,42880.711560931086,43418.699429051005,472941
2015-01-13,43418.699429051005,44292.67684767227,43206.511546144386,43641.47432752942,614959
2015-01-14,43641.47432752942,44050.94715805005,43641.47432752942,43914.46573780488,499678
2015-01-15,43914.46573780488,44342.60272596934,43773.27330447712,43880.157825632894,477137
2015-01-16,43880.157825632894,45124.515460427734,43880.157825632894,44961.11726326363,585217
2015-01-19,44961.11726326363,44961.11726326363,43052.61188975981,43083.56633938856,472588
2015-01-20,43083.56633938856,43578.59062103724,42741.73430311461,43132.074919682294,464169
2015-01-21,43132.074919682294,43132.074919682294,42605.69051965357,42651.21132592418,549931
2015-01-22,42651.21132592418,42651.21132592418,41872.48908210399,42478.04560019278,511719
2015-01-23,42478.04560019278,43184.89763906293,42266.07814939394,42629.6431200412,490184
2015-01-26,42629.6431200412,42928.4221757509,42629.6431200412,42892.848111633575,514391
2015-01-27,42892.848111633575,44150.56003285291,42892.848111633575,44061.13184971083,521997
2015-01-28,44061.13184971083,45561.12576436204,44061.13184971083,45411.468805736346,508494
2015-01-29,45411.468805736346,46305.45461474562,45411.468805736346,46044.05819842451,573760
2015-01-30,46044.05819842451,48099.703859096466,46044.05819842451,47950.037531270296,513726
2015-02-02,47950.037531270296,48553.94941633812,47309.516127781484,47908.44946042629,390593
2015-02-03,47908.44946042629,47908.44946042629,45979.952060556294,46298.84809731014,649980
2015-02-04,46298.84809731014,47788.855938329834,46298.84809731014,47344.055468605686,493683
2015-02-05,47344.055468605686,47485.09539901996,46693.13040850852,47244.79570788372,536336
2015-02-06,47244.79570788372,47562.14283244191,46634.51549227123,46871.715457452316,568464
2015-02-09,46871.715457452316,46871.715457452316,45592.06857950773,46219.86745441918,437183
2015-02-10,46219.86745441918,46219.86745441918,45248.05523485493,45636.121095113514,458738
2015-02-11,45636.121095113514,46143.237373436124,45464.441083573765,45995.141088815515,591626
2015-02-12,45995.141088815515,47102.672839717445,45995.141088815515,46471.538739104435,475325
2015-02-13,46471.538739104435,46471.538739104435,45219.41436955629,45538.076872444835,544941
2015-02-16,45538.076872444835,45541.34743593525,44549.55630193548,44917.72205800746,360402
2015-02-17,44917.72205800746,45992.93937176394,44917.72205800746,45932.110745868464,562372
2015-02-18,45932.110745868464,46651.94845331209,45932.110745868464,46438.32653392764,488719
2015-02-19,46438.32653392764,46438.32653392764,44459.22581290869,44680.851577519505,392564
2015-02-20,44680.851577519505,44680.851577519505,42563.52707817468,42780.00312525397,484782
2015-02-23,42780.00312525397,42780.00312525397,41714.16003592913,41909.85699070801,489953
2015-02-24,41909.85699070801,41909.85699070801,40873.23794316194,41355.94805714243,602145
2015-02-25,41355.94805714243,41355.94805714243,39394.45528061261,39461.60759519567,519581
2015-02-26,39461.60759519567,39461.60759519567,37461.454137262765,37806.26056736586,466891
2015-02-27,37806.26056736586,39513.886229771255,37806.26056736586,39208.94908179881,596368
2015-03-02,39208.94908179881,39938.084199884324,39207.28295112752,39489.77898045276,523072
2015-03-03,39489.77898045276,40745.829939794196,39489.77898045276,40494.40308797238,366740
2015-03-04,40494.40308797238,40552.866422909836,39627.74031046015,39996.239828519676,472712
2015-03-05,39996.239828519676,40333.00734711382,39601.06834277993,40135.21388970491,568667
2015-03-06,40135.21388970491,41488.20239959566,40135.21388970491,41287.33618657293,408685
2015-03-09,41287.33618657293,42158.46905754894,41287.33618657293,41965.06477294692,448140
2015-03-10,41965.06477294692,42163.6897481225,41660.558345418096,41788.164197654136,592605
2015-03-11,41788.164197654136,41788.164197654136,41124.959794505,41192.531031048034,427373
2015-03-12,41192.531031048034,41192.531031048034,40526.91130005886,40766.464423800266,603828
2015-03-13,40766.464423800266,41898.23203663781,40766.464423800266,41716.59016538317,439302
2015-03-16,41716.59016538317,42073.272692577215,41266.58149964822,41709.52391450109,469454
2015-03-17,41709.52391450109,41709.52391450109,41433.10481817508,41581.89680545322,420927
2015-03-18,41581.89680545322,42219.43735296185,41581.89680545322,41924.239892411155,481760
2015-03-19,41924.239892411155,41924.239892411155,39390.159565137714,39855.83900155865,503512
2015-03-20,39855.83900155865,39855.83900155865,38639.980435301215,39108.8165997174,589022
2015-03-23,39108.8165997174,39108.8165997174,38288.30238779309,38582.555463808196,545071
2015-03-24,38582.555463808196,38582.555463808196,37844.0993425057,38154.39157192705,465789
2015-03-25,38154.39157192705,39665.785197459125,38154.39157192705,39532.571993148296,347222
2015-03-26,39532.571993148296,41358.53006413955,39532.571993148296,40790.122157810336,541902
2015-03-27,40790.122157810336,40907.50167118183,40299.875870291056,40769.71252998069,425109
2015-03-30,40769.71252998069,40954.2649177108,39934.1244374794,40517.27245757493,593281
2015-03-31,40517.27245757493,40517.27245757493,39177.281910369275,39678.52518943163,444160
2015-04-01,39678.52518943163,41103.122138495004,39678.52518943163,40805.67858225763,461901
2015-04-02,40805.67858225763,40805.67858225763,39676.20317933272,39878.48545011705,439434
2015-04-03,39878.48545011705,40711.05066153046,39878.48545011705,40577.936340818414,578120
2015-04-06,40577.936340818414,42008.132295203875,40577.936340818414,41841.52402751809,560197
2015-04-07,41841.52402751809,42432.46095864655,41574.33265588444,41873.731778118934,572705
2015-04-08,41873.731778118934,42664.56286653871,41873.731778118934,42042.88957666176,462846
2015-04-09,42042.88957666176,42651.232139258515,42042.88957666176,42621.86562679802,626477
2015-04-10,42621.86562679802,44660.54459263855,42621.86562679802,44524.217069614606,511504
2015-04-13,44524.217069614606,46792.97597563121,44524.217069614606,46349.44468768778,428818
2015-04-14,46349.44468768778,46349.44468768778,44145.18389096727,44616.93763793702,560244
2015-04-15,44616.93763793702,46378.10376812901,44616.93763793702,45827.439100324904,551557
2015-04-16,45827.439100324904,46320.48871467976,45613.02746434738,45640.654411745396,514322
2015-04-17,45640.654411745396,45640.654411745396,44538.29774138645,44672.911968392335,556109
2015-04-20,44672.911968392335,45474.773718953955,44672.911968392335,45447.40547145552,430818
2015-04-21,45447.40547145552,46530.79012609275,45447.40547145552,46233.609703651826,499078
2015-04-22,46233.609703651826,46233.609703651826,44954.37517329602,45198.98474027809,601390
2015-04-23,45198.98474027809,45198.98474027809,43808.644258632674,44163.20084921968,652690
2015-04-24,44163.20084921968,44163.20084921968,43350.424744038406,43356.12441203332,444672
2015-04-27,43356.12441203332,45685.49217699806,43356.12441203332,45597.02026118424,475730
2015-04-28,45597.02026118424,45597.02026118424,44566.28030218312,45088.71134162145,548969
2015-04-29,45088.71134162145,45726.29259411208,44972.5457512844,45253.09910258051,588985
2015-04-30,45253.09910258051,45617.53237085604,45253.09910258051,45596.025987174806,484219
2015-05-01,45596.025987174806,46524.29411362617,45579.064097613125,46162.254779432296,532647
2015-05-04,46162.254779432296,46162.254779432296,44542.82413371966,44593.12831164643,510517
2015-05-05,44593.12831164643,45343.3998029149,44366.65550234998,44703.38942181211,380538
2015-05-06,44703.38942181211,44703.38942181211,43908.688547947866,44236.2456165111,411404
2015-05-07,44236.2456165111,44236.2456165111,43373.09305166734,43382.460013777716,480439
2015-05-08,43382.460013777716,43382.460013777716,41884.12820691109,42177.277570269805,632650
2015-05-11,42177.277570269805,42185.15811887482,41999.97036889424,42002.29814651508,518051
2015-05-12,42002.29814651508,42002.29814651508,40058.81344810312,40588.339523421804,515727
2015-05-13,40588.339523421804,40893.58673108912,40058.38415212512,40330.29902219877,659633
2015-05-14,40330.29902219877,40330.29902219877,39632.40954267312,39780.48995257268,601685
2015-05-15,39780.48995257268,42737.84002343796,39780.48995257268,42447.188078876046,435915
2015-05-18,42447.188078876046,42884.70094764277,42447.188078876046,42821.011851042436,431965
2015-05-19,42821.011851042436,43288.04262680561,42516.53164367614,42829.97153887771,511726
2015-05-20,42829.97153887771,43531.830240106516,42378.732992445395,42946.73507233977,459611
2015-05-21,42946.73507233977,42946.73507233977,41320.68762732434,41552.90595114041,546103
2015-05-22,41552.90595114041,42112.40949605828,41230.9146545438,41552.01667878875,619288
2015-05-25,41552.01667878875,41608.835537538165,40704.76347244935,41170.187649929,541273
2015-05-26,41170.187649929,43069.971475806255,41170.187649929,42535.90518610422,548451
2015-05-27,42535.90518610422,42535.90518610422,41801.536113837,42152.3518146963,469942
2015-05-28,42152.3518146963,42152.3518146963,37226.939279561455,37610.53018433071,645842
2015-05-29,37610.53018433071,37610.53018433071,36796.85561545292,36880.42753743596,546449
2015-06-01,36880.42753743596,36978.98998457527,36179.67303861929,36685.677887255326,399948
2015-06-02,36685.677887255326,37336.035501002494,36685.677887255326,37237.05628639455,626112
2015-06-03,37237.05628639455,37237.05628639455,36401.37020128416,36775.62366979384,335204
2015-06-04,36775.62366979384,37233.146249717225,36576.06055595404,36919.60016765235,576296
2015-06-05,36919.60016765235,38954.858382338374,36919.60016765235,38464.246652266425,587453
2015-06-08,38464.246652266425,39647.17969836361,38464.246652266425,39333.69452200953,395563
2015-06-09,39333.69452200953,39333.69452200953,37474.81109147609,37737.37807627076,595619
2015-06-10,37737.37807627076,37737.37807627076,36010.34289078373,36411.92134271492,513552
2015-06-11,36411.92134271492,37727.1695477983,36411.92134271492,37187.32437143913,457876
2015-06-12,37187.32437143913,37187.32437143913,36659.32516921171,36785.56545972901,581185
2015-06-15,36785.56545972901,38347.12183784072,36785.56545972901,38062.98241177588,451359
2015-06-16,38062.98241177588,38177.40237240185,38060.19662722873,38155.28026513845,389803
2015-06-17,38155.28026513845,38155.28026513845,37039.88469305472,37596.36172909089,515284
2015-06-18,37596.36172909089,37596.36172909089,37332.93989798143,37430.004914933015,572582
2015-06-19,37430.004914933015,37694.43466512563,37001.34251905641,37528.80192927917,517671
2015-06-22,37528.80192927917,39437.77713767548,37528.80192927917,38871.09859014517,312469
2015-06-23,38871.09859014517,38871.09859014517,38006.49256311225,38285.884864758635,447273
2015-06-24,38285.884864758635,38979.11283161892,38154.65578837828,38732.90279655388,602514
2015-06-25,38732.90279655388,39037.3289839621,38732.90279655388,38962.46868806606,343750
2015-06-26,38962.46868806606,39928.4132367418,38962.46868806606,39401.56469541271,459125
2015-06-29,39401.56469541271,41429.49102594119,39401.56469541271,41084.43400431784,569491
2015-06-30,41084.43400431784,41621.732043145625,41084.43400431784,41572.810161098954,446787
2015-07-01,41572.810161098954,41644.05937265599,41242.37560078934,41385.17025623161,420804
2015-07-02,41385.17025623161,41385.17025623161,40234.78787896123,40574.698772185,549273
2015-07-03,40574.698772185,41118.91772216452,40002.817298780064,40602.69201253459,463912
2015-07-06,40602.69201253459,41547.341682945014,40557.63601335579,40962.01844414641,448188
2015-07-07,40962.01844414641,41141.08815432852,40651.76624427501,40820.09092141157,461017
2015-07-08,40820.09092141157,41387.996544107846,40820.09092141157,41027.42433832082,537783
2015-07-09,41027.42433832082,42189.36046262,41027.42433832082,41935.11081868043,539797
2015-07-10,41935.11081868043,41935.11081868043,39653.74374862922,39908.15436745923,346460
2015-07-13,39908.15436745923,42161.01581248564,39908.15436745923,42096.44267219962,479081
2015-07-14,42096.44267219962,42529.26097043707,41560.55406438448,41930.40508347331,505851
2015-07-15,41930.40508347331,41930.40508347331,40761.89894823307,41140.152280841125,423544
2015-07-16,41140.152280841125,41545.902350906195,40952.46312235736,41279.261218390435,481472
2015-07-17,41279.261218390435,42496.78137832245,41279.261218390435,42137.38954120526,490532
2015-07-20,42137.38954120526,42137.38954120526,40380.994958572934,40509.3239340746,242610
2015-07-21,40509.3239340746,40701.876049342645,39697.621216650165,40298.38978550057,565017
2015-07-22,40298.38978550057,40830.788428170854,40298.38978550057,40622.5766040538,409679
2015-07-23,40622.5766040538,41428.72764128545,40622.5766040538,40932.535596001515,579594
2015-07-24,40932.535596001515,41051.25341665089,40128.95965323245,40652.441715086185,627003
2015-07-27,40652.441715086185,40652.441715086185,38730.18068511195,39115.401121888455,607292
2015-07-28,39115.401121888455,39170.45510423872,38806.18568858716,38958.38617443771,660278
2015-07-29,38958.38617443771,40498.430000737324,38958.38617443771,40187.34983742508,559673
2015-07-30,40187.34983742508,40187.34983742508,38971.366393003394,39358.79606896804,533497
2015-07-31,39358.79606896804,39358.79606896804,38085.86518940409,38192.96461977932,423652
2015-08-03,38192.96461977932,38192.96461977932,37176.57636725723,37712.36000721655,425282
2015-08-04,37712.36000721655,38713.368670896874,37712.36000721655,38528.13330323755,532460
2015-08-05,38528.13330323755,40114.63729851068,38528.13330323755,40052.318695320275,496770
2015-08-06,40052.318695320275,40524.613511347816,39506.6027240344,39966.6323151553,552830
2015-08-07,39966.6323151553,40288.53183708259,39966.6323151553,40232.97831913515,662494
2015-08-10,40232.97831913515,40232.97831913515,39505.30497093679,39956.47247373969,456479
2015-08-11,39956.47247373969,41421.36807666341,39956.47247373969,41227.07428269272,458598
2015-08-12,41227.07428269272,42080.19459309845,41227.07428269272,41655.30943828115,536855
2015-08-13,41655.30943828115,41767.80261954607,41122.00379609183,41227.594358839124,568450
2015-08-14,41227.594358839124,41630.02916677316,40926.71186373112,41122.79710601442,541283
2015-08-17,41122.79710601442,41122.79710601442,39500.25254464586,39511.43452590489,370101
2015-08-18,39511.43452590489,39511.43452590489,38909.5158101573,39229.078872787904,409855
2015-08-19,39229.078872787904,39229.078872787904,38617.61259872682,38863.68652592678,650658
2015-08-20,38863.68652592678,39378.49039129944,38863.68652592678,39159.3664710246,455651
2015-08-21,39159.3664710246,40301.3336761917,39159.3664710246,39768.8359881354,574177
2015-08-24,39768.8359881354,39768.8359881354,38258.78474123741,38608.939414820845,517184
2015-08-25,38608.939414820845,39320.382595272866,38431.934324994225,39013.88093030244,439683
2015-08-26,39013.88093030244,39013.88093030244,37025.617462139424,37247.95556580961,484623
2015-08-27,37247.95556580961,37247.95556580961,35323.013733769796,35624.83572060409,612186
2015-08-28,35624.83572060409,36303.06894044143,35624.83572060409,36026.211544878075,657565
2015-08-31,36026.211544878075,36026.211544878075,34904.967482189255,35218.94231558304,382853
2015-09-01,35218.94231558304,35218.94231558304,33645.5286835399,34136.33175518036,328386
2015-09-02,34136.33175518036,34136.33175518036,31210.96394582603,31616.306903673107,475011
2015-09-03,31616.306903673107,31616.306903673107,30418.345811652704,30834.494653625145,542736
2015-09-04,30834.494653625145,30834.494653625145,28702.632190577107,28923.79212992678,574985
2015-09-07,28923.79212992678,30537.08168641506,28923.79212992678,30141.766665107763,611840
2015-09-08,30141.766665107763,30779.839045421264,30141.766665107763,30711.62635233332,546190
2015-09-09,30711.62635233332,31702.038897936007,30711.62635233332,31274.287708719166,316307
2015-09-10,31274.287708719166,33235.06296021833,31274.287708719166,32974.94209574293,547668
2015-09-11,32974.94209574293,32974.94209574293,32062.064843923614,32354.5033762543,456808
2015-09-14,32354.5033762543,33395.70523307152,32354.5033762543,33318.67678646602,503828
2015-09-15,33318.67678646602,33318.67678646602,32154.863858509296,32287.257003182716,453943
2015-09-16,32287.257003182716,32523.158309841736,32226.754643912922,32291.535693718084,432676
2015-09-17,32291.535693718084,32291.535693718084,30693.63259657741,30799.750171465883,404341
2015-09-18,30799.750171465883,30799.750171465883,30194.37703766788,30348.86748733271,416325
2015-09-21,30348.86748733271,30348.86748733271,29577.410513163686,29707.822819810197,627829
2015-09-22,29707.822819810197,30302.43396268908,29707.822819810197,30097.46226033121,465884
2015-09-23,30097.46226033121,31678.5079236568,30097.46226033121,31401.60705204875,497553
2015-09-24,31401.60705204875,31853.25005445621,31401.60705204875,31492.92666308825,461734
2015-09-25,31492.92666308825,33335.11760651932,31492.92666308825,32929.76949440776,435410
2015-09-28,32929.76949440776,34004.71582211943,32929.76949440776,33738.57161466691,381533
2015-09-29,33738.57161466691,34411.284781266455,33738.57161466691,34219.93816107671,512576
2015-09-30,34219.93816107671,35620.621368003325,34219.93816107671,35512.294305197494,442946
2015-10-01,35512.294305197494,37160.34523695463,35512.294305197494,36804.2886641813,370261
2015-10-02,36804.2886641813,37216.92886092014,36607.26853070342,36805.0960940767,439693
2015-10-05,36805.0960940767,37384.37894872364,36805.0960940767,36960.29872783557,383468
2015-10-06,36960.29872783557,37449.77520020348,36460.176358009376,36929.41772621472,462150
2015-10-07,36929.41772621472,38210.835104541286,36929.41772621472,37730.93849509426,505859
2015-10-08,37730.93849509426,37730.93849509426,36863.35062602486,37038.97166016988,513625
2015-10-09,37038.97166016988,37848.43972119745,37038.97166016988,37693.126454070414,389508
2015-10-12,37693.126454070414,37693.126454070414,37003.04086288146,37219.28926943984,515710
2015-10-13,37219.28926943984,37219.28926943984,35158.84706017471,35293.50405668214,533350
2015-10-14,35293.50405668214,36445.68534878106,35293.50405668214,36129.10851546467,554811
2015-10-15,36129.10851546467,37974.748044990745,36129.10851546467,37834.75167099402,463437
2015-10-16,37834.75167099402,39623.9012435762,37834.75167099402,39210.17218559359,576619
2015-10-19,39210.17218559359,39515.30799373749,39059.77983848507,39137.42644865382,451235
2015-10-20,39137.42644865382,39259.5276752222,38684.70346362989,39044.1745514858,509895
2015-10-21,39044.1745514858,39044.1745514858,38491.89853652377,38496.315199063225,563102
2015-10-22,38496.315199063225,38496.315199063225,37814.253337551614,38222.422879462196,573221
2015-10-23,38222.422879462196,38415.2289125981,37993.56883776188,38344.62324721154,635882
2015-10-26,38344.62324721154,38828.048830253945,38309.995096816536,38458.04943710828,542913
2015-10-27,38458.04943710828,38761.90323754242,38177.13258486873,38389.7501322666,596669
2015-10-28,38389.7501322666,38389.7501322666,37278.31611292581,37394.701129787085,545637
2015-10-29,37394.701129787085,37394.701129787085,35485.21581331817,36017.406311541265,581981
2015-10-30,36017.406311541265,37381.429689678334,36017.406311541265,37343.59254854118,554946
2015-11-02,37343.59254854118,37343.59254854118,35554.79560408683,35770.13515381509,563217
2015-11-03,35770.13515381509,35770.13515381509,34955.714258402906,35369.77793851225,518649
2015-11-04,35369.77793851225,35369.77793851225,34713.11719112596,35067.95961255054,502515
2015-11-05,35067.95961255054,35198.95712712049,34684.76242109578,34918.742528959156,501271
2015-11-06,34918.742528959156,34918.742528959156,33218.79437333468,33377.21117864362,508461
2015-11-09,33377.21117864362,33655.72516695356,32913.19620074339,33387.73587812867,404495
2015-11-10,33387.73587812867,34683.89245363586,33387.73587812867,34287.101832522174,462522
2015-11-11,34287.101832522174,34480.928322523054,33969.4394169125,34189.982352509316,555910
2015-11-12,34189.982352509316,35315.98521288029,34189.982352509316,35039.034730998545,596191
2015-11-13,35039.034730998545,36574.53253902347,35039.034730998545,36085.80986558056,416582
2015-11-16,36085.80986558056,36085.80986558056,34939.238622245946,35145.3680102537,402436
2015-11-17,35145.3680102537,35460.538193618326,35145.3680102537,35296.39750097847,612109
2015-11-18,35296.39750097847,35296.39750097847,33427.88397448614,33897.53214511916,592054
2015-11-19,33897.53214511916,35970.901674021625,33897.53214511916,35591.25852625149,571186
2015-11-20,35591.25852625149,35591.25852625149,34532.19109406125,34797.3129928537,549208
2015-11-23,34797.3129928537,36181.378987149874,34797.3129928537,35796.79313441142,462520
2015-11-24,35796.79313441142,37019.25005275641,35796.79313441142,36828.042280808826,493284
2015-11-25,36828.042280808826,36828.042280808826,35534.982417517975,35812.8738485037,466649
2015-11-26,35812.8738485037,35812.8738485037,34201.816746568285,34285.65718459433,428103
2015-11-27,34285.65718459433,34285.65718459433,33673.56692902296,33860.33819491526,534418
2015-11-30,33860.33819491526,33860.33819491526,32626.98387747385,32963.85872378054,561144
2015-12-01,32963.85872378054,33571.050673670296,32696.695661894388,33141.17719478928,454965
2015-12-02,33141.17719478928,33141.17719478928,32400.81533780908,32766.35766456649,420894
2015-12-03,32766.35766456649,32767.693447038815,32567.592979391273,32751.926002048112,462691
2015-12-04,32751.926002048112,32924.565970044416,32215.812094970224,32626.159225849482,472869
2015-12-07,32626.159225849482,32626.159225849482,32169.43474808908,32251.887472572438,546307
2015-12-08,32251.887472572438,32251.887472572438,31916.502369786336,31929.203083115306,465562
2015-12-09,31929.203083115306,31929.203083115306,31307.94527873203,31756.398858720317,539492
2015-12-10,31756.398858720317,32126.354586492795,31756.398858720317,32010.78087692096,425773
2015-12-11,32010.78087692096,32010.78087692096,30724.387775226853,31004.927185545264,492067
2015-12-14,31004.927185545264,31004.927185545264,30417.23436660062,30587.90215527962,524725
2015-12-15,30587.90215527962,31326.073707111453,30587.90215527962,30950.609284647988,551927
2015-12-16,30950.609284647988,32975.81083681706,30950.609284647988,32494.398152153884,479836
2015-12-17,32494.398152153884,33624.092709199635,32494.398152153884,33432.212832771635,387153
2015-12-18,33432.212832771635,33432.212832771635,32860.54718910128,33150.12654936193,532065
2015-12-21,33150.12654936193,33150.12654936193,31912.558997654687,32299.039647864294,435293
2015-12-22,32299.039647864294,32454.646631794527,31911.166038015122,32046.267063690288,327981
2015-12-23,32046.267063690288,33128.54612308071,32046.267063690288,32842.4294526357,416561
2015-12-24,32842.4294526357,32842.4294526357,31791.465961615653,31855.428736700007,515716
2015-12-25,31855.428736700007,31855.428736700007,31154.80129987494,31410.537421752695,548066
2015-12-28,31410.537421752695,32646.64696442194,31410.537421752695,32231.892774225493,530797
2015-12-29,32231.892774225493,32846.89024804043,32231.892774225493,32568.675960080214,645643
2015-12-30,32568.675960080214,32773.2477890411,32235.01554996093,32355.196924952677,464383
2015-12-31,32355.196924952677,32621.182023311958,32313.260172954797,32523.645090504495,451267
2016-01-01,32523.645090504495,32523.645090504495,32142.456155535023,32433.831166305845,524505
2016-01-04,32433.831166305845,32433.831166305845,31013.96832090914,31297.7805171432,568205
2016-01-05,31297.7805171432,31297.7805171432,29420.07175931028,29766.119476446198,405075
2016-01-06,29766.119476446198,29766.119476446198,28930.737661397114,29306.46528248699,626093
2016-01-07,29306.46528248699,30016.602420477113,29306.46528248699,29642.249088754786,559387
2016-01-08,29642.249088754786,29642.249088754786,29310.480110339784,29416.213478041467,439425
2016-01-11,29416.213478041467,30612.80525968227,29416.213478041467,30561.023858491553,510696
2016-01-12,30561.023858491553,30842.55635124231,30561.023858491553,30841.42170269918,583841
2016-01-13,30841.42170269918,31709.647119423742,30841.42170269918,31634.333466378743,545278
2016-01-14,31634.333466378743,32745.980157060432,31634.333466378743,32450.878731441564,502902
2016-01-15,32450.878731441564,32450.878731441564,31367.40719960694,31425.69280808421,402924
2016-01-18,31425.69280808421,31498.85092807287,31104.86714995655,31285.366139277387,628027
2016-01-19,31285.366139277387,32777.1265700416,31285.366139277387,32410.81008803283,410233
2016-01-20,32410.81008803283,32410.81008803283,31979.60014087624,32053.362347573646,440252
2016-01-21,32053.362347573646,32053.362347573646,31620.77364898873,31646.591642321913,534095
2016-01-22,31646.591642321913,31646.591642321913,30550.788010160402,30897.28223632491,457660
2016-01-25,30897.28223632491,30897.28223632491,30412.050991947763,30707.95259393548,529651
2016-01-26,30707.95259393548,32356.25308220651,30707.95259393548,32278.55917889506,690425
2016-01-27,32278.55917889506,34495.607354384934,32278.55917889506,34439.46006256345,608737
2016-01-28,34439.46006256345,35673.514618573776,34439.46006256345,35551.62667579024,452111
2016-01-29,35551.62667579024,35551.62667579024,34691.95051463048,35061.36257719165,614537
2016-02-01,35061.36257719165,35061.36257719165,34241.72306495355,34748.98812728376,375608
2016-02-02,34748.98812728376,35143.05313919769,34748.98812728376,34941.005612631496,468103
2016-02-03,34941.005612631496,35462.14943580584,34940.50265409469,35088.2818956415,379148
2016-02-04,35088.2818956415,35981.508550329265,35088.2818956415,35546.179049001534,547814
2016-02-05,35546.179049001534,35546.179049001534,34221.07178114322,34635.95394014714,462959
2016-02-08,34635.95394014714,34635.95394014714,34057.671127463815,34165.39450375659,488474
2016-02-09,34165.39450375659,34713.98383957425,33985.48897251617,34238.799657758915,547541
2016-02-10,34238.799657758915,34813.979485354066,34238.799657758915,34754.56986807562,626642
2016-02-11,34754.56986807562,34754.56986807562,33847.98478524197,34072.684520105286,545216
2016-02-12,34072.684520105286,34072.684520105286,32985.20979279851,33136.9748527464,556088
2016-02-15,33136.9748527464,33479.64345923821,32514.019926205343,33008.12300114849,504688
2016-02-16,33008.12300114849,33088.559513230066,32655.872297623177,32867.15476402983,445961
2016-02-17,32867.15476402983,33671.26330296826,32867.15476402983,33434.251949240446,593801
2016-02-18,33434.251949240446,35461.74667372626,33434.251949240446,35114.74542216703,441992
2016-02-19,35114.74542216703,35595.417347339375,34968.20934775415,35099.64115051419,319728
2016-02-22,35099.64115051419,35673.677627442274,35099.64115051419,35374.008425254775,509121
2016-02-23,35374.008425254775,36905.82835272656,35374.008425254775,36467.15577166742,480144
2016-02-24,36467.15577166742,36467.15577166742,34923.07483484494,35317.97540385057,448626
2016-02-25,35317.97540385057,35317.97540385057,34639.87575157234,34867.883863140116,547231
2016-02-26,34867.883863140116,34867.883863140116,33053.26578622079,33152.349559529466,593847
2016-02-29,33152.349559529466,33772.75077629581,33152.349559529466,33328.80960000688,447889
2016-03-01,33328.80960000688,33328.80960000688,32076.542689362734,32115.44128490442,627685
2016-03-02,32115.44128490442,33137.43351142648,32115.44128490442,32988.4664408885,620065
2016-03-03,32988.4664408885,33028.34523845976,32402.492114667344,32649.798041390655,445050
2016-03-04,32649.798041390655,32649.798041390655,31869.85167179731,32030.602227388074,518007
2016-03-07,32030.602227388074,32030.602227388074,30519.741832340995,30977.337421498785,488991
2016-03-08,30977.337421498785,30977.337421498785,29990.37757358501,30349.727898667425,401773
2016-03-09,30349.727898667425,30349.727898667425,28845.666418812227,28849.093278227254,652396
2016-03-10,28849.093278227254,28849.093278227254,27929.026954767924,28306.178196144596,299851
2016-03-11,28306.178196144596,29364.637088506995,28306.178196144596,29201.495681708886,601636
2016-03-14,29201.495681708886,29201.495681708886,28003.59460405375,28241.647454165453,609775
2016-03-15,28241.647454165453,28241.647454165453,26021.901183929313,26193.867033147944,436833
2016-03-16,26193.867033147944,26193.867033147944,25173.233932807227,25440.90775887897,402109
2016-03-17,25440.90775887897,27213.699493020165,25440.90775887897,26838.28046520415,550755
2016-03-18,26838.28046520415,26838.28046520415,26159.75703312958,26540.442321028888,570899
2016-03-21,26540.442321028888,27313.099954319376,26540.442321028888,27109.442964089783,472697
2016-03-22,27109.442964089783,27109.442964089783,26411.912266342286,26576.02367937929,532538
2016-03-23,26576.02367937929,27182.068422797423,26576.02367937929,27037.129670914426,514162
2016-03-24,27037.129670914426,27595.26444302883,26927.91501337556,27248.165357774615,518407
2016-03-25,27248.165357774615,27524.684076180252,27248.165357774615,27502.390152643646,324933
2016-03-28,27502.390152643646,27502.390152643646,26707.142924872078,26744.721665005847,647407
2016-03-29,26744.721665005847,27523.997176143308,26744.721665005847,27383.64303136388,443596
2016-03-30,27383.64303136388,27383.64303136388,25798.883165588722,26151.170954034536,633626
2016-03-31,26151.170954034536,26151.170954034536,25515.280342895716,25543.786610318286,432282
2016-04-01,25543.786610318286,25825.844618440064,25385.6429028452,25593.57280097988,395515
2016-04-04,25593.57280097988,27299.731425621765,25593.57280097988,26996.774977138622,484960
2016-04-05,26996.774977138622,28669.62796115532,26996.774977138622,28302.899395800123,454194
2016-04-06,28302.899395800123,29687.057326773232,28302.899395800123,29444.170943063207,382352
2016-04-07,29444.170943063207,29444.170943063207,28072.21518634646,28426.680565995277,502380
2016-04-08,28426.680565995277,28426.680565995277,28009.691769559617,28025.845462525926,489997
2016-04-11,28025.845462525926,28025.845462525926,26836.909300797302,27214.858820408506,422970
2016-04-12,27214.858820408506,27595.986981525464,27122.065019740436,27412.839806181466,303552
2016-04-13,27412.839806181466,27854.219672973333,27173.374602643227,27559.720744549955,506540
2016-04-14,27559.720744549955,27739.81696810159,27525.190417226942,27724.723028620752,458071
2016-04-15,27724.723028620752,27724.723028620752,27015.915373698343,27205.38000773766,425039
2016-04-18,27205.38000773766,27458.951153073678,26944.275793961824,27125.97473232864,298157
2016-04-19,27125.97473232864,27765.966449220872,27125.97473232864,27479.276367251776,312816
2016-04-20,27479.276367251776,27479.276367251776,26802.64704139125,27158.79486107512,688004
2016-04-21,27158.79486107512,27608.94871578016,26960.161461220483,27236.69298685449,478212
2016-04-22,27236.69298685449,27329.422671923006,27094.57149347234,27197.246810322744,596926
2016-04-25,27197.246810322744,27197.246810322744,25415.090433247104,25725.258783985308,501874
2016-04-26,25725.258783985308,25725.258783985308,24994.863078981776,25047.16247358668,642910
2016-04-27,25047.16247358668,25429.907059541798,24901.387953883484,25136.843939611615,577595
2016-04-28,25136.843939611615,25938.0696821399,25136.843939611615,25773.508235706606,433454
2016-04-29,25773.508235706606,25972.779409352865,25608.942696317543,25963.381436099204,656020
2016-05-02,25963.381436099204,26431.240505456277,25847.36327334387,26176.653449916263,499105
2016-05-03,26176.653449916263,26788.267809026744,26176.653449916263,26427.17209789539,340989
2016-05-04,26427.17209789539,26427.17209789539,25886.246699639163,26139.288948743964,564475
2016-05-05,26139.288948743964,27503.750301651366,26139.288948743964,27222.285936540662,597242
2016-05-06,27222.285936540662,28018.611354703804,27222.285936540662,27640.901304097122,470845
2016-05-09,27640.901304097122,27700.33388032823,27144.158957514162,27489.179922073523,411771
2016-05-10,27489.179922073523,27489.179922073523,27246.937875856132,27342.104794667903,484212
2016-05-11,27342.104794667903,27648.16328200016,27335.315768381868,27439.71102692901,466202
2016-05-12,27439.71102692901,29414.060352583463,27439.71102692901,29040.968545317,483448
2016-05-13,29040.968545317,30482.287463484023,29040.968545317,30429.359922470943,424553
2016-05-16,30429.359922470943,30429.359922470943,29862.114456363503,29898.553097087537,527655
2016-05-17,29898.553097087537,29898.553097087537,28867.001952156155,29152.083457279256,436276
2016-05-18,29152.083457279256,29152.083457279256,28191.157189270565,28333.11678372302,625465
2016-05-19,28333.11678372302,28554.50529368286,28264.624176185975,28401.52488547236,562835
2016-05-20,28401.52488547236,28676.171118596943,28401.52488547236,28585.101106498736,503628
2016-05-23,28585.101106498736,29431.198761537125,28585.101106498736,29222.840099626323,554818
2016-05-24,29222.840099626323,31511.042608064614,29222.840099626323,31315.606238884153,693293
2016-05-25,31315.606238884153,31344.099745759064,31230.694713955916,31282.325400203234,607108
2016-05-26,31282.325400203234,31979.959649693206,31282.325400203234,31943.761483545662,495305
2016-05-27,31943.761483545662,31943.761483545662,30786.142646822333,31197.649116040273,642764
2016-05-30,31197.649116040273,31197.649116040273,30460.96097549029,30522.0591232337,538218
2016-05-31,30522.0591232337,30654.915474256737,30315.31678789071,30413.48383560409,537071
2016-06-01,30413.48383560409,30413.48383560409,29766.544741618854,30011.54221507278,492739
2016-06-02,30011.54221507278,30011.54221507278,29220.239883824117,29247.84327942694,442080
2016-06-03,29247.84327942694,30202.974996637247,29247.84327942694,30042.448851864247,422358
2016-06-06,30042.448851864247,30422.500939524245,30042.448851864247,30365.70084341444,534106
2016-06-07,30365.70084341444,30365.70084341444,29630.5992967644,29723.49772834695,472749
2016-06-08,29723.49772834695,31852.8999630733,29723.49772834695,31783.949190837426,457208
2016-06-09,31783.949190837426,33057.95945564985,31783.949190837426,32763.67538580525,695708
2016-06-10,32763.67538580525,33206.30265299716,32631.536689369856,32959.22869445843,408254
2016-06-13,32959.22869445843,32959.22869445843,31582.42741449484,31905.360467623894,364493
2016-06-14,31905.360467623894,32798.908425642636,31905.360467623894,32798.544845898774,479644
2016-06-15,32798.544845898774,33892.36965741371,32798.544845898774,33491.787489755574,453087
2016-06-16,33491.787489755574,35409.30189195015,33491.787489755574,35129.892438996765,419047
2016-06-17,35129.892438996765,35635.382691377425,35033.15450676556,35541.87992968422,551502
2016-06-20,35541.87992968422,35541.87992968422,34868.72285167333,35028.28578566259,404392
2016-06-21,35028.28578566259,36104.868854099936,35028.28578566259,35674.729667613916,535426
2016-06-22,35674.729667613916,36460.783112914636,35674.729667613916,36164.37765899318,431134
2016-06-23,36164.37765899318,36164.37765899318,35125.62369501507,35562.15629959932,489279
2016-06-24,35562.15629959932,36234.60808007002,35562.15629959932,35970.321370294376,340980
2016-06-27,35970.321370294376,36365.1250295714,35970.321370294376,36010.77674467099,463855
2016-06-28,36010.77674467099,36549.77839951812,36010.77674467099,36465.84713411026,501161
2016-06-29,36465.84713411026,36465.84713411026,35812.38370507729,35948.743917523236,455169
2016-06-30,35948.743917523236,35997.414029079315,35502.489105366316,35717.19606848506,450494
2016-07-01,35717.19606848506,35717.19606848506,35060.432001895315,35407.73902413981,615999
2016-07-04,35407.73902413981,35407.73902413981,34232.90063285609,34653.17889111754,524491
2016-07-05,34653.17889111754,34745.036846654366,33883.529737177385,34264.75629711786,460752
2016-07-06,34264.75629711786,35700.1743699471,34264.75629711786,35272.370389116164,449613
2016-07-07,35272.370389116164,35272.370389116164,33401.33007771626,33898.286429191285,593398
2016-07-08,33898.286429191285,35027.61231002069,33898.286429191285,34792.4411292779,445238
2016-07-11,34792.4411292779,34792.4411292779,32762.98094663737,33114.42405626159,551240
2016-07-12,33114.42405626159,33545.405723845026,33114.42405626159,33365.36056394261,509050
2016-07-13,33365.36056394261,34752.76928428505,33365.36056394261,34318.32441155254,469238
2016-07-14,34318.32441155254,34318.32441155254,33799.84132530817,33812.704715535154,424611
2016-07-15,33812.704715535154,33812.704715535154,33445.28734143355,33541.7704198644,446196
2016-07-18,33541.7704198644,33541.7704198644,33069.8699339656,33220.817639410205,517730
2016-07-19,33220.817639410205,33220.817639410205,32868.79719022225,33188.62146055396,421841
2016-07-20,33188.62146055396,34902.21334448746,33188.62146055396,34585.417948105445,542056
2016-07-21,34585.417948105445,35848.554931172315,34585.417948105445,35329.84267202461,546613
2016-07-22,35329.84267202461,35329.84267202461,34881.33308712176,35074.536854184946,381904
2016-07-25,35074.536854184946,35074.536854184946,33013.182988899636,33053.27549598598,596687
2016-07-26,33053.27549598598,33053.27549598598,32843.72629724354,32914.98766643312,472575
2016-07-27,32914.98766643312,33696.51954799299,32835.32951163734,33298.586134663456,482730
2016-07-28,33298.586134663456,33298.586134663456,32579.910398948312,32712.679646445347,452255
2016-07-29,32712.679646445347,33087.57220602062,32712.679646445347,33039.88280272468,486885
2016-08-01,33039.88280272468,33039.88280272468,31983.555807145072,32391.602736969267,497695
2016-08-02,32391.602736969267,33140.8060951091,32391.602736969267,33067.851330747115,477748
2016-08-03,33067.851330747115,33101.733805437805,32608.342999482047,32766.94679721761,489069
2016-08-04,32766.94679721761,32766.94679721761,31596.33152841861,32026.609694577088,500326
2016-08-05,32026.609694577088,32761.460646071067,31958.60517378164,32434.029190948262,633096
2016-08-08,32434.029190948262,32887.04952149382,32434.029190948262,32727.836211972302,634618
2016-08-09,32727.836211972302,32727.836211972302,32289.865699703336,32583.330055145238,443392
2016-08-10,32583.330055145238,32915.29852228695,32354.875763671116,32801.01332133707,585851
2016-08-11,32801.01332133707,33558.95266948452,32801.01332133707,33064.37800660094,352297
2016-08-12,33064.37800660094,33064.37800660094,32330.541023854323,32642.897236628414,576689
2016-08-15,32642.897236628414,32642.897236628414,31506.303771062652,31679.440735104596,437418
2016-08-16,31679.440735104596,32380.26624939543,31679.440735104596,32363.951626045215,505733
2016-08-17,32363.951626045215,33622.33292655078,32363.951626045215,33168.10871600125,392537
2016-08-18,33168.10871600125,33711.69667176458,33168.10871600125,33428.60123538558,491239
2016-08-19,33428.60123538558,33428.60123538558,32485.539321803622,32639.370083312435,479986
2016-08-22,32639.370083312435,34117.98733470162,32639.370083312435,33801.93167419045,630040
2016-08-23,33801.93167419045,33801.93167419045,32767.926269567546,32776.912675851505,624833
2016-08-24,32776.912675851505,33712.220500581774,32776.912675851505,33577.23493898685,560166
2016-08-25,33577.23493898685,33577.23493898685,32718.884886531057,33083.42937233712,412253
2016-08-26,33083.42937233712,34379.323143121,33083.42937233712,34266.84006944158,506622
2016-08-29,34266.84006944158,34266.84006944158,32357.418306891595,32524.72267260378,500669
2016-08-30,32524.72267260378,32524.72267260378,31906.755389062142,32361.934030537108,317311
2016-08-31,32361.934030537108,32361.934030537108,31385.757261209324,31560.6638105566,395923
2016-09-01,31560.6638105566,33811.91551855639,31560.6638105566,33541.8814511157,442926
2016-09-02,33541.8814511157,33541.8814511157,31979.447746371865,32112.376061373412,607148
2016-09-05,32112.376061373412,32371.87489000849,31681.07469540152,31914.829343701207,471744
2016-09-06,31914.829343701207,31914.829343701207,31006.5238168606,31024.57966966969,605765
2016-09-07,31024.57966966969,31024.57966966969,30535.734885111695,30607.176151042164,412250
2016-09-08,30607.176151042164,31015.87865752598,30423.636342532507,30813.519275979248,432376
2016-09-09,30813.519275979248,31038.52194620921,30658.468960525923,30938.473662583983,421398
2016-09-12,30938.473662583983,31696.671387213482,30938.473662583983,31400.53985011426,542594
2016-09-13,31400.53985011426,32000.443536465023,31400.53985011426,31698.573317598282,474452
2016-09-14,31698.573317598282,31698.573317598282,30549.031104622096,30788.54684205314,416951
2016-09-15,30788.54684205314,30788.54684205314,30501.802915234577,30605.342510997154,485560
2016-09-16,30605.342510997154,30879.092672199036,30585.592007751296,30622.095455301493,418317
2016-09-19,30622.095455301493,31318.74358067766,30622.095455301493,31126.1050761322,450571
2016-09-20,31126.1050761322,31126.1050761322,30261.295877303106,30331.299272287168,386827
2016-09-21,30331.299272287168,31020.27056327882,30331.299272287168,30891.871401946053,552426
2016-09-22,30891.871401946053,30891.871401946053,29395.678835414634,29401.889592802338,481864
2016-09-23,29401.889592802338,29739.1419018291,29401.889592802338,29618.491834108063,500005
2016-09-26,29618.491834108063,30694.556133346563,29618.491834108063,30399.16565391361,504029
2016-09-27,30399.16565391361,30762.15251234986,30399.16565391361,30731.29881120995,542822
2016-09-28,30731.29881120995,31188.533248907683,30731.29881120995,30925.189545155223,507230
2016-09-29,30925.189545155223,31274.327875714167,30681.570003839708,31104.031075313123,413389
2016-09-30,31104.031075313123,31104.031075313123,30771.552562077293,30867.767968951062,547150
2016-10-03,30867.767968951062,30943.385480192035,30584.93888318128,30915.433380227245,575661
2016-10-04,30915.433380227245,31466.019651489238,30720.7429135047,31145.595083611533,381808
2016-10-05,31145.595083611533,31516.289657161895,30838.734354659417,31115.403297903304,439169
2016-10-06,31115.403297903304,31115.403297903304,30447.77939591107,30716.463132057765,521440
2016-10-07,30716.463132057765,31710.18046434094,30716.463132057765,31417.770269738416,514638
2016-10-10,31417.770269738416,31417.770269738416,30538.867460336183,30581.01651172807,558155
2016-10-11,30581.01651172807,30581.01651172807,29552.056819114674,29847.52273868346,509964
2016-10-12,29847.52273868346,29847.52273868346,29041.093445712246,29419.00071310335,447544
2016-10-13,29419.00071310335,29487.617300172995,28896.46036980974,29207.072470033836,519495
2016-10-14,29207.072470033836,29800.209000217048,29207.072470033836,29795.040048587853,462942
2016-10-17,29795.040048587853,29934.103979665313,29681.492150383976,29694.325133913626,585167
2016-10-18,29694.325133913626,30539.455618233278,29694.325133913626,30119.80561429604,552543
2016-10-19,30119.80561429604,31245.616268028654,30119.80561429604,31043.531007650497,483203
2016-10-20,31043.531007650497,31191.703818892725,30600.633376816626,30878.307168016992,478008
2016-10-21,30878.307168016992,32471.300167365724,30878.307168016992,32457.09298476442,357270
2016-10-24,32457.09298476442,32457.09298476442,31016.3711119522,31222.860739214484,456973
2016-10-25,31222.860739214484,31222.860739214484,30302.47389570781,30573.995378465184,486766
2016-10-26,30573.995378465184,31775.132871515867,30573.995378465184,31690.200401943282,631850
2016-10-27,31690.200401943282,32754.552682258774,31690.200401943282,32477.36889363267,576273
2016-10-28,32477.36889363267,32654.548513887075,32145.196595986275,32480.09857354166,516488
2016-10-31,32480.09857354166,32871.99358827101,32177.584575616398,32420.801830078053,401978
2016-11-01,32420.801830078053,33290.09993044925,32420.801830078053,33004.07910317115,501734
2016-11-02,33004.07910317115,34518.798890890386,33004.07910317115,34251.00020119094,553958
2016-11-03,34251.00020119094,35417.81616573777,34251.00020119094,34926.16780076882,497688
2016-11-04,34926.16780076882,34984.24449748958,34497.873767825855,34557.29570802679,544277
2016-11-07,34557.29570802679,34789.78942435368,34557.29570802679,34749.615261502855,553765
2016-11-08,34749.615261502855,34874.138010668554,34046.00048391336,34381.61734071833,408100
2016-11-09,34381.61734071833,35600.728708024224,34381.61734071833,35375.963538050746,426968
2016-11-10,35375.963538050746,36833.87779695063,35375.963538050746,36447.43816634071,589549
2016-11-11,36447.43816634071,36783.78841345979,36435.83546265972,36659.007850805974,578969
2016-11-14,36659.007850805974,37302.59552669899,36659.007850805974,37211.65718110924,613934
2016-11-15,37211.65718110924,37211.65718110924,35542.97461736235,35828.52081365155,629234
2016-11-16,35828.52081365155,35828.52081365155,34202.01609979089,34722.388980776916,455494
2016-11-17,34722.388980776916,35964.83111421021,34722.388980776916,35748.32265346259,438977
2016-11-18,35748.32265346259,36333.93489431724,35700.72338197948,36196.69985395146,524575
2016-11-21,36196.69985395146,36704.94190988967,36073.56984913948,36336.056011634864,458351
2016-11-22,36336.056011634864,36336.056011634864,35271.035809952045,35584.2358184613,507822
2016-11-23,35584.2358184613,36497.22869613446,35584.2358184613,36474.33986490833,505093
2016-11-24,36474.33986490833,37173.450791220945,36474.33986490833,36910.643996173654,538248
2016-11-25,36910.643996173654,36910.643996173654,36198.429626580524,36394.43830022551,610505
2016-11-28,36394.43830022551,37221.23906480147,36394.43830022551,36887.701587682735,579900
2016-11-29,36887.701587682735,36887.701587682735,34668.482118330816,34778.490192357545,342905
2016-11-30,34778.490192357545,34778.490192357545,33269.41251266275,33770.45101010374,446513
2016-12-01,33770.45101010374,35125.81796316012,33770.45101010374,34633.58414532161,536006
2016-12-02,34633.58414532161,35117.601839638366,34633.58414532161,35087.94253968717,434540
2016-12-05,35087.94253968717,35087.94253968717,34209.78968205623,34365.039000785066,510391
2016-12-06,34365.039000785066,34487.255970577404,34202.83406320141,34415.62983503189,467464
2016-12-07,34415.62983503189,34415.62983503189,32825.33281477684,32864.154242615994,573936
2016-12-08,32864.154242615994,32864.154242615994,31787.34150772741,32110.55472622694,531817
2016-12-09,32110.55472622694,33455.63667748871,32110.55472622694,33082.53741333503,615100
2016-12-12,33082.53741333503,33082.53741333503,32610.62355168352,33018.60710447752,464578
2016-12-13,33018.60710447752,33018.60710447752,32091.758061239667,32283.92197900431,445874
2016-12-14,32283.92197900431,33830.13643143358,32283.92197900431,33802.06121026506,488005
2016-12-15,33802.06121026506,34570.11338527021,33695.984898630166,34136.22734360876,584308
2016-12-16,34136.22734360876,34136.22734360876,33355.594978350215,33716.777705796936,413884
2016-12-19,33716.777705796936,34849.11555484467,33716.777705796936,34426.90286313732,502846
2016-12-20,34426.90286313732,34426.90286313732,33740.68643559928,33882.051375589355,596674
2016-12-21,33882.051375589355,34737.87390369127,33882.051375589355,34414.38247107198,511674
2016-12-22,34414.38247107198,34414.38247107198,33148.06744851673,33605.26337219376,543957
2016-12-23,33605.26337219376,33674.343899512496,33046.12840780748,33490.88356257242,528890
2016-12-26,33490.88356257242,33535.180227284196,33048.915886478026,33115.77548380363,546931
2016-12-27,33115.77548380363,33319.08133463294,32855.814624922226,32981.165859785426,460035
2016-12-28,32981.165859785426,32981.165859785426,32331.651710528095,32552.23781435848,269662
2016-12-29,32552.23781435848,34359.96682743851,32552.23781435848,33903.829818861836,467486
2016-12-30,33903.829818861836,34971.6159985601,33903.829818861836,34824.902517873204,584850
2017-01-02,34824.902517873204,35379.45095629232,34824.902517873204,35131.062959053495,600104
2017-01-03,35131.062959053495,36059.66792640524,35131.062959053495,35584.541942573145,521638
2017-01-04,35584.541942573145,35834.80591620692,35528.74463740723,35779.733121873214,393471
2017-01-05,35779.733121873214,35779.733121873214,34717.19935137004,34821.576302644215,527976
2017-01-06,34821.576302644215,35760.33632569794,34821.576302644215,35265.92374784711,606174
2017-01-09,35265.92374784711,37498.07745788952,35265.92374784711,37065.38196933415,556027
2017-01-10,37065.38196933415,37065.38196933415,35987.34419905286,36478.226096145874,453904
2017-01-11,36478.226096145874,36478.226096145874,35887.93439585559,36274.27547484113,446451
2017-01-12,36274.27547484113,36475.53051078782,36173.86322520447,36194.894325891306,497633
2017-01-13,36194.894325891306,36194.894325891306,35383.71345035992,35617.87756831462,477827
2017-01-16,35617.87756831462,36066.37044221276,35481.51066419512,35636.283294098794,543159
2017-01-17,35636.283294098794,35636.283294098794,34522.10936231825,34706.74838680382,460167
2017-01-18,34706.74838680382,34932.166001893354,34376.61266236858,34613.504010933575,586900
2017-01-19,34613.504010933575,34613.504010933575,32759.044021084646,33208.12310865434,392808
2017-01-20,33208.12310865434,33208.12310865434,30619.92471305112,30943.661303690315,566183
2017-01-23,30943.661303690315,31345.865968049424,30811.63708665123,31240.25525798638,429829
2017-01-24,31240.25525798638,31240.25525798638,30767.434787466987,30892.90776797845,374390
2017-01-25,30892.90776797845,30892.90776797845,30160.352866357647,30520.727232139834,656730
2017-01-26,30520.727232139834,30520.727232139834,29882.13540268443,30017.41204579927,491896
2017-01-27,30017.41204579927,30017.41204579927,29512.140826991432,29850.42962291152,566113
2017-01-30,29850.42962291152,29850.42962291152,29112.679329754108,29263.967589714957,511458
2017-01-31,29263.967589714957,30224.167272593313,29263.967589714957,30042.326835629858,475755
2017-02-01,30042.326835629858,30533.202054175003,29902.133780111973,30100.18767572141,623048
2017-02-02,30100.18767572141,31268.079329350207,30100.18767572141,31090.207460640704,468976
2017-02-03,31090.207460640704,31454.370244317673,30841.587903482752,31122.608466008605,650676
2017-02-06,31122.608466008605,32609.93129554702,31122.608466008605,32141.693406526756,562364
2017-02-07,32141.693406526756,32668.764028834754,32141.693406526756,32495.123579339423,478137
2017-02-08,32495.123579339423,32856.79134770472,32131.303699251082,32420.619074227427,491604
2017-02-09,32420.619074227427,33049.525583094546,32420.619074227427,32980.400451575995,542115
2017-02-10,32980.400451575995,32980.400451575995,32222.39619234513,32530.04927925508,407543
2017-02-13,32530.04927925508,33882.42611004435,32530.04927925508,33542.43761105105,588459
2017-02-14,33542.43761105105,35753.770914782785,33542.43761105105,35529.54191065943,754049
2017-02-15,35529.54191065943,35529.54191065943,34485.2153378919,34857.51514992498,635028
2017-02-16,34857.51514992498,35582.20239943345,34857.51514992498,35430.22571924169,680509
2017-02-17,35430.22571924169,35430.22571924169,35165.69361628564,35208.67716492565,582748
2017-02-20,35208.67716492565,35208.67716492565,34800.50561771971,34886.71108164412,410319
2017-02-21,34886.71108164412,35762.199451477885,34886.71108164412,35633.477938695105,475027
2017-02-22,35633.477938695105,35633.477938695105,35065.366358272135,35086.27006598448,378093
2017-02-23,35086.27006598448,35086.27006598448,33834.496479904956,34172.94354472876,524859
2017-02-24,34172.94354472876,34172.94354472876,33215.13316615173,33391.11150188105,513447
2017-02-27,33391.11150188105,34195.53970719405,33391.11150188105,34066.670821600645,390499
2017-02-28,34066.670821600645,34427.96608341475,34066.670821600645,34334.484828710345,424168
2017-03-01,34334.484828710345,35319.54161405837,34334.484828710345,34993.956861173385,569075
2017-03-02,34993.956861173385,35143.14284191382,34802.657391251094,34804.519265151284,538144
2017-03-03,34804.519265151284,34804.519265151284,34267.06490236808,34611.80971525883,444904
2017-03-06,34611.80971525883,34611.80971525883,33956.34776576989,34164.53267394099,479358
2017-03-07,34164.53267394099,35765.06524205516,34164.53267394099,35387.958911773785,483297
2017-03-08,35387.958911773785,36870.430981306636,35387.958911773785,36533.56098792915,450247
2017-03-09,36533.56098792915,36533.56098792915,35784.413446528364,35837.57848941806,543281
2017-03-10,35837.57848941806,35837.57848941806,34146.0831338237,34158.43477267702,543447
2017-03-13,34158.43477267702,34158.43477267702,33151.42030433917,33574.8623401936,534883
2017-03-14,33574.8623401936,34915.534901196836,33574.8623401936,34405.43947905309,579469
2017-03-15,34405.43947905309,34405.43947905309,33356.998899836515,33589.44951971386,478446
2017-03-16,33589.44951971386,35271.659884791276,33589.44951971386,34759.00482453552,562043
2017-03-17,34759.00482453552,34759.00482453552,33525.42212100524,33977.126574574424,408373
2017-03-20,33977.126574574424,34422.43591275961,33977.126574574424,34381.32010287991,663894
2017-03-21,34381.32010287991,34547.966056260986,34260.03311879052,34386.011631690344,589603
2017-03-22,34386.011631690344,35055.970138356926,34099.17500434969,34605.25334532511,578242
2017-03-23,34605.25334532511,35539.40233110854,34605.25334532511,35069.252446894454,446937
2017-03-24,35069.252446894454,36074.635594207124,35069.252446894454,35794.560729736295,578276
2017-03-27,35794.560729736295,35794.560729736295,34744.27463357668,34999.44291261794,582195
2017-03-28,34999.44291261794,35753.32969867883,34926.10739850105,35232.026560916915,562837
2017-03-29,35232.026560916915,35232.026560916915,33926.80058809797,34441.295063458856,604540
2017-03-30,34441.295063458856,35084.8579449571,34441.295063458856,35011.84332673964,529692
2017-03-31,35011.84332673964,35865.62907713784,35011.84332673964,35520.945565389484,538345
2017-04-03,35520.945565389484,35520.945565389484,34759.44200939613,35083.949271429134,466885
2017-04-04,35083.949271429134,35083.949271429134,33528.4497364152,33796.74280239213,441669
2017-04-05,33796.74280239213,33796.74280239213,32664.341387520715,33002.33223003252,506415
2017-04-06,33002.33223003252,33002.33223003252,32491.96164872742,32657.803044335353,500599
2017-04-07,32657.803044335353,33028.58563500686,32467.99161268408,32840.69499013839,535031
2017-04-10,32840.69499013839,34513.27589391803,32840.69499013839,34128.646307083254,667793
2017-04-11,34128.646307083254,34326.55603656119,33852.84821320717,34048.72233395996,413149
2017-04-12,34048.72233395996,34048.72233395996,32705.025058934054,32838.60625787017,536139
2017-04-13,32838.60625787017,32838.60625787017,30942.127527343793,31141.43805539878,414590
2017-04-14,31141.43805539878,31927.890018783964,31141.43805539878,31590.85755416891,629057
2017-04-17,31590.85755416891,31590.85755416891,30533.173220117904,30658.503561378086,540481
2017-04-18,30658.503561378086,30658.503561378086,28796.59823812646,29186.993664871505,438276
2017-04-19,29186.993664871505,29279.957845110293,28574.452905722683,28978.454119354858,564786
2017-04-20,28978.454119354858,28978.454119354858,28167.792970958264,28202.359443407262,468620
2017-04-21,28202.359443407262,29864.015154314868,28202.359443407262,29492.42334968132,333966
2017-04-24,29492.42334968132,29492.42334968132,29276.759182430742,29369.08827702194,294163
2017-04-25,29369.08827702194,29957.530567773727,29368.074390204874,29607.143739284256,485898
2017-04-26,29607.143739284256,30799.979512209815,29607.143739284256,30730.28087693604,404682
2017-04-27,30730.28087693604,31409.280574510514,30730.28087693604,31161.105081874983,532778
2017-04-28,31161.105081874983,31303.481753414388,31014.015153939323,31263.21647560109,395549
2017-05-01,31263.21647560109,31520.144966549444,30864.227043719213,31304.05565280643,546796
2017-05-02,31304.05565280643,31304.05565280643,30473.803297489132,30492.989600727262,483842
2017-05-03,30492.989600727262,30492.989600727262,29565.88949678985,29947.768950604644,522978
2017-05-04,29947.768950604644,31214.613783274224,29947.768950604644,30766.426459395814,334735
2017-05-05,30766.426459395814,31306.562735053227,30766.426459395814,31148.46348261653,544812
2017-05-08,31148.46348261653,32665.04789664204,31148.46348261653,32367.042902452187,534567
2017-05-09,32367.042902452187,33185.43400268476,32367.042902452187,32864.33817229029,617342
2017-05-10,32864.33817229029,32964.08151198869,32469.94972534955,32612.93353416465,485256
2017-05-11,32612.93353416465,32622.307591955545,32236.074684492927,32385.86704923016,484067
2017-05-12,32385.86704923016,32385.86704923016,31615.97214454782,31981.026465525316,471918
2017-05-15,31981.026465525316,32885.987296001476,31981.026465525316,32591.523702860643,392066
2017-05-16,32591.523702860643,32896.12393223372,32307.97523946275,32596.584938840693,465349
2017-05-17,32596.584938840693,32848.46186345875,32187.041972414376,32427.684133785704,523498
2017-05-18,32427.684133785704,33568.427472372925,32427.684133785704,33172.52545009551,588119
2017-05-19,33172.52545009551,34212.84507389939,33172.52545009551,33974.46799921774,568314
2017-05-22,33974.46799921774,35322.06412680915,33974.46799921774,34920.35828267275,486565
2017-05-23,34920.35828267275,35489.29120545185,34920.35828267275,35346.22213695227,481100
2017-05-24,35346.22213695227,35618.34117341006,35079.71896642115,35267.823144017384,547440
2017-05-25,35267.823144017384,35267.823144017384,34206.34380254189,34365.83236284867,462319
2017-05-26,34365.83236284867,35732.924462135124,34365.83236284867,35210.093250411366,504406
2017-05-29,35210.093250411366,35210.093250411366,33812.451995912605,33974.30696512485,561394
2017-05-30,33974.30696512485,33974.30696512485,32292.597093682318,32573.925137884053,594786
2017-05-31,32573.925137884053,32573.925137884053,31569.069375938652,31912.44778038527,575085
2017-06-01,31912.44778038527,31912.44778038527,31315.300612118528,31629.70754072303,391849
2017-06-02,31629.70754072303,31656.66636340619,31050.131992338112,31349.49472348275,545533
2017-06-05,31349.49472348275,31349.49472348275,30691.536604848494,31130.587505653704,454444
2017-06-06,31130.587505653704,31802.66394612525,31130.587505653704,31404.59762544786,465339
2017-06-07,31404.59762544786,31404.59762544786,29380.872458110392,29545.465732402827,302475
2017-06-08,29545.465732402827,29717.379444566166,29545.465732402827,29618.741901580404,459014
2017-06-09,29618.741901580404,29618.741901580404,28608.34487460514,28838.056974319003,451873
2017-06-12,28838.056974319003,28838.056974319003,28437.504429157638,28473.31793436443,570901
2017-06-13,28473.31793436443,30050.584946012958,28473.31793436443,29821.74833529176,414889
2017-06-14,29821.74833529176,29855.440807633844,29252.144482719243,29676.25174829503,605326
2017-06-15,29676.25174829503,30508.80833963498,29676.25174829503,30439.476566279598,306825
2017-06-16,30439.476566279598,30975.183092016225,30297.97501303816,30624.056267044198,519215
2017-06-19,30624.056267044198,31237.128791047904,30624.056267044198,30973.446202335388,454036
2017-06-20,30973.446202335388,30973.446202335388,29464.884035748957,29742.411052851254,466158
2017-06-21,29742.411052851254,30899.571604912737,29742.411052851254,30799.146111442282,409602
2017-06-22,30799.146111442282,31497.179790601032,30799.146111442282,31043.857583971894,364416
2017-06-23,31043.857583971894,31107.18392144715,30487.871217492302,30835.982951741684,502859
2017-06-26,30835.982951741684,30835.982951741684,29326.430704175982,29413.31607421201,450772
2017-06-27,29413.31607421201,29413.31607421201,29002.316438029702,29112.47436285529,419566
2017-06-28,29112.47436285529,30130.372664332477,29112.47436285529,29816.16459650994,501179
2017-06-29,29816.16459650994,30641.187268465022,29816.16459650994,30399.45575349842,427308
2017-06-30,30399.45575349842,30987.22280887305,30399.45575349842,30771.57373184744,435542
2017-07-03,30771.57373184744,30771.57373184744,30377.239917389958,30449.259984515855,443381
2017-07-04,30449.259984515855,30825.655140811235,30214.643438581923,30483.223174417442,328349
2017-07-05,30483.223174417442,30483.223174417442,28564.534899055354,28771.66802107278,483845
2017-07-06,28771.66802107278,29994.88426409182,28771.66802107278,29554.32920634123,453286
2017-07-07,29554.32920634123,30234.876371393348,29554.32920634123,30042.921088298554,379624
2017-07-10,30042.921088298554,30042.921088298554,28358.67833519294,28418.19313870399,521208
2017-07-11,28418.19313870399,28550.274208582803,28363.791311010722,28442.023529135597,628596
2017-07-12,28442.023529135597,28833.57867816612,28442.023529135597,28601.4008428991,449878
2017-07-13,28601.4008428991,29429.58756206185,28601.4008428991,29152.44662940194,468276
2017-07-14,29152.44662940194,29427.257579926005,29007.57850004949,29250.177089627945,595033
2017-07-17,29250.177089627945,30166.042610021716,29250.177089627945,30120.922423520795,493343
2017-07-18,30120.922423520795,31402.980800742695,30120.922423520795,30957.37385067778,585154
2017-07-19,30957.37385067778,30957.37385067778,30176.21301394119,30271.000450512263,525421
2017-07-20,30271.000450512263,30271.000450512263,28944.53590859575,29068.205795697388,376969
2017-07-21,29068.205795697388,30290.524995087144,29068.205795697388,30086.375278196498,397461
2017-07-24,30086.375278196498,30086.375278196498,29963.644239680052,29971.02722923081,475312
2017-07-25,29971.02722923081,31139.38631099385,29971.02722923081,31007.64331687846,488564
2017-07-26,31007.64331687846,31007.64331687846,30128.129736885476,30144.91159154854,543985
2017-07-27,30144.91159154854,31163.538315544367,30144.91159154854,30824.462491964263,504549
2017-07-28,30824.462491964263,31366.091255847605,30824.462491964263,31081.723451853177,430885
2017-07-31,31081.723451853177,31817.789337928687,31036.87378332704,31422.621077373748,472113
2017-08-01,31422.621077373748,31422.621077373748,30591.92111955103,30721.64079742599,716246
2017-08-02,30721.64079742599,31915.819663074595,30721.64079742599,31670.909764395226,501518
2017-08-03,31670.909764395226,31670.909764395226,30426.690201832014,30517.266107188378,531609
2017-08-04,30517.266107188378,31443.59791978523,30517.266107188378,31038.439329349567,502607
2017-08-07,31038.439329349567,31038.439329349567,29630.430156441693,30057.850352792284,453455
2017-08-08,30057.850352792284,30057.850352792284,28970.340289422624,29007.306051746553,588477
2017-08-09,29007.306051746553,29007.306051746553,27977.19739956197,28040.002350868137,474430
2017-08-10,28040.002350868137,29108.803125854763,28040.002350868137,28914.679864089954,508334
2017-08-11,28914.679864089954,28914.679864089954,27940.275503197645,28239.690277687972,556708
2017-08-14,28239.690277687972,28239.690277687972,27583.513572664266,27701.507810197156,453605
2017-08-15,27701.507810197156,29184.740912488942,27701.507810197156,29076.754341688196,512074
2017-08-16,29076.754341688196,29578.046702778385,29076.754341688196,29400.579969787013,558963
2017-08-17,29400.579969787013,29400.579969787013,28392.103686746763,28529.03972310476,522789
2017-08-18,28529.03972310476,29844.212412815552,28529.03972310476,29578.484234333388,482588
2017-08-21,29578.484234333388,29578.484234333388,28975.076013126254,28983.772008607502,505815
2017-08-22,28983.772008607502,29100.763226180672,28886.754295644776,29087.67288078448,541781
2017-08-23,29087.67288078448,29636.548101557222,29087.67288078448,29492.778297776946,460804
2017-08-24,29492.778297776946,29492.778297776946,27071.350901166123,27110.75236199742,619378
2017-08-25,27110.75236199742,27786.33286068865,27110.75236199742,27689.044876853914,526782
2017-08-28,27689.044876853914,28371.927018518247,27689.044876853914,28052.611728460495,396213
2017-08-29,28052.611728460495,28052.611728460495,27138.336719862033,27289.48481801544,382573
2017-08-30,27289.48481801544,27289.48481801544,26554.230684227026,26654.30309784172,403732
2017-08-31,26654.30309784172,26691.4577114877,26024.33464543681,26413.130923823195,705824
2017-09-01,26413.130923823195,26646.39564821574,26413.130923823195,26574.98560607822,392955
2017-09-04,26574.98560607822,26574.98560607822,25864.908491179784,26081.975555610068,494438
2017-09-05,26081.975555610068,26917.176485651846,26081.975555610068,26787.16994277378,562782
2017-09-06,26787.16994277378,28330.686071419663,26787.16994277378,27944.21915636376,380540
2017-09-07,27944.21915636376,28566.518467157337,27944.21915636376,28387.92974125929,446225
2017-09-08,28387.92974125929,28483.660276039427,28083.984050724895,28229.657003346696,480647
2017-09-11,28229.657003346696,28306.47403111605,28103.706881261067,28135.981092922662,629353
2017-09-12,28135.981092922662,28135.981092922662,27216.207480157333,27524.73790381079,473273
2017-09-13,27524.73790381079,28065.05893930638,27524.73790381079,28059.841378898636,535609
2017-09-14,28059.841378898636,28059.841378898636,27338.85222798796,27511.709099665415,667800
2017-09-15,27511.709099665415,27511.709099665415,27074.776786755567,27198.851193952538,592478
2017-09-18,27198.851193952538,27731.807268402295,27198.851193952538,27624.20765431322,664313
2017-09-19,27624.20765431322,28637.22908703131,27624.20765431322,28315.83704451586,472155
2017-09-20,28315.83704451586,29438.639445478686,28315.83704451586,29065.31512465532,343795
2017-09-21,29065.31512465532,29412.618287104004,28958.380285115338,29363.189870780014,366739
2017-09-22,29363.189870780014,29971.28361090018,29363.189870780014,29561.99889752746,406726
2017-09-25,29561.99889752746,30624.11007051871,29561.99889752746,30296.46100526904,506215
2017-09-26,30296.46100526904,31241.127024208177,30296.46100526904,30974.393293312223,466275
2017-09-27,30974.393293312223,31263.11733543648,30607.168917908573,30937.246872843698,543833
2017-09-28,30937.246872843698,32035.379691556718,30937.246872843698,31807.553512936567,421087
2017-09-29,31807.553512936567,31807.553512936567,31493.847502998917,31503.946662010734,462096
2017-10-02,31503.946662010734,33416.70315523237,31503.946662010734,33338.63982562882,323775
2017-10-03,33338.63982562882,33338.63982562882,32411.61631792678,32614.29050845421,348414
2017-10-04,32614.29050845421,32614.29050845421,31940.865850670554,32056.866403564574,550999
2017-10-05,32056.866403564574,32294.92738911976,31911.801197410554,32140.467142635232,411141
2017-10-06,32140.467142635232,33627.893710795935,32140.467142635232,33240.703632528486,550077
2017-10-09,33240.703632528486,33240.703632528486,32635.17910702826,32884.066384207435,578346
2017-10-10,32884.066384207435,32884.066384207435,31404.949103011313,31409.466821216545,463287
2017-10-11,31409.466821216545,32439.207306411296,31409.466821216545,32346.162136876712,488279
2017-10-12,32346.162136876712,32346.162136876712,31402.67197696487,31704.320486784512,504740
2017-10-13,31704.320486784512,32207.996728753205,31704.320486784512,31843.590371706687,507881
2017-10-16,31843.590371706687,31843.590371706687,30915.722768471653,31275.526882515707,535973
2017-10-17,31275.526882515707,32087.445904946075,31275.526882515707,31711.90071510371,428442
2017-10-18,31711.90071510371,31711.90071510371,30666.5178543412,31044.86554649894,528161
2017-10-19,31044.86554649894,31044.86554649894,30538.26901673551,30881.145502468553,508960
2017-10-20,30881.145502468553,30948.375032801443,30302.60020020077,30503.71515273389,555672
2017-10-23,30503.71515273389,32179.400377096725,30503.71515273389,32094.062606963642,562479
2017-10-24,32094.062606963642,32196.802755444704,31703.047633091173,32134.960947625077,413146
2017-10-25,32134.960947625077,32648.671384279798,32134.960947625077,32300.278186010724,612639
2017-10-26,32300.278186010724,33482.315095981416,32300.278186010724,33238.61076059654,653645
2017-10-27,33238.61076059654,33238.61076059654,31807.692318769183,32227.255604612656,527907
2017-10-30,32227.255604612656,32641.86281798959,32227.255604612656,32343.865183465787,383552
2017-10-31,32343.865183465787,32630.28763731881,31923.513701178446,32388.57843419183,622315
2017-11-01,32388.57843419183,32388.57843419183,30434.205898613895,30726.264464928627,413331
2017-11-02,30726.264464928627,30726.264464928627,30459.839642757932,30545.884264680742,540766
2017-11-03,30545.884264680742,31123.512197813783,30545.884264680742,31031.420902559483,683405
2017-11-06,31031.420902559483,31031.420902559483,30165.62669550942,30325.12864855279,451857
2017-11-07,30325.12864855279,30325.12864855279,29472.90007092638,29608.67375038661,607637
2017-11-08,29608.67375038661,30025.246122385364,29608.67375038661,30010.64546049049,558659
2017-11-09,30010.64546049049,31178.595894865015,30010.64546049049,31138.566713905497,574242
2017-11-10,31138.566713905497,32694.87738966406,31138.566713905497,32457.907887734695,566657
2017-11-13,32457.907887734695,32457.907887734695,30369.335009805138,30810.45574465325,502852
2017-11-14,30810.45574465325,30810.45574465325,29755.91109316109,30046.497241123765,459069
2017-11-15,30046.497241123765,30046.497241123765,28989.195879809336,29335.63476335414,484433
2017-11-16,29335.63476335414,30504.972575614083,29335.63476335414,30064.022681158367,547106
2017-11-17,30064.022681158367,30712.93438768161,30064.022681158367,30590.148005352898,473639
2017-11-20,30590.148005352898,31952.975790834964,30590.148005352898,31556.569380822053,542569
2017-11-21,31556.569380822053,33164.72785338958,31556.569380822053,32793.06631823362,366878
2017-11-22,32793.06631823362,33690.079401367744,32793.06631823362,33294.14200215902,399323
2017-11-23,33294.14200215902,33294.14200215902,31685.86310310844,31738.330448827743,423717
2017-11-24,31738.330448827743,31738.330448827743,30005.72418849693,30220.561964790817,445191
2017-11-27,30220.561964790817,30220.561964790817,28558.6027647834,28838.189274352346,574178
2017-11-28,28838.189274352346,31972.124950678994,28838.189274352346,31633.92112670716,568124
2017-11-29,31633.92112670716,32113.633347613493,31633.92112670716,31855.469230431474,621498
2017-11-30,31855.469230431474,31855.469230431474,30416.105924910124,30649.998539375487,499409
2017-12-01,30649.998539375487,30891.71856525546,30649.998539375487,30797.679344525837,561806
2017-12-04,30797.679344525837,30797.679344525837,30082.699175259128,30288.631740408036,442090
2017-12-05,30288.631740408036,30288.631740408036,29541.107587456623,29541.623386989675,257329
2017-12-06,29541.623386989675,30765.9926645294,29541.623386989675,30651.51013918607,542076
2017-12-07,30651.51013918607,31388.603892520667,30651.51013918607,31164.386145407057,452174
2017-12-08,31164.386145407057,31658.263511176745,31111.346755328716,31318.724993889427,531602
2017-12-11,31318.724993889427,32458.805833267517,31318.724993889427,32331.47051112738,477267
2017-12-12,32331.47051112738,33175.08707814569,32331.47051112738,32745.96440570812,433897
2017-12-13,32745.96440570812,33055.757762623005,32651.535901625484,32780.68391208845,616375
2017-12-14,32780.68391208845,32780.68391208845,31982.19182055004,32346.964903763193,376147
2017-12-15,32346.964903763193,32346.964903763193,29919.038180285537,30373.208288855814,614840
2017-12-18,30373.208288855814,32071.551097729833,30373.208288855814,31677.918501913755,472641
2017-12-19,31677.918501913755,34175.50220612106,31677.918501913755,33945.8404884826,645670
2017-12-20,33945.8404884826,33945.8404884826,33255.84928564208,33336.30936752798,557340
2017-12-21,33336.30936752798,33701.92717636561,33007.32807687541,33374.750618277256,443003
2017-12-22,33374.750618277256,33960.992068494204,33374.750618277256,33495.008631954246,541205
2017-12-25,33495.008631954246,33495.008631954246,32247.21783854888,32548.3673834387,533793
2017-12-26,32548.3673834387,32924.11955176212,32431.454543426607,32877.40297416533,469373
2017-12-27,32877.40297416533,32877.40297416533,31924.708972160028,31942.743198359254,395635
2017-12-28,31942.743198359254,31942.743198359254,31542.40903962114,31635.016787286855,407289
2017-12-29,31635.016787286855,32043.448923010426,31332.961034018277,31692.919749955305,461299
2018-01-01,31692.919749955305,31692.919749955305,30412.894535105457,30825.647009137498,577412
2018-01-02,30825.647009137498,30825.647009137498,29976.822912227944,30259.812458694305,619712
2018-01-03,30259.812458694305,31237.26975057898,30259.812458694305,30899.382856523356,496755
2018-01-04,30899.382856523356,30921.307976156822,30291.092990612484,30742.589582203727,594537
2018-01-05,30742.589582203727,30742.589582203727,29441.50416884222,29874.1672922491,517201
2018-01-08,29874.1672922491,31196.232090172576,29874.1672922491,31061.832895311323,392421
2018-01-09,31061.832895311323,31061.832895311323,30461.75315469821,30625.790313879275,396530
2018-01-10,30625.790313879275,30625.790313879275,29967.86501664754,30337.20897152705,492534
2018-01-11,30337.20897152705,31577.56022178138,30337.20897152705,31260.341677006047,557510
2018-01-12,31260.341677006047,31260.341677006047,29614.62188522958,29781.059009847715,605653
2018-01-15,29781.059009847715,29781.059009847715,28386.49438288085,28640.780463583644,351467
2018-01-16,28640.780463583644,29501.155976297177,28640.780463583644,29119.44636881563,477353
2018-01-17,29119.44636881563,30697.028445588167,29119.44636881563,30439.409386887728,576684
2018-01-18,30439.409386887728,31627.693900822735,30439.409386887728,31170.00405361934,538324
2018-01-19,31170.00405361934,32583.826549881822,31170.00405361934,32196.847127214427,453875
2018-01-22,32196.847127214427,32349.32175391843,32036.60081543437,32041.831070310138,488695
2018-01-23,32041.831070310138,32041.831070310138,29848.718397226778,30298.936481573015,474102
2018-01-24,30298.936481573015,30524.18440482631,30298.936481573015,30376.437282141887,552767
2018-01-25,30376.437282141887,30376.437282141887,28816.44828058824,28956.036589331397,465472
2018-01-26,28956.036589331397,30362.555443210702,28956.036589331397,30191.60003711534,463501
2018-01-29,30191.60003711534,30191.60003711534,28689.98390451645,28781.902986732868,546608
2018-01-30,28781.902986732868,28781.902986732868,27821.626205139084,28094.629550619626,386972
2018-01-31,28094.629550619626,29093.481671563997,28094.629550619626,28734.908357060125,542816
2018-02-01,28734.908357060125,28734.908357060125,28537.96618433819,28663.216327497354,455482
2018-02-02,28663.216327497354,29493.59967851644,28663.216327497354,29492.55741774775,576258
2018-02-05,29492.55741774775,29854.17308625298,29320.456002938063,29426.42583518794,528460
2018-02-06,29426.42583518794,29426.42583518794,28565.547059278,28723.41017543484,323571
2018-02-07,28723.41017543484,30005.534550685967,28723.41017543484,29584.20391370341,581882
2018-02-08,29584.20391370341,29600.145574236827,29504.633121293326,29595.496509185617,467433
2018-02-09,29595.496509185617,31223.10346177219,29595.496509185617,31018.511906955282,697965
2018-02-12,31018.511906955282,32247.519317308044,31018.511906955282,31917.788775571393,431821
2018-02-13,31917.788775571393,33088.00590266145,31917.788775571393,32804.37299795473,476778
2018-02-14,32804.37299795473,33149.299546130744,32628.39993255225,32792.68670439511,639815
2018-02-15,32792.68670439511,33079.365939543095,32307.02059243302,32684.613732370784,478137
2018-02-16,32684.613732370784,33164.972517178205,32684.613732370784,33096.39175535954,257530
2018-02-19,33096.39175535954,33096.39175535954,32336.772348786013,32479.78875801284,519390
2018-02-20,32479.78875801284,33408.41047522914,32479.78875801284,33211.02018829243,400478
2018-02-21,33211.02018829243,33211.02018829243,31579.84334115768,31663.8189876767,430511
2018-02-22,31663.8189876767,31663.8189876767,30667.54067975525,31041.698798060603,490108
2018-02-23,31041.698798060603,31496.622244422604,31041.698798060603,31256.868959490952,590030
2018-02-26,31256.868959490952,31256.868959490952,30632.113282378097,30845.605399152704,577135
2018-02-27,30845.605399152704,30845.605399152704,30160.205721522023,30612.47465894116,468921
2018-02-28,30612.47465894116,30612.47465894116,29324.51480366605,29746.28841190283,266779
2018-03-01,29746.28841190283,29746.28841190283,28887.89199905665,29252.703528669997,353779
2018-03-02,29252.703528669997,30159.01956250562,29252.703528669997,29859.398175537484,437230
2018-03-05,29859.398175537484,30076.31769131459,29686.94505082674,30049.372115535756,414697
2018-03-06,30049.372115535756,30925.222521355638,30049.372115535756,30779.97996540109,534273
2018-03-07,30779.97996540109,30779.97996540109,30367.47073877115,30495.563571138373,472890
2018-03-08,30495.563571138373,30495.563571138373,29946.040426194937,30330.810814327902,572625
2018-03-09,30330.810814327902,31046.0717926377,30330.810814327902,30738.32432578637,511214
2018-03-12,30738.32432578637,31341.743215776172,30738.32432578637,31327.738094796117,386080
2018-03-13,31327.738094796117,31327.738094796117,30693.29459755159,30912.901127940237,527227
2018-03-14,30912.901127940237,32274.9061298398,30912.901127940237,31868.84303189683,504542
2018-03-15,31868.84303189683,33962.60704880411,31868.84303189683,33561.020217899604,427396
2018-03-16,33561.020217899604,33561.020217899604,32416.732560945802,32790.86018980229,618173
2018-03-19,32790.86018980229,33676.40410153481,32790.86018980229,33346.32425900548,370900
2018-03-20,33346.32425900548,34327.87072765512,33346.32425900548,34254.40717762246,356639
2018-03-21,34254.40717762246,35147.6743208469,34254.40717762246,34639.45671743114,557188
2018-03-22,34639.45671743114,35991.84567756504,34639.45671743114,35740.870157000085,502314
2018-03-23,35740.870157000085,35740.870157000085,34740.27054679468,35164.541270152884,405872
2018-03-26,35164.541270152884,35164.541270152884,33163.318981739976,33658.64340247902,563889
2018-03-27,33658.64340247902,34400.93984940761,33658.64340247902,34259.42613514079,624440
2018-03-28,34259.42613514079,34828.5074365757,33899.96770441549,34387.11430806057,418254
2018-03-29,34387.11430806057,35859.274219503255,34387.11430806057,35413.463268482854,446392
2018-03-30,35413.463268482854,35413.463268482854,34948.288268388045,35045.059019032335,406922
2018-04-02,35045.059019032335,35045.059019032335,34130.32150059058,34448.890104322236,421099
2018-04-03,34448.890104322236,35120.94860092977,34448.890104322236,35108.89933341722,608957
2018-04-04,35108.89933341722,35821.70934620762,35108.89933341722,35807.82399578285,422500
2018-04-05,35807.82399578285,37101.90609606558,35807.82399578285,36730.76188879251,448487
2018-04-06,36730.76188879251,36730.76188879251,35483.59448229402,35945.275184175436,425690
2018-04-09,35945.275184175436,36253.32203853406,35782.3202550546,36120.257788284005,542958
2018-04-10,36120.257788284005,36120.257788284005,35115.72321459505,35247.82138247048,548273
2018-04-11,35247.82138247048,35247.82138247048,34746.89538838042,34893.554746596514,406333
2018-04-12,34893.554746596514,36708.98883284701,34893.554746596514,36193.550594349465,398157
2018-04-13,36193.550594349465,37820.89060181256,36193.550594349465,37451.92051629677,418886
2018-04-16,37451.92051629677,38061.52089790428,37342.32264986109,37631.59134951908,578039
2018-04-17,37631.59134951908,38727.3032191888,37631.59134951908,38668.181522321196,604575
2018-04-18,38668.181522321196,39758.61053737067,38668.181522321196,39447.47116375536,449168
2018-04-19,39447.47116375536,39447.47116375536,38714.70204757247,38993.615358116185,551481
2018-04-20,38993.615358116185,40050.2770451644,38993.615358116185,39566.09092015865,573615
2018-04-23,39566.09092015865,40315.44220462727,39566.09092015865,39959.991919104155,412844
2018-04-24,39959.991919104155,40969.31605334808,39959.991919104155,40786.83812349571,534894
2018-04-25,40786.83812349571,40786.83812349571,39231.846989480175,39672.036882101536,470349
2018-04-26,39672.036882101536,43034.60070541976,39672.036882101536,42454.495962255576,479176
2018-04-27,42454.495962255576,42454.495962255576,40883.486559694575,41379.99993941273,480084
2018-04-30,41379.99993941273,42637.832007831385,41379.99993941273,42129.37344461814,617686
2018-05-01,42129.37344461814,42129.37344461814,41450.12549866637,41818.609061162475,476421
2018-05-02,41818.609061162475,41818.609061162475,40863.01848293242,41143.3776400594,460945
2018-05-03,41143.3776400594,42130.0768200331,41143.3776400594,42023.971694960615,546499
2018-05-04,42023.971694960615,43939.80386815672,42023.971694960615,43727.059790219944,505430
2018-05-07,43727.059790219944,43727.059790219944,41748.42146276585,41996.939564388704,505553
2018-05-08,41996.939564388704,42100.54564438488,41634.24918111385,41741.22892565669,555215
2018-05-09,41741.22892565669,42218.15862513597,41741.22892565669,41957.008559959875,468224
2018-05-10,41957.008559959875,42606.779524375605,41464.37013081856,42042.86354642726,506028
2018-05-11,42042.86354642726,42957.71234578127,42042.86354642726,42806.390007559356,607086
2018-05-14,42806.390007559356,44023.54781724068,42806.390007559356,43527.58926417355,608704
2018-05-15,43527.58926417355,46169.63413806742,43527.58926417355,45823.78069526105,585206
2018-05-16,45823.78069526105,46898.26185064608,45823.78069526105,46452.09545617326,476038
2018-05-17,46452.09545617326,46452.09545617326,45787.21123394675,45898.78869653735,343174
2018-05-18,45898.78869653735,47078.84986370282,45898.78869653735,46487.529994470555,262365
2018-05-21,46487.529994470555,46753.55507241498,45837.92490558326,46494.55241369848,524401
2018-05-22,46494.55241369848,46494.55241369848,46168.083447350145,46284.21349977945,628921
2018-05-23,46284.21349977945,46780.17799370774,45960.398987637534,46561.72692710332,554404
2018-05-24,46561.72692710332,46561.72692710332,45959.55432540547,46438.90348281293,506867
2018-05-25,46438.90348281293,47187.67129243181,46438.90348281293,47059.041680269685,581450
2018-05-28,47059.041680269685,48065.06774806899,46903.9335823785,47575.5758976175,626687
2018-05-29,47575.5758976175,48814.80653863116,47575.5758976175,48358.6073866851,489076
2018-05-30,48358.6073866851,49005.40898025898,48211.73624843521,48770.10545872645,607006
2018-05-31,48770.10545872645,50848.413658501624,48770.10545872645,50113.82818274107,534701
2018-06-01,50113.82818274107,51241.73484192867,50113.82818274107,50692.587091593035,565590
2018-06-04,50692.587091593035,50882.54892892858,49629.876489004775,50142.26313922237,472214
2018-06-05,50142.26313922237,51376.7648281223,50142.26313922237,50786.33388535473,507295
2018-06-06,50786.33388535473,50786.33388535473,48308.77348779875,48685.19635456397,459852
2018-06-07,48685.19635456397,50691.9041166202,48685.19635456397,50341.68362107238,573644
2018-06-08,50341.68362107238,52633.114219839415,50341.68362107238,52077.789577281306,452707
2018-06-11,52077.789577281306,52077.789577281306,49981.592895146474,50696.8363584528,434365
2018-06-12,50696.8363584528,50803.84853058965,49892.99853534005,50157.58909539321,567682
2018-06-13,50157.58909539321,50940.70452581267,49711.795931213004,50339.356835847495,480396
2018-06-14,50339.356835847495,50339.356835847495,49587.34047417929,50112.379110996095,373390
2018-06-15,50112.379110996095,51420.74618371841,50112.379110996095,50859.25418183972,509236
2018-06-18,50859.25418183972,51379.86515769711,50418.42522188752,51103.44851852256,310577
2018-06-19,51103.44851852256,52600.18144464567,51103.44851852256,52131.94019529913,441073
2018-06-20,52131.94019529913,52780.79224707101,52055.97990270231,52477.363460348686,426829
2018-06-21,52477.363460348686,53215.446949732665,52477.363460348686,52801.69942031383,499686
2018-06-22,52801.69942031383,53254.996584201464,52801.69942031383,53078.36338816614,530348
2018-06-25,53078.36338816614,53078.36338816614,51097.00957101296,51754.835299357845,455786
2018-06-26,51754.835299357845,51754.835299357845,49855.45827216772,50465.573537496966,447781
2018-06-27,50465.573537496966,50465.573537496966,49302.38641972953,49431.75090101544,513683
2018-06-28,49431.75090101544,50532.9735674663,49431.75090101544,49795.07190821246,469451
2018-06-29,49795.07190821246,49953.43773067785,49451.15631358044,49925.75143464511,436406
2018-07-02,49925.75143464511,51346.29179590507,49925.75143464511,51194.22214265275,322857
2018-07-03,51194.22214265275,51310.7897263019,50013.33872100742,50687.55647552078,493904
2018-07-04,50687.55647552078,50687.55647552078,49197.92748187512,49511.65093433623,525038
2018-07-05,49511.65093433623,50010.26586920109,49424.1235446819,49532.6163360947,530600
2018-07-06,49532.6163360947,49532.6163360947,48228.50508468563,48278.71677098326,545390
2018-07-09,48278.71677098326,48278.71677098326,47569.4721485525,47680.99584573884,552630
2018-07-10,47680.99584573884,48848.95156398101,47680.99584573884,48380.083675002985,506275
2018-07-11,48380.083675002985,48380.083675002985,47048.44152763186,47093.55775645493,489209
2018-07-12,47093.55775645493,48269.21328189638,47093.55775645493,47869.665703340026,423423
2018-07-13,47869.665703340026,49022.33910480311,47869.665703340026,48526.35492637595,433407
2018-07-16,48526.35492637595,48526.35492637595,46991.517086940206,47436.354434138426,524728
2018-07-17,47436.354434138426,47436.354434138426,46525.128092347695,46748.94679436785,446928
2018-07-18,46748.94679436785,47536.20147018314,46748.94679436785,47508.62991292607,385357
2018-07-19,47508.62991292607,48661.89636324729,47508.62991292607,47966.51811365544,518250
2018-07-20,47966.51811365544,49699.85565901985,47966.51811365544,49265.104015723664,485168
2018-07-23,49265.104015723664,49928.657760234,49165.647593684174,49347.51552858231,540315
2018-07-24,49347.51552858231,50309.87530892652,49347.51552858231,50264.66823455132,415097
2018-07-25,50264.66823455132,50264.66823455132,49224.906667012416,49281.02027195869,451738
2018-07-26,49281.02027195869,49281.02027195869,47074.288738126495,47657.87192670549,469988
2018-07-27,47657.87192670549,47657.87192670549,46669.476609530626,47195.08416469459,494281
2018-07-30,47195.08416469459,47195.08416469459,45967.520997152154,46550.21460236376,622614
2018-07-31,46550.21460236376,47206.626105308045,46332.58323239744,46916.16048562735,328543
2018-08-01,46916.16048562735,48569.35550869763,46916.16048562735,48065.56447527948,610555
2018-08-02,48065.56447527948,48065.56447527948,45485.92786082411,45601.61926775014,438519
2018-08-03,45601.61926775014,45601.61926775014,44480.860795609115,44512.65825050058,297605
2018-08-06,44512.65825050058,44512.65825050058,43674.03345521955,44114.293640247284,592005
2018-08-07,44114.293640247284,44846.34318778091,44044.07931185074,44377.31285860023,385029
2018-08-08,44377.31285860023,45569.803426122686,44377.31285860023,45036.587830775396,422793
2018-08-09,45036.587830775396,46907.96743176452,45036.587830775396,46307.79282357123,425127
2018-08-10,46307.79282357123,46307.79282357123,44298.43475669994,44829.46496842938,495324
2018-08-13,44829.46496842938,45442.40293840131,44829.46496842938,45095.34371592495,453551
2018-08-14,45095.34371592495,45915.650162626254,45095.34371592495,45483.68732040687,483480
2018-08-15,45483.68732040687,47589.787137573985,45483.68732040687,46964.526162244496,580435
2018-08-16,46964.526162244496,47424.734693223334,46964.526162244496,47324.84971372103,492445
2018-08-17,47324.84971372103,49208.09231232344,47324.84971372103,49079.91197659913,420740
2018-08-20,49079.91197659913,49079.91197659913,48081.17865218462,48346.77063080431,735907
2018-08-21,48346.77063080431,50321.05537690118,48346.77063080431,50235.54543175461,468348
2018-08-22,50235.54543175461,50235.54543175461,48735.13080521201,49239.64711626202,493231
2018-08-23,49239.64711626202,49876.06588166604,49239.64711626202,49648.14353173664,590541
2018-08-24,49648.14353173664,50719.768860121745,49648.14353173664,50436.45527727371,451034
2018-08-27,50436.45527727371,51393.86819563341,50361.35675074025,50719.51136346838,549207
2018-08-28,50719.51136346838,50752.93189084632,50104.55514687342,50190.85139915542,603804
2018-08-29,50190.85139915542,50190.85139915542,48651.586181038365,48652.68133428769,480240
2018-08-30,48652.68133428769,50421.357843274796,48652.68133428769,49738.52240252748,571879
2018-08-31,49738.52240252748,49738.52240252748,47849.45305197503,48459.9843133616,602128
2018-09-03,48459.9843133616,48459.9843133616,46538.947414977585,46583.87512290434,569923
2018-09-04,46583.87512290434,48887.71081608544,46583.87512290434,48685.28826105656,547279
2018-09-05,48685.28826105656,48685.28826105656,47140.66156363783,47663.92855959236,535440
2018-09-06,47663.92855959236,47905.00732147345,47096.88842090725,47649.59422157656,536011
2018-09-07,47649.59422157656,48561.28874044614,47482.80066664437,48011.93445126875,492068
2018-09-10,48011.93445126875,50481.436268245365,48011.93445126875,50118.38901771524,462887
2018-09-11,50118.38901771524,50118.38901771524,48910.425715326,48947.721806474176,508400
2018-09-12,48947.721806474176,48947.721806474176,47665.17567678019,48307.11826803115,497064
2018-09-13,48307.11826803115,48307.11826803115,46395.857673721395,46795.698761042804,525608
2018-09-14,46795.698761042804,47992.180183544195,46795.698761042804,47872.07036405665,514418
2018-09-17,47872.07036405665,48187.77134120556,47259.76494313449,47510.87451287651,518157
2018-09-18,47510.87451287651,47510.87451287651,45839.17949049807,45871.81349500919,659244
2018-09-19,45871.81349500919,45871.81349500919,44825.96252028206,45072.48624799421,524142
2018-09-20,45072.48624799421,45072.48624799421,44224.148007799115,44711.947600249165,464013
2018-09-21,44711.947600249165,44711.947600249165,43917.928925517765,44165.580387273665,518526
2018-09-24,44165.580387273665,44165.580387273665,43191.34490605232,43234.940959096326,536338
2018-09-25,43234.940959096326,45247.13636657403,43234.940959096326,44699.75905979623,348235
2018-09-26,44699.75905979623,44873.537759321625,44290.597739887526,44711.75048640857,452105
2018-09-27,44711.75048640857,44711.75048640857,44138.077629348845,44205.77117548415,491778
2018-09-28,44205.77117548415,45181.64674522565,44205.77117548415,44752.52868208698,392715
2018-10-01,44752.52868208698,44752.52868208698,42907.365348833475,43051.31474702319,482357
2018-10-02,43051.31474702319,43828.21766541039,43051.31474702319,43417.865162785114,433794
2018-10-03,43417.865162785114,44498.6017734927,43326.856952795104,43854.611179728854,472694
2018-10-04,43854.611179728854,46336.41458593616,43854.611179728854,45858.040080269326,464977
2018-10-05,45858.040080269326,47159.363795954836,45858.040080269326,47012.809633303856,371503
2018-10-08,47012.809633303856,47012.809633303856,46197.41206782225,46605.98268150947,524279
2018-10-09,46605.98268150947,46605.98268150947,44242.878797342324,44868.97526472781,603079
2018-10-10,44868.97526472781,44868.97526472781,43301.41458287021,43404.183675387496,489461
2018-10-11,43404.183675387496,43404.183675387496,42201.76287726379,42696.06762434282,479186
2018-10-12,42696.06762434282,43237.78652936422,42696.06762434282,42765.650279972826,660333
2018-10-15,42765.650279972826,45609.306806076835,42765.650279972826,45519.25829219607,648135
2018-10-16,45519.25829219607,45519.25829219607,44268.83450364421,44416.37430247635,598158
2018-10-17,44416.37430247635,44416.37430247635,42199.81093998826,42697.45706224804,551328
2018-10-18,42697.45706224804,42697.45706224804,41819.190573363056,41929.053213929794,446417
2018-10-19,41929.053213929794,42593.943426266385,41508.20546261273,41997.16918645659,502440
2018-10-22,41997.16918645659,41997.16918645659,41297.653353329246,41443.22606161906,384293
2018-10-23,41443.22606161906,41852.45595017061,41262.626847319494,41343.85927225042,467792
2018-10-24,41343.85927225042,42329.435606909756,41343.85927225042,42071.5297957087,427614
2018-10-25,42071.5297957087,42071.5297957087,41328.89537564688,41590.893569742315,529919
2018-10-26,41590.893569742315,41590.893569742315,40039.43999633073,40449.18935747444,376613
2018-10-29,40449.18935747444,40449.18935747444,39038.96665864472,39616.47611670437,448348
2018-10-30,39616.47611670437,39616.47611670437,38861.19898300051,39420.19176678715,499044
2018-10-31,39420.19176678715,41276.64637146242,39420.19176678715,41217.18541697419,455054
2018-11-01,41217.18541697419,41217.18541697419,40034.54718289806,40242.205572002465,506580
2018-11-02,40242.205572002465,40242.205572002465,38998.527368052826,39206.02679487093,468773
2018-11-05,39206.02679487093,39403.570594445126,39054.878414534345,39334.239600157765,563389
2018-11-06,39334.239600157765,41929.06917839815,39334.239600157765,41377.0335600455,432344
2018-11-07,41377.0335600455,41377.0335600455,40570.57695119163,40652.0831493613,442066
2018-11-08,40652.0831493613,40652.0831493613,40136.54429052781,40432.608531168196,475290
2018-11-09,40432.608531168196,40432.608531168196,38912.57499122911,38923.578455317875,645002
2018-11-12,38923.578455317875,40668.90773825802,38923.578455317875,40150.81296109055,544334
2018-11-13,40150.81296109055,43279.46212541966,40150.81296109055,42701.1929898361,433080
2018-11-14,42701.1929898361,43862.47396940034,42701.1929898361,43816.402792596,588738
2018-11-15,43816.402792596,44726.41267457961,43692.75858986233,44355.5876762977,448874
2018-11-16,44355.5876762977,45014.00986755522,44328.51813232778,44682.11293488464,438223
2018-11-19,44682.11293488464,44682.11293488464,43804.63473727266,44259.630078613576,445810
2018-11-20,44259.630078613576,45921.80554025709,44259.630078613576,45835.13173265516,521854
2018-11-21,45835.13173265516,45835.13173265516,43185.19685304569,43317.1583792556,517418
2018-11-22,43317.1583792556,43317.1583792556,42067.12918436752,42413.76015626147,470695
2018-11-23,42413.76015626147,42937.23923108774,42413.76015626147,42883.332363801994,444453
2018-11-26,42883.332363801994,42883.332363801994,41301.57645775647,41399.246911545786,562784
2018-11-27,41399.246911545786,43122.141706120005,41399.246911545786,43068.621277302795,525933
2018-11-28,43068.621277302795,43068.621277302795,41798.572493112115,42072.67966666059,567543
2018-11-29,42072.67966666059,42072.67966666059,41445.56196659406,41454.81244302401,465322
2018-11-30,41454.81244302401,41454.81244302401,39419.63037019963,39689.58902310192,426828
2018-12-03,39689.58902310192,39689.58902310192,37954.64554143095,38042.609237617464,620391
2018-12-04,38042.609237617464,38616.28324853978,37886.029550075946,38272.360096818695,577465
2018-12-05,38272.360096818695,39190.478313697895,38272.360096818695,38819.40428771259,492350
2018-12-06,38819.40428771259,41225.97154534952,38819.40428771259,40921.57130711753,512753
2018-12-07,40921.57130711753,42345.75068338033,40921.57130711753,41854.85438158943,358417
2018-12-10,41854.85438158943,43234.37551229166,41854.85438158943,42907.906315900684,529020
2018-12-11,42907.906315900684,42907.906315900684,41998.17851080039,42075.42081682593,546893
2018-12-12,42075.42081682593,42786.79242839696,42075.42081682593,42307.50802667189,568172
2018-12-13,42307.50802667189,43923.42607014558,42307.50802667189,43723.26857812038,474590
2018-12-14,43723.26857812038,44047.81789495196,43292.30358282074,43807.982243770755,463033
2018-12-17,43807.982243770755,44670.425928337034,43518.905902494895,44083.4782354482,273121
2018-12-18,44083.4782354482,44353.78734298057,43457.65696102052,43824.139055283835,530806
2018-12-19,43824.139055283835,43824.139055283835,41327.65707961402,41890.20528611835,537561
2018-12-20,41890.20528611835,41935.62997110491,41379.14782669414,41894.61573387382,614550
2018-12-21,41894.61573387382,42614.13257227985,41894.61573387382,42366.19133860287,381918
2018-12-24,42366.19133860287,44157.63995166228,42366.19133860287,43572.78241317532,538215
2018-12-25,43572.78241317532,45530.435079939714,43572.78241317532,45438.21337054118,505397
2018-12-26,45438.21337054118,48299.30502365803,45438.21337054118,47838.35650341663,498457
2018-12-27,47838.35650341663,47838.35650341663,47474.76887821574,47695.518637778805,505421
2018-12-28,47695.518637778805,47695.518637778805,46078.33085343892,46582.090875325135,640029
2018-12-31,46582.090875325135,46582.090875325135,45638.324380120175,45661.96811643202,419935
2019-01-01,45661.96811643202,47631.92038862779,45661.96811643202,47141.60637983274,496046
2019-01-02,47141.60637983274,47390.693024621876,46437.386773760416,47117.58629186352,417580
2019-01-03,47117.58629186352,47630.84049221688,46984.500903939406,47402.2751347187,571883
2019-01-04,47402.2751347187,48660.98408426845,47402.2751347187,48029.40313946703,431917
2019-01-07,48029.40313946703,48029.40313946703,46450.89841239683,47068.891479961196,502844
2019-01-08,47068.891479961196,47068.891479961196,45212.321225352505,45683.10392930602,371535
2019-01-09,45683.10392930602,45683.10392930602,44480.4824943281,44543.40688857688,391674
2019-01-10,44543.40688857688,44543.40688857688,43816.61961769336,44202.18038503869,549661
2019-01-11,44202.18038503869,44202.18038503869,43419.385994875214,43922.47816711259,538415
2019-01-14,43922.47816711259,45451.91402394878,43922.47816711259,45200.69048720864,409568
2019-01-15,45200.69048720864,45449.50233345165,45097.910950192345,45230.597166184736,501991
2019-01-16,45230.597166184736,48088.19798900147,45230.597166184736,47455.47979377236,629983
2019-01-17,47455.47979377236,47938.81399452644,47117.216422974525,47616.81277813131,450149
2019-01-18,47616.81277813131,48240.237836227345,47368.24916605765,47615.52314028475,577635
2019-01-21,47615.52314028475,47615.52314028475,45314.6465541309,45704.14784187179,541314
2019-01-22,45704.14784187179,46123.0873892094,45656.6597423812,45830.552731229596,565976
2019-01-23,45830.552731229596,46115.19026746387,45457.15195886993,46044.021960530976,517779
2019-01-24,46044.021960530976,46044.021960530976,45060.92633652452,45666.27729031774,482600
2019-01-25,45666.27729031774,47246.01651771907,45666.27729031774,46876.38248517256,523545
2019-01-28,46876.38248517256,46876.38248517256,46097.002373206364,46344.81973685643,571106
2019-01-29,46344.81973685643,46972.370637277636,46344.81973685643,46589.0461169575,558888
2019-01-30,46589.0461169575,47287.575212224125,46277.15888103421,46780.300108548916,552329
2019-01-31,46780.300108548916,47669.18188124337,46780.300108548916,47153.62543410212,518117
2019-02-01,47153.62543410212,48848.72031036067,47153.62543410212,48339.21776812776,488802
2019-02-04,48339.21776812776,48339.21776812776,46999.65653891176,47505.42195763706,440649
2019-02-05,47505.42195763706,47786.10398990844,46905.208221074616,47437.13416921081,416454
2019-02-06,47437.13416921081,47437.13416921081,44416.31848422213,45034.20102956454,451575
2019-02-07,45034.20102956454,45034.20102956454,44030.25665155326,44037.186362630455,593784
2019-02-08,44037.186362630455,45658.6817751676,44037.186362630455,45509.88920412798,273249
2019-02-11,45509.88920412798,46395.50659860292,45509.88920412798,46055.905351796224,563556
2019-02-12,46055.905351796224,46265.42790535137,45949.81477160579,46038.085866237314,428256
2019-02-13,46038.085866237314,46038.085866237314,44991.20083957048,45547.06661073708,483132
2019-02-14,45547.06661073708,46595.20140389014,45547.06661073708,46404.063384532245,513287
2019-02-15,46404.063384532245,46530.73614270093,45755.350249886505,46291.5125690967,489250
2019-02-18,46291.5125690967,49612.69306923453,46291.5125690967,49252.856215879954,551795
2019-02-19,49252.856215879954,49252.856215879954,47340.6351854605,47906.594706918426,621561
2019-02-20,47906.594706918426,48452.59257353771,47906.594706918426,48397.7992500918,451107
2019-02-21,48397.7992500918,49574.11752742234,48397.7992500918,49190.60847831496,558105
2019-02-22,49190.60847831496,49190.60847831496,48044.57053072208,48483.352717366935,522369
2019-02-25,48483.352717366935,50269.50834985705,48483.352717366935,50258.31852167658,454371
2019-02-26,50258.31852167658,50258.31852167658,48832.07204205389,49448.795891973714,503762
2019-02-27,49448.795891973714,51322.96788751963,49448.795891973714,50684.24754954042,525840
2019-02-28,50684.24754954042,52459.25499144472,50684.24754954042,52242.2698856769,358317
2019-03-01,52242.2698856769,52242.2698856769,51937.47034043107,52012.59780435098,514251
2019-03-04,52012.59780435098,52012.59780435098,50747.30194317169,51093.098612265305,554070
2019-03-05,51093.098612265305,51093.098612265305,47641.65528093556,47919.732913566295,528819
2019-03-06,47919.732913566295,49769.187983699194,47919.732913566295,49740.2929811915,523719
2019-03-07,49740.2929811915,50263.701642854256,49029.0800156135,49714.65207501191,486621
2019-03-08,49714.65207501191,52910.110796650835,49714.65207501191,52385.47277947888,609762
2019-03-11,52385.47277947888,52385.47277947888,50703.2547676597,51328.191335983225,463659
2019-03-12,51328.191335983225,53150.27149577468,51328.191335983225,52453.00886205884,471457
2019-03-13,52453.00886205884,54214.87571969042,52453.00886205884,53606.19870005553,492945
2019-03-14,53606.19870005553,53606.19870005553,52433.034212187464,52630.932489543986,417446
2019-03-15,52630.932489543986,52630.932489543986,50667.17728238291,50914.58175090915,484444
2019-03-18,50914.58175090915,53070.73152048036,50914.58175090915,52732.27190816471,509702
2019-03-19,52732.27190816471,53571.89816754935,52732.27190816471,53474.60067211487,412049
2019-03-20,53474.60067211487,55626.34519319795,53474.60067211487,54988.83446597828,449974
2019-03-21,54988.83446597828,58969.05470890052,54988.83446597828,58268.72669091582,578970
2019-03-22,58268.72669091582,59662.51940150539,58268.72669091582,58881.43545375841,637978
2019-03-25,58881.43545375841,60881.83557495681,58881.43545375841,60191.836536754876,522536
2019-03-26,60191.836536754876,62153.30316885889,60191.836536754876,61311.44916516119,630033
2019-03-27,61311.44916516119,61969.05952974068,61311.44916516119,61933.26181132442,551307
2019-03-28,61933.26181132442,63750.16883956473,61933.26181132442,63377.61900269015,543229
2019-03-29,63377.61900269015,66072.06568332386,63377.61900269015,65592.60796084674,344393
2019-04-01,65592.60796084674,67036.84319765573,65592.60796084674,66172.7028799403,552976
2019-04-02,66172.7028799403,66172.7028799403,64343.90926852457,64454.601025123906,371779
2019-04-03,64454.601025123906,64454.601025123906,62568.447277918596,63085.86566908774,401610
2019-04-04,63085.86566908774,63746.01866234402,63085.86566908774,63487.812939257696,455749
2019-04-05,63487.812939257696,63788.21148460691,62904.57012707905,63404.46359828744,517566
2019-04-08,63404.46359828744,63404.46359828744,61256.096439474466,61602.36877025537,450484
2019-04-09,61602.36877025537,62159.500419720796,61150.12289460234,61645.71088910346,452773
2019-04-10,61645.71088910346,62940.92729317559,61645.71088910346,62685.888914866104,563929
2019-04-11,62685.888914866104,62894.431937029534,62088.97772339508,62547.39593600721,493414
2019-04-12,62547.39593600721,63464.184289038414,62547.39593600721,63176.00240601062,605301
2019-04-15,63176.00240601062,65087.82340056454,63176.00240601062,64843.99126784727,508352
2019-04-16,64843.99126784727,64843.99126784727,63400.37526007558,63759.1549212306,519104
2019-04-17,63759.1549212306,63759.1549212306,62160.91721402359,62607.50323587786,468688
2019-04-18,62607.50323587786,62933.88749460638,62008.036342427156,62235.24746276672,458756
2019-04-19,62235.24746276672,64053.848100709,62235.24746276672,63633.162393341,572088
2019-04-22,63633.162393341,64866.50904729738,63633.162393341,64232.15659287241,449647
2019-04-23,64232.15659287241,64889.66811048472,64049.30001788902,64403.776001289465,488588
2019-04-24,64403.776001289465,64403.776001289465,62975.35857954276,63833.21992330186,553087
2019-04-25,63833.21992330186,64036.281659721055,63135.07676705411,63829.95617798571,520379
2019-04-26,63829.95617798571,63829.95617798571,63093.85492324032,63499.16587823966,461138
2019-04-29,63499.16587823966,63499.16587823966,60430.59343779823,61206.084136444064,557042
2019-04-30,61206.084136444064,61206.084136444064,59515.628761337146,60000.94449365851,500895
2019-05-01,60000.94449365851,60477.00185699117,60000.94449365851,60440.38362216652,503200
2019-05-02,60440.38362216652,64139.26004611821,60440.38362216652,63196.93735617544,505712
2019-05-03,63196.93735617544,63196.93735617544,61761.46439681422,62225.40578507903,378858
2019-05-06,62225.40578507903,62225.40578507903,59740.76235940193,60131.429050226776,524875
2019-05-07,60131.429050226776,60131.429050226776,56582.47061061243,57049.45506819607,461828
2019-05-08,57049.45506819607,57049.45506819607,54691.271049296476,55316.49841995748,345184
2019-05-09,55316.49841995748,57110.25526513206,55316.49841995748,56933.60103583257,571321
2019-05-10,56933.60103583257,56933.60103583257,55506.24670975239,56141.18420564585,679568
2019-05-13,56141.18420564585,58485.92332306617,56141.18420564585,57770.672542409324,609313
2019-05-14,57770.672542409324,60675.63632578829,57770.672542409324,60042.31585279577,301924
2019-05-15,60042.31585279577,60042.31585279577,58198.90314502551,58855.95284421257,382377
2019-05-16,58855.95284421257,62912.56919732563,58855.95284421257,61983.7091371891,328946
2019-05-17,61983.7091371891,63239.008704996544,61983.7091371891,62517.70419030591,577027
2019-05-20,62517.70419030591,62517.70419030591,59558.41921685713,59932.95356902586,469328
2019-05-21,59932.95356902586,59932.95356902586,58468.27418766024,58718.61760545129,475992
2019-05-22,58718.61760545129,58718.61760545129,54554.23120496534,54626.641036709094,601986
2019-05-23,54626.641036709094,55120.916860829995,54204.39325560175,55029.54241694331,474858
2019-05-24,55029.54241694331,56960.04377433646,55029.54241694331,56299.64133369917,538757
2019-05-27,56299.64133369917,56749.830780893426,55678.47313986706,56097.353601250645,477682
2019-05-28,56097.353601250645,57626.49410409403,56097.353601250645,57084.71308822394,407624
2019-05-29,57084.71308822394,58026.94024588695,56796.81902310634,57631.60516680528,414277
2019-05-30,57631.60516680528,57631.60516680528,57002.94741673985,57383.582994336706,470315
2019-05-31,57383.582994336706,57383.582994336706,56050.71070102595,56642.71304986292,570311
2019-06-03,56642.71304986292,56642.71304986292,54012.05187042703,54046.28564391133,471854
2019-06-04,54046.28564391133,58046.93104427271,54046.28564391133,57341.801130807384,511974
2019-06-05,57341.801130807384,57341.801130807384,54646.63722030323,55190.32288155887,413264
2019-06-06,55190.32288155887,55190.32288155887,53936.201602003275,54377.6435181122,472574
2019-06-07,54377.6435181122,55958.05139147136,54377.6435181122,55194.39034187274,442029
2019-06-10,55194.39034187274,55194.39034187274,51434.90327618988,52080.25467421854,584248
2019-06-11,52080.25467421854,52818.28470819794,51913.870260617616,52278.105298198076,391425
2019-06-12,52278.105298198076,52859.18341884942,52278.105298198076,52599.21625587293,480605
2019-06-13,52599.21625587293,53076.30926941806,51991.93963718323,52668.47423477866,389531
2019-06-14,52668.47423477866,52668.47423477866,49822.86467348095,50560.53087602387,463552
2019-06-17,50560.53087602387,53492.01926874074,50560.53087602387,53085.02015318122,519065
2019-06-18,53085.02015318122,53085.02015318122,51561.80765848332,52193.618319362125,501964
2019-06-19,52193.618319362125,55017.878482584274,52193.618319362125,54633.1530819081,455485
2019-06-20,54633.1530819081,54633.1530819081,53037.72951133849,53501.31557163744,365864
2019-06-21,53501.31557163744,53501.31557163744,52035.73053518553,52398.5448686709,466031
2019-06-24,52398.5448686709,54615.4205002153,52398.5448686709,54424.29518339221,519445
2019-06-25,54424.29518339221,55665.2795710479,54424.29518339221,55472.95089809706,484542
2019-06-26,55472.95089809706,56243.311276411936,55402.68349662817,56151.09565434025,498805
2019-06-27,56151.09565434025,56151.09565434025,54639.232967916825,54776.955428205045,415442
2019-06-28,54776.955428205045,54776.955428205045,52927.35192733609,53034.360181963595,559577
2019-07-01,53034.360181963595,53034.360181963595,52146.213015358146,52589.02485776346,524908
2019-07-02,52589.02485776346,54070.89807996539,52589.02485776346,53419.63644832812,325576
2019-07-03,53419.63644832812,54559.22124912949,53419.63644832812,54143.186496986054,468067
2019-07-04,54143.186496986054,54143.186496986054,52949.16945804863,53509.6614972872,402987
2019-07-05,53509.6614972872,53509.6614972872,51666.068340381404,52123.10238970743,641343
2019-07-08,52123.10238970743,53351.29325906005,52123.10238970743,53336.888077343196,443818
2019-07-09,53336.888077343196,55661.533181761995,53336.888077343196,54979.37097427625,616009
2019-07-10,54979.37097427625,55603.71323938626,54785.43708966248,55064.88846722098,523365
2019-07-11,55064.88846722098,55064.88846722098,52882.305608078175,53143.28922079996,472586
2019-07-12,53143.28922079996,53143.28922079996,50988.469625845726,51715.96843845473,585840
2019-07-15,51715.96843845473,53290.94252414494,51715.96843845473,53159.23914241656,364723
2019-07-16,53159.23914241656,54615.29980996182,53159.23914241656,54196.14871060209,557020
2019-07-17,54196.14871060209,56910.44435844132,54196.14871060209,56161.691807745374,562982
2019-07-18,56161.691807745374,57016.206174277,56059.09358768118,56299.77593023275,604690
2019-07-19,56299.77593023275,56925.21364980333,55770.161719918135,56524.81297119773,494784
2019-07-22,56524.81297119773,58839.105691942525,56524.81297119773,58580.9912063245,503715
2019-07-23,58580.9912063245,60107.707858251335,58580.9912063245,59398.13984005815,485257
2019-07-24,59398.13984005815,60848.481955927906,59398.13984005815,60810.106223929346,444256
2019-07-25,60810.106223929346,61106.97493251299,60810.106223929346,61013.72643021322,492072
2019-07-26,61013.72643021322,61678.70416341852,60949.92338660174,61616.59952953129,544640
2019-07-29,61616.59952953129,61635.512998832215,60530.36194749116,61036.738348149185,487875
2019-07-30,61036.738348149185,61684.13595291554,60642.348352043235,61333.589972893446,528578
2019-07-31,61333.589972893446,61883.23407506864,61333.589972893446,61471.02529505313,529325
2019-08-01,61471.02529505313,61540.757111969026,60739.958964891914,61148.91968886618,502454
2019-08-02,61148.91968886618,62317.617894836425,61148.91968886618,61930.19972861226,474723
2019-08-05,61930.19972861226,61930.19972861226,59834.7000576081,60699.09007614944,525334
2019-08-06,60699.09007614944,61335.52469051955,60544.049492894526,61292.31427969404,539552
2019-08-07,61292.31427969404,61292.31427969404,59655.1582428248,59757.44071471052,561074
2019-08-08,59757.44071471052,60664.960100399236,59257.2655931071,60090.00137429514,406460
2019-08-09,60090.00137429514,61040.13287002647,60090.00137429514,60747.53393285911,445161
2019-08-12,60747.53393285911,62950.09434533082,60747.53393285911,62240.00562528783,431816
2019-08-13,62240.00562528783,63303.176146033875,62240.00562528783,62752.98293239373,534727
2019-08-14,62752.98293239373,65250.88873183455,62752.98293239373,64766.51288766195,421737
2019-08-15,64766.51288766195,66399.27724191122,64766.51288766195,66265.44111727251,705916
2019-08-16,66265.44111727251,66431.32159954356,65540.53812788663,66080.93751401336,462733
2019-08-19,66080.93751401336,66080.93751401336,64791.73682102864,64885.07960278889,494378
2019-08-20,64885.07960278889,66090.70186206943,64885.07960278889,65850.89687881901,405393
2019-08-21,65850.89687881901,67703.81601170343,65850.89687881901,66825.42699926531,833766
2019-08-22,66825.42699926531,66825.42699926531,64141.04966002484,64811.4802595818,493684
2019-08-23,64811.4802595818,66096.96324545094,64811.4802595818,65703.18991769398,575925
2019-08-26,65703.18991769398,65703.18991769398,61857.26159909989,62110.70320261364,499514
2019-08-27,62110.70320261364,62464.52945343852,61183.49075641352,61785.2993785232,543636
2019-08-28,61785.2993785232,61785.2993785232,58262.49022014851,58915.989515368485,505312
2019-08-29,58915.989515368485,58915.989515368485,57335.39697462409,58000.06384180474,495283
2019-08-30,58000.06384180474,60563.832169579415,58000.06384180474,60112.72880288277,411017
2019-09-02,60112.72880288277,64503.82130386907,60112.72880288277,64018.49033247289,591448
2019-09-03,64018.49033247289,64293.45752205388,63332.36888146354,63898.24893964593,395586
2019-09-04,63898.24893964593,63898.24893964593,61826.730296429,62354.93631438928,424693
2019-09-05,62354.93631438928,63175.27332802643,61760.473310355985,62558.54471999082,496537
2019-09-06,62558.54471999082,62894.22697375226,62280.15780869085,62415.02322119238,591752
2019-09-09,62415.02322119238,65071.27401213371,62415.02322119238,64261.535527240514,409318
2019-09-10,64261.535527240514,64261.535527240514,62888.8668703451,63710.41212027625,456886
2019-09-11,63710.41212027625,65909.84070714346,63710.41212027625,65466.468315468286,572455
2019-09-12,65466.468315468286,65466.468315468286,62395.734065969955,63106.188118876635,485294
2019-09-13,63106.188118876635,64532.588259271855,63106.188118876635,63812.29885579122,460384
2019-09-16,63812.29885579122,63812.29885579122,60156.74337371199,60582.3740418283,504750
2019-09-17,60582.3740418283,62907.76002654398,60582.3740418283,62175.9740764589,578724
2019-09-18,62175.9740764589,62175.9740764589,59564.833890803486,60142.201467799605,569290
2019-09-19,60142.201467799605,62301.87157235599,60142.201467799605,61622.469980662936,467264
2019-09-20,61622.469980662936,62477.407924753745,61622.469980662936,61771.621022379106,511831
2019-09-23,61771.621022379106,62748.97132120377,61771.621022379106,62283.70084495838,557909
2019-09-24,62283.70084495838,62283.70084495838,60389.32041558654,60601.30212410978,378193
2019-09-25,60601.30212410978,61331.54041304584,60251.678790422724,60557.14353828009,445328
2019-09-26,60557.14353828009,60557.14353828009,58645.285788786976,58992.57582985336,543631
2019-09-27,58992.57582985336,61919.032764982396,58992.57582985336,61070.288219740745,547559
2019-09-30,61070.288219740745,62558.098429469675,61070.288219740745,61808.7425395878,485982
2019-10-01,61808.7425395878,62785.31662348127,61808.7425395878,62172.79322065824,563428
2019-10-02,62172.79322065824,62172.79322065824,58883.508846387085,59461.9957596433,443785
2019-10-03,59461.9957596433,59461.9957596433,58712.34557027192,59086.89736872832,504643
2019-10-04,59086.89736872832,62530.638020648286,59086.89736872832,61689.561081976106,339239
2019-10-07,61689.561081976106,61689.561081976106,59578.495564220655,59907.798742751096,463168
2019-10-08,59907.798742751096,60508.501522388884,59907.798742751096,60295.572207717094,520756
2019-10-09,60295.572207717094,62258.04577261783,60295.572207717094,62110.80783274083,463275
2019-10-10,62110.80783274083,63644.99920961062,62110.80783274083,62749.47667140487,635981
2019-10-11,62749.47667140487,64232.65298177266,62749.47667140487,63715.71397338704,471422
2019-10-14,63715.71397338704,63715.71397338704,61307.8379261135,61380.34688074488,487104
2019-10-15,61380.34688074488,61380.34688074488,58944.15586690025,59700.1461728831,433392
2019-10-16,59700.1461728831,59700.1461728831,58458.56572855346,59157.994421300275,458371
2019-10-17,59157.994421300275,59157.994421300275,57786.93376386773,58071.00250951244,474899
2019-10-18,58071.00250951244,58071.00250951244,56839.36732813522,57236.075392832514,607000
2019-10-21,57236.075392832514,58223.54376822152,57236.075392832514,57742.51125269258,475107
2019-10-22,57742.51125269258,57742.51125269258,56462.94076956837,56758.58943711229,462133
2019-10-23,56758.58943711229,56758.58943711229,55375.30091650766,56207.77129517275,308679
2019-10-24,56207.77129517275,56371.98106220275,55189.53947371943,55710.58477742797,377623
2019-10-25,55710.58477742797,57493.121526902425,55710.58477742797,57052.81721767223,502819
2019-10-28,57052.81721767223,58753.6525389429,57052.81721767223,58612.647968941186,624626
2019-10-29,58612.647968941186,58944.09964206996,57484.082213591006,58239.60463152985,603298
2019-10-30,58239.60463152985,58239.60463152985,57569.19301836266,57576.19326562191,542638
2019-10-31,57576.19326562191,60037.7846905494,57576.19326562191,59720.078498630646,542286
2019-11-01,59720.078498630646,62024.15942962602,59720.078498630646,61342.69469681262,433079
2019-11-04,61342.69469681262,61503.24500269283,60711.00191075208,60765.01327861558,499295
2019-11-05,60765.01327861558,62283.06820490392,60765.01327861558,61425.54709319321,619383
2019-11-06,61425.54709319321,61425.54709319321,60057.740827805,60335.3723810106,377549
2019-11-07,60335.3723810106,61180.526741712034,60267.746861917345,61104.50865820102,446538
2019-11-08,61104.50865820102,62782.63548918863,61104.50865820102,62218.715296408256,428780
2019-11-11,62218.715296408256,63445.49934736654,62218.715296408256,62771.40027779035,513082
2019-11-12,62771.40027779035,62771.40027779035,60126.881582662456,60728.999272958645,611776
2019-11-13,60728.999272958645,65617.25321171294,60728.999272958645,65202.781268095685,613330
2019-11-14,65202.781268095685,65462.900009557176,64392.12967827564,65157.31249381461,500890
2019-11-15,65157.31249381461,65662.36965027903,63926.21715188855,64824.828237154026,624996
2019-11-18,64824.828237154026,65109.587195806664,63396.04760475961,64185.50720338271,424389
2019-11-19,64185.50720338271,64185.50720338271,62579.87871854588,62952.63886458254,441237
2019-11-20,62952.63886458254,62952.63886458254,62107.71937127097,62288.086279825984,612087
2019-11-21,62288.086279825984,66156.17528318365,62288.086279825984,65235.074548154946,652833
2019-11-22,65235.074548154946,69561.80065065449,65235.074548154946,68730.98652896775,490336
2019-11-25,68730.98652896775,70757.04296660493,68730.98652896775,70275.11418173504,676910
2019-11-26,70275.11418173504,72429.12420863855,70275.11418173504,71730.4245327333,585203
2019-11-27,71730.4245327333,75429.78516702246,71730.4245327333,74700.3500358778,624022
2019-11-28,74700.3500358778,75569.04900779696,74369.7329791149,75411.19189549994,522165
2019-11-29,75411.19189549994,81115.55601293068,75411.19189549994,81080.77192773111,476035
2019-12-02,81080.77192773111,82551.39114106011,81080.77192773111,82527.32063988574,548274
2019-12-03,82527.32063988574,82527.32063988574,77067.45853521234,78120.71987484793,563405
2019-12-04,78120.71987484793,79266.7034592746,77633.31931851343,78249.75407511412,525717
2019-12-05,78249.75407511412,78249.75407511412,77204.8263145646,77503.87393764746,536307
2019-12-06,77503.87393764746,80022.77325768114,77503.87393764746,79163.60047252776,514996
2019-12-09,79163.60047252776,79163.60047252776,77480.69636161848,77533.90135806041,387931
2019-12-10,77533.90135806041,79224.5805120482,77533.90135806041,78343.42008347712,429104
2019-12-11,78343.42008347712,80717.54863390008,78343.42008347712,79855.08943710361,396202
2019-12-12,79855.08943710361,84359.91476650203,79855.08943710361,83555.1854100524,460031
2019-12-13,83555.1854100524,83555.1854100524,82172.72467013703,83088.871620363,440443
2019-12-16,83088.871620363,85312.33011830064,83088.871620363,85302.97297115455,425105
2019-12-17,85302.97297115455,87906.32678878789,85302.97297115455,87716.41235596983,553841
2019-12-18,87716.41235596983,91234.04549455628,87716.41235596983,91021.51556485715,439589
2019-12-19,91021.51556485715,91021.51556485715,89044.86965665773,89368.10144163591,306264
2019-12-20,89368.10144163591,89368.10144163591,87955.48225674193,88803.56198419958,484535
2019-12-23,88803.56198419958,90024.91802013514,88706.66322092713,89742.57250475924,574048
2019-12-24,89742.57250475924,93167.36937904212,89742.57250475924,92558.28244571204,378822
2019-12-25,92558.28244571204,92558.28244571204,90179.9939804831,90483.46660685283,417465
2019-12-26,90483.46660685283,90483.46660685283,87293.54691434679,87440.31303590338,500836
2019-12-27,87440.31303590338,87440.31303590338,84471.32690680108,85695.24043238282,635256
2019-12-30,85695.24043238282,87353.9957138179,85126.05048498469,86369.25465543372,497114
2019-12-31,86369.25465543372,87716.04293787938,86369.25465543372,86987.84106131148,426947
2020-01-01,86987.84106131148,87597.53771672785,85885.49840926335,86398.87003530697,472985
2020-01-02,86398.87003530697,86398.87003530697,83680.38849243439,84277.89593732338,528990
2020-01-03,84277.89593732338,84277.89593732338,82551.90566549655,83113.60225087794,470946
2020-01-06,83113.60225087794,84693.94567452499,83113.60225087794,83890.15401058378,385194
2020-01-07,83890.15401058378,84130.65371086606,82585.39621563439,83556.73553748893,414245
2020-01-08,83556.73553748893,84917.99178148965,83556.73553748893,84601.33647025719,511546
2020-01-09,84601.33647025719,86042.31519387956,84601.33647025719,85033.70488880196,508280
2020-01-10,85033.70488880196,88573.78194039718,85033.70488880196,88099.59258152432,652641
2020-01-13,88099.59258152432,89423.91660075496,87829.04942131689,88756.70082687058,529732
2020-01-14,88756.70082687058,88756.70082687058,87908.02468396282,88459.47537849218,442996
2020-01-15,88459.47537849218,88459.47537849218,83506.06257240617,84734.96720379335,469560
2020-01-16,84734.96720379335,86686.76807423483,84734.96720379335,85542.1837020945,630365
2020-01-17,85542.1837020945,85542.1837020945,84043.21285757008,84492.45252730291,454670
2020-01-20,84492.45252730291,86978.75693466527,84492.45252730291,85964.58634967988,506659
2020-01-21,85964.58634967988,89110.85383121489,85964.58634967988,87883.06506585913,459336
2020-01-22,87883.06506585913,90733.96256761072,87883.06506585913,90199.3845844803,368960
2020-01-23,90199.3845844803,90372.68088053992,89742.67686436565,90075.88170607136,574366
2020-01-24,90075.88170607136,90075.88170607136,86850.76629069727,87320.97452367804,495602
2020-01-27,87320.97452367804,87320.97452367804,86064.08131317064,86793.480029114,484391
2020-01-28,86793.480029114,90559.33320032159,86793.480029114,89434.50243646555,478058
2020-01-29,89434.50243646555,89434.50243646555,87628.96960094711,87914.60933122276,472420
2020-01-30,87914.60933122276,88890.50179541769,87914.60933122276,88249.44834509671,542784
2020-01-31,88249.44834509671,88249.44834509671,85803.98096394866,86081.67460898081,433209
2020-02-03,86081.67460898081,86081.67460898081,84567.5522201699,85013.75847739821,572928
2020-02-04,85013.75847739821,86631.83494875793,84730.39170386641,85962.76271671863,681667
2020-02-05,85962.76271671863,85962.76271671863,84594.90744948565,85199.62433150562,325236
2020-02-06,85199.62433150562,86088.50272333979,85140.54343075526,85394.50087021437,555010
2020-02-07,85394.50087021437,89448.99682129624,85394.50087021437,88610.93319148464,452447
2020-02-10,88610.93319148464,93345.32664039129,88610.93319148464,92201.60559174763,666549
2020-02-11,92201.60559174763,92201.60559174763,90249.41652541954,91454.11819857598,504464
2020-02-12,91454.11819857598,93819.33823643056,91454.11819857598,92870.52360509563,537861
2020-02-13,92870.52360509563,97880.4368406107,92870.52360509563,97397.7099244602,611989
2020-02-14,97397.7099244602,97397.7099244602,94144.15151969089,95530.39280525064,568411
2020-02-17,95530.39280525064,100744.01453405603,95530.39280525064,100067.19425789635,557014
2020-02-18,100067.19425789635,106539.59374893722,100067.19425789635,105315.15892690589,503342
2020-02-19,105315.15892690589,105867.11099105026,105285.67576072256,105518.36228879493,465271
2020-02-20,105518.36228879493,105518.36228879493,99745.11161289539,100657.75542014354,470453
2020-02-21,100657.75542014354,101823.86186729776,100657.75542014354,101676.60711866908,486110
2020-02-24,101676.60711866908,101833.07231303204,100654.51753203789,101040.16918353683,578974
2020-02-25,101040.16918353683,101040.16918353683,97751.41886935387,98009.62666505101,601292
2020-02-26,98009.62666505101,98009.62666505101,94044.46489527506,94885.4511488673,342903
2020-02-27,94885.4511488673,96343.94740763173,94885.4511488673,95909.73900993406,494070
2020-02-28,95909.73900993406,96238.84591544984,94771.77588986345,95443.87496216207,458176
2020-03-02,95443.87496216207,95443.87496216207,93735.40943661782,94416.53252206142,608868
2020-03-03,94416.53252206142,99863.6733829233,94416.53252206142,98746.33900006562,562604
2020-03-04,98746.33900006562,100908.8977879798,98746.33900006562,99518.47803804452,420538
2020-03-05,99518.47803804452,99518.47803804452,97785.40171434793,97925.36044359997,316163
2020-03-06,97925.36044359997,98686.8772887901,97728.33850235348,98585.51525958597,416739
2020-03-09,98585.51525958597,100165.61838835041,98413.12823238032,99778.75539506414,501384
2020-03-10,99778.75539506414,99778.75539506414,93945.37555569774,94004.03789742794,628162
2020-03-11,94004.03789742794,95306.6821320655,92929.52546823204,94297.24586518038,636455
2020-03-12,94297.24586518038,94297.24586518038,92192.92530815897,92311.25539046593,594177
2020-03-13,92311.25539046593,92496.06316152975,91385.21147530303,92254.8281655522,652365
2020-03-16,92254.8281655522,92254.8281655522,88936.414741536,89869.13001230743,571004
2020-03-17,89869.13001230743,89869.13001230743,87648.81345596518,88060.1994879758,595678
2020-03-18,88060.1994879758,90736.73606467296,88060.1994879758,89820.33312645624,518986
2020-03-19,89820.33312645624,92030.66877347206,89820.33312645624,90849.08055205409,584233
2020-03-20,90849.08055205409,93173.9331213879,90849.08055205409,92746.81438539196,633658
2020-03-23,92746.81438539196,92746.81438539196,88896.96146002028,89881.05889744166,473690
2020-03-24,89881.05889744166,92885.85611277647,89881.05889744166,91830.35005502554,680953
2020-03-25,91830.35005502554,91830.35005502554,88508.36114005554,89068.90405660318,471146
2020-03-26,89068.90405660318,93358.74487081841,89068.90405660318,92184.45251910326,624434
2020-03-27,92184.45251910326,93138.3499380372,92184.45251910326,92375.28678800208,499395
2020-03-30,92375.28678800208,92375.28678800208,88297.99308836891,88928.09940541853,550481
2020-03-31,88928.09940541853,88928.09940541853,84644.82600353753,85654.53860997823,488075
2020-04-01,85654.53860997823,86670.87406766432,85432.70155161235,85911.49111158431,488884
2020-04-02,85911.49111158431,85911.49111158431,83078.60702163861,84175.04811168929,554192
2020-04-03,84175.04811168929,84405.91068436945,82787.7780442508,83974.47116219928,536563
2020-04-06,83974.47116219928,85235.1684735062,83974.47116219928,84535.66824860552,581202
2020-04-07,84535.66824860552,84535.66824860552,82632.99042004338,83005.37035673008,427113
2020-04-08,83005.37035673008,84164.83540552868,83005.37035673008,84015.46130069913,449529
2020-04-09,84015.46130069913,85005.1645325853,83727.1081919992,84835.84019819027,427624
2020-04-10,84835.84019819027,84966.20934415549,83829.54692191674,84817.66200782525,511161
2020-04-13,84817.66200782525,86280.4494468696,84239.83983105695,85333.49752514034,500721
2020-04-14,85333.49752514034,87878.00163401493,85333.49752514034,87710.51726775912,425886
2020-04-15,87710.51726775912,87710.51726775912,85855.8856081558,86815.74704325182,567638
2020-04-16,86815.74704325182,86815.74704325182,84745.67875059256,85699.47089498668,529571
2020-04-17,85699.47089498668,85818.19058159266,84254.2058375734,84572.15380903891,596122
2020-04-20,84572.15380903891,87346.2491883409,84572.15380903891,87335.72040894267,640612
2020-04-21,87335.72040894267,87335.72040894267,84994.688448047,85569.5139621995,453283
2020-04-22,85569.5139621995,87908.60970195668,85569.5139621995,87078.81840358148,325622
2020-04-23,87078.81840358148,87078.81840358148,84312.45617461886,85392.1833664835,625154
2020-04-24,85392.1833664835,87155.81929698994,85286.2494662249,86372.25514572687,334169
2020-04-27,86372.25514572687,87618.42283732984,86372.25514572687,86982.0030756549,570672
2020-04-28,86982.0030756549,86982.0030756549,86685.57402278212,86707.46274259173,380392
2020-04-29,86707.46274259173,90094.04206373627,86707.46274259173,89476.9241764495,537000
2020-04-30,89476.9241764495,91374.32401958157,89476.9241764495,90894.93090824265,509073
2020-05-01,90894.93090824265,92853.44395085721,90894.93090824265,92158.4963048365,437898
2020-05-04,92158.4963048365,93291.37727925216,91647.41934323395,92413.64800790256,498301
2020-05-05,92413.64800790256,98103.64037934822,92413.64800790256,97108.5700284671,415815
2020-05-06,97108.5700284671,102870.57577098013,97108.5700284671,101572.77612141221,464146
2020-05-07,101572.77612141221,106572.70450366178,101572.77612141221,104998.94793853171,466079
2020-05-08,104998.94793853171,104998.94793853171,102715.34037994822,104063.00621779585,497850
2020-05-11,104063.00621779585,106812.61889050859,104063.00621779585,105505.27788876751,407508
2020-05-12,105505.27788876751,105505.27788876751,104014.89345916707,104693.04075440335,386948
2020-05-13,104693.04075440335,106768.17596055477,104693.04075440335,106487.88950368669,519715
2020-05-14,106487.88950368669,106487.88950368669,102564.26950408598,102818.34489019986,534601
2020-05-15,102818.34489019986,102818.34489019986,98425.85896611492,99805.65586956877,565250
2020-05-18,99805.65586956877,102217.24591604449,99805.65586956877,102143.0097812279,491751
2020-05-19,102143.0097812279,103170.6698287184,102143.0097812279,103063.33707925667,323816
2020-05-20,103063.33707925667,103063.33707925667,99394.72756179947,100884.5669127339,450610
2020-05-21,100884.5669127339,104091.4885280453,100884.5669127339,103909.82449046429,569078
2020-05-22,103909.82449046429,104788.53875075885,102640.92740955994,103562.18565810795,446197
2020-05-25,103562.18565810795,103562.18565810795,99120.64051160471,99980.51671958197,422037
2020-05-26,99980.51671958197,100972.161981853,99980.51671958197,100162.84255207882,492598
2020-05-27,100162.84255207882,100242.73711389044,99625.18886615662,99989.32219291013,453289
2020-05-28,99989.32219291013,99989.32219291013,96715.21436904682,97676.6697387729,506490
2020-05-29,97676.6697387729,100173.48046585194,97676.6697387729,99748.18145573435,508997
2020-06-01,99748.18145573435,99748.18145573435,94840.16813273475,95045.20974633447,552821
2020-06-02,95045.20974633447,95045.20974633447,91636.64784934942,92348.52491870023,615025
2020-06-03,92348.52491870023,92348.52491870023,89306.07752869828,90555.20743550383,508880
2020-06-04,90555.20743550383,90555.20743550383,83722.64314199644,84067.1876326535,510197
2020-06-05,84067.1876326535,84561.06151846488,84059.05938532353,84180.76704070714,449690
2020-06-08,84180.76704070714,86584.36711348266,84180.76704070714,86281.38473745939,425568
2020-06-09,86281.38473745939,88820.04170832397,86281.38473745939,88473.67337481205,484402
2020-06-10,88473.67337481205,88473.67337481205,86820.43666027898,86884.93007666472,470812
2020-06-11,86884.93007666472,88352.09504543645,86884.93007666472,87052.8528370838,437414
2020-06-12,87052.8528370838,87529.92111563374,85211.0206849637,86307.64878598556,417490
2020-06-15,86307.64878598556,91782.33031020577,86307.64878598556,90941.15193755688,530543
2020-06-16,90941.15193755688,90941.15193755688,86088.52300535265,86740.93043364378,453030
2020-06-17,86740.93043364378,89616.25298098392,86740.93043364378,88821.49293150312,354239
2020-06-18,88821.49293150312,88821.49293150312,87387.47421549259,87470.88949810839,457071
2020-06-19,87470.88949810839,87470.88949810839,85241.57108466743,85600.66367104421,426361
2020-06-22,85600.66367104421,86451.70483275346,84126.65281534073,85332.24682444615,482510
2020-06-23,85332.24682444615,85961.32478385033,84448.487617579,85262.63738942242,438027
2020-06-24,85262.63738942242,87540.46912519251,85262.63738942242,87261.16608306041,470628
2020-06-25,87261.16608306041,90798.12601405589,87261.16608306041,89836.49058488569,635681
2020-06-26,89836.49058488569,89836.49058488569,86565.25706747982,86752.94358468993,292017
2020-06-29,86752.94358468993,90965.74176570782,86752.94358468993,89714.36116823426,469913
2020-06-30,89714.36116823426,91957.00091922269,89714.36116823426,91754.78263737922,655966
2020-07-01,91754.78263737922,96144.51234548981,91754.78263737922,95108.44585476675,495792
2020-07-02,95108.44585476675,99014.38319563451,95108.44585476675,98556.68291378966,343705
2020-07-03,98556.68291378966,101489.84836572906,98556.68291378966,100365.87957758449,444750
2020-07-06,100365.87957758449,101426.26669102855,99053.994735466,100191.51399077826,372729
2020-07-07,100191.51399077826,100191.51399077826,97105.5550347566,98550.18410478765,606141
2020-07-08,98550.18410478765,101971.39276318143,98550.18410478765,100693.86208257548,522350
2020-07-09,100693.86208257548,102726.48166396728,100693.86208257548,102373.86599587987,470391
2020-07-10,102373.86599587987,102394.47102121558,101839.30031330753,102183.95151206931,451807
2020-07-13,102183.95151206931,104769.09307956729,102183.95151206931,103283.16024426547,518567
2020-07-14,103283.16024426547,105148.78025465395,103159.06008660291,104676.29791444374,481199
2020-07-15,104676.29791444374,104676.29791444374,100368.5294887923,100805.11680348082,564273
2020-07-16,100805.11680348082,103539.09555757426,100805.11680348082,103277.01491816629,497345
2020-07-17,103277.01491816629,108009.38693239204,103277.01491816629,106928.47875079195,440778
2020-07-20,106928.47875079195,110248.7440695569,106928.47875079195,108652.25351495536,467067
2020-07-21,108652.25351495536,112534.98695821373,108652.25351495536,110934.02824908993,441486
2020-07-22,110934.02824908993,111252.62046829205,108793.13925269627,110440.3886808467,388831
2020-07-23,110440.3886808467,110440.3886808467,108361.93921419176,109178.43160871774,386830
2020-07-24,109178.43160871774,109178.43160871774,105415.25288406144,105729.90376111907,478655
2020-07-27,105729.90376111907,110320.59270903455,105729.90376111907,109695.21309961048,525775
2020-07-28,109695.21309961048,112661.41318743573,109695.21309961048,111891.3847991093,328426
2020-07-29,111891.3847991093,121908.21201467574,111891.3847991093,120198.52165767954,590764
2020-07-30,120198.52165767954,120814.63339347304,119748.9971207134,120297.84564141839,580926
2020-07-31,120297.84564141839,120297.84564141839,119005.87779142657,119609.72529878997,380687
2020-08-03,119609.72529878997,119609.72529878997,117777.80785503866,117938.20282275906,276842
2020-08-04,117938.20282275906,121573.46057663418,117938.20282275906,121148.58328871173,584887
2020-08-05,121148.58328871173,122345.56465620353,120001.94289939302,121160.61894319799,626232
2020-08-06,121160.61894319799,125793.57068350537,121160.61894319799,124823.09069129119,558244
2020-08-07,124823.09069129119,126561.7181254615,124446.95548365163,125085.41304400482,438423
2020-08-10,125085.41304400482,125085.41304400482,122251.08567842077,123213.00547211825,344594
2020-08-11,123213.00547211825,123213.00547211825,118306.82783770491,118851.18993920824,542071
2020-08-12,118851.18993920824,122728.19983595278,118851.18993920824,121373.82179980272,685370
2020-08-13,121373.82179980272,124995.5086335374,121373.82179980272,123723.84953420334,434929
2020-08-14,123723.84953420334,126891.30509038834,123723.84953420334,126564.81486518991,588807
2020-08-17,126564.81486518991,127168.9501672979,126104.76890178394,126661.4501943745,396192
2020-08-18,126661.4501943745,135766.44636588712,126661.4501943745,134791.17555085215,457642
2020-08-19,134791.17555085215,138658.82864898854,134791.17555085215,138510.364578662,518051
2020-08-20,138510.364578662,138651.5946148816,138002.07802779676,138449.36190036422,513710
2020-08-21,138449.36190036422,149305.84198691393,138449.36190036422,147591.49763060486,526498
2020-08-24,147591.49763060486,150212.75322692172,147591.49763060486,149006.7661778786,493709
2020-08-25,149006.7661778786,149006.7661778786,142520.56234542315,143579.82024688667,332188
2020-08-26,143579.82024688667,151866.41984248772,143579.82024688667,150119.53301910564,502584
2020-08-27,150119.53301910564,150119.53301910564,147027.0967765452,148039.43936557008,355972
2020-08-28,148039.43936557008,148039.43936557008,144694.3777661479,145786.39355017355,583873
2020-08-31,145786.39355017355,147460.8212963304,144981.1035184511,145310.24880629824,377359
2020-09-01,145310.24880629824,145310.24880629824,140384.4754955305,142043.00205764876,530670
2020-09-02,142043.00205764876,146268.39501427248,142043.00205764876,144491.3630015366,563134
2020-09-03,144491.3630015366,150000.26800936283,144491.3630015366,148866.08561621487,466375
2020-09-04,148866.08561621487,148866.08561621487,146061.37251172628,146321.8094246949,520252
2020-09-07,146321.8094246949,146321.8094246949,143113.63652464832,143648.7774847715,390518
2020-09-08,143648.7774847715,145328.3089128807,142606.08891338043,144027.8358194027,554829
2020-09-09,144027.8358194027,150754.47608155585,144027.8358194027,150142.8334892079,610590
2020-09-10,150142.8334892079,151988.6825344112,149967.16508353731,150662.0963166476,334843
2020-09-11,150662.0963166476,150662.0963166476,136575.03934859592,137913.27147414285,460066
2020-09-14,137913.27147414285,137913.27147414285,133867.23287496075,135638.06704078123,504851
2020-09-15,135638.06704078123,138638.2331527999,135638.06704078123,138243.25926882704,595380
2020-09-16,138243.25926882704,143284.94529290497,138243.25926882704,141880.94307823826,484360
2020-09-17,141880.94307823826,141880.94307823826,138473.02186301048,139700.79679574224,383646
2020-09-18,139700.79679574224,141819.83263165771,139574.4378035071,141272.3481670319,445353
2020-09-21,141272.3481670319,146004.7562339592,141272.3481670319,144006.3444526586,512046
2020-09-22,144006.3444526586,144006.3444526586,138995.25128833033,141101.88692273642,694410
2020-09-23,141101.88692273642,141101.88692273642,133126.01317919567,134835.70521353878,501880
2020-09-24,134835.70521353878,138517.89218108423,134835.70521353878,136828.4918445807,574545
2020-09-25,136828.4918445807,136828.4918445807,134861.78071578313,134928.27919615066,452420
2020-09-28,134928.27919615066,134928.27919615066,131512.48149778042,132338.355996589,564010
2020-09-29,132338.355996589,132338.355996589,127358.498284078,127974.21972698146,404577
2020-09-30,127974.21972698146,127974.21972698146,123579.57565745973,125435.49035471218,523368
2020-10-01,125435.49035471218,125435.49035471218,122212.15047367025,122346.15817211595,475142
2020-10-02,122346.15817211595,122346.15817211595,119659.2657846602,120754.77369681228,462127
2020-10-05,120754.77369681228,126787.5632733544,120754.77369681228,125401.41858486163,499202
2020-10-06,125401.41858486163,125426.36863196686,123593.1537972407,125073.08530421449,358522
2020-10-07,125073.08530421449,130757.92001332143,125073.08530421449,128980.42172577612,558941
2020-10-08,128980.42172577612,134041.76157650174,128980.42172577612,132887.5838791231,513343
2020-10-09,132887.5838791231,132887.5838791231,121672.836977899,122052.70388384114,653516
2020-10-12,122052.70388384114,124892.29035617472,122052.70388384114,124796.13518167604,554843
2020-10-13,124796.13518167604,126053.76748251847,123533.43564520699,125310.24010808431,320392
2020-10-14,125310.24010808431,127075.57825716319,124224.10667282889,125507.39421781806,448193
2020-10-15,125507.39421781806,126418.44004972753,124578.91789014707,126163.31727464753,447916
2020-10-16,126163.31727464753,129694.12668178468,126163.31727464753,128968.02940049951,544946
2020-10-19,128968.02940049951,128968.02940049951,127652.41361199487,127831.33397498335,475486
2020-10-20,127831.33397498335,127831.33397498335,123889.35413091279,124913.68687338247,641659
2020-10-21,124913.68687338247,125875.39441317007,124558.06658985611,125137.56770626645,505355
2020-10-22,125137.56770626645,130148.25917044545,125137.56770626645,129359.62256297164,527721
2020-10-23,129359.62256297164,133784.98181281102,129359.62256297164,132339.48268594456,559760
2020-10-26,132339.48268594456,135922.6071887221,132339.48268594456,134235.73601487253,599107
2020-10-27,134235.73601487253,136977.44988730495,134235.73601487253,136532.03890464827,570037
2020-10-28,136532.03890464827,137486.4278661383,134197.92858333752,136212.40727444662,327737
2020-10-29,136212.40727444662,136212.40727444662,131904.96944880477,133274.45223630389,469148
2020-10-30,133274.45223630389,133853.77588619402,133064.4017118268,133562.01768592256,560585
2020-11-02,133562.01768592256,135505.01076457664,132008.3606532165,133593.18932403822,427205
2020-11-03,133593.18932403822,133593.18932403822,131308.7920731215,132649.05009328143,515571
2020-11-04,132649.05009328143,134314.4315324291,132649.05009328143,133747.90355308208,418895
2020-11-05,133747.90355308208,136740.49369101433,133747.90355308208,134724.19866838085,516066
2020-11-06,134724.19866838085,135322.6589263512,134195.6554605535,135195.61502576998,389262
2020-11-09,135195.61502576998,135219.57818549802,134142.24189839026,134551.9653108377,517334
2020-11-10,134551.9653108377,134551.9653108377,132128.5997623287,133222.27205784,398483
2020-11-11,133222.27205784,139786.03459497026,133222.27205784,138659.35206945657,577305
2020-11-12,138659.35206945657,138659.35206945657,134604.62948396974,135611.1282002238,577790
2020-11-13,135611.1282002238,136101.48849058044,134512.53112757453,136082.4470197835,529248
2020-11-16,136082.4470197835,136082.4470197835,128578.96692289146,130526.15539591445,415365
2020-11-17,130526.15539591445,133005.01810454726,130526.15539591445,131525.39609547958,500436
2020-11-18,131525.39609547958,131525.39609547958,127970.62598930071,128325.55976256994,506111
2020-11-19,128325.55976256994,128325.55976256994,125411.6303314445,126201.78362513294,429822
2020-11-20,126201.78362513294,126201.78362513294,122466.079421491,123831.60827365497,449262
2020-11-23,123831.60827365497,125216.12468781226,122972.38619943787,124686.36770749092,627899
2020-11-24,124686.36770749092,124686.36770749092,121208.13674686731,121375.50890550442,447288
2020-11-25,121375.50890550442,121375.50890550442,119193.5463027506,119976.97029987769,575040
2020-11-26,119976.97029987769,128677.54935964876,119976.97029987769,128133.52416988999,634525
2020-11-27,128133.52416988999,128133.52416988999,123931.66976884217,125279.77537844905,466218
2020-11-30,125279.77537844905,129001.72758802994,125279.77537844905,127928.15081563544,589384
2020-12-01,127928.15081563544,132471.4295052568,127928.15081563544,130874.94585766227,737724
2020-12-02,130874.94585766227,130874.94585766227,126125.31288619264,127948.45676427447,439781
2020-12-03,127948.45676427447,128957.35008381285,127422.36445398319,128163.46931586081,403590
2020-12-04,128163.46931586081,128163.46931586081,123433.96421722323,124575.39952380104,432036
2020-12-07,124575.39952380104,127260.0720704089,124575.39952380104,127024.5207932764,486163
2020-12-08,127024.5207932764,131140.04786698462,127024.5207932764,130165.91987712702,568771
2020-12-09,130165.91987712702,130165.91987712702,122577.71977188613,122578.46794672908,452605
2020-12-10,122578.46794672908,123714.30517290346,122027.51569203241,122648.26184944608,580188
2020-12-11,122648.26184944608,122648.26184944608,120140.73471537798,121968.86749250193,504021
2020-12-14,121968.86749250193,124957.78291805864,121968.86749250193,123368.280162954,309202
2020-12-15,123368.280162954,130450.66598315342,123368.280162954,128789.65265090992,586877
2020-12-16,128789.65265090992,132741.11704094987,128789.65265090992,132094.66254346826,528830
2020-12-17,132094.66254346826,135737.37272162843,132094.66254346826,134599.20229015144,519344
2020-12-18,134599.20229015144,134599.20229015144,128249.75424440569,128942.45161644017,548226
2020-12-21,128942.45161644017,128942.45161644017,125897.39055573841,126534.36373952322,460232
2020-12-22,126534.36373952322,128154.45249131604,126534.36373952322,127568.0566110323,488713
2020-12-23,127568.0566110323,134445.76040448702,127568.0566110323,132917.5429002186,472324
2020-12-24,132917.5429002186,136092.32119996476,132917.5429002186,135725.49522330848,576262
2020-12-25,135725.49522330848,135725.49522330848,128132.77553780038,130023.1766436873,494612
2020-12-28,130023.1766436873,131284.98046640246,128447.19982842712,129931.48643189932,519642
2020-12-29,129931.48643189932,130548.88928535828,129709.82169109362,130016.155725149,398771
2020-12-30,130016.155725149,130016.155725149,128251.13606860717,129478.73318019965,385100
2020-12-31,129478.73318019965,133408.77864967796,129478.73318019965,132393.48991647604,411445
2021-01-01,132393.48991647604,132792.5777497222,131365.86893942926,131707.7637862345,612681
2021-01-04,131707.7637862345,131707.7637862345,127563.18701040707,129040.22370080075,295814
2021-01-05,129040.22370080075,131737.4603005228,128425.54372342024,130108.53507135848,580798
2021-01-06,130108.53507135848,130108.53507135848,125601.10507306032,126645.96209654621,515854
2021-01-07,126645.96209654621,126645.96209654621,121429.6300220812,122162.89385300019,543023
2021-01-08,122162.89385300019,122162.89385300019,121106.21259573469,121439.85752194938,470109
2021-01-11,121439.85752194938,122475.93974122875,119604.4051299877,120911.89788096002,498276
2021-01-12,120911.89788096002,120911.89788096002,116679.1594166117,116821.02267978353,589905
2021-01-13,116821.02267978353,117161.99874949007,115086.15215858696,116463.93488618349,513580
2021-01-14,116463.93488618349,119552.854719136,116463.93488618349,118573.6747589841,565380
2021-01-15,118573.6747589841,118573.6747589841,113806.48549950894,114104.07682835068,522432
2021-01-18,114104.07682835068,114104.07682835068,107619.71403380188,108753.51210914699,489501
2021-01-19,108753.51210914699,112405.18407374786,108753.51210914699,111209.71760143335,373738
2021-01-20,111209.71760143335,111209.71760143335,109358.14601005141,109785.19043763915,349172
2021-01-21,109785.19043763915,111193.86540197644,109785.19043763915,110927.87382923167,531583
2021-01-22,110927.87382923167,110927.87382923167,108169.57082772176,109444.48007078799,421043
2021-01-25,109444.48007078799,114319.0134522673,109444.48007078799,112745.72410771159,593047
2021-01-26,112745.72410771159,112745.72410771159,107085.82818635525,107892.1356698252,460043
2021-01-27,107892.1356698252,107892.1356698252,105748.48542417288,106989.27078353855,537807
2021-01-28,106989.27078353855,109759.3705042173,106989.27078353855,109378.81834505337,494280
2021-01-29,109378.81834505337,109378.81834505337,106043.59410325516,106823.73590123815,494555
2021-02-01,106823.73590123815,112452.56403206338,106823.73590123815,110975.44652885095,289589
2021-02-02,110975.44652885095,112792.68007266421,110787.44263224355,112040.40453368243,552272
2021-02-03,112040.40453368243,113096.36773822436,112040.40453368243,113069.71621683243,541120
2021-02-04,113069.71621683243,115787.82544070341,113069.71621683243,115348.3336470738,492821
2021-02-05,115348.3336470738,118129.27129267801,115348.3336470738,117677.66429836747,534427
2021-02-08,117677.66429836747,117677.66429836747,112179.60086187383,112885.24452523432,627419
2021-02-09,112885.24452523432,114424.50825492741,112885.24452523432,113795.14852454672,459256
2021-02-10,113795.14852454672,114783.17074460373,113095.7245005204,114221.09914309248,529130
2021-02-11,114221.09914309248,122519.49097824523,114221.09914309248,121314.00566250274,419681
2021-02-12,121314.00566250274,123216.80586669508,121231.0242485169,122211.2709196566,528957
2021-02-15,122211.2709196566,122211.2709196566,116755.83348204188,118451.53850394797,559578
2021-02-16,118451.53850394797,120104.85035152792,118451.53850394797,119804.17493814747,555064
2021-02-17,119804.17493814747,124476.03332269037,119804.17493814747,122727.65542503477,458868
2021-02-18,122727.65542503477,128874.42884404329,122727.65542503477,128836.47210584038,434714
2021-02-19,128836.47210584038,128836.47210584038,126280.3195040904,127154.06718855034,505843
2021-02-22,127154.06718855034,130874.69620638055,127154.06718855034,129516.22923909787,492195
2021-02-23,129516.22923909787,129516.22923909787,125930.39590135368,126831.41986716438,689475
2021-02-24,126831.41986716438,129960.24783070643,126648.21356878056,128493.5854257164,595726
2021-02-25,128493.5854257164,132890.26074963948,128493.5854257164,131858.82351559532,646660
2021-02-26,131858.82351559532,131858.82351559532,126441.42547061366,128173.74888898224,524841
2021-03-01,128173.74888898224,128173.74888898224,124036.9586219997,125229.94247729097,414718
2021-03-02,125229.94247729097,125229.94247729097,116491.13419985623,117412.72324757194,547150
2021-03-03,117412.72324757194,122786.63120860713,117412.72324757194,121160.7429991447,520589
2021-03-04,121160.7429991447,121160.7429991447,118188.1215861195,118657.33849863666,447192
2021-03-05,118657.33849863666,122005.98452691328,118657.33849863666,121369.6325474997,558865
2021-03-08,121369.6325474997,126280.42058055119,121369.6325474997,126158.636801073,469899
2021-03-09,126158.636801073,126158.636801073,121095.38985043467,122675.82490994471,581914
2021-03-10,122675.82490994471,122675.82490994471,118385.22293602761,119293.40684142616,401049
2021-03-11,119293.40684142616,121414.51892271156,119293.40684142616,121106.69819391413,549718
2021-03-12,121106.69819391413,121106.69819391413,118768.2763628893,120503.1283234259,647230
2021-03-15,120503.1283234259,122496.04460081241,120063.04452873074,121862.84922099471,485348
2021-03-16,121862.84922099471,121862.84922099471,115198.28696057855,116278.35967251594,540715
2021-03-17,116278.35967251594,128005.55746545774,116278.35967251594,126465.67231445407,576319
2021-03-18,126465.67231445407,127122.68059269234,126465.67231445407,126966.45606163629,664901
2021-03-19,126966.45606163629,127416.14970225169,124805.64637609685,125985.24876001716,399501
2021-03-22,125985.24876001716,127299.04803731065,125985.24876001716,126670.69519830288,617540
2021-03-23,126670.69519830288,126670.69519830288,117984.08942631318,119020.19963636255,456157
2021-03-24,119020.19963636255,119020.19963636255,110626.97968995824,111756.31398462027,524255
2021-03-25,111756.31398462027,113659.51096249095,111486.5561108203,112180.2412545463,639029
2021-03-26,112180.2412545463,113680.53415040542,111494.01758776013,112318.08257505162,584487
2021-03-29,112318.08257505162,112318.08257505162,109949.85254829047,110988.0349892298,458831
2021-03-30,110988.0349892298,110988.0349892298,106353.6563798226,107010.06198600023,461554
2021-03-31,107010.06198600023,107010.06198600023,104051.63469058188,104592.63840955094,538789
2021-04-01,104592.63840955094,104592.63840955094,102166.0930086859,103442.19561682157,535401
2021-04-02,103442.19561682157,106191.80315564582,103442.19561682157,105901.34793412991,520849
2021-04-05,105901.34793412991,105901.34793412991,102484.82085750964,103147.72790802243,540877
2021-04-06,103147.72790802243,109566.36336900723,103147.72790802243,108674.58015535041,546573
2021-04-07,108674.58015535041,110011.30561143062,108269.47511969885,108714.08277313576,462100
2021-04-08,108714.08277313576,109472.75728767626,108570.75910190238,108602.59552201307,485196
2021-04-09,108602.59552201307,108801.93355525269,107591.66629377588,107881.5782839157,464149
2021-04-12,107881.5782839157,107881.5782839157,104563.3406020804,105163.942408305,315162
2021-04-13,105163.942408305,106022.9367714104,104090.0297443544,105434.88420234238,639634
2021-04-14,105434.88420234238,105434.88420234238,102362.37373898725,103671.98942095536,370491
2021-04-15,103671.98942095536,103671.98942095536,102826.1328644954,103284.00406955763,538811
2021-04-16,103284.00406955763,103284.00406955763,102850.80924018989,103060.24515194481,590244
2021-04-19,103060.24515194481,103060.24515194481,100904.69768674548,102210.0746900655,500377
2021-04-20,102210.0746900655,106078.960835505,102210.0746900655,105143.20244926953,399668
2021-04-21,105143.20244926953,105143.20244926953,103081.89351321277,103472.7030041904,429211
2021-04-22,103472.7030041904,104785.68762804667,103203.69699309736,103359.05629373707,402727
2021-04-23,103359.05629373707,103359.05629373707,100561.998757943,100961.30408874749,588455
2021-04-26,100961.30408874749,104425.08503304605,100961.30408874749,103022.64654946138,478469
2021-04-27,103022.64654946138,103022.64654946138,98212.07802751276,98658.48400719404,486042
2021-04-28,98658.48400719404,98658.48400719404,97583.21505476028,98084.6600423895,582500
2021-04-29,98084.6600423895,101109.60762811593,98084.6600423895,99886.16379244378,465676
2021-04-30,99886.16379244378,99886.16379244378,97166.17650351419,98470.15287011016,492586
2021-05-03,98470.15287011016,101790.13401975675,98470.15287011016,101573.22227507859,427940
2021-05-04,101573.22227507859,101573.22227507859,93703.0901710124,95088.23383789994,544562
2021-05-05,95088.23383789994,96801.50563445887,95088.23383789994,96157.23137592826,291429
2021-05-06,96157.23137592826,96157.23137592826,93333.87443610566,93943.6009679657,533198
2021-05-07,93943.6009679657,95312.47394122196,93943.6009679657,94327.40210825218,483055
2021-05-10,94327.40210825218,94327.40210825218,91649.77735394069,91915.70774212189,585430
2021-05-11,91915.70774212189,94014.33550812457,91915.70774212189,93392.1128013982,531131
2021-05-12,93392.1128013982,94640.61444982704,93219.00737410647,94087.56194268251,384207
2021-05-13,94087.56194268251,95104.82580657036,94087.56194268251,94424.77591829147,515062
2021-05-14,94424.77591829147,96482.1328306415,94424.77591829147,96152.39797833734,531378
2021-05-17,96152.39797833734,96152.39797833734,94776.66795855547,95089.55377731127,573957
2021-05-18,95089.55377731127,95089.55377731127,91813.12004727744,93103.1610136368,394082
2021-05-19,93103.1610136368,93103.1610136368,91895.52606399993,92511.8445093959,675775
2021-05-20,92511.8445093959,92511.8445093959,90440.65343653456,90663.67292937201,513698
2021-05-21,90663.67292937201,90693.88544196692,89317.04129327006,89564.13239156557,633878
2021-05-24,89564.13239156557,95275.60435049275,89564.13239156557,94365.56121635939,374526
2021-05-25,94365.56121635939,95318.98946725353,94341.64632612233,94871.51331778975,506205
2021-05-26,94871.51331778975,100749.96755266855,94871.51331778975,99622.60630930371,411194
2021-05-27,99622.60630930371,102467.93719734604,99622.60630930371,102434.80646866493,528768
2021-05-28,102434.80646866493,102434.80646866493,99792.92700604227,101104.5133241349,480424
2021-05-31,101104.5133241349,101848.93838829643,100960.7316649705,101171.77531740979,521253
2021-06-01,101171.77531740979,103296.56994206508,101171.77531740979,103259.04582518422,502580
2021-06-02,103259.04582518422,109343.0972065792,103259.04582518422,107979.16341746593,465200
2021-06-03,107979.16341746593,111036.67135662748,107979.16341746593,110144.61043617813,534702
2021-06-04,110144.61043617813,110144.61043617813,106659.40870353056,106900.29054264072,560383
2021-06-07,106900.29054264072,112897.9892798509,106900.29054264072,111853.26787903917,466887
2021-06-08,111853.26787903917,116850.4474402825,111853.26787903917,115522.01960770211,610651
2021-06-09,115522.01960770211,115522.01960770211,112560.67060514618,114060.78561326124,498534
2021-06-10,114060.78561326124,114060.78561326124,110088.76152214252,111733.09187760657,523607
2021-06-11,111733.09187760657,115269.22158274976,111733.09187760657,115038.22471243248,407762
2021-06-14,115038.22471243248,115038.22471243248,111654.5643725657,112983.79155256621,505071
2021-06-15,112983.79155256621,115815.96247250607,112983.79155256621,115782.04329482788,478873
2021-06-16,115782.04329482788,115923.20218955248,113348.84163357702,114406.13623329905,591581
2021-06-17,114406.13623329905,114406.13623329905,104701.85618168004,106063.13913044115,494384
2021-06-18,106063.13913044115,106454.55206373241,105593.29057840549,106166.81290097222,614790
2021-06-21,106166.81290097222,106515.23116731935,105515.08846610831,106266.36023917982,495361
2021-06-22,106266.36023917982,106266.36023917982,101692.1510649031,102220.2162352463,459511
2021-06-23,102220.2162352463,103116.96353965606,101562.2159074648,102363.13723158673,336735
2021-06-24,102363.13723158673,102363.13723158673,99788.6500901335,99800.01639951872,556139
2021-06-25,99800.01639951872,99800.01639951872,95843.08013844142,96785.84030646372,429947
2021-06-28,96785.84030646372,99623.85492373328,96785.84030646372,99497.74766298855,556297
2021-06-29,99497.74766298855,99991.33690281746,99497.74766298855,99665.63517716866,453541
2021-06-30,99665.63517716866,99819.84608294407,98001.89931473638,98791.19491338886,522686
2021-07-01,98791.19491338886,100071.95083393516,97250.64334823449,98723.3316484742,545161
2021-07-02,98723.3316484742,100600.33007157753,98255.89320218499,99489.75222127211,512878
2021-07-05,99489.75222127211,102349.65877764515,99489.75222127211,101517.8956766121,409643
2021-07-06,101517.8956766121,103534.59341319138,101517.8956766121,103127.42985325716,460047
2021-07-07,103127.42985325716,107069.09025663896,103127.42985325716,105625.99328549617,434278
2021-07-08,105625.99328549617,109188.96467291692,105625.99328549617,109020.43414222584,477358
2021-07-09,109020.43414222584,114098.43740956324,109020.43414222584,112735.02260201972,504428
2021-07-12,112735.02260201972,112735.02260201972,109701.22478072392,110779.26734955591,485426
2021-07-13,110779.26734955591,110779.26734955591,108470.60404976855,109020.2344272737,491743
2021-07-14,109020.2344272737,109556.69911004472,107991.6533035306,108238.24472751521,497851
2021-07-15,108238.24472751521,108238.24472751521,105209.548577226,105631.36319310729,603699
2021-07-16,105631.36319310729,105631.36319310729,103386.27887688816,104226.91684019077,623705
2021-07-19,104226.91684019077,104226.91684019077,103206.8425095138,103540.46385364687,592978
2021-07-20,103540.46385364687,105436.18411552567,103540.46385364687,103888.24818883455,460024
2021-07-21,103888.24818883455,110673.61941967435,103888.24818883455,109601.0146320435,504689
2021-07-22,109601.0146320435,113690.21300073783,109601.0146320435,113089.53825572759,516594
2021-07-23,113089.53825572759,115679.56912559255,113089.53825572759,115087.12710934624,446901
2021-07-26,115087.12710934624,115192.75053863895,112455.17519830543,113990.24407196134,552384
2021-07-27,113990.24407196134,113990.24407196134,107887.82270030306,109486.437817182,393985
2021-07-28,109486.437817182,109486.437817182,108100.17216924604,108508.22630912792,428499
2021-07-29,108508.22630912792,111083.72961463686,108508.22630912792,110112.95161966374,535943
2021-07-30,110112.95161966374,110112.95161966374,105464.17588899082,107016.64741137397,481659
2021-08-02,107016.64741137397,107016.64741137397,105269.35117688883,105481.50212473675,561774
2021-08-03,105481.50212473675,108170.07816546486,105481.50212473675,107685.53003512345,433739
2021-08-04,107685.53003512345,107685.53003512345,105212.05733789907,105885.8858274092,487014
2021-08-05,105885.8858274092,109877.62841803436,105885.8858274092,109496.68759805431,523627
2021-08-06,109496.68759805431,111738.69298445068,109496.68759805431,111311.73005055498,444907
2021-08-09,111311.73005055498,111311.73005055498,107663.44412979136,109267.12663392695,683327
2021-08-10,109267.12663392695,113229.86298856094,109267.12663392695,111898.4334600434,474283
2021-08-11,111898.4334600434,111898.4334600434,107236.50788704662,108728.7813663144,564923
2021-08-12,108728.7813663144,109826.62894404528,108308.85444217434,108921.81607418173,417945
2021-08-13,108921.81607418173,110923.44882062433,107885.66916280665,109506.81524148016,554445
2021-08-16,109506.81524148016,112714.23991246222,109506.81524148016,111627.63001235494,510575
2021-08-17,111627.63001235494,111627.63001235494,110089.27600132646,110280.40535207033,289582
2021-08-18,110280.40535207033,116041.98805875119,110280.40535207033,115207.27834074158,428590
2021-08-19,115207.27834074158,115207.27834074158,108595.50873878773,108681.93167130904,604214
2021-08-20,108681.93167130904,108681.93167130904,107055.12014728508,107701.31830959783,405613
2021-08-23,107701.31830959783,109173.33769494547,107343.56552592081,107607.21326400693,472528
2021-08-24,107607.21326400693,111820.75738641681,107607.21326400693,110750.7673791215,542508
2021-08-25,110750.7673791215,113075.37340118356,110750.7673791215,112928.60283498545,503868
2021-08-26,112928.60283498545,112928.60283498545,108890.87814232898,109589.81243053447,606880
2021-08-27,109589.81243053447,109589.81243053447,107288.56013666964,108521.06914101572,386927
2021-08-30,108521.06914101572,108521.06914101572,106790.64466845349,107500.3363075086,501175
2021-08-31,107500.3363075086,107975.82883792437,106338.90690032675,107206.70435577047,405891
2021-09-01,107206.70435577047,107206.70435577047,103150.15924642648,103723.1666338822,510680
2021-09-02,103723.1666338822,103723.1666338822,101075.94017797732,102456.74342437283,491319
2021-09-03,102456.74342437283,102456.74342437283,99890.74021929079,101337.19800966998,591601
2021-09-06,101337.19800966998,102315.39457580954,101337.19800966998,102017.28720263974,583935
2021-09-07,102017.28720263974,102017.28720263974,99926.04281594121,100743.5988289565,371922
2021-09-08,100743.5988289565,100743.5988289565,99268.00759934739,99951.72019996255,502582
2021-09-09,99951.72019996255,99951.72019996255,95488.62659979306,96813.90948025801,403948
2021-09-10,96813.90948025801,96813.90948025801,95451.61685436628,96584.38688662405,468675
2021-09-13,96584.38688662405,100552.67871433734,96584.38688662405,100218.51222129895,598314
2021-09-14,100218.51222129895,100218.51222129895,97549.49459476772,98531.59066295372,567938
2021-09-15,98531.59066295372,103466.4752061547,98531.59066295372,102718.23597645445,521782
2021-09-16,102718.23597645445,102718.23597645445,97108.25652987632,98575.26229157105,475782
2021-09-17,98575.26229157105,99357.33722722682,97944.65527469628,98915.02129116091,404178
2021-09-20,98915.02129116091,104808.07261548315,98915.02129116091,104475.23837180264,452120
2021-09-21,104475.23837180264,104475.23837180264,102733.86941237353,103394.62549299112,480221
2021-09-22,103394.62549299112,103666.31020134987,101437.27765330988,102485.29293127154,304853
2021-09-23,102485.29293127154,105778.84884542433,102485.29293127154,104888.83678254028,587886
2021-09-24,104888.83678254028,106848.00919270374,104888.83678254028,106291.23219111624,537017
2021-09-27,106291.23219111624,106494.3506879708,104729.33441037688,106078.33015502823,455607
2021-09-28,106078.33015502823,108500.61264000558,106078.33015502823,107882.13800834853,419120
2021-09-29,107882.13800834853,107882.13800834853,107018.13240865161,107353.44096564512,544080
2021-09-30,107353.44096564512,107353.44096564512,102196.54189785766,102931.46559670955,450641
2021-10-01,102931.46559670955,107588.82589664774,102931.46559670955,106645.1074274875,491977
2021-10-04,106645.1074274875,108294.19435973477,106645.1074274875,106828.95277911368,377287
2021-10-05,106828.95277911368,108854.15900652533,106828.95277911368,107841.37860041499,606878
2021-10-06,107841.37860041499,107841.37860041499,105436.92957908429,105994.06205546,708547
2021-10-07,105994.06205546,111653.14891031277,105994.06205546,110356.44097943764,603376
2021-10-08,110356.44097943764,113544.78606491724,110356.44097943764,111956.47548115873,568975
2021-10-11,111956.47548115873,113149.42431389439,111956.47548115873,112363.44551646538,453325
2021-10-12,112363.44551646538,116135.25235768531,112363.44551646538,115194.70101906154,599910
2021-10-13,115194.70101906154,115194.70101906154,110736.82375246639,111605.8639266627,554408
2021-10-14,111605.8639266627,119760.78623305283,111605.8639266627,118111.80433885046,478432
2021-10-15,118111.80433885046,121084.03667782762,118111.80433885046,120404.39958699717,589863
2021-10-18,120404.39958699717,120404.39958699717,115860.20685458503,116338.295736125,480979
2021-10-19,116338.295736125,116338.295736125,110451.73604558068,112059.0831196064,549620
2021-10-20,112059.0831196064,112059.0831196064,106416.15336943459,107245.52573339015,463106
2021-10-21,107245.52573339015,112503.77643772749,107245.52573339015,111828.13407524921,499896
2021-10-22,111828.13407524921,111828.13407524921,105733.66727507637,105906.82218077162,619080
2021-10-25,105906.82218077162,105906.82218077162,101961.16346843616,102196.94600951254,518889
2021-10-26,102196.94600951254,102196.94600951254,100472.54794451315,101285.82559708334,562035
2021-10-27,101285.82559708334,103389.44255826551,101285.82559708334,102416.00872999647,462488
2021-10-28,102416.00872999647,105631.46942597373,102416.00872999647,104571.11826203096,532120
2021-10-29,104571.11826203096,106822.8537118898,104571.11826203096,106025.82741168373,372523
2021-11-01,106025.82741168373,110110.02940182458,106025.82741168373,108819.19129011387,574684
2021-11-02,108819.19129011387,111596.97641821986,108819.19129011387,110831.20115929695,465262
2021-11-03,110831.20115929695,110831.20115929695,106274.05291716158,107374.96431987073,509278
2021-11-04,107374.96431987073,111020.97252623476,107374.96431987073,110526.35546491083,482038
2021-11-05,110526.35546491083,110526.35546491083,106113.97634364461,107472.6279396456,402923
2021-11-08,107472.6279396456,114267.68898566613,107472.6279396456,112818.05112751242,667928
2021-11-09,112818.05112751242,112818.05112751242,110390.84854053124,110966.16448960059,660444
2021-11-10,110966.16448960059,110966.16448960059,107574.10897381633,108738.78778877294,448701
2021-11-11,108738.78778877294,111107.29299014978,108738.78778877294,110655.63796367339,487768
2021-11-12,110655.63796367339,110655.63796367339,105799.52761713108,106632.99582578937,502244
2021-11-15,106632.99582578937,106632.99582578937,102600.88171976953,103023.68378551192,359229
2021-11-16,103023.68378551192,103023.68378551192,99211.45258425719,100710.24150313223,475365
2021-11-17,100710.24150313223,104953.37735322025,100710.24150313223,104582.44154105074,397093
2021-11-18,104582.44154105074,104582.44154105074,102281.33661225613,102295.84889995735,463364
2021-11-19,102295.84889995735,102605.91436561286,101285.77467937187,101994.26818454203,483985
2021-11-22,101994.26818454203,101994.26818454203,100071.30821785086,100443.12567268936,533801
2021-11-23,100443.12567268936,102317.70189292931,100340.25490919128,101508.40940184098,483667
2021-11-24,101508.40940184098,104890.11562817516,101508.40940184098,104461.93159924827,504395
2021-11-25,104461.93159924827,105895.69012775029,104461.93159924827,105877.03645365157,575921
2021-11-26,105877.03645365157,107885.32353019952,105877.03645365157,106975.85961231073,430660
2021-11-29,106975.85961231073,108907.1896750729,106975.85961231073,108546.48128142688,491752
2021-11-30,108546.48128142688,109778.56711706347,107621.1788780351,108729.84855540124,483270
2021-12-01,108729.84855540124,109279.51048078375,107700.98606262812,107844.2213421954,450000
2021-12-02,107844.2213421954,111481.1479639436,107844.2213421954,111197.30753554813,455688
2021-12-03,111197.30753554813,115179.71053227437,111197.30753554813,114201.7938196237,421937
2021-12-06,114201.7938196237,114201.7938196237,110022.4931604979,111683.0386589027,593854
2021-12-07,111683.0386589027,112351.90591464035,111148.94165317573,111672.59264579584,460873
2021-12-08,111672.59264579584,115849.86614298997,111672.59264579584,114932.43987705781,537945
2021-12-09,114932.43987705781,116670.7935081896,114932.43987705781,116360.17078794203,528458
2021-12-10,116360.17078794203,121965.8895615924,116360.17078794203,121870.66457598074,511086
2021-12-13,121870.66457598074,122797.66681961776,120032.26967850741,121709.68911608939,599695
2021-12-14,121709.68911608939,121709.68911608939,118191.21131902524,119409.67847505513,523371
2021-12-15,119409.67847505513,123424.79668868841,119409.67847505513,121974.65104953133,340303
2021-12-16,121974.65104953133,129581.05320810912,121974.65104953133,128353.2931011639,539682
2021-12-17,128353.2931011639,130667.553346601,128353.2931011639,130503.1832449913,373859
2021-12-20,130503.1832449913,131581.77944030368,128284.52923246284,130144.87293987478,479597
2021-12-21,130144.87293987478,134124.82736709868,130144.87293987478,134016.91416499112,584568
2021-12-22,134016.91416499112,137778.04537500953,134016.91416499112,135827.89757519562,573393
2021-12-23,135827.89757519562,140059.34743109366,135827.89757519562,139415.14601199594,615188
2021-12-24,139415.14601199594,139415.14601199594,132448.51722305838,133666.06372797908,377034
2021-12-27,133666.06372797908,133666.06372797908,130067.0433680801,131037.15126289557,379823
2021-12-28,131037.15126289557,131037.15126289557,128802.75805322529,130343.07687060494,597253
2021-12-29,130343.07687060494,130343.07687060494,122923.07076527286,123237.85584022499,521959
2021-12-30,123237.85584022499,123237.85584022499,117789.3300901117,119083.57087525075,461478
2021-12-31,119083.57087525075,124011.9836526092,119083.57087525075,123382.44238854363,324467
2022-01-03,123382.44238854363,123399.48692209023,121820.87127585585,122028.96859194063,614627
2022-01-04,122028.96859194063,122028.96859194063,119450.33231735125,119845.65895499806,419752
2022-01-05,119845.65895499806,122028.5401562168,119845.65895499806,120269.2843936777,450034
2022-01-06,120269.2843936777,125227.00698427937,120269.2843936777,124004.40270067145,381904
2022-01-07,124004.40270067145,127610.44715824054,124004.40270067145,126370.44964686595,556635
2022-01-10,126370.44964686595,127971.62984383028,126370.44964686595,127394.87371238152,386805
2022-01-11,127394.87371238152,128167.70022684956,126416.5389441452,126970.66213449837,504771
2022-01-12,126970.66213449837,128189.19053424307,126735.2017994489,126791.5412403456,592509
2022-01-13,126791.5412403456,126791.5412403456,120897.72953751433,120909.32154271353,451240
2022-01-14,120909.32154271353,120909.32154271353,117816.8320530691,118727.21791732543,490762
2022-01-17,118727.21791732543,118727.21791732543,112854.38615273002,113591.14206680442,496073
2022-01-18,113591.14206680442,114656.69629496626,113591.14206680442,114272.68942394543,547385
2022-01-19,114272.68942394543,115732.26344127311,113708.16125436986,115009.27580235436,541858
2022-01-20,115009.27580235436,120110.158662363,115009.27580235436,118891.32103487477,527566
2022-01-21,118891.32103487477,119678.69840470087,116913.55412509933,117965.71800306259,478077
2022-01-24,117965.71800306259,123019.0390119437,117965.71800306259,122332.69920259285,339503
2022-01-25,122332.69920259285,127927.3962398111,122332.69920259285,126861.97350888007,515731
2022-01-26,126861.97350888007,126861.97350888007,117778.76257378755,118398.35278949275,451669
2022-01-27,118398.35278949275,118398.35278949275,115547.07433136209,116260.21457261026,586663
2022-01-28,116260.21457261026,116260.21457261026,112708.03824777227,113267.20943632071,488064
2022-01-31,113267.20943632071,113748.28038181836,112017.3006483603,112781.0980056389,513303
2022-02-01,112781.0980056389,112781.0980056389,109813.64934504475,110057.34441011243,589069
2022-02-02,110057.34441011243,114178.68292460388,110057.34441011243,112627.19972637302,493699
2022-02-03,112627.19972637302,116837.13331823985,112627.19972637302,115342.05162977734,589135
2022-02-04,115342.05162977734,115342.05162977734,111743.93346487246,112573.86571218808,453401
2022-02-07,112573.86571218808,112573.86571218808,110914.74064128428,111216.1046465941,583569
2022-02-08,111216.1046465941,111216.1046465941,107506.48247390313,109011.60847585942,591121
2022-02-09,109011.60847585942,109011.60847585942,107157.34353457043,108051.47230749164,450358
2022-02-10,108051.47230749164,110575.27239297415,108051.47230749164,108967.34833705159,339324
2022-02-11,108967.34833705159,111393.42033579337,108967.34833705159,111368.9695445732,491250
2022-02-14,111368.9695445732,113779.581923768,111272.37968048238,112364.06228341084,444326
2022-02-15,112364.06228341084,112364.06228341084,109323.82194417037,110754.92342360802,682813
2022-02-16,110754.92342360802,111120.81930379679,110278.76441327026,110569.693742671,544996
2022-02-17,110569.693742671,110569.693742671,105846.90762541075,106195.49209023855,401451
2022-02-18,106195.49209023855,106624.49768121692,103983.61012245216,105129.97028904743,553316
2022-02-21,105129.97028904743,105129.97028904743,102796.06847984511,103412.8903737936,496359
2022-02-22,103412.8903737936,106303.19353170192,103412.8903737936,105913.67920588536,636334
2022-02-23,105913.67920588536,111050.73668205878,105913.67920588536,109729.61972249726,473715
2022-02-24,109729.61972249726,111286.04420174292,109729.61972249726,111088.85990798252,386692
2022-02-25,111088.85990798252,111088.85990798252,105405.06720620772,106621.13833265983,368426
2022-02-28,106621.13833265983,111664.70375364945,106621.13833265983,111505.78390582524,560737
2022-03-01,111505.78390582524,116601.13977785534,111505.78390582524,115113.91563141097,536817
2022-03-02,115113.91563141097,115113.91563141097,112200.06123642896,112777.7888734204,518037
2022-03-03,112777.7888734204,112777.7888734204,109811.68409837375,110402.08862109498,483879
2022-03-04,110402.08862109498,110755.17746285629,109471.32357254549,109723.68837583048,565355
2022-03-07,109723.68837583048,109723.68837583048,106604.4935873063,106629.58804290168,520792
2022-03-08,106629.58804290168,108769.95323009741,106629.58804290168,108532.87699281111,502588
2022-03-09,108532.87699281111,108532.87699281111,106690.8892600262,106748.43084826454,431450
2022-03-10,106748.43084826454,106748.43084826454,104822.22325437499,104889.00636400832,513910
2022-03-11,104889.00636400832,108171.92063643064,104889.00636400832,107475.56550995923,449875
2022-03-14,107475.56550995923,107475.56550995923,104463.83896416999,104903.79895028117,504950
2022-03-15,104903.79895028117,107048.53053952675,104903.79895028117,105624.7257782261,495800
2022-03-16,105624.7257782261,105624.7257782261,105154.04697265394,105483.48901502923,532837
2022-03-17,105483.48901502923,105483.48901502923,99977.84634554222,100575.96043634268,496801
2022-03-18,100575.96043634268,100575.96043634268,96528.09034703883,97572.51359214324,598051
2022-03-21,97572.51359214324,99394.70069268235,97370.15412272119,98383.1224430823,483319
2022-03-22,98383.1224430823,100092.58965479044,98383.1224430823,98874.81184781404,556414
2022-03-23,98874.81184781404,101392.05372741813,98874.81184781404,101198.72941891466,429945
2022-03-24,101198.72941891466,101198.72941891466,98975.60112452411,99876.91073871762,537092
2022-03-25,99876.91073871762,105653.10758114142,99876.91073871762,105135.76259688241,542386
2022-03-28,105135.76259688241,105135.76259688241,102263.09354671735,103137.26613074477,541390
2022-03-29,103137.26613074477,103170.26576145632,102216.92681092033,102920.75538263677,623735
2022-03-30,102920.75538263677,104264.13477330595,102920.75538263677,104132.24414572866,548950
2022-03-31,104132.24414572866,104132.24414572866,100284.5865613958,100886.49113841215,501945
2022-04-01,100886.49113841215,100886.49113841215,99776.11509433422,100027.73279199493,461718
2022-04-04,100027.73279199493,100027.73279199493,98621.14350505537,99345.05333804298,586407
2022-04-05,99345.05333804298,99765.26981306406,98122.01938195647,98989.50338199124,305099
2022-04-06,98989.50338199124,99204.88374686312,97649.57411088393,98461.9993015751,494360
2022-04-07,98461.9993015751,98461.9993015751,94034.91794516078,94661.8156606301,471232
2022-04-08,94661.8156606301,100881.63974641514,94661.8156606301,99582.35796075116,435087
2022-04-11,99582.35796075116,105559.62482548127,99582.35796075116,104226.35860555609,531852
2022-04-12,104226.35860555609,104226.35860555609,98164.14598569395,98969.15636000904,397581
2022-04-13,98969.15636000904,100608.13253788612,98969.15636000904,99563.48087946836,447014
2022-04-14,99563.48087946836,105238.08781044508,99563.48087946836,103986.5396714071,470258
2022-04-15,103986.5396714071,105440.62551614153,103986.5396714071,105252.4443828334,548929
2022-04-18,105252.4443828334,108343.72153688007,105252.4443828334,108245.39553664987,500242
2022-04-19,108245.39553664987,109540.48267867617,107365.77920354181,108584.6291776464,319124
2022-04-20,108584.6291776464,108584.6291776464,106511.13541091517,107022.56332947926,569749
2022-04-21,107022.56332947926,107022.56332947926,102806.79919144583,103350.24924947158,639823
2022-04-22,103350.24924947158,103350.24924947158,99762.30650571143,101251.1866005321,495734
2022-04-25,101251.1866005321,101251.1866005321,99052.3047400139,99380.58540035645,526256
2022-04-26,99380.58540035645,104522.260895598,99380.58540035645,103625.6435052785,424940
2022-04-27,103625.6435052785,105504.26217379357,103625.6435052785,105101.5109451126,424296
2022-04-28,105101.5109451126,106642.28967471603,104347.29698639548,105368.24135645285,574770
2022-04-29,105368.24135645285,105368.24135645285,102928.39726559218,103534.06012541756,380510
2022-05-02,103534.06012541756,106091.22439671759,103534.06012541756,104925.1035412817,477898
2022-05-03,104925.1035412817,106967.97909614789,104925.1035412817,105567.05145359233,527571
2022-05-04,105567.05145359233,105567.05145359233,102781.46309781616,104293.04085031526,533701
2022-05-05,104293.04085031526,104293.04085031526,100348.28612019627,101075.31982301432,519312
2022-05-06,101075.31982301432,104044.40156501847,101075.31982301432,103576.97072757295,487831
2022-05-09,103576.97072757295,107441.61381545276,103576.97072757295,106559.58476576782,725345
2022-05-10,106559.58476576782,106559.58476576782,102290.36032421637,103506.64632894902,621587
2022-05-11,103506.64632894902,105169.63665483815,103506.64632894902,104594.92107355419,457362
2022-05-12,104594.92107355419,104594.92107355419,101172.50588618057,101520.15894376591,369968
2022-05-13,101520.15894376591,102755.36267235527,101520.15894376591,102735.6151614073,572142
2022-05-16,102735.6151614073,102735.6151614073,100723.5793664257,101049.29142278686,487285
2022-05-17,101049.29142278686,103166.92283386191,100903.10924181543,102147.49828580809,499403
2022-05-18,102147.49828580809,105087.07955767431,102147.49828580809,104451.84005609933,522044
2022-05-19,104451.84005609933,108458.20097424237,104451.84005609933,107816.27858904393,475646
2022-05-20,107816.27858904393,107948.38571940752,106455.44162455612,107580.41200291387,372834
2022-05-23,107580.41200291387,107580.41200291387,101026.46198141812,102463.28904775063,431033
2022-05-24,102463.28904775063,102463.28904775063,100328.63051814392,100738.01083627202,436528
2022-05-25,100738.01083627202,100738.01083627202,97688.04435797744,98053.49753711079,445847
2022-05-26,98053.49753711079,102688.41169752953,98053.49753711079,102553.16498056859,418121
2022-05-27,102553.16498056859,102553.16498056859,101129.92868653136,101194.6999026038,420372
2022-05-30,101194.6999026038,102442.79461513674,101194.6999026038,102185.72244687084,439900
2022-05-31,102185.72244687084,102185.72244687084,99787.36146368027,100044.83425263021,562587
2022-06-01,100044.83425263021,101259.87630481835,100044.83425263021,100794.84573461184,525108
2022-06-02,100794.84573461184,107230.34427591873,100794.84573461184,106431.84495644232,458671
2022-06-03,106431.84495644232,113965.21718938557,106431.84495644232,113523.24736155159,387102
2022-06-06,113523.24736155159,113523.24736155159,108703.49251803041,109615.80937279192,354212
2022-06-07,109615.80937279192,110151.03133489306,109317.70240510536,109543.89771667063,580490
2022-06-08,109543.89771667063,109543.89771667063,107699.86330089232,108068.68286012037,482372
2022-06-09,108068.68286012037,111117.98911655636,108068.68286012037,110924.90709666259,399159
2022-06-10,110924.90709666259,111961.28085620418,110554.93461810992,111392.97024485438,546012
2022-06-13,111392.97024485438,115690.35942804204,111392.97024485438,114478.63940624104,498986
2022-06-14,114478.63940624104,119114.18541412274,114478.63940624104,117385.52958267673,497751
2022-06-15,117385.52958267673,119594.0303638433,117385.52958267673,118161.60268455355,449782
2022-06-16,118161.60268455355,121879.6765830407,118161.60268455355,121403.65974638081,410940
2022-06-17,121403.65974638081,125182.86937667363,121403.65974638081,123423.04686429234,448117
2022-06-20,123423.04686429234,127701.37413139122,123423.04686429234,126862.10990926463,467574
2022-06-21,126862.10990926463,128363.63042787054,126144.67263457562,127922.92282264319,411840
2022-06-22,127922.92282264319,127922.92282264319,125260.06353411905,125372.41372135538,353130
2022-06-23,125372.41372135538,125372.41372135538,123678.63498079745,124580.30944926584,498628
2022-06-24,124580.30944926584,124580.30944926584,121019.41562721138,122852.16972229848,551883
2022-06-27,122852.16972229848,122852.16972229848,120989.06753475398,121283.90935492977,530601
2022-06-28,121283.90935492977,121283.90935492977,119349.73570306235,119583.5982188002,546116
2022-06-29,119583.5982188002,119583.5982188002,117029.14861150076,118686.62604558482,447133
2022-06-30,118686.62604558482,120775.24069622213,118686.62604558482,119500.26540550862,551124
2022-07-01,119500.26540550862,119534.10705811392,117673.18176232626,118279.86660755865,597269
2022-07-04,118279.86660755865,121615.29763444829,118279.86660755865,121362.5391288126,545422
2022-07-05,121362.5391288126,121362.5391288126,118048.4113204922,119356.91375468338,466186
2022-07-06,119356.91375468338,121751.57683957185,119356.91375468338,120698.49870910856,427831
2022-07-07,120698.49870910856,120698.49870910856,115739.40573048797,117006.92784502843,660205
2022-07-08,117006.92784502843,122884.04495571482,117006.92784502843,122022.36441227216,510531
2022-07-11,122022.36441227216,122022.36441227216,118099.28399306428,119660.92130505272,465701
2022-07-12,119660.92130505272,121811.60538416968,119660.92130505272,121052.0291908173,597752
2022-07-13,121052.0291908173,122327.16079735238,119714.2546632839,121141.44402116559,555780
2022-07-14,121141.44402116559,121141.44402116559,114867.76755279105,115440.66743857412,725680
2022-07-15,115440.66743857412,118116.28649805608,115440.66743857412,116756.18365553548,661552
2022-07-18,116756.18365553548,120603.54247446064,116756.18365553548,120084.31174346716,478844
2022-07-19,120084.31174346716,120084.31174346716,117732.65488118072,118424.84465500717,533369
2022-07-20,118424.84465500717,125490.99810784812,118424.84465500717,123857.27594696893,474212
2022-07-21,123857.27594696893,125676.07867426598,123189.75776748707,124314.55389116648,514748
2022-07-22,124314.55389116648,130528.91174475352,124314.55389116648,130323.15530032634,484259
2022-07-25,130323.15530032634,132491.13189949555,129666.316017347,130664.61652104466,525085
2022-07-26,130664.61652104466,132869.4083221525,130664.61652104466,132048.2326955382,498847
2022-07-27,132048.2326955382,132048.2326955382,129228.5062131104,130128.00472931145,512847
2022-07-28,130128.00472931145,131035.20013050058,129307.15942335704,129817.2232516842,319892
2022-07-29,129817.2232516842,131665.50590108163,129249.40607649423,131203.02260514908,613951
2022-08-01,131203.02260514908,131404.65222679323,128804.49340179356,130558.87305502588,594832
2022-08-02,130558.87305502588,130558.87305502588,122463.87750732608,123057.86190147529,442504
2022-08-03,123057.86190147529,125751.34928651106,123057.86190147529,125748.71974354306,593224
2022-08-04,125748.71974354306,125748.71974354306,122293.05074874882,123535.34587729053,484740
2022-08-05,123535.34587729053,123535.34587729053,119894.49316171746,120391.181485904,542035
2022-08-08,120391.181485904,120391.181485904,118815.34373377205,120079.89500428991,465466
2022-08-09,120079.89500428991,121227.27254803674,119630.13300697491,120637.44471433699,492447
2022-08-10,120637.44471433699,122562.4541157129,119513.13472167129,121319.91348278278,419075
2022-08-11,121319.91348278278,123761.70531985685,121319.91348278278,122496.03037179369,351284
2022-08-12,122496.03037179369,123838.93946348802,121183.98080213297,122284.40402424286,538926
2022-08-15,122284.40402424286,123196.18761411191,122284.40402424286,122854.68519650436,467501
2022-08-16,122854.68519650436,124854.40098652545,122854.68519650436,123633.85950804426,489003
2022-08-17,123633.85950804426,123633.85950804426,121285.25076389415,121328.01541808803,464213
2022-08-18,121328.01541808803,121328.01541808803,118729.59770491681,119306.99930306528,513478
2022-08-19,119306.99930306528,123419.3896457399,119306.99930306528,122274.17899371723,467908
2022-08-22,122274.17899371723,123865.50818975265,122274.17899371723,123040.10568682678,571018
2022-08-23,123040.10568682678,128621.15918807352,123040.10568682678,127559.54836610693,549686
2022-08-24,127559.54836610693,129527.81050533746,127559.54836610693,129165.95257661448,406921
2022-08-25,129165.95257661448,132747.31376616456,129165.95257661448,131276.44662998183,585828
2022-08-26,131276.44662998183,131276.44662998183,125331.41606663665,126017.55111490941,499346
2022-08-29,126017.55111490941,126017.55111490941,123089.7220726863,124749.8829977825,354445
2022-08-30,124749.8829977825,125283.0896751348,124079.25640029722,124731.02194143525,458040
2022-08-31,124731.02194143525,130089.79908668248,124731.02194143525,128870.7300713712,514860
2022-09-01,128870.7300713712,131449.182566708,128870.7300713712,130841.7967153337,483508
2022-09-02,130841.7967153337,131786.13712161523,129647.3340640816,131107.4837416248,511578
2022-09-05,131107.4837416248,132869.57312184194,131107.4837416248,132860.89572890717,497076
2022-09-06,132860.89572890717,136866.70488618332,132860.89572890717,135243.47134309658,449085
2022-09-07,135243.47134309658,135243.47134309658,131480.96282157468,133245.16998789777,452106
2022-09-08,133245.16998789777,133278.50646026531,131863.04066653273,133248.40557076942,454066
2022-09-09,133248.40557076942,133248.40557076942,130188.34597907294,131106.2602497165,630502
2022-09-12,131106.2602497165,132480.63688794285,130837.48533495904,132406.6361303135,522405
2022-09-13,132406.6361303135,134537.62020130438,131943.09803680415,133613.59306825043,468512
2022-09-14,133613.59306825043,137998.29379999146,133613.59306825043,135987.92700274038,560594
2022-09-15,135987.92700274038,135987.92700274038,134730.56490129602,135493.07072164782,551311
2022-09-16,135493.07072164782,138774.708478638,135493.07072164782,138398.68455210028,452309
2022-09-19,138398.68455210028,140965.34821979768,138398.68455210028,139836.1853233483,448462
2022-09-20,139836.1853233483,146043.78762715595,139836.1853233483,143960.32182853468,418053
2022-09-21,143960.32182853468,146342.73552231857,143960.32182853468,145811.1315032167,572927
2022-09-22,145811.1315032167,145811.1315032167,138994.568726598,139077.82610993786,594197
2022-09-23,139077.82610993786,139434.17896619454,137987.71065844537,138954.2088849829,726561
2022-09-26,138954.2088849829,143569.04132405543,138954.2088849829,141459.1973592436,467282
2022-09-27,141459.1973592436,148295.3548734505,141459.1973592436,146939.79034812332,484645
2022-09-28,146939.79034812332,146939.79034812332,143297.48521584136,145057.10190895526,530532
2022-09-29,145057.10190895526,145057.10190895526,139908.01653844843,140262.68612276774,646393
2022-09-30,140262.68612276774,143480.10688401185,140262.68612276774,141828.179363943,434982
2022-10-03,141828.179363943,141828.179363943,139902.2099292032,140368.1628428417,381407
2022-10-04,140368.1628428417,141092.4982981746,138885.06335183434,140345.63901607477,494350
2022-10-05,140345.63901607477,140345.63901607477,137420.97036069765,139363.95796785178,478419
2022-10-06,139363.95796785178,142109.2550540327,139363.95796785178,141504.148763318,501188
2022-10-07,141504.148763318,143232.73373273748,140757.86483730155,142505.15556207552,425732
2022-10-10,142505.15556207552,149094.25647522812,142505.15556207552,147285.26644602805,539463
2022-10-11,147285.26644602805,147285.26644602805,145049.41784024943,146124.0155190884,494209
2022-10-12,146124.0155190884,146389.21545563836,144990.08444202627,146337.15306344058,562885
2022-10-13,146337.15306344058,148811.1878786532,144985.74523470126,147102.74572113002,550461
2022-10-14,147102.74572113002,148173.28876339618,145551.3166073204,146000.8927122633,480741
2022-10-17,146000.8927122633,146000.8927122633,140696.73619114424,142476.54538051772,486092
2022-10-18,142476.54538051772,142476.54538051772,140705.71552098673,141268.34540404525,503078
2022-10-19,141268.34540404525,141268.34540404525,137972.53125576972,139446.9549983492,569447
2022-10-20,139446.9549983492,142683.68571057782,139446.9549983492,141016.1197336611,527976
2022-10-21,141016.1197336611,143680.74115358532,141016.1197336611,142722.41754203924,286853
2022-10-24,142722.41754203924,146023.37831861846,142722.41754203924,145184.25921241072,625868
2022-10-25,145184.25921241072,145184.25921241072,142848.09064189284,143192.89947634935,638960
2022-10-26,143192.89947634935,147751.36060574997,143192.89947634935,147278.52764964994,461208
2022-10-27,147278.52764964994,150175.6442701776,147278.52764964994,148957.3871698661,435448
2022-10-28,148957.3871698661,156599.13866871677,148957.3871698661,154953.8570472403,410031
2022-10-31,154953.8570472403,156429.36054051426,154196.21314847143,154617.06540719976,689311
2022-11-01,154617.06540719976,154617.06540719976,150954.84727822998,151934.31594731257,552965
2022-11-02,151934.31594731257,152515.0065395978,150606.97438774075,151116.32044395976,515492
2022-11-03,151116.32044395976,156440.12147934927,151116.32044395976,155661.23115650026,411841
2022-11-04,155661.23115650026,160623.84951632112,155661.23115650026,158765.72295355104,545074
2022-11-07,158765.72295355104,158765.72295355104,155998.00254035628,158227.14341922596,580385
2022-11-08,158227.14341922596,163394.55537365135,158227.14341922596,162369.29743127,628559
2022-11-09,162369.29743127,164372.06689665944,161951.57985122217,163948.39271678307,460427
2022-11-10,163948.39271678307,163948.39271678307,160161.2291126813,160830.59776797798,495206
2022-11-11,160830.59776797798,160947.50290008838,160597.1489099386,160837.92394491547,577719
2022-11-14,160837.92394491547,160837.92394491547,150968.489767339,152521.96757949158,655342
2022-11-15,152521.96757949158,152521.96757949158,148542.37111954746,149201.17422145343,512136
2022-11-16,149201.17422145343,152373.45847040415,149201.17422145343,151852.1073175135,527762
2022-11-17,151852.1073175135,159241.93288768874,151852.1073175135,157880.130357644,535317
2022-11-18,157880.130357644,157880.130357644,154765.07859830232,156870.21524001757,509278
2022-11-21,156870.21524001757,161729.84397031422,156870.21524001757,161110.7745687062,501301
2022-11-22,161110.7745687062,164694.95305155587,161011.15559198387,162560.46257966812,518559
2022-11-23,162560.46257966812,164862.10317654646,162560.46257966812,164319.922433999,591404
2022-11-24,164319.922433999,164319.922433999,160297.77129183777,160974.99735858574,611812
2022-11-25,160974.99735858574,160974.99735858574,157092.95445978938,158147.10102795012,450624
2022-11-28,158147.10102795012,158147.10102795012,154737.00187397646,157023.13578758837,503687
2022-11-29,157023.13578758837,164759.19493764068,157023.13578758837,163731.35555365167,608594
2022-11-30,163731.35555365167,167009.36277735874,163447.5803921319,165664.12082557654,467506
2022-12-01,165664.12082557654,171282.28123279166,165664.12082557654,169910.56253379709,441284
2022-12-02,169910.56253379709,169910.56253379709,163380.87802539556,163507.05518308908,504583
2022-12-05,163507.05518308908,164438.2202683044,161196.5755104728,162815.2376855578,700744
2022-12-06,162815.2376855578,163423.58757317517,160198.9612369785,161189.36187572344,534548
2022-12-07,161189.36187572344,164907.30029908614,161189.36187572344,164541.92516577503,575254
2022-12-08,164541.92516577503,165355.61484417628,163400.92729098382,165292.80597368957,595188
2022-12-09,165292.80597368957,168062.03291484865,165292.80597368957,166765.69232898002,394912
2022-12-12,166765.69232898002,167350.22080464012,165013.64053424337,166128.8080458654,481151
2022-12-13,166128.8080458654,168473.0680406901,164122.21778055484,166044.89490295586,601104
2022-12-14,166044.89490295586,173003.58536943753,166044.89490295586,171153.08165390993,472246
2022-12-15,171153.08165390993,171153.08165390993,163402.49146471315,165727.39493835432,496183
2022-12-16,165727.39493835432,165727.39493835432,160567.2896251102,162160.52871126196,537742
2022-12-19,162160.52871126196,162160.52871126196,157940.93548557453,159519.42728095586,474030
2022-12-20,159519.42728095586,161497.36168151663,158249.51943469213,160549.63556586092,546642
2022-12-21,160549.63556586092,160549.63556586092,156767.07234646432,157928.40765250492,615589
2022-12-22,157928.40765250492,157928.40765250492,152136.56951194303,154078.45550549595,563622
2022-12-23,154078.45550549595,154934.9485398198,152616.2207729132,154600.01850663332,470349
2022-12-26,154600.01850663332,154600.01850663332,151596.50084732097,151826.06815716444,532879
2022-12-27,151826.06815716444,159306.2881951471,151826.06815716444,157163.10838118294,357101
2022-12-28,157163.10838118294,161218.17701216956,157163.10838118294,159777.04911425078,375246
2022-12-29,159777.04911425078,159777.04911425078,153465.36606834774,155779.80996318744,481709
2022-12-30,155779.80996318744,160202.6095269569,155779.80996318744,158947.77632428857,494784
2023-01-02,158947.77632428857,163828.56661115683,158947.77632428857,162223.76210905742,771935
2023-01-03,162223.76210905742,162604.6174908531,159725.21095711555,160657.4429114196,351312
2023-01-04,160657.4429114196,169764.89589510745,160657.4429114196,167560.18855495367,402767
2023-01-05,167560.18855495367,167560.18855495367,165775.06590813724,166087.1820149163,559025
2023-01-06,166087.1820149163,166087.1820149163,160746.6220658016,162910.29522263963,450245
2023-01-09,162910.29522263963,163884.04841493978,162796.3642364834,163280.69555823092,599507
2023-01-10,163280.69555823092,163387.07792435293,162363.05704424245,162551.96682956567,559319
2023-01-11,162551.96682956567,164522.95415794096,162197.8757032881,162434.1603865139,434839
2023-01-12,162434.1603865139,164475.1340642091,162199.14308897604,163584.7687328233,608635
2023-01-13,163584.7687328233,163584.7687328233,158387.1209569432,159108.03208970022,557959
2023-01-16,159108.03208970022,161416.53425527242,157949.3790091528,159791.50213816564,341563
2023-01-17,159791.50213816564,172605.86560909037,159791.50213816564,172501.48277599906,540779
2023-01-18,172501.48277599906,176005.4421089332,172501.48277599906,174952.66728768504,596658
2023-01-19,174952.66728768504,177465.09066446364,174778.52398192443,175505.46170870386,493370
2023-01-20,175505.46170870386,177658.8215514677,173736.06291012565,175600.2954922382,383953
2023-01-23,175600.2954922382,179185.81790959503,175600.2954922382,178705.92513659745,556894
2023-01-24,178705.92513659745,186386.8786986404,178705.92513659745,186334.3601403577,576825
2023-01-25,186334.3601403577,192744.3296460765,186334.3601403577,192222.70758717172,491204
2023-01-26,192222.70758717172,196310.33256530223,192222.70758717172,194435.38285741242,489693
2023-01-27,194435.38285741242,203169.50059578876,194435.38285741242,200223.27994226036,417654
2023-01-30,200223.27994226036,200223.27994226036,191750.082313477,193713.21548959703,582823
2023-01-31,193713.21548959703,193713.21548959703,186924.07607722507,187251.58358734747,553688
2023-02-01,187251.58358734747,187251.58358734747,183030.28780177562,184441.7360261886,344054
2023-02-02,184441.7360261886,184441.7360261886,181644.0678401867,181754.0111034175,536098
2023-02-03,181754.0111034175,189408.45982124217,181754.0111034175,187763.20427833282,522128
2023-02-06,187763.20427833282,192476.14423043616,187763.20427833282,190923.35004155498,609400
2023-02-07,190923.35004155498,195766.35052624057,190923.35004155498,193893.52296540263,430172
2023-02-08,193893.52296540263,193893.52296540263,190254.58689249947,190695.21015485312,639825
2023-02-09,190695.21015485312,190695.21015485312,184078.69552594924,184995.83516996785,570942
2023-02-10,184995.83516996785,184995.83516996785,179720.36740902858,181542.51517768606,496824
2023-02-13,181542.51517768606,182238.37124455077,177038.30975229028,179731.53711501366,367403
2023-02-14,179731.53711501366,179731.53711501366,174782.34417531823,175877.26902566454,387980
2023-02-15,175877.26902566454,177825.8283215684,175877.26902566454,176937.61264259307,462782
2023-02-16,176937.61264259307,176937.61264259307,165907.91563482667,166919.10674259614,572651
2023-02-17,166919.10674259614,166919.10674259614,164250.48403478554,165422.58892575314,452295
2023-02-20,165422.58892575314,170596.03307626618,165422.58892575314,170206.15623484476,432346
2023-02-21,170206.15623484476,170392.82688858203,168211.29236281943,168950.9416086004,565058
2023-02-22,168950.9416086004,168950.9416086004,163215.28564529854,165351.9609428018,463112
2023-02-23,165351.9609428018,168912.14657774614,165351.9609428018,166966.23743832967,392167
2023-02-24,166966.23743832967,172611.87893220983,166966.23743832967,170167.4376566625,594931
2023-02-27,170167.4376566625,170167.4376566625,162724.67130158356,163916.62027264154,461077
2023-02-28,163916.62027264154,164172.20322153266,161890.14145522096,163736.54109791183,538429
2023-03-01,163736.54109791183,165637.79093195152,163736.54109791183,165379.34721119408,673888
2023-03-02,165379.34721119408,165379.34721119408,160849.39185001331,163173.38680376226,526549
2023-03-03,163173.38680376226,163173.38680376226,155887.08200813018,158046.37597696215,364559
2023-03-06,158046.37597696215,160754.5296459973,158046.37597696215,160517.3099796015,520366
2023-03-07,160517.3099796015,161381.9991031109,160153.19903780945,160566.2872734113,611525
2023-03-08,160566.2872734113,162982.80617011173,159491.5114771264,161541.5167139586,421989
2023-03-09,161541.5167139586,161541.5167139586,150693.33222664555,150781.466016958,402919
2023-03-10,150781.466016958,150781.466016958,144454.07740126457,144943.49618568635,454325
2023-03-13,144943.49618568635,144943.49618568635,142082.8140419586,143399.0944978794,699542
2023-03-14,143399.0944978794,148271.4157026927,143399.0944978794,146711.80020236372,330816
2023-03-15,146711.80020236372,152893.00255513546,146711.80020236372,151302.94448852082,575273
2023-03-16,151302.94448852082,151302.94448852082,147254.73649410318,148590.50085756148,562614
2023-03-17,148590.50085756148,154405.6925464988,148590.50085756148,152685.46301065572,614064
2023-03-20,152685.46301065572,154547.216088043,152360.21431710134,153352.09266970833,561908
2023-03-21,153352.09266970833,156147.57454875924,152851.1090615552,154790.80760705407,506442
2023-03-22,154790.80760705407,159391.89717562567,154790.80760705407,159277.38559127552,388336
2023-03-23,159277.38559127552,164439.44740634612,159277.38559127552,162455.35803141663,391643
2023-03-24,162455.35803141663,162455.35803141663,154540.8961577253,156143.9120794787,456594
2023-03-27,156143.9120794787,156143.9120794787,154509.84109571937,154681.253774298,577016
2023-03-28,154681.253774298,164982.63338583882,154681.253774298,162726.82404337727,599173
2023-03-29,162726.82404337727,163218.86223820515,160292.2318254347,162427.81894964533,463055
2023-03-30,162427.81894964533,170700.77014787451,162427.81894964533,169494.35279930374,517438
2023-03-31,169494.35279930374,169494.35279930374,163080.7066505514,165066.9784777904,459032
2023-04-03,165066.9784777904,165729.7518595239,161183.26985613277,163461.23703937585,534370
2023-04-04,163461.23703937585,174649.77783320597,163461.23703937585,172090.47682061736,505427
2023-04-05,172090.47682061736,172090.47682061736,167420.77762020373,168802.48842398493,446853
2023-04-06,168802.48842398493,172133.59593914644,168802.48842398493,171358.3035948537,395609
2023-04-07,171358.3035948537,177671.7032607976,171358.3035948537,175828.2757278265,552992
2023-04-10,175828.2757278265,175828.2757278265,163503.03699636628,165576.57438750897,509076
2023-04-11,165576.57438750897,165576.57438750897,154548.18682930025,156782.77450271387,571021
2023-04-12,156782.77450271387,156782.77450271387,151844.70417730996,152047.06391847556,538103
2023-04-13,152047.06391847556,152047.06391847556,147226.0824471732,148444.7400603986,497109
2023-04-14,148444.7400603986,148890.6760537619,146905.56083728542,147519.12020844553,615678
2023-04-17,147519.12020844553,153470.56572949668,147519.12020844553,151741.62176086122,467668
2023-04-18,151741.62176086122,151741.62176086122,145060.5816348061,146720.9830714159,449315
2023-04-19,146720.9830714159,154342.08839632978,146720.9830714159,153501.3424236119,534727
2023-04-20,153501.3424236119,153501.3424236119,148769.92410536925,149596.71135967827,521091
2023-04-21,149596.71135967827,149596.71135967827,144875.3659711664,146608.0946687185,478868
2023-04-24,146608.0946687185,147604.45589456428,146608.0946687185,147119.88946530066,362014
2023-04-25,147119.88946530066,147119.88946530066,146360.62776708746,146578.12414531628,518605
2023-04-26,146578.12414531628,154074.27051946794,146578.12414531628,153621.29035382124,513210
2023-04-27,153621.29035382124,154486.9722670926,151618.1446195295,153106.4622921206,613624
2023-04-28,153106.4622921206,153106.4622921206,145968.90065807974,147692.09969246542,529853
2023-05-01,147692.09969246542,147939.4181499656,147347.4998724854,147771.54404216292,519334
2023-05-02,147771.54404216292,147771.54404216292,140574.83691407077,142262.89621133314,496163
2023-05-03,142262.89621133314,142262.89621133314,137125.41672541632,138908.56644693596,572471
2023-05-04,138908.56644693596,141821.2748404981,138908.56644693596,140097.6396468077,373726
2023-05-05,140097.6396468077,144626.07380536513,140097.6396468077,144354.16099398857,502306
2023-05-08,144354.16099398857,144354.16099398857,142101.55400885193,142879.22330842243,454750
2023-05-09,142879.22330842243,142879.22330842243,139096.48747556144,140674.42618228975,589316
2023-05-10,140674.42618228975,143337.24485449257,140674.42618228975,141989.8649283195,406958
2023-05-11,141989.8649283195,141989.8649283195,135256.7977204716,137204.73663166538,441131
2023-05-12,137204.73663166538,137204.73663166538,134509.07478672478,136163.44395858402,575702
2023-05-15,136163.44395858402,136163.44395858402,130292.75262721829,131909.82024458898,537424
2023-05-16,131909.82024458898,136193.03625383557,131909.82024458898,134929.34521359004,471300
2023-05-17,134929.34521359004,137519.07224349355,134929.34521359004,137267.90211004333,549639
2023-05-18,137267.90211004333,139425.19415751434,137120.4564427955,137643.19756445847,556727
2023-05-19,137643.19756445847,137643.19756445847,135576.8673185411,136904.20836629617,489786
2023-05-22,136904.20836629617,136904.20836629617,131888.46978663976,133229.14488403147,412359
2023-05-23,133229.14488403147,134506.94853528234,132781.11644079478,133302.98969143943,507805
2023-05-24,133302.98969143943,133302.98969143943,130099.51649235967,131270.22195447807,550954
2023-05-25,131270.22195447807,131270.22195447807,128300.02172718478,128840.38885603106,543792
2023-05-26,128840.38885603106,134792.10945668144,128840.38885603106,132972.77036296471,423151
2023-05-29,132972.77036296471,135136.9367376892,132953.04059975737,134537.0071836731,469488
2023-05-30,134537.0071836731,134537.0071836731,128628.9364116577,129725.43660067627,625129
2023-05-31,129725.43660067627,133907.31460881972,129725.43660067627,132521.82500275495,421410
2023-06-01,132521.82500275495,133053.18223629784,131194.8452663902,132761.99796239752,595559
2023-06-02,132761.99796239752,132761.99796239752,129378.64041266288,131199.03202327425,383525
2023-06-05,131199.03202327425,133786.044148434,131199.03202327425,132769.4488873599,421486
2023-06-06,132769.4488873599,132769.4488873599,129038.02878414582,129190.07510441769,593695
2023-06-07,129190.07510441769,129190.07510441769,126594.51308798877,127532.61972985677,552708
2023-06-08,127532.61972985677,127532.61972985677,124643.980403049,125270.89438266984,515226
2023-06-09,125270.89438266984,131906.21932825676,125270.89438266984,130568.5164933183,538746
2023-06-12,130568.5164933183,134525.01835605886,130568.5164933183,133894.81653079833,537048
2023-06-13,133894.81653079833,139628.12442624295,133894.81653079833,138004.9701233612,576785
2023-06-14,138004.9701233612,138004.9701233612,134328.35818818895,135308.5201240479,512771
2023-06-15,135308.5201240479,140286.74455912595,135308.5201240479,139309.70965765868,618807
2023-06-16,139309.70965765868,140531.07798824357,138445.4804946092,139659.46024989022,655716
2023-06-19,139659.46024989022,139659.46024989022,136703.50389040753,138520.42866181178,377542
2023-06-20,138520.42866181178,143594.4628113204,138520.42866181178,142488.0613268383,361268
2023-06-21,142488.0613268383,147025.83852817566,142488.0613268383,146498.0974962603,538950
2023-06-22,146498.0974962603,149971.8880088044,146498.0974962603,148063.87771703463,321579
2023-06-23,148063.87771703463,148063.87771703463,145470.17148183475,145765.29975762038,636918
2023-06-26,145765.29975762038,151542.5397203697,145765.29975762038,149443.0151899589,487546
2023-06-27,149443.0151899589,153835.56201801178,149443.0151899589,151814.68237303357,548805
2023-06-28,151814.68237303357,155306.0939389997,151814.68237303357,154978.35358856543,548252
2023-06-29,154978.35358856543,156795.36324831125,154978.35358856543,156373.47592084564,568029
2023-06-30,156373.47592084564,156373.47592084564,153838.4980334565,154125.63063507836,542041
2023-07-03,154125.63063507836,158736.88963986613,154125.63063507836,157373.34980180152,376566
2023-07-04,157373.34980180152,159575.09771503406,156581.20519737643,157499.81018968907,494847
2023-07-05,157499.81018968907,157499.81018968907,149402.55471326417,150657.93259416605,452477
2023-07-06,150657.93259416605,150665.02665002432,147948.88000530846,148770.7903894807,450973
2023-07-07,148770.7903894807,149025.3687009738,146627.9232533851,148132.02312828274,409847
2023-07-10,148132.02312828274,153264.37590622628,148132.02312828274,151006.1484812714,658831
2023-07-11,151006.1484812714,154458.97469439128,151006.1484812714,152525.10241492972,625534
2023-07-12,152525.10241492972,153900.20374844145,150567.43116506672,152623.15778530628,788086
2023-07-13,152623.15778530628,156953.03681529334,152623.15778530628,155266.82392613898,509571
2023-07-14,155266.82392613898,156397.52449799623,153539.26788151806,155382.3697725459,594817
2023-07-17,155382.3697725459,162921.0545974186,155382.3697725459,162660.64699674156,483186
2023-07-18,162660.64699674156,165317.76508759044,162660.64699674156,164088.76282011214,520628
2023-07-19,164088.76282011214,164615.0242617625,163234.09569283272,163671.73180301327,581466
2023-07-20,163671.73180301327,163671.73180301327,160515.21055098553,160657.12336250622,576060
2023-07-21,160657.12336250622,175906.129610715,160657.12336250622,175078.0189140629,334930
2023-07-24,175078.0189140629,175078.0189140629,165742.82988262258,167305.02153454302,453778
2023-07-25,167305.02153454302,167305.02153454302,163808.56546472484,165600.99750175833,375153
2023-07-26,165600.99750175833,165600.99750175833,158428.86258256304,158976.13475323503,484098
2023-07-27,158976.13475323503,159534.4081300173,157913.51873666496,158149.19903387045,443824
2023-07-28,158149.19903387045,158149.19903387045,153702.32088100503,154182.39609023792,549439
2023-07-31,154182.39609023792,155075.6803705584,150998.95102085648,152789.83628071006,583210
2023-08-01,152789.83628071006,152789.83628071006,148078.26598203773,149608.28442570954,501614
2023-08-02,149608.28442570954,156690.40981781034,149608.28442570954,155299.26656039045,522890
2023-08-03,155299.26656039045,163803.41262301328,155299.26656039045,161633.70042251382,448634
2023-08-04,161633.70042251382,167227.70844874502,161633.70042251382,167121.6361517486,445327
2023-08-07,167121.6361517486,175564.3798368502,167121.6361517486,173844.75863325375,544576
2023-08-08,173844.75863325375,173844.75863325375,168150.27137404558,170162.8876092474,466414
2023-08-09,170162.8876092474,174407.13962692037,170162.8876092474,172410.56952273156,386571
2023-08-10,172410.56952273156,172410.56952273156,167531.26448418372,168121.58489064669,335376
2023-08-11,168121.58489064669,168121.58489064669,162280.41194288767,163087.98547083532,562752
2023-08-14,163087.98547083532,163087.98547083532,151748.07557865634,153935.2750569473,505849
2023-08-15,153935.2750569473,153935.2750569473,150619.72483962125,152695.32301971433,470708
2023-08-16,152695.32301971433,156906.76771820238,152695.32301971433,156469.91147834432,451101
2023-08-17,156469.91147834432,162776.7366918386,156469.91147834432,162446.54604613368,474718
2023-08-18,162446.54604613368,170362.07703820354,162446.54604613368,169902.1798381264,411961
2023-08-21,169902.1798381264,169902.1798381264,161557.72072209255,163918.37306963294,631516
2023-08-22,163918.37306963294,164234.60698881137,161372.76365444608,162862.8789569484,549296
2023-08-23,162862.8789569484,162862.8789569484,159080.28667253148,160821.3611776441,446621
2023-08-24,160821.3611776441,163123.10355611812,160821.3611776441,161961.59948051604,551396
2023-08-25,161961.59948051604,161961.59948051604,157954.09652974628,159936.73056113705,509811
2023-08-28,159936.73056113705,163618.04216549397,159936.73056113705,161840.48986295174,530161
2023-08-29,161840.48986295174,162174.27097055037,159107.4321863967,160440.57947758381,418283
2023-08-30,160440.57947758381,164695.71955327116,160440.57947758381,163237.11938561924,480126
2023-08-31,163237.11938561924,165244.3410446171,161091.32672127624,162947.29773734635,526707
2023-09-01,162947.29773734635,167779.11682818364,162947.29773734635,166610.35297188038,561474
2023-09-04,166610.35297188038,172785.83621413627,166610.35297188038,170737.4400464807,527227
2023-09-05,170737.4400464807,174007.9211553453,170737.4400464807,173651.3391209064,459331
2023-09-06,173651.3391209064,177210.57067934852,173651.3391209064,176102.8329233525,433585
2023-09-07,176102.8329233525,176102.8329233525,168866.1151290206,170848.0504222151,438316
2023-09-08,170848.0504222151,171935.98341421966,170848.0504222151,170954.19384937178,504778
2023-09-11,170954.19384937178,182503.48460565874,170954.19384937178,180080.6744846295,387242
2023-09-12,180080.6744846295,180080.6744846295,176771.42077520958,177896.16933005018,449480
2023-09-13,177896.16933005018,179386.50568325692,177102.47749358875,178523.8723781737,446634
2023-09-14,178523.8723781737,178523.8723781737,176965.50962189518,177809.23498774893,504246
2023-09-15,177809.23498774893,177809.23498774893,172009.537592852,174420.1697627133,455872
2023-09-18,174420.1697627133,177148.65599804386,174420.1697627133,176386.60173776405,618824
2023-09-19,176386.60173776405,181397.2612153083,176386.60173776405,179333.31120961203,431740
2023-09-20,179333.31120961203,179333.31120961203,171512.68461057247,171969.6798390558,521896
2023-09-21,171969.6798390558,171969.6798390558,166393.534814811,166519.54523300083,444162
2023-09-22,166519.54523300083,178368.8232711004,166519.54523300083,176302.76610768703,593495
2023-09-25,176302.76610768703,176302.76610768703,171478.7288437213,172574.09724329176,484072
2023-09-26,172574.09724329176,175388.3774732831,172574.09724329176,174839.5178355241,448715
2023-09-27,174839.5178355241,178787.23451007993,174839.5178355241,177727.83745922058,461349
2023-09-28,177727.83745922058,177837.63339707133,174559.24958016127,177044.43185491982,381827
2023-09-29,177044.43185491982,184558.4389613535,177044.43185491982,183697.26446826768,397729
2023-10-02,183697.26446826768,183697.26446826768,179627.38046931193,181487.79598530088,474096
2023-10-03,181487.79598530088,185797.68817972197,181487.79598530088,184781.48993979578,563042
2023-10-04,184781.48993979578,186458.8907673871,183596.11167882264,185821.32949000565,439946
2023-10-05,185821.32949000565,187762.92130328875,185821.32949000565,187415.32135146426,495749
2023-10-06,187415.32135146426,187415.32135146426,186209.30118325408,186371.2112320022,576217
2023-10-09,186371.2112320022,188138.11608633338,184311.89974757266,186618.50201440885,380120
2023-10-10,186618.50201440885,188032.51031450942,184292.50264302228,186708.7390145966,492385
2023-10-11,186708.7390145966,194264.61497583461,186708.7390145966,193132.7996488781,405744
2023-10-12,193132.7996488781,193132.7996488781,186209.04983582962,188538.71921950666,377697
2023-10-13,188538.71921950666,188538.71921950666,186061.37836815917,186586.65340581155,703684
2023-10-16,186586.65340581155,192617.22392734644,186586.65340581155,190454.2230648095,552924
2023-10-17,190454.2230648095,200109.33742502806,190454.2230648095,197399.12616351983,476441
2023-10-18,197399.12616351983,202930.71378047427,197399.12616351983,200952.85333860107,563532
2023-10-19,200952.85333860107,207767.34455094772,200952.85333860107,204861.5728750928,403855
2023-10-20,204861.5728750928,204861.5728750928,199638.3165484972,202257.89235643795,320646
2023-10-23,202257.89235643795,202257.89235643795,195483.48200861432,195817.57329155732,578264
2023-10-24,195817.57329155732,204515.97538559407,195817.57329155732,203444.15404561273,434118
2023-10-25,203444.15404561273,216219.45104587264,203444.15404561273,213342.32398802572,610127
2023-10-26,213342.32398802572,214381.2441334905,208895.75777344164,211614.70809428627,630507
2023-10-27,211614.70809428627,211614.70809428627,207567.64826343732,208718.69368628415,484971
2023-10-30,208718.69368628415,223947.67016226883,208718.69368628415,223484.5088590301,395035
2023-10-31,223484.5088590301,223484.5088590301,217944.11733215125,220019.50354201355,573013
2023-11-01,220019.50354201355,225784.8389259326,220019.50354201355,223518.54749793047,394075
2023-11-02,223518.54749793047,223914.64301946716,218904.0416230921,220773.25161931972,326650
2023-11-03,220773.25161931972,223970.8573991127,220771.83303416913,221816.53445811477,618879
2023-11-06,221816.53445811477,221816.53445811477,215083.88240141835,218193.11468702377,481710
2023-11-07,218193.11468702377,226222.6954655834,218193.11468702377,224776.09353943315,467439
2023-11-08,224776.09353943315,227881.5880759091,223429.0620205334,226556.60839605433,515774
2023-11-09,226556.60839605433,232527.86801077452,226556.60839605433,229713.40391525024,580019
2023-11-10,229713.40391525024,232298.71097900643,228708.13599239197,232107.57827804238,363971
2023-11-13,232107.57827804238,232107.57827804238,225822.15505265392,228619.09846360784,447495
2023-11-14,228619.09846360784,229830.6905746039,224575.28171678452,227565.14637906605,477082
2023-11-15,227565.14637906605,227565.14637906605,219553.12963951903,222575.6768649119,625623
2023-11-16,222575.6768649119,239236.04811292616,222575.6768649119,237102.1694507663,475966
2023-11-17,237102.1694507663,237187.17848646583,233294.62431044428,236323.77941794382,430877
2023-11-20,236323.77941794382,236323.77941794382,230836.29694694918,231183.795824066,541596
2023-11-21,231183.795824066,231183.795824066,220375.835988499,221376.8949317109,468547
2023-11-22,221376.8949317109,221376.8949317109,208617.40347465058,209704.244160183,496764
2023-11-23,209704.244160183,213744.82255278184,209704.244160183,213733.76119710013,501495
2023-11-24,213733.76119710013,213733.76119710013,207106.9567994676,210063.38108917384,465727
2023-11-27,210063.38108917384,213994.97989902986,210063.38108917384,213459.84966848415,377915
2023-11-28,213459.84966848415,215098.44059384387,213049.36158887105,213935.51110630442,489467
2023-11-29,213935.51110630442,215786.8431804358,212864.91451953998,213366.08905308857,549799
2023-11-30,213366.08905308857,213366.08905308857,207996.79685625306,208108.11335010777,362478
2023-12-01,208108.11335010777,208108.11335010777,197120.18626761812,198187.845214079,603451
2023-12-04,198187.845214079,200374.00245752,197625.58832187948,197711.95698383174,454690
2023-12-05,197711.95698383174,197864.55709418468,193908.4056277607,196476.58770430044,546097
2023-12-06,196476.58770430044,198377.1814218345,194302.53453538942,196777.05055645632,437956
2023-12-07,196777.05055645632,201185.40265499987,196095.47836135514,198565.89727666657,567584
2023-12-08,198565.89727666657,200766.89948603802,197341.49999835223,198186.77537741524,534568
2023-12-11,198186.77537741524,198830.02847589986,195224.94172497152,198047.45927035515,608300
2023-12-12,198047.45927035515,202281.01358932612,198047.45927035515,200714.44770690738,614313
2023-12-13,200714.44770690738,200714.44770690738,193306.25844164245,195535.06759453268,520532
2023-12-14,195535.06759453268,197123.8192545721,195535.06759453268,196877.4936592834,507979
2023-12-15,196877.4936592834,203692.51213157826,196877.4936592834,203318.74894562975,563098
2023-12-18,203318.74894562975,210053.7120271727,203318.74894562975,207957.1493713021,360437
2023-12-19,207957.1493713021,207957.1493713021,205453.919847908,205852.3586241439,536240
2023-12-20,205852.3586241439,208143.8103114298,205454.41744574532,206617.81440804218,519951
2023-12-21,206617.81440804218,210221.78397984276,206617.81440804218,209149.18985586744,606751
2023-12-22,209149.18985586744,209665.24361565796,205827.96453341556,207826.3917045443,383855
2023-12-25,207826.3917045443,212967.06696530982,207826.3917045443,211977.3516251539,494779
2023-12-26,211977.3516251539,216594.77655093576,211977.3516251539,216175.5121055276,500548
2023-12-27,216175.5121055276,224494.91160983962,216175.5121055276,222868.6791722877,426824
2023-12-28,222868.6791722877,222868.6791722877,216654.2137693517,218677.32870751538,386565
2023-12-29,218677.32870751538,218677.32870751538,214537.70677535655,217670.21032727498,639042
2024-01-01,217670.21032727498,221285.3045769111,216256.0483295892,218519.5954677338,640102
2024-01-02,218519.5954677338,224183.731047819,218519.5954677338,221840.07305028368,497973
2024-01-03,221840.07305028368,221840.07305028368,213740.60371352578,215981.20567078074,572630
2024-01-04,215981.20567078074,215981.20567078074,209936.0316720289,211621.89787457013,514274
2024-01-05,211621.89787457013,211621.89787457013,201470.1199986047,202097.2682893257,420724
2024-01-08,202097.2682893257,206391.12562023403,202097.2682893257,206141.19326887064,415926
2024-01-09,206141.19326887064,206141.19326887064,200300.25553826295,200769.56107996282,555955
2024-01-10,200769.56107996282,200769.56107996282,198413.24215787614,198855.91148682436,424947
2024-01-11,198855.91148682436,210485.42086018904,198855.91148682436,208825.34227983706,521754
2024-01-12,208825.34227983706,208825.34227983706,201018.38903740162,202880.7332098946,423543
2024-01-15,202880.7332098946,205846.77271469356,201934.55423725376,203617.20976417197,477642
2024-01-16,203617.20976417197,203617.20976417197,197716.6409829094,199443.9761802099,509189
2024-01-17,199443.9761802099,199443.9761802099,193455.15103349596,195875.7039424289,703338
2024-01-18,195875.7039424289,195875.7039424289,188181.03778592043,189894.94690432952,471110
2024-01-19,189894.94690432952,190953.85645870335,189468.5503060269,190262.65249959828,520369
2024-01-22,190262.65249959828,190452.0660885561,189337.57005886044,189630.48922142002,443581
2024-01-23,189630.48922142002,196498.06629879883,189630.48922142002,194372.30364839282,459754
2024-01-24,194372.30364839282,199185.83953503915,194372.30364839282,196979.6033542723,475672
2024-01-25,196979.6033542723,204789.70105268896,196979.6033542723,203020.16633469527,606392
2024-01-26,203020.16633469527,203020.16633469527,200239.21148909535,201825.40987492228,460357
2024-01-29,201825.40987492228,210084.36946573594,201825.40987492228,208627.86357820782,604111
2024-01-30,208627.86357820782,210226.91785168592,206764.73967554705,208268.54300284362,563333
2024-01-31,208268.54300284362,208268.54300284362,202929.09404370884,204296.19164845772,452147
2024-02-01,204296.19164845772,204296.19164845772,197758.10055633643,198566.61656916587,379800
2024-02-02,198566.61656916587,198613.73502611235,194646.5850491277,196802.35119881664,604884
2024-02-05,196802.35119881664,198220.08953396013,194395.72926979428,195883.97325810188,544084
2024-02-06,195883.97325810188,204531.27326173856,195883.97325810188,203201.97188458077,435045
2024-02-07,203201.97188458077,206369.06476973777,200867.77976519443,203752.96303407892,596209
2024-02-08,203752.96303407892,211228.58695990508,203752.96303407892,208502.70202620004,399348
2024-02-09,208502.70202620004,212765.02585610386,208502.70202620004,210574.2836007606,414182
2024-02-12,210574.2836007606,215445.8693839034,209564.19300906328,212294.3238230475,514992
2024-02-13,212294.3238230475,212294.3238230475,208429.76508019638,209643.89504532106,429515
2024-02-14,209643.89504532106,209643.89504532106,203577.868098627,206416.0895576346,590503
2024-02-15,206416.0895576346,207407.3921948124,202536.7303596178,205045.02954993158,517948
2024-02-16,205045.02954993158,208197.61288220863,205045.02954993158,208080.0005857505,447446
2024-02-19,208080.0005857505,208080.0005857505,202216.97123196535,205085.36282292777,485403
2024-02-20,205085.36282292777,205085.36282292777,199477.19860959463,201944.83861039186,425119
2024-02-21,201944.83861039186,211463.0009589252,201944.83861039186,211391.67362335182,513367
2024-02-22,211391.67362335182,212334.44360000963,210352.05211992247,212296.1386909459,494205
2024-02-23,212296.1386909459,212296.1386909459,206661.15024963656,207011.82805490855,431491
2024-02-26,207011.82805490855,210376.63492411544,206752.28234110682,209095.89981653081,372413
2024-02-27,209095.89981653081,216850.75333497676,209095.89981653081,215402.7136582843,530680
2024-02-28,215402.7136582843,225490.5523798895,215402.7136582843,223828.34659155805,394311
2024-02-29,223828.34659155805,232302.9904210531,223828.34659155805,231642.34389567492,500115
2024-03-01,231642.34389567492,238389.1097777871,231642.34389567492,237495.95310241534,529432
2024-03-04,237495.95310241534,237495.95310241534,228733.47467927297,231652.17413219187,500742
2024-03-05,231652.17413219187,233575.91689441173,230512.7750818396,231722.4530247571,507168
2024-03-06,231722.4530247571,243262.479713071,231722.4530247571,240135.1994953777,621482
2024-03-07,240135.1994953777,253103.5658138481,240135.1994953777,249665.40058223248,591983
2024-03-08,249665.40058223248,259589.28649499576,249665.40058223248,257973.51370197913,425625
2024-03-11,257973.51370197913,262484.75429882854,257973.51370197913,261558.30604603572,500146
2024-03-12,261558.30604603572,267177.962212732,261558.30604603572,265788.3902624822,720807
2024-03-13,265788.3902624822,265788.3902624822,258663.47169602092,260899.43374721677,567607
2024-03-14,260899.43374721677,270183.41750987206,260899.43374721677,266216.8565713111,532912
2024-03-15,266216.8565713111,266216.8565713111,250587.92805281395,250910.9702488997,415902
2024-03-18,250910.9702488997,250910.9702488997,246134.5428443181,247434.83751028805,460347
2024-03-19,247434.83751028805,255238.99586869573,247434.83751028805,254017.8192842829,554391
2024-03-20,254017.8192842829,260125.57005424442,254017.8192842829,258716.86716965536,522541
2024-03-21,258716.86716965536,261030.22274249513,255605.32524819302,258669.3495362148,625646
2024-03-22,258669.3495362148,264833.5706380596,258432.22497760796,262215.5441730498,376262
2024-03-25,262215.5441730498,267005.99304391723,260713.0530871801,264046.79102295055,484051
2024-03-26,264046.79102295055,269197.8074313444,261390.4430429222,265356.65292025916,658272
2024-03-27,265356.65292025916,265356.65292025916,256681.8602051394,257629.3998375527,535085
2024-03-28,257629.3998375527,257629.3998375527,252141.23870307652,252892.55990860148,566162
2024-03-29,252892.55990860148,254913.9379106598,252346.36761469935,252355.1614736863,430861
2024-04-01,252355.1614736863,256394.3346773967,252336.59842171206,255638.8694890349,604661
2024-04-02,255638.8694890349,259903.93020509803,254164.07956342105,256386.6620883739,544298
2024-04-03,256386.6620883739,260520.42208153455,256386.6620883739,259513.74395372655,500985
2024-04-04,259513.74395372655,266599.53053642326,259513.74395372655,262977.70110971975,394171
2024-04-05,262977.70110971975,262977.70110971975,258078.23322545417,260556.6529146584,486504
2024-04-08,260556.6529146584,271616.0104087398,260556.6529146584,269789.6599464416,449577
2024-04-09,269789.6599464416,269789.6599464416,260566.20988072004,263509.3293827429,460507
2024-04-10,263509.3293827429,263509.3293827429,257791.4612764529,260927.73108720852,508578
2024-04-11,260927.73108720852,260927.73108720852,250722.32988383362,252484.14032510165,470895
2024-04-12,252484.14032510165,265187.89515651984,252484.14032510165,262271.06205229263,498451
2024-04-15,262271.06205229263,273072.9586208822,262271.06205229263,272423.65955724684,371675
2024-04-16,272423.65955724684,272423.65955724684,262788.46514157084,266461.0261321906,550251
2024-04-17,266461.0261321906,277890.0212318573,266461.0261321906,274141.0101483658,487516
2024-04-18,274141.0101483658,283316.04334596626,274141.0101483658,279536.1776516261,444415
2024-04-19,279536.1776516261,280041.00156168506,275342.12647294113,276742.3442842227,482104
2024-04-22,276742.3442842227,277801.6275931618,273160.1938738187,275377.48761323455,624328
2024-04-23,275377.48761323455,275377.48761323455,263713.54735574825,267223.5918060834,376606
2024-04-24,267223.5918060834,267223.5918060834,255565.02785343412,259333.27844727438,558530
2024-04-25,259333.27844727438,263898.70288065064,259333.27844727438,261926.54157189815,542849
2024-04-26,261926.54157189815,267713.81369708286,261926.54157189815,265929.87794608943,556520
2024-04-29,265929.87794608943,265984.9778904014,259210.42497997935,262173.62157727394,724320
2024-04-30,262173.62157727394,268841.08500071435,262173.62157727394,266462.9215699216,347264
2024-05-01,266462.9215699216,266462.9215699216,258226.93346259906,260036.62096122143,467438
2024-05-02,260036.62096122143,260036.62096122143,256746.9398300839,257195.81849635157,564102
2024-05-03,257195.81849635157,259837.357483975,257195.81849635157,258294.03086112323,629847
2024-05-06,258294.03086112323,260998.75675067282,257744.66470024997,260257.48361833635,474492
2024-05-07,260257.48361833635,265941.88070022943,260257.48361833635,263079.01325693895,545808
2024-05-08,263079.01325693895,269400.69474989455,263079.01325693895,266662.2503260728,396984
2024-05-09,266662.2503260728,268253.1743275352,266275.6142087465,267635.70676130336,614409
2024-05-10,267635.70676130336,267635.70676130336,255829.54160148592,256798.36269677096,413274
2024-05-13,256798.36269677096,263560.6664316925,256798.36269677096,261199.35988804107,618932
2024-05-14,261199.35988804107,261199.35988804107,255786.35440240367,258169.24879694261,502757
2024-05-15,258169.24879694261,264907.1852679901,258169.24879694261,262615.4689439414,585451
2024-05-16,262615.4689439414,270172.3945731561,262615.4689439414,267279.18756885134,535895
2024-05-17,267279.18756885134,267279.18756885134,257921.02266595847,261506.8828702299,455570
2024-05-20,261506.8828702299,266406.56923204474,261506.8828702299,264515.20059981494,667963
2024-05-21,264515.20059981494,267035.76981090603,263436.54212741007,266828.16211887,524847
2024-05-22,266828.16211887,276929.68289427756,266828.16211887,275161.1927174849,480854
2024-05-23,275161.1927174849,277388.98800589814,271991.2886438257,274415.7090084021,472594
2024-05-24,274415.7090084021,278118.0989606365,273502.4067748947,275721.493545314,619854
2024-05-27,275721.493545314,280650.9954774604,275721.493545314,280043.9293527581,547187
2024-05-28,280043.9293527581,282526.38355126744,280043.9293527581,281740.19208150957,465531
2024-05-29,281740.19208150957,287654.5291770701,281740.19208150957,284255.48802567803,516734
2024-05-30,284255.48802567803,284255.48802567803,274130.1902002291,277511.7278620502,542138
2024-05-31,277511.7278620502,283554.4219464035,277511.7278620502,281526.3433191202,585564
2024-06-03,281526.3433191202,281526.3433191202,277679.6790143668,279057.4469515746,588690
2024-06-04,279057.4469515746,279057.4469515746,270434.7684859347,274278.020793785,630277
2024-06-05,274278.020793785,283931.2442699845,274278.020793785,283546.4271404838,508750
2024-06-06,283546.4271404838,288630.3639535545,283126.65024567855,284834.8362792,576943
2024-06-07,284834.8362792,286932.0619359293,283374.3605275133,286319.17332796234,449916
2024-06-10,286319.17332796234,293819.6211250337,286319.17332796234,291476.5555614951,530880
2024-06-11,291476.5555614951,291476.5555614951,278481.31238863507,279728.6562723008,546208
2024-06-12,279728.6562723008,279728.6562723008,269037.91857242485,270176.50833495014,476380
2024-06-13,270176.50833495014,270176.50833495014,266186.29818070366,267597.59441465925,630222
2024-06-14,267597.59441465925,275582.05847568676,267597.59441465925,274097.00645117636,471197
2024-06-17,274097.00645117636,274097.00645117636,266341.4631722805,268779.4163384375,466500
2024-06-18,268779.4163384375,278526.76168504875,268779.4163384375,275065.0499681769,515402
2024-06-19,275065.0499681769,275065.0499681769,270804.26682220574,271526.05212108884,491478
2024-06-20,271526.05212108884,275494.6142907589,268283.69481904834,271692.34079350624,670834
2024-06-21,271692.34079350624,271692.34079350624,259581.75687405805,261393.5436905203,372546
2024-06-24,261393.5436905203,261393.5436905203,254979.64879543017,256924.1772137599,447097
2024-06-25,256924.1772137599,256924.1772137599,248381.05398373996,251251.09770264282,577911
2024-06-26,251251.09770264282,259785.94453752495,251251.09770264282,259679.5351904217,450376
2024-06-27,259679.5351904217,261499.66647635202,256673.20848189318,259678.68589097355,642174
2024-06-28,259678.68589097355,265972.5184155042,259678.68589097355,265801.4111385437,511027
2024-07-01,265801.4111385437,265801.4111385437,252468.51734122384,254610.81333487996,414712
2024-07-02,254610.81333487996,262928.7997266174,254610.81333487996,259837.83959847063,413246
2024-07-03,259837.83959847063,259837.83959847063,251296.28593838515,251732.13281769308,474590
2024-07-04,251732.13281769308,251732.13281769308,239414.87183304894,242606.7271857149,388632
2024-07-05,242606.7271857149,247884.2303052313,242606.7271857149,245961.87812684398,536248
2024-07-08,245961.87812684398,261181.23089459646,245961.87812684398,259676.2125815719,408841
2024-07-09,259676.2125815719,260711.60940737685,257905.2848483563,260158.11302467666,552715
2024-07-10,260158.11302467666,261595.15492199178,256910.56453870624,259768.7884248342,458431
2024-07-11,259768.7884248342,259768.7884248342,250645.76652627662,252103.6662509998,417027
2024-07-12,252103.6662509998,269437.17854508886,252103.6662509998,267733.10572395014,498311
2024-07-15,267733.10572395014,280879.31103004405,267733.10572395014,280464.88151500083,470618
2024-07-16,280464.88151500083,283735.0057919233,278940.3774173783,282418.81804216653,460594
2024-07-17,282418.81804216653,284782.9088484484,282130.7826956431,283027.44864652416,569698
2024-07-18,283027.44864652416,283027.44864652416,270095.3296677308,271304.8656067415,531286
2024-07-19,271304.8656067415,280139.53073033446,271304.8656067415,276860.8137980447,473501
2024-07-22,276860.8137980447,300191.30604912667,276860.8137980447,296050.74025813193,589584
2024-07-23,296050.74025813193,296050.74025813193,279764.25281976885,283499.3900517941,651007
2024-07-24,283499.3900517941,288203.89831684635,283499.3900517941,285928.8577366713,629264
2024-07-25,285928.8577366713,285928.8577366713,276875.87766192714,277520.8793759479,459770
2024-07-26,277520.8793759479,277520.8793759479,263885.0674681869,267058.4844657423,504637
2024-07-29,267058.4844657423,267058.4844657423,261670.87532773806,264561.9610431265,434675
2024-07-30,264561.9610431265,265883.0214920773,260355.4427420118,262758.89828266675,486885
2024-07-31,262758.89828266675,263389.29681648395,257482.0397147931,261043.72195026543,422980
2024-08-01,261043.72195026543,262897.3203534808,261043.72195026543,262483.2311841132,583843
2024-08-02,262483.2311841132,262483.2311841132,254373.59838037618,254546.2283619608,383415
2024-08-05,254546.2283619608,256475.15580261705,254388.5816095662,255562.93248201648,450421
2024-08-06,255562.93248201648,255562.93248201648,249546.58677947536,251072.24651137253,504111
2024-08-07,251072.24651137253,251072.24651137253,241399.24990699076,244570.9273043904,475118
2024-08-08,244570.9273043904,244570.9273043904,237127.74991806,237246.0000736332,617702
2024-08-09,237246.0000736332,248667.2814796056,237246.0000736332,247944.868721398,478674
2024-08-12,247944.868721398,256940.1391042277,247944.868721398,256935.04195487098,572657
2024-08-13,256935.04195487098,256935.04195487098,243704.62248172372,246834.77480592317,586057
2024-08-14,246834.77480592317,246834.77480592317,243801.5731864111,245503.66254736946,504424
2024-08-15,245503.66254736946,245503.66254736946,240023.04357387594,241787.10617523873,438700
2024-08-16,241787.10617523873,242506.8231808948,241185.03170296396,241499.9556348536,564188
2024-08-19,241499.9556348536,248983.63902967953,241499.9556348536,245377.29275823283,557876
2024-08-20,245377.29275823283,245377.29275823283,241454.75151141465,242175.73066568916,460611
2024-08-21,242175.73066568916,248203.38760069382,242175.73066568916,246288.81477860815,496602
2024-08-22,246288.81477860815,250103.17944802748,246288.81477860815,247161.75442328403,536992
2024-08-23,247161.75442328403,252700.83451886487,246660.3332215865,250044.93922301198,555344
2024-08-26,250044.93922301198,255859.629385568,249879.10457208243,253595.95271970605,575337
2024-08-27,253595.95271970605,254135.9592766156,249208.12484663946,251104.4181429183,450877
2024-08-28,251104.4181429183,253865.03316375794,250155.39137177967,251049.64859517236,432231
2024-08-29,251049.64859517236,251049.64859517236,244789.54794961307,246217.16109512956,472073
2024-08-30,246217.16109512956,250515.33548978288,246217.16109512956,249738.9914466988,625960
2024-09-02,249738.9914466988,251355.57300409427,246476.7767658545,248350.87493917532,452093
2024-09-03,248350.87493917532,253309.65780298985,248350.87493917532,251287.60593328284,526061
2024-09-04,251287.60593328284,255769.89632876104,251287.60593328284,255709.08218697045,413988
2024-09-05,255709.08218697045,258810.40932220905,252754.85988152877,255842.60170314205,487592
2024-09-06,255842.60170314205,261243.38407837113,255842.60170314205,259311.0617375582,431025
2024-09-09,259311.0617375582,263739.50151396065,259311.0617375582,260986.93078163554,497891
2024-09-10,260986.93078163554,260986.93078163554,252265.79542154504,255593.83028353893,544485
2024-09-11,255593.83028353893,261785.357589149,255593.83028353893,260649.73553750943,606765
2024-09-12,260649.73553750943,265577.149480456,260649.73553750943,264506.1777081174,485578
2024-09-13,264506.1777081174,266317.7451007766,262730.19825502747,263105.93823991227,447648
2024-09-16,263105.93823991227,271284.3266888828,263105.93823991227,270394.91730215156,463413
2024-09-17,270394.91730215156,270394.91730215156,259966.42368496404,262304.02103241463,625350
2024-09-18,262304.02103241463,264453.46333271853,262304.02103241463,263648.6230627176,499764
2024-09-19,263648.6230627176,263648.6230627176,259054.26250020973,261001.25891441078,583759
2024-09-20,261001.25891441078,261001.25891441078,254268.72509940717,255291.75148324447,447816
2024-09-23,255291.75148324447,255291.75148324447,251850.2392404472,253026.69633258178,534729
2024-09-24,253026.69633258178,261407.17302262157,253026.69633258178,258368.09377097778,561584
2024-09-25,258368.09377097778,258368.09377097778,252663.48446504393,255180.19500298589,428908
2024-09-26,255180.19500298589,273689.41062007245,255180.19500298589,271130.90205439966,421989
2024-09-27,271130.90205439966,271130.90205439966,266393.28983927675,266918.466579497,567365
2024-09-30,266918.466579497,272223.01297012455,266779.75484366226,269046.25545725273,441365
2024-10-01,269046.25545725273,275035.8764072691,268646.9813321955,271426.0741418673,573699
2024-10-02,271426.0741418673,274733.28057795565,268239.01573641,271163.79259277234,545165
2024-10-03,271163.79259277234,271163.79259277234,263343.4957615804,263866.87013787986,415822
2024-10-04,263866.87013787986,269680.40273359354,263866.87013787986,268014.7706855198,444397
2024-10-07,268014.7706855198,268014.7706855198,259526.50721730985,260292.03008127736,535175
2024-10-08,260292.03008127736,266477.10242519394,260292.03008127736,262984.4578346928,545889
2024-10-09,262984.4578346928,262984.4578346928,258094.76727805665,258651.7606112599,517430
2024-10-10,258651.7606112599,259866.72334752703,256474.55051973273,258086.94107010993,452170
2024-10-11,258086.94107010993,258086.94107010993,249659.14190453655,251355.45399769073,487311
2024-10-14,251355.45399769073,259729.3372412679,251355.45399769073,258761.5152423967,512719
2024-10-15,258761.5152423967,266736.1186877717,258761.5152423967,263229.89615104895,323556
2024-10-16,263229.89615104895,263229.89615104895,253665.90684979482,256030.83733818782,397585
2024-10-17,256030.83733818782,256030.83733818782,248113.39170814602,251815.34628242912,450212
2024-10-18,251815.34628242912,259458.85461159088,251815.34628242912,257415.8832993296,408028
2024-10-21,257415.8832993296,257415.8832993296,251431.27851013828,254032.4042701024,409285
2024-10-22,254032.4042701024,254032.4042701024,243240.8341641282,244505.64615372845,499858
2024-10-23,244505.64615372845,244505.64615372845,238273.910553133,241351.45486819744,462054
2024-10-24,241351.45486819744,243261.72856263185,241351.45486819744,243255.37760666545,551768
2024-10-25,243255.37760666545,245034.85297272805,240971.8392205305,243151.57154304034,572009
2024-10-28,243151.57154304034,249431.1724097736,243151.57154304034,246284.85447608124,350026
2024-10-29,246284.85447608124,246284.85447608124,238644.08330455102,241792.26946679328,393924
2024-10-30,241792.26946679328,241792.26946679328,239644.78874434964,239885.87499529053,527975
2024-10-31,239885.87499529053,242317.88598886278,239885.87499529053,240362.94453085106,401175
2024-11-01,240362.94453085106,240569.14434655325,238767.67627352802,239402.35118012107,450040
2024-11-04,239402.35118012107,239402.35118012107,233948.18698784616,237118.47308675147,514404
2024-11-05,237118.47308675147,237118.47308675147,233965.2364467738,236229.12424827687,390861
2024-11-06,236229.12424827687,246317.2057708827,236229.12424827687,244026.7549618022,540895
2024-11-07,244026.7549618022,249671.24106753067,244026.7549618022,247893.2179203693,349290
2024-11-08,247893.2179203693,247893.2179203693,245300.2329327713,245662.98062583126,187243
2024-11-11,245662.98062583126,247957.38812787825,243079.3771701179,246110.719002062,583071
2024-11-12,246110.719002062,247483.62091603986,245352.41584607796,245368.31202434257,429306
2024-11-13,245368.31202434257,251689.58539629955,245368.31202434257,249515.8742971493,545053
2024-11-14,249515.8742971493,249515.8742971493,239552.16041544115,241254.5458044477,625073
2024-11-15,241254.5458044477,243675.34880404244,240815.59230185035,242901.6067469582,482257
2024-11-18,242901.6067469582,250680.83290125724,242901.6067469582,247292.09677172295,517059
2024-11-19,247292.09677172295,247292.09677172295,239432.2161544977,239748.7057140209,554444
2024-11-20,239748.7057140209,239748.7057140209,234601.92958545225,234659.2778115589,381365
2024-11-21,234659.2778115589,250715.8001259523,234659.2778115589,247313.7603416296,464467
2024-11-22,247313.7603416296,247313.7603416296,244491.6238225398,245457.83274622084,520833
2024-11-25,245457.83274622084,248871.2314943739,244892.208058814,248137.10531650565,538953
2024-11-26,248137.10531650565,253976.72646094355,248137.10531650565,252782.61539633194,322299
2024-11-27,252782.61539633194,252782.61539633194,238115.6803120863,240583.71330878537,509655
2024-11-28,240583.71330878537,252100.50140566833,240583.71330878537,249589.9386771616,485768
2024-11-29,249589.9386771616,250279.57499869325,243583.80241237773,246944.7545812786,633564
2024-12-02,246944.7545812786,246944.7545812786,241299.4820423209,244298.02257722328,376083
2024-12-03,244298.02257722328,248752.49206013634,244298.02257722328,247768.23226043483,536428
2024-12-04,247768.23226043483,247768.23226043483,236857.7119801642,239797.5686562931,598025
2024-12-05,239797.5686562931,239797.5686562931,228420.8369987321,231820.93242231198,483001
2024-12-06,231820.93242231198,232942.87363664526,228417.76063347427,231624.54569540435,543223
2024-12-09,231624.54569540435,241649.39480680312,231624.54569540435,241532.78909250596,552040
2024-12-10,241532.78909250596,241532.78909250596,233360.86222926425,235644.01667612008,429501
2024-12-11,235644.01667612008,241861.14043836173,235142.55977573697,238305.02763222935,602626
2024-12-12,238305.02763222935,238805.94060978142,233829.41352779447,236441.97577446126,419354
2024-12-13,236441.97577446126,238784.3472808115,235996.10647404767,238319.16365687863,478090
2024-12-16,238319.16365687863,245195.6530858231,238319.16365687863,244255.6493266561,577102
2024-12-17,244255.6493266561,244255.6493266561,237810.2072828758,238360.05735881647,475898
2024-12-18,238360.05735881647,239811.77562554227,237217.90011200952,238504.82692108487,569460
2024-12-19,238504.82692108487,238504.82692108487,235897.5769398367,238132.76778498455,617067
2024-12-20,238132.76778498455,242235.68443165955,238132.76778498455,241149.4107058837,568855
2024-12-23,241149.4107058837,241149.4107058837,236175.98393939593,236618.37054601134,548578
2024-12-24,236618.37054601134,237055.58006323176,231615.09821126194,233905.77794074727,418275
2024-12-25,233905.77794074727,233905.77794074727,218623.55851379287,221512.8832201954,523396
2024-12-26,221512.8832201954,226577.15159392759,220639.26402119282,223986.5756858742,431698
2024-12-27,223986.5756858742,233029.0874584339,223986.5756858742,232010.28404210837,512094
2024-12-30,232010.28404210837,238074.42743071515,232010.28404210837,235680.3023928873,561004
2024-12-31,235680.3023928873,248350.29437384807,235680.3023928873,245367.85032262595,414690
2025-01-01,245367.85032262595,245367.85032262595,237515.94115057142,239451.65227462765,460222
2025-01-02,239451.65227462765,243144.43953080574,238467.75644434683,239560.72548579233,662958
2025-01-03,239560.72548579233,239560.72548579233,234884.96082581006,234965.98110827198,373072
2025-01-06,234965.98110827198,243437.4203983345,234965.98110827198,239964.54378543881,433603
2025-01-07,239964.54378543881,247834.87085248905,239964.54378543881,246157.09645298947,468556
2025-01-08,246157.09645298947,251841.02370535818,246157.09645298947,249234.68238077196,485979
2025-01-09,249234.68238077196,256439.06556277294,249234.68238077196,252849.48642858077,439929
2025-01-10,252849.48642858077,260154.45209813747,252849.48642858077,258893.12166983722,647377
2025-01-13,258893.12166983722,262332.04255588556,258012.3080853262,260230.82131924664,618867
2025-01-14,260230.82131924664,260230.82131924664,252256.87790866842,253700.41629403032,389150
2025-01-15,253700.41629403032,254686.71960985727,251132.17205764476,252360.85599168914,490400
2025-01-16,252360.85599168914,252360.85599168914,234515.6811144846,237342.96924185613,520485
2025-01-17,237342.96924185613,237342.96924185613,221702.04006661332,224977.53204863975,451790
2025-01-20,224977.53204863975,254837.02025614283,224977.53204863975,253236.81175188103,449094
2025-01-21,253236.81175188103,253236.81175188103,250950.9057090578,252043.9999849714,446999
2025-01-22,252043.9999849714,252043.9999849714,244172.88057696426,247164.96292437756,522579
2025-01-23,247164.96292437756,252285.30859991454,247164.96292437756,251467.09636368623,446298
2025-01-24,251467.09636368623,251467.09636368623,249573.31869289573,249694.63365178186,370918
2025-01-27,249694.63365178186,249694.63365178186,242583.81984106707,245848.55641500623,381056
2025-01-28,245848.55641500623,245848.55641500623,239635.03480652836,241837.03566349947,631958
2025-01-29,241837.03566349947,241837.03566349947,235237.6404211809,235945.26816560907,454134
2025-01-30,235945.26816560907,238288.20844479155,234607.6299947222,235393.16423956613,397628
2025-01-31,235393.16423956613,235393.16423956613,230265.50726818858,231484.2365213268,535437
2025-02-03,231484.2365213268,236326.81612568503,231484.2365213268,235608.7418197945,498977
2025-02-04,235608.7418197945,240285.67885616556,235608.7418197945,238514.21687685204,499821
2025-02-05,238514.21687685204,244729.86878259457,238514.21687685204,243734.0269055049,497366
2025-02-06,243734.0269055049,245625.62154033247,239959.7545215468,242673.60374549267,482924
2025-02-07,242673.60374549267,250667.6964923167,242673.60374549267,250263.69488981928,574258
2025-02-10,250263.69488981928,250263.69488981928,232305.9285477037,234513.26948058564,338503
2025-02-11,234513.26948058564,240068.32237021456,234513.26948058564,236741.50297885318,493757
2025-02-12,236741.50297885318,238724.77355107357,236553.99489881744,236915.83057811012,591713
2025-02-13,236915.83057811012,236915.83057811012,229050.60379340546,232049.9504705414,655085
2025-02-14,232049.9504705414,238527.33404893783,232049.9504705414,238265.13194687688,411197
2025-02-17,238265.13194687688,239294.91071214713,233794.86767278248,236831.31160689233,485172
2025-02-18,236831.31160689233,239087.1189525376,233667.76924917017,236944.52929515982,665227
2025-02-19,236944.52929515982,236944.52929515982,228759.49664602912,231705.46241881486,413848
2025-02-20,231705.46241881486,231705.46241881486,225556.28012526754,226809.31057242726,394044
2025-02-21,226809.31057242726,233462.95041233022,226809.31057242726,231051.1161044028,461942
2025-02-24,231051.1161044028,235635.02122389522,231051.1161044028,234052.05200483405,473455
2025-02-25,234052.05200483405,249575.61039076114,234052.05200483405,245899.18394789827,557349
2025-02-26,245899.18394789827,248890.14457812614,245393.8516254941,248724.71461904116,477668
2025-02-27,248724.71461904116,260083.8613602863,248724.71461904116,256875.84934331983,410609
2025-02-28,256875.84934331983,259662.27135051513,255347.6352256714,257405.26109339783,568610
2025-03-03,257405.26109339783,272812.85298513935,257405.26109339783,270204.67442160455,518464
2025-03-04,270204.67442160455,270204.67442160455,265642.2561540575,266826.81167863595,492015
2025-03-05,266826.81167863595,266826.81167863595,261006.42299522046,262121.48098580807,418212
2025-03-06,262121.48098580807,262121.48098580807,258472.63220862224,259860.2710139401,532829
2025-03-07,259860.2710139401,262918.5838499365,259355.9632319853,262233.7086230895,454641
2025-03-10,262233.7086230895,262233.7086230895,255796.02213213668,257304.7909029449,557801
2025-03-11,257304.7909029449,257304.7909029449,252338.27173731243,255366.4605121483,498785
2025-03-12,255366.4605121483,257954.90946761024,252415.77073726742,255326.2988062938,482260
2025-03-13,255326.2988062938,263287.6410735258,255326.2988062938,259853.1528032736,397731
2025-03-14,259853.1528032736,270089.6578584185,259853.1528032736,268187.0671410472,487161
2025-03-17,268187.0671410472,277845.3181052935,268187.0671410472,275368.6043869915,569589
2025-03-18,275368.6043869915,285387.33147237543,275368.6043869915,282341.3320293691,499413
2025-03-19,282341.3320293691,294292.6410026681,282341.3320293691,292517.2203928439,524217
2025-03-20,292517.2203928439,305259.61638671637,292517.2203928439,302558.1090213979,447510
2025-03-21,302558.1090213979,302558.1090213979,286670.6271213686,289874.90845030354,486615
2025-03-24,289874.90845030354,289874.90845030354,282032.87796985067,283513.76680529263,467541
2025-03-25,283513.76680529263,300380.94736220513,283513.76680529263,296610.77920451976,408738
2025-03-26,296610.77920451976,298919.38253896823,296610.77920451976,297883.93261502753,426707
2025-03-27,297883.93261502753,305831.49576305307,297883.93261502753,304469.10800108034,499534
2025-03-28,304469.10800108034,306209.2658342553,302321.9721267814,305694.41215580364,573314
2025-03-31,305694.41215580364,305694.41215580364,296324.78601990856,299416.40296083374,673095
2025-04-01,299416.40296083374,299416.40296083374,296727.16485235444,297142.622873418,392176
2025-04-02,297142.622873418,303180.26706177834,297142.622873418,300357.58804308774,385814
2025-04-03,300357.58804308774,300357.58804308774,292569.02619477187,292739.0327009679,447073
2025-04-04,292739.0327009679,304126.7727286796,292739.0327009679,300627.30936414213,520788
2025-04-07,300627.30936414213,313722.0978722359,300627.30936414213,309434.97661994287,482472
2025-04-08,309434.97661994287,314914.4940747932,309434.97661994287,314512.2396388214,449026
2025-04-09,314512.2396388214,325465.0824107269,314512.2396388214,322608.22913002217,482945
2025-04-10,322608.22913002217,322608.22913002217,310407.0734298546,313637.58797489555,588236
2025-04-11,313637.58797489555,313749.02612119674,309760.057946042,310711.2096115366,558357
2025-04-14,310711.2096115366,310711.2096115366,303250.77650135866,306742.6947068175,597791
2025-04-15,306742.6947068175,315550.8955399734,306742.6947068175,315168.7323133086,458522
2025-04-16,315168.7323133086,320357.1437248764,315168.7323133086,319309.41582394164,450677
2025-04-17,319309.41582394164,329043.6222902777,319309.41582394164,324674.18813781993,541456
2025-04-18,324674.18813781993,330721.3303422458,324674.18813781993,327504.436092239,523447
2025-04-21,327504.436092239,327504.436092239,310138.341310858,312162.70624809735,594464
2025-04-22,312162.70624809735,316706.0527948493,311378.63811729435,312727.7422886904,450314
2025-04-23,312727.7422886904,320916.4366267605,312727.7422886904,316635.72362377885,558128
2025-04-24,316635.72362377885,322012.31244915625,316635.72362377885,321283.88889109273,548418
2025-04-25,321283.88889109273,325806.25071426266,321029.54877778364,321441.1697086899,556848
2025-04-28,321441.1697086899,321441.1697086899,315115.54794944316,317352.75330180896,517861
2025-04-29,317352.75330180896,321490.1275617196,317352.75330180896,318454.32491043897,392336
2025-04-30,318454.32491043897,318454.32491043897,312485.8756337887,316498.18385715975,512144
2025-05-01,316498.18385715975,316498.18385715975,302825.8118348172,306565.54925078887,451358
2025-05-02,306565.54925078887,310908.38331267383,306565.54925078887,309038.1611456387,398996
2025-05-05,309038.1611456387,309038.1611456387,295685.4011367239,297885.5804333346,529370
2025-05-06,297885.5804333346,299128.6628074387,294954.31346605445,296972.36402007396,564191
2025-05-07,296972.36402007396,306877.96570637065,296972.36402007396,306601.8341672008,404788
2025-05-08,306601.8341672008,306776.5803132596,303740.25083032786,304427.0241765648,504929
2025-05-09,304427.0241765648,315898.4725862923,304427.0241765648,312891.12628413195,577229
2025-05-12,312891.12628413195,312891.12628413195,295888.95421961485,296112.6724178131,498792
2025-05-13,296112.6724178131,304483.6212433751,296112.6724178131,303678.06891693245,337474
2025-05-14,303678.06891693245,303678.06891693245,297822.8888570688,299375.50342795503,640926
2025-05-15,299375.50342795503,300675.9757709325,299198.1332023607,299644.4919715644,458718
2025-05-16,299644.4919715644,309176.9701564098,299644.4919715644,308754.20833076356,540916
2025-05-19,308754.20833076356,313691.5812267694,308754.20833076356,313553.2889856152,490704
2025-05-20,313553.2889856152,321125.1298816541,313553.2889856152,318691.4192997269,636400
2025-05-21,318691.4192997269,320943.2410317325,315824.5779440381,316340.4664923588,534015
2025-05-22,316340.4664923588,316340.4664923588,301019.9634668707,304096.292455139,551639
2025-05-23,304096.292455139,313785.3245494463,304096.292455139,312265.9989579765,546390
2025-05-26,312265.9989579765,318551.0263201314,312265.9989579765,315298.13062436535,453985
2025-05-27,315298.13062436535,315298.13062436535,309607.537414484,309821.716091442,448285
2025-05-28,309821.716091442,336071.0546016161,309821.716091442,332980.4058404336,422214
2025-05-29,332980.4058404336,335404.0589474787,332980.4058404336,334778.23973007745,486149
2025-05-30,334778.23973007745,338886.4258544771,330279.7842331765,334112.05094989645,401240
2025-06-02,334112.05094989645,335969.2812466987,328959.6861671859,332396.36383414397,527069
2025-06-03,332396.36383414397,333674.8702510048,325410.95234950597,329602.882763125,445202
2025-06-04,329602.882763125,338730.5046228623,329602.882763125,335881.6841425009,541297
2025-06-05,335881.6841425009,339119.0975749547,333310.5425547696,336399.5323279444,566810
2025-06-06,336399.5323279444,370622.8513839506,336399.5323279444,366425.4111516579,646865
2025-06-09,366425.4111516579,372068.11693937925,364453.3145474274,366593.5243826244,342335
2025-06-10,366593.5243826244,392658.59145673196,366593.5243826244,390853.5625837334,390157
2025-06-11,390853.5625837334,403917.10664118093,390853.5625837334,402352.2370930337,665858
2025-06-12,402352.2370930337,404905.10514102277,401929.836760877,404434.06851639936,500279
2025-06-13,404434.06851639936,404434.06851639936,393131.3495504077,396165.23765147896,566202
2025-06-16,396165.23765147896,397031.74229467445,389592.7492623684,395121.91242934734,496395
2025-06-17,395121.91242934734,395986.8893049727,388442.1221644487,394130.0300114745,651860
2025-06-18,394130.0300114745,394130.0300114745,385050.45178064465,386513.7042921196,615808
2025-06-19,386513.7042921196,405508.4190590046,386513.7042921196,402055.313510015,642966
2025-06-20,402055.313510015,437477.4964643918,402055.313510015,432349.02567001566,476533
2025-06-23,432349.02567001566,432349.02567001566,420273.1676006943,425053.60151895013,384389
2025-06-24,425053.60151895013,431963.8635608758,423995.47642302746,429260.6755434366,476340
2025-06-25,429260.6755434366,432825.65764363506,426068.35750681016,427664.46813748154,543577
2025-06-26,427664.46813748154,435143.3110610585,427579.7319642931,428751.1127454722,459558
